mtllib Carrier.mtl
o carrier_hull
usemtl hull
v -34.97267811676192 -6.338797631810923 -99.99999583093195
v -19.12568306010929 -6.338797631810923 -99.99999583093195
v 0 -6.338797631810923 -65.57377049180327
v -24.59016393442623 -6.338797631810923 99.99999583093195
v -34.97267811676192 -6.338797631810923 86.33879885647465
v -34.97267811676192 -6.338797631810923 -99.99999583093195
v 34.97267811676192 -6.338797631810923 86.33879885647465
v 24.59016393442623 -6.338797631810923 99.99999583093195
v 0 -6.338797631810923 99.99999583093195
v 19.12568306010929 -6.338797631810923 -99.99999583093195
v 34.97267811676192 -6.338797631810923 -99.99999583093195
v 34.97267811676192 -6.338797631810923 86.33879885647465
v -24.59016393442623 -6.338797631810923 99.99999583093195
v -34.97267811676192 -6.338797631810923 -99.99999583093195
v 0 -6.338797631810923 -65.57377049180327
v 34.97267811676192 -6.338797631810923 86.33879885647465
v 0 -6.338797631810923 99.99999583093195
v -24.59016393442623 -6.338797631810923 99.99999583093195
v 0 -6.338797631810923 -65.57377049180327
v 19.12568306010929 -6.338797631810923 -99.99999583093195
v 34.97267811676192 -6.338797631810923 86.33879885647465
v 34.97267811676192 -6.338797631810923 86.33879885647465
v -24.59016393442623 -6.338797631810923 99.99999583093195
v 0 -6.338797631810923 -65.57377049180327
v 0 4.590164116822956 -65.57377049180327
v -19.12568306010929 4.590164116822956 -99.99999583093195
v -34.97267811676192 4.590164116822956 -99.99999583093195
v -34.97267811676192 4.590164116822956 -99.99999583093195
v -34.97267811676192 4.590164116822956 86.33879885647465
v -24.59016393442623 4.590164116822956 99.99999583093195
v 0 4.590164116822956 99.99999583093195
v 24.59016393442623 4.590164116822956 99.99999583093195
v 34.97267811676192 4.590164116822956 86.33879885647465
v 34.97267811676192 4.590164116822956 86.33879885647465
v 34.97267811676192 4.590164116822956 -99.99999583093195
v 19.12568306010929 4.590164116822956 -99.99999583093195
v 0 4.590164116822956 -65.57377049180327
v -34.97267811676192 4.590164116822956 -99.99999583093195
v -24.59016393442623 4.590164116822956 99.99999583093195
v -24.59016393442623 4.590164116822956 99.99999583093195
v 0 4.590164116822956 99.99999583093195
v 34.97267811676192 4.590164116822956 86.33879885647465
v 34.97267811676192 4.590164116822956 86.33879885647465
v 19.12568306010929 4.590164116822956 -99.99999583093195
v 0 4.590164116822956 -65.57377049180327
v 0 4.590164116822956 -65.57377049180327
v -24.59016393442623 4.590164116822956 99.99999583093195
v 34.97267811676192 4.590164116822956 86.33879885647465
v -19.12568306010929 -6.338797631810923 -99.99999583093195
v -34.97267811676192 -6.338797631810923 -99.99999583093195
v -18.61123178826004 -5.46448087431694 -100.87431193700905
v -34.97267811676192 -6.338797631810923 -99.99999583093195
v -35.84699422283902 -5.46448087431694 -100.87431193700905
v -18.61123178826004 -5.46448087431694 -100.87431193700905
v -18.61123178826004 -5.46448087431694 -100.87431193700905
v -35.84699422283902 -5.46448087431694 -100.87431193700905
v -18.61123178826004 3.7158467079120907 -100.87431193700905
v -35.84699422283902 -5.46448087431694 -100.87431193700905
v -35.84699422283902 3.7158467079120907 -100.87431193700905
v -18.61123178826004 3.7158467079120907 -100.87431193700905
v -18.61123178826004 3.7158467079120907 -100.87431193700905
v -35.84699422283902 3.7158467079120907 -100.87431193700905
v -19.12568306010929 4.590164116822956 -99.99999583093195
v -35.84699422283902 3.7158467079120907 -100.87431193700905
v -34.97267811676192 4.590164116822956 -99.99999583093195
v -19.12568306010929 4.590164116822956 -99.99999583093195
v -34.97267811676192 -6.338797631810923 -99.99999583093195
v -34.97267811676192 -6.338797631810923 86.33879885647465
v -35.84699422283902 -5.46448087431694 -100.87431193700905
v -34.97267811676192 -6.338797631810923 86.33879885647465
v -35.84699422283902 -5.46448087431694 86.63333309152739
v -35.84699422283902 -5.46448087431694 -100.87431193700905
v -35.84699422283902 -5.46448087431694 -100.87431193700905
v -35.84699422283902 -5.46448087431694 86.63333309152739
v -35.84699422283902 3.7158467079120907 -100.87431193700905
v -35.84699422283902 -5.46448087431694 86.63333309152739
v -35.84699422283902 3.7158467079120907 86.63333309152739
v -35.84699422283902 3.7158467079120907 -100.87431193700905
v -35.84699422283902 3.7158467079120907 -100.87431193700905
v -35.84699422283902 3.7158467079120907 86.63333309152739
v -34.97267811676192 4.590164116822956 -99.99999583093195
v -35.84699422283902 3.7158467079120907 86.63333309152739
v -34.97267811676192 4.590164116822956 86.33879885647465
v -34.97267811676192 4.590164116822956 -99.99999583093195
v -34.97267811676192 -6.338797631810923 86.33879885647465
v -24.59016393442623 -6.338797631810923 99.99999583093195
v -35.84699422283902 -5.46448087431694 86.63333309152739
v -24.59016393442623 -6.338797631810923 99.99999583093195
v -25.023848632645738 -5.46448087431694 100.87431193700905
v -35.84699422283902 -5.46448087431694 86.63333309152739
v -35.84699422283902 -5.46448087431694 86.63333309152739
v -25.023848632645738 -5.46448087431694 100.87431193700905
v -35.84699422283902 3.7158467079120907 86.63333309152739
v -25.023848632645738 -5.46448087431694 100.87431193700905
v -25.023848632645738 3.7158467079120907 100.87431193700905
v -35.84699422283902 3.7158467079120907 86.63333309152739
v -35.84699422283902 3.7158467079120907 86.63333309152739
v -25.023848632645738 3.7158467079120907 100.87431193700905
v -34.97267811676192 4.590164116822956 86.33879885647465
v -25.023848632645738 3.7158467079120907 100.87431193700905
v -24.59016393442623 4.590164116822956 99.99999583093195
v -34.97267811676192 4.590164116822956 86.33879885647465
v -24.59016393442623 -6.338797631810923 99.99999583093195
v 0 -6.338797631810923 99.99999583093195
v -25.023848632645738 -5.46448087431694 100.87431193700905
v 0 -6.338797631810923 99.99999583093195
v 0 -5.46448087431694 100.87431193700905
v -25.023848632645738 -5.46448087431694 100.87431193700905
v -25.023848632645738 -5.46448087431694 100.87431193700905
v 0 -5.46448087431694 100.87431193700905
v -25.023848632645738 3.7158467079120907 100.87431193700905
v 0 -5.46448087431694 100.87431193700905
v 0 3.7158467079120907 100.87431193700905
v -25.023848632645738 3.7158467079120907 100.87431193700905
v -25.023848632645738 3.7158467079120907 100.87431193700905
v 0 3.7158467079120907 100.87431193700905
v -24.59016393442623 4.590164116822956 99.99999583093195
v 0 3.7158467079120907 100.87431193700905
v 0 4.590164116822956 99.99999583093195
v -24.59016393442623 4.590164116822956 99.99999583093195
v 0 -6.338797631810923 99.99999583093195
v 24.59016393442623 -6.338797631810923 99.99999583093195
v 0 -5.46448087431694 100.87431193700905
v 24.59016393442623 -6.338797631810923 99.99999583093195
v 25.023848632645738 -5.46448087431694 100.87431193700905
v 0 -5.46448087431694 100.87431193700905
v 0 -5.46448087431694 100.87431193700905
v 25.023848632645738 -5.46448087431694 100.87431193700905
v 0 3.7158467079120907 100.87431193700905
v 25.023848632645738 -5.46448087431694 100.87431193700905
v 25.023848632645738 3.7158467079120907 100.87431193700905
v 0 3.7158467079120907 100.87431193700905
v 0 3.7158467079120907 100.87431193700905
v 25.023848632645738 3.7158467079120907 100.87431193700905
v 0 4.590164116822956 99.99999583093195
v 25.023848632645738 3.7158467079120907 100.87431193700905
v 24.59016393442623 4.590164116822956 99.99999583093195
v 0 4.590164116822956 99.99999583093195
v 24.59016393442623 -6.338797631810923 99.99999583093195
v 34.97267811676192 -6.338797631810923 86.33879885647465
v 25.023848632645738 -5.46448087431694 100.87431193700905
v 34.97267811676192 -6.338797631810923 86.33879885647465
v 35.84699422283902 -5.46448087431694 86.63333309152739
v 25.023848632645738 -5.46448087431694 100.87431193700905
v 25.023848632645738 -5.46448087431694 100.87431193700905
v 35.84699422283902 -5.46448087431694 86.63333309152739
v 25.023848632645738 3.7158467079120907 100.87431193700905
v 35.84699422283902 -5.46448087431694 86.63333309152739
v 35.84699422283902 3.7158467079120907 86.63333309152739
v 25.023848632645738 3.7158467079120907 100.87431193700905
v 25.023848632645738 3.7158467079120907 100.87431193700905
v 35.84699422283902 3.7158467079120907 86.63333309152739
v 24.59016393442623 4.590164116822956 99.99999583093195
v 35.84699422283902 3.7158467079120907 86.63333309152739
v 34.97267811676192 4.590164116822956 86.33879885647465
v 24.59016393442623 4.590164116822956 99.99999583093195
v 34.97267811676192 -6.338797631810923 86.33879885647465
v 34.97267811676192 -6.338797631810923 -99.99999583093195
v 35.84699422283902 -5.46448087431694 86.63333309152739
v 34.97267811676192 -6.338797631810923 -99.99999583093195
v 35.84699422283902 -5.46448087431694 -100.87431193700905
v 35.84699422283902 -5.46448087431694 86.63333309152739
v 35.84699422283902 -5.46448087431694 86.63333309152739
v 35.84699422283902 -5.46448087431694 -100.87431193700905
v 35.84699422283902 3.7158467079120907 86.63333309152739
v 35.84699422283902 -5.46448087431694 -100.87431193700905
v 35.84699422283902 3.7158467079120907 -100.87431193700905
v 35.84699422283902 3.7158467079120907 86.63333309152739
v 35.84699422283902 3.7158467079120907 86.63333309152739
v 35.84699422283902 3.7158467079120907 -100.87431193700905
v 34.97267811676192 4.590164116822956 86.33879885647465
v 35.84699422283902 3.7158467079120907 -100.87431193700905
v 34.97267811676192 4.590164116822956 -99.99999583093195
v 34.97267811676192 4.590164116822956 86.33879885647465
v 34.97267811676192 -6.338797631810923 -99.99999583093195
v 19.12568306010929 -6.338797631810923 -99.99999583093195
v 35.84699422283902 -5.46448087431694 -100.87431193700905
v 19.12568306010929 -6.338797631810923 -99.99999583093195
v 18.61123178826004 -5.46448087431694 -100.87431193700905
v 35.84699422283902 -5.46448087431694 -100.87431193700905
v 35.84699422283902 -5.46448087431694 -100.87431193700905
v 18.61123178826004 -5.46448087431694 -100.87431193700905
v 35.84699422283902 3.7158467079120907 -100.87431193700905
v 18.61123178826004 -5.46448087431694 -100.87431193700905
v 18.61123178826004 3.7158467079120907 -100.87431193700905
v 35.84699422283902 3.7158467079120907 -100.87431193700905
v 35.84699422283902 3.7158467079120907 -100.87431193700905
v 18.61123178826004 3.7158467079120907 -100.87431193700905
v 34.97267811676192 4.590164116822956 -99.99999583093195
v 18.61123178826004 3.7158467079120907 -100.87431193700905
v 19.12568306010929 4.590164116822956 -99.99999583093195
v 34.97267811676192 4.590164116822956 -99.99999583093195
v 19.12568306010929 -6.338797631810923 -99.99999583093195
v 0 -6.338797631810923 -65.57377049180327
v 18.61123178826004 -5.46448087431694 -100.87431193700905
v 0 -6.338797631810923 -65.57377049180327
v -1.33334083678373e-16 -5.46448087431694 -66.81024311670188
v 18.61123178826004 -5.46448087431694 -100.87431193700905
v 18.61123178826004 -5.46448087431694 -100.87431193700905
v -1.33334083678373e-16 -5.46448087431694 -66.81024311670188
v 18.61123178826004 3.7158467079120907 -100.87431193700905
v -1.33334083678373e-16 -5.46448087431694 -66.81024311670188
v -1.33334083678373e-16 3.7158467079120907 -66.81024311670188
v 18.61123178826004 3.7158467079120907 -100.87431193700905
v 18.61123178826004 3.7158467079120907 -100.87431193700905
v -1.33334083678373e-16 3.7158467079120907 -66.81024311670188
v 19.12568306010929 4.590164116822956 -99.99999583093195
v -1.33334083678373e-16 3.7158467079120907 -66.81024311670188
v 0 4.590164116822956 -65.57377049180327
v 19.12568306010929 4.590164116822956 -99.99999583093195
v 0 -6.338797631810923 -65.57377049180327
v -19.12568306010929 -6.338797631810923 -99.99999583093195
v -1.33334083678373e-16 -5.46448087431694 -66.81024311670188
v -19.12568306010929 -6.338797631810923 -99.99999583093195
v -18.61123178826004 -5.46448087431694 -100.87431193700905
v -1.33334083678373e-16 -5.46448087431694 -66.81024311670188
v -1.33334083678373e-16 -5.46448087431694 -66.81024311670188
v -18.61123178826004 -5.46448087431694 -100.87431193700905
v -1.33334083678373e-16 3.7158467079120907 -66.81024311670188
v -18.61123178826004 -5.46448087431694 -100.87431193700905
v -18.61123178826004 3.7158467079120907 -100.87431193700905
v -1.33334083678373e-16 3.7158467079120907 -66.81024311670188
v -1.33334083678373e-16 3.7158467079120907 -66.81024311670188
v -18.61123178826004 3.7158467079120907 -100.87431193700905
v 0 4.590164116822956 -65.57377049180327
v -18.61123178826004 3.7158467079120907 -100.87431193700905
v -19.12568306010929 4.590164116822956 -99.99999583093195
v 0 4.590164116822956 -65.57377049180327
vt -3.200000047683716 9.149999618530273
vt -1.75 9.149999618530273
vt 0 6
vt -2.25 -9.149999618530273
vt -3.200000047683716 -7.900000095367432
vt -3.200000047683716 9.149999618530273
vt 3.200000047683716 -7.900000095367432
vt 2.25 -9.149999618530273
vt 0 -9.149999618530273
vt 1.75 9.149999618530273
vt 3.200000047683716 9.149999618530273
vt 3.200000047683716 -7.900000095367432
vt -2.25 -9.149999618530273
vt -3.200000047683716 9.149999618530273
vt 0 6
vt 3.200000047683716 -7.900000095367432
vt 0 -9.149999618530273
vt -2.25 -9.149999618530273
vt 0 6
vt 1.75 9.149999618530273
vt 3.200000047683716 -7.900000095367432
vt 3.200000047683716 -7.900000095367432
vt -2.25 -9.149999618530273
vt 0 6
vt 0 6
vt -1.75 9.149999618530273
vt -3.200000047683716 9.149999618530273
vt -3.200000047683716 9.149999618530273
vt -3.200000047683716 -7.900000095367432
vt -2.25 -9.149999618530273
vt 0 -9.149999618530273
vt 2.25 -9.149999618530273
vt 3.200000047683716 -7.900000095367432
vt 3.200000047683716 -7.900000095367432
vt 3.200000047683716 9.149999618530273
vt 1.75 9.149999618530273
vt 0 6
vt -3.200000047683716 9.149999618530273
vt -2.25 -9.149999618530273
vt -2.25 -9.149999618530273
vt 0 -9.149999618530273
vt 3.200000047683716 -7.900000095367432
vt 3.200000047683716 -7.900000095367432
vt 1.75 9.149999618530273
vt 0 6
vt 0 6
vt -2.25 -9.149999618530273
vt 3.200000047683716 -7.900000095367432
vt -1.75 1.0800000429153442
vt -3.200000047683716 1.0800000429153442
vt -1.7029277086257935 1
vt -3.200000047683716 1.0800000429153442
vt -3.2799999713897705 1
vt -1.7029277086257935 1
vt -1.7029277086257935 1
vt -3.2799999713897705 1
vt -1.7029277086257935 0.1599999964237213
vt -3.2799999713897705 1
vt -3.2799999713897705 0.1599999964237213
vt -1.7029277086257935 0.1599999964237213
vt -1.7029277086257935 0.1599999964237213
vt -3.2799999713897705 0.1599999964237213
vt -1.75 0.07999999821186066
vt -3.2799999713897705 0.1599999964237213
vt -3.200000047683716 0.07999999821186066
vt -1.75 0.07999999821186066
vt 9.149999618530273 1.0800000429153442
vt -7.900000095367432 1.0800000429153442
vt 9.229999542236328 1
vt -7.900000095367432 1.0800000429153442
vt -7.926949977874756 1
vt 9.229999542236328 1
vt 9.229999542236328 1
vt -7.926949977874756 1
vt 9.229999542236328 0.1599999964237213
vt -7.926949977874756 1
vt -7.926949977874756 0.1599999964237213
vt 9.229999542236328 0.1599999964237213
vt 9.229999542236328 0.1599999964237213
vt -7.926949977874756 0.1599999964237213
vt 9.149999618530273 0.07999999821186066
vt -7.926949977874756 0.1599999964237213
vt -7.900000095367432 0.07999999821186066
vt 9.149999618530273 0.07999999821186066
vt -7.900000095367432 1.0800000429153442
vt -9.149999618530273 1.0800000429153442
vt -7.926949977874756 1
vt -9.149999618530273 1.0800000429153442
vt -9.229999542236328 1
vt -7.926949977874756 1
vt -7.926949977874756 1
vt -9.229999542236328 1
vt -7.926949977874756 0.1599999964237213
vt -9.229999542236328 1
vt -9.229999542236328 0.1599999964237213
vt -7.926949977874756 0.1599999964237213
vt -7.926949977874756 0.1599999964237213
vt -9.229999542236328 0.1599999964237213
vt -7.900000095367432 0.07999999821186066
vt -9.229999542236328 0.1599999964237213
vt -9.149999618530273 0.07999999821186066
vt -7.900000095367432 0.07999999821186066
vt -2.25 1.0800000429153442
vt 0 1.0800000429153442
vt -2.289682149887085 1
vt 0 1.0800000429153442
vt 0 1
vt -2.289682149887085 1
vt -2.289682149887085 1
vt 0 1
vt -2.289682149887085 0.1599999964237213
vt 0 1
vt 0 0.1599999964237213
vt -2.289682149887085 0.1599999964237213
vt -2.289682149887085 0.1599999964237213
vt 0 0.1599999964237213
vt -2.25 0.07999999821186066
vt 0 0.1599999964237213
vt 0 0.07999999821186066
vt -2.25 0.07999999821186066
vt 0 1.0800000429153442
vt 2.25 1.0800000429153442
vt 0 1
vt 2.25 1.0800000429153442
vt 2.289682149887085 1
vt 0 1
vt 0 1
vt 2.289682149887085 1
vt 0 0.1599999964237213
vt 2.289682149887085 1
vt 2.289682149887085 0.1599999964237213
vt 0 0.1599999964237213
vt 0 0.1599999964237213
vt 2.289682149887085 0.1599999964237213
vt 0 0.07999999821186066
vt 2.289682149887085 0.1599999964237213
vt 2.25 0.07999999821186066
vt 0 0.07999999821186066
vt -9.149999618530273 1.0800000429153442
vt -7.900000095367432 1.0800000429153442
vt -9.229999542236328 1
vt -7.900000095367432 1.0800000429153442
vt -7.926949977874756 1
vt -9.229999542236328 1
vt -9.229999542236328 1
vt -7.926949977874756 1
vt -9.229999542236328 0.1599999964237213
vt -7.926949977874756 1
vt -7.926949977874756 0.1599999964237213
vt -9.229999542236328 0.1599999964237213
vt -9.229999542236328 0.1599999964237213
vt -7.926949977874756 0.1599999964237213
vt -9.149999618530273 0.07999999821186066
vt -7.926949977874756 0.1599999964237213
vt -7.900000095367432 0.07999999821186066
vt -9.149999618530273 0.07999999821186066
vt -7.900000095367432 1.0800000429153442
vt 9.149999618530273 1.0800000429153442
vt -7.926949977874756 1
vt 9.149999618530273 1.0800000429153442
vt 9.229999542236328 1
vt -7.926949977874756 1
vt -7.926949977874756 1
vt 9.229999542236328 1
vt -7.926949977874756 0.1599999964237213
vt 9.229999542236328 1
vt 9.229999542236328 0.1599999964237213
vt -7.926949977874756 0.1599999964237213
vt -7.926949977874756 0.1599999964237213
vt 9.229999542236328 0.1599999964237213
vt -7.900000095367432 0.07999999821186066
vt 9.229999542236328 0.1599999964237213
vt 9.149999618530273 0.07999999821186066
vt -7.900000095367432 0.07999999821186066
vt 3.200000047683716 1.0800000429153442
vt 1.75 1.0800000429153442
vt 3.2799999713897705 1
vt 1.75 1.0800000429153442
vt 1.7029277086257935 1
vt 3.2799999713897705 1
vt 3.2799999713897705 1
vt 1.7029277086257935 1
vt 3.2799999713897705 0.1599999964237213
vt 1.7029277086257935 1
vt 1.7029277086257935 0.1599999964237213
vt 3.2799999713897705 0.1599999964237213
vt 3.2799999713897705 0.1599999964237213
vt 1.7029277086257935 0.1599999964237213
vt 3.200000047683716 0.07999999821186066
vt 1.7029277086257935 0.1599999964237213
vt 1.75 0.07999999821186066
vt 3.200000047683716 0.07999999821186066
vt 9.149999618530273 1.0800000429153442
vt 6 1.0800000429153442
vt 9.229999542236328 1
vt 6 1.0800000429153442
vt 6.113137245178223 1
vt 9.229999542236328 1
vt 9.229999542236328 1
vt 6.113137245178223 1
vt 9.229999542236328 0.1599999964237213
vt 6.113137245178223 1
vt 6.113137245178223 0.1599999964237213
vt 9.229999542236328 0.1599999964237213
vt 9.229999542236328 0.1599999964237213
vt 6.113137245178223 0.1599999964237213
vt 9.149999618530273 0.07999999821186066
vt 6.113137245178223 0.1599999964237213
vt 6 0.07999999821186066
vt 9.149999618530273 0.07999999821186066
vt 6 1.0800000429153442
vt 9.149999618530273 1.0800000429153442
vt 6.113137245178223 1
vt 9.149999618530273 1.0800000429153442
vt 9.229999542236328 1
vt 6.113137245178223 1
vt 6.113137245178223 1
vt 9.229999542236328 1
vt 6.113137245178223 0.1599999964237213
vt 9.229999542236328 1
vt 9.229999542236328 0.1599999964237213
vt 6.113137245178223 0.1599999964237213
vt 6.113137245178223 0.1599999964237213
vt 9.229999542236328 0.1599999964237213
vt 6 0.07999999821186066
vt 9.229999542236328 0.1599999964237213
vt 9.149999618530273 0.07999999821186066
vt 6 0.07999999821186066
vn 0 -1 -6.123234262925838e-17
vn 0 -1 -6.123234262925838e-17
vn 0 -1 -6.123234262925838e-17
vn 0 -1 -6.123234262925838e-17
vn 0 -1 -6.123234262925838e-17
vn 0 -1 -6.123234262925838e-17
vn 0 -1 -6.123234262925838e-17
vn 0 -1 -6.123234262925838e-17
vn 0 -1 -6.123234262925838e-17
vn 0 -1 -6.123234262925838e-17
vn 0 -1 -6.123234262925838e-17
vn 0 -1 -6.123234262925838e-17
vn 0 -1 -6.123234262925838e-17
vn 0 -1 -6.123234262925838e-17
vn 0 -1 -6.123234262925838e-17
vn 0 -1 -6.123234262925838e-17
vn 0 -1 -6.123234262925838e-17
vn 0 -1 -6.123234262925838e-17
vn 0 -1 -6.123234262925838e-17
vn 0 -1 -6.123234262925838e-17
vn 0 -1 -6.123234262925838e-17
vn 0 -1 -6.123234262925838e-17
vn 0 -1 -6.123234262925838e-17
vn 0 -1 -6.123234262925838e-17
vn 0 1 6.123234262925838e-17
vn 0 1 6.123234262925838e-17
vn 0 1 6.123234262925838e-17
vn 0 1 6.123234262925838e-17
vn 0 1 6.123234262925838e-17
vn 0 1 6.123234262925838e-17
vn 0 1 6.123234262925838e-17
vn 0 1 6.123234262925838e-17
vn 0 1 6.123234262925838e-17
vn 0 1 6.123234262925838e-17
vn 0 1 6.123234262925838e-17
vn 0 1 6.123234262925838e-17
vn 0 1 6.123234262925838e-17
vn 0 1 6.123234262925838e-17
vn 0 1 6.123234262925838e-17
vn 0 1 6.123234262925838e-17
vn 0 1 6.123234262925838e-17
vn 0 1 6.123234262925838e-17
vn 0 1 6.123234262925838e-17
vn 0 1 6.123234262925838e-17
vn 0 1 6.123234262925838e-17
vn 0 1 6.123234262925838e-17
vn 0 1 6.123234262925838e-17
vn 0 1 6.123234262925838e-17
vn 0 -0.7071064235585824 -0.707107138814332
vn 0 -0.7071064235585824 -0.707107138814332
vn 0 -0.7071064235585824 -0.707107138814332
vn 0 -0.7071064533609335 -0.7071071090120097
vn 0 -0.7071064533609335 -0.7071071090120097
vn 0 -0.7071064533609335 -0.7071071090120097
vn 0 6.123234262925838e-17 -1
vn 0 6.123234262925838e-17 -1
vn 0 6.123234262925838e-17 -1
vn 0 6.123234262925838e-17 -1
vn 0 6.123234262925838e-17 -1
vn 0 6.123234262925838e-17 -1
vn 0 0.7071062447445319 -0.7071073176281562
vn 0 0.7071062447445319 -0.7071073176281562
vn 0 0.7071062447445319 -0.7071073176281562
vn 0 0.7071062447445319 -0.7071073176281562
vn 0 0.7071062447445319 -0.7071073176281562
vn 0 0.7071062447445319 -0.7071073176281562
vn -0.7071071090120097 -0.7071064533609335 -4.3297782080938334e-17
vn -0.7071071090120097 -0.7071064533609335 -4.3297782080938334e-17
vn -0.7071071090120097 -0.7071064533609335 -4.3297782080938334e-17
vn -0.7071071090120097 -0.7071064533609335 -4.3297782080938334e-17
vn -0.7071071090120097 -0.7071064533609335 -4.3297782080938334e-17
vn -0.7071071090120097 -0.7071064533609335 -4.3297782080938334e-17
vn -1 0 0
vn -1 0 0
vn -1 0 0
vn -1 0 0
vn -1 0 0
vn -1 0 0
vn -0.7071073176281562 0.7071062447445319 4.3297770670905594e-17
vn -0.7071073176281562 0.7071062447445319 4.3297770670905594e-17
vn -0.7071073176281562 0.7071062447445319 4.3297770670905594e-17
vn -0.7071073176281562 0.7071062447445319 4.3297770670905594e-17
vn -0.7071073176281562 0.7071062447445319 4.3297770670905594e-17
vn -0.7071073176281562 0.7071062447445319 4.3297770670905594e-17
vn -0.5629721438156918 -0.70710607320263 0.42785904983711753
vn -0.5629721438156918 -0.70710607320263 0.42785904983711753
vn -0.5629721438156918 -0.70710607320263 0.42785904983711753
vn -0.5629714742534259 -0.7071070094041947 0.4278583836135273
vn -0.5629714742534259 -0.7071070094041947 0.4278583836135273
vn -0.5629714742534259 -0.7071070094041947 0.4278583836135273
vn -0.7961621321004149 -3.705067050328459e-17 0.6050833491423486
vn -0.7961621321004149 -3.705067050328459e-17 0.6050833491423486
vn -0.7961621321004149 -3.705067050328459e-17 0.6050833491423486
vn -0.7961621321004149 -3.705067050328459e-17 0.6050833491423486
vn -0.7961621321004149 -3.705067050328459e-17 0.6050833491423486
vn -0.7961621321004149 -3.705067050328459e-17 0.6050833491423486
vn -0.5629724113879666 0.7071058561416118 0.4278590564967119
vn -0.5629724113879666 0.7071058561416118 0.4278590564967119
vn -0.5629724113879666 0.7071058561416118 0.4278590564967119
vn -0.5629715837920333 0.7071068184436334 0.42785855507774084
vn -0.5629715837920333 0.7071068184436334 0.42785855507774084
vn -0.5629715837920333 0.7071068184436334 0.42785855507774084
vn 0 -0.7071064533609335 0.7071071090120097
vn 0 -0.7071064533609335 0.7071071090120097
vn 0 -0.7071064533609335 0.7071071090120097
vn 0 -0.7071064533609335 0.7071071090120097
vn 0 -0.7071064533609335 0.7071071090120097
vn 0 -0.7071064533609335 0.7071071090120097
vn 0 -6.123234262925838e-17 1
vn 0 -6.123234262925838e-17 1
vn 0 -6.123234262925838e-17 1
vn 0 -6.123234262925838e-17 1
vn 0 -6.123234262925838e-17 1
vn 0 -6.123234262925838e-17 1
vn 0 0.7071062745468981 0.7071072878258339
vn 0 0.7071062745468981 0.7071072878258339
vn 0 0.7071062745468981 0.7071072878258339
vn 0 0.7071062447445319 0.7071073176281562
vn 0 0.7071062447445319 0.7071073176281562
vn 0 0.7071062447445319 0.7071073176281562
vn 0 -0.7071064533609335 0.7071071090120097
vn 0 -0.7071064533609335 0.7071071090120097
vn 0 -0.7071064533609335 0.7071071090120097
vn 0 -0.7071064533609335 0.7071071090120097
vn 0 -0.7071064533609335 0.7071071090120097
vn 0 -0.7071064533609335 0.7071071090120097
vn 0 -6.123234262925838e-17 1
vn 0 -6.123234262925838e-17 1
vn 0 -6.123234262925838e-17 1
vn 0 -6.123234262925838e-17 1
vn 0 -6.123234262925838e-17 1
vn 0 -6.123234262925838e-17 1
vn 0 0.7071062745468981 0.7071072878258339
vn 0 0.7071062745468981 0.7071072878258339
vn 0 0.7071062745468981 0.7071072878258339
vn 0 0.7071062447445319 0.7071073176281562
vn 0 0.7071062447445319 0.7071073176281562
vn 0 0.7071062447445319 0.7071073176281562
vn 0.5629714120040474 -0.7071070060823393 0.42785847101049634
vn 0.5629714120040474 -0.7071070060823393 0.42785847101049634
vn 0.5629714120040474 -0.7071070060823393 0.42785847101049634
vn 0.5629722467787648 -0.7071060527970052 0.42785894808301966
vn 0.5629722467787648 -0.7071060527970052 0.42785894808301966
vn 0.5629722467787648 -0.7071060527970052 0.42785894808301966
vn 0.7961621321004149 -3.705067050328459e-17 0.6050833491423486
vn 0.7961621321004149 -3.705067050328459e-17 0.6050833491423486
vn 0.7961621321004149 -3.705067050328459e-17 0.6050833491423486
vn 0.7961621321004149 -3.705067050328459e-17 0.6050833491423486
vn 0.7961621321004149 -3.705067050328459e-17 0.6050833491423486
vn 0.7961621321004149 -3.705067050328459e-17 0.6050833491423486
vn 0.5629716388628596 0.7071068127490423 0.4278584920273952
vn 0.5629716388628596 0.7071068127490423 0.4278584920273952
vn 0.5629716388628596 0.7071068127490423 0.4278584920273952
vn 0.5629723084249065 0.7071058765472373 0.4278591582508145
vn 0.5629723084249065 0.7071058765472373 0.4278591582508145
vn 0.5629723084249065 0.7071058765472373 0.4278591582508145
vn 0.7071071090120097 -0.7071064533609335 -4.3297782080938334e-17
vn 0.7071071090120097 -0.7071064533609335 -4.3297782080938334e-17
vn 0.7071071090120097 -0.7071064533609335 -4.3297782080938334e-17
vn 0.7071071090120097 -0.7071064533609335 -4.3297782080938334e-17
vn 0.7071071090120097 -0.7071064533609335 -4.3297782080938334e-17
vn 0.7071071090120097 -0.7071064533609335 -4.3297782080938334e-17
vn 1 0 0
vn 1 0 0
vn 1 0 0
vn 1 0 0
vn 1 0 0
vn 1 0 0
vn 0.7071073176281562 0.7071062447445319 4.3297770670905594e-17
vn 0.7071073176281562 0.7071062447445319 4.3297770670905594e-17
vn 0.7071073176281562 0.7071062447445319 4.3297770670905594e-17
vn 0.7071073176281562 0.7071062447445319 4.3297770670905594e-17
vn 0.7071073176281562 0.7071062447445319 4.3297770670905594e-17
vn 0.7071073176281562 0.7071062447445319 4.3297770670905594e-17
vn 0 -0.7071064235585824 -0.707107138814332
vn 0 -0.7071064235585824 -0.707107138814332
vn 0 -0.7071064235585824 -0.707107138814332
vn 0 -0.7071064533609335 -0.7071071090120097
vn 0 -0.7071064533609335 -0.7071071090120097
vn 0 -0.7071064533609335 -0.7071071090120097
vn 0 6.123234262925838e-17 -1
vn 0 6.123234262925838e-17 -1
vn 0 6.123234262925838e-17 -1
vn 0 6.123234262925838e-17 -1
vn 0 6.123234262925838e-17 -1
vn 0 6.123234262925838e-17 -1
vn 0 0.7071062447445319 -0.7071073176281562
vn 0 0.7071062447445319 -0.7071073176281562
vn 0 0.7071062447445319 -0.7071073176281562
vn 0 0.7071062447445319 -0.7071073176281562
vn 0 0.7071062447445319 -0.7071073176281562
vn 0 0.7071062447445319 -0.7071073176281562
vn -0.6181225827334764 -0.7071067152758552 -0.343401464654254
vn -0.6181225827334764 -0.7071067152758552 -0.343401464654254
vn -0.6181225827334764 -0.7071067152758552 -0.343401464654254
vn -0.7263314922108389 -0.5612147603543882 -0.3968381989969499
vn -0.7263314922108389 -0.5612147603543882 -0.3968381989969499
vn -0.7263314922108389 -0.5612147603543882 -0.3968381989969499
vn -0.8775614660418567 2.9358711736286e-17 -0.479464152276755
vn -0.8775614660418567 2.9358711736286e-17 -0.479464152276755
vn -0.8775614660418567 2.9358711736286e-17 -0.479464152276755
vn -0.8775614660418567 2.9358711736286e-17 -0.479464152276755
vn -0.8775614660418567 2.9358711736286e-17 -0.479464152276755
vn -0.8775614660418567 2.9358711736286e-17 -0.479464152276755
vn -0.6218268338644543 0.70562554125015 -0.3397410546600767
vn -0.6218268338644543 0.70562554125015 -0.3397410546600767
vn -0.6218268338644543 0.70562554125015 -0.3397410546600767
vn -0.7205764154952302 0.5661389310013808 -0.40032029705806754
vn -0.7205764154952302 0.5661389310013808 -0.40032029705806754
vn -0.7205764154952302 0.5661389310013808 -0.40032029705806754
vn 0.7205763310862585 -0.5661390903271689 -0.4003202236732393
vn 0.7205763310862585 -0.5661390903271689 -0.4003202236732393
vn 0.7205763310862585 -0.5661390903271689 -0.4003202236732393
vn 0.6218266384677898 -0.7056257608512679 -0.33974095619297584
vn 0.6218266384677898 -0.7056257608512679 -0.33974095619297584
vn 0.6218266384677898 -0.7056257608512679 -0.33974095619297584
vn 0.8775614660418567 2.9358711736286e-17 -0.479464152276755
vn 0.8775614660418567 2.9358711736286e-17 -0.479464152276755
vn 0.8775614660418567 2.9358711736286e-17 -0.479464152276755
vn 0.8775614660418567 2.9358711736286e-17 -0.479464152276755
vn 0.8775614660418567 2.9358711736286e-17 -0.479464152276755
vn 0.8775614660418567 2.9358711736286e-17 -0.479464152276755
vn 0.7263316042397141 0.5612145759923565 -0.3968382546785061
vn 0.7263316042397141 0.5612145759923565 -0.3968382546785061
vn 0.7263316042397141 0.5612145759923565 -0.3968382546785061
vn 0.6181227092476825 0.7071065448184376 -0.34340158792183195
vn 0.6181227092476825 0.7071065448184376 -0.34340158792183195
vn 0.6181227092476825 0.7071065448184376 -0.34340158792183195
f 1/1/1 2/2/2 3/3/3
f 4/4/4 5/5/5 6/6/6
f 7/7/7 8/8/8 9/9/9
f 10/10/10 11/11/11 12/12/12
f 13/13/13 14/14/14 15/15/15
f 16/16/16 17/17/17 18/18/18
f 19/19/19 20/20/20 21/21/21
f 22/22/22 23/23/23 24/24/24
f 25/25/25 26/26/26 27/27/27
f 28/28/28 29/29/29 30/30/30
f 31/31/31 32/32/32 33/33/33
f 34/34/34 35/35/35 36/36/36
f 37/37/37 38/38/38 39/39/39
f 40/40/40 41/41/41 42/42/42
f 43/43/43 44/44/44 45/45/45
f 46/46/46 47/47/47 48/48/48
f 49/49/49 50/50/50 51/51/51
f 52/52/52 53/53/53 54/54/54
f 55/55/55 56/56/56 57/57/57
f 58/58/58 59/59/59 60/60/60
f 61/61/61 62/62/62 63/63/63
f 64/64/64 65/65/65 66/66/66
f 67/67/67 68/68/68 69/69/69
f 70/70/70 71/71/71 72/72/72
f 73/73/73 74/74/74 75/75/75
f 76/76/76 77/77/77 78/78/78
f 79/79/79 80/80/80 81/81/81
f 82/82/82 83/83/83 84/84/84
f 85/85/85 86/86/86 87/87/87
f 88/88/88 89/89/89 90/90/90
f 91/91/91 92/92/92 93/93/93
f 94/94/94 95/95/95 96/96/96
f 97/97/97 98/98/98 99/99/99
f 100/100/100 101/101/101 102/102/102
f 103/103/103 104/104/104 105/105/105
f 106/106/106 107/107/107 108/108/108
f 109/109/109 110/110/110 111/111/111
f 112/112/112 113/113/113 114/114/114
f 115/115/115 116/116/116 117/117/117
f 118/118/118 119/119/119 120/120/120
f 121/121/121 122/122/122 123/123/123
f 124/124/124 125/125/125 126/126/126
f 127/127/127 128/128/128 129/129/129
f 130/130/130 131/131/131 132/132/132
f 133/133/133 134/134/134 135/135/135
f 136/136/136 137/137/137 138/138/138
f 139/139/139 140/140/140 141/141/141
f 142/142/142 143/143/143 144/144/144
f 145/145/145 146/146/146 147/147/147
f 148/148/148 149/149/149 150/150/150
f 151/151/151 152/152/152 153/153/153
f 154/154/154 155/155/155 156/156/156
f 157/157/157 158/158/158 159/159/159
f 160/160/160 161/161/161 162/162/162
f 163/163/163 164/164/164 165/165/165
f 166/166/166 167/167/167 168/168/168
f 169/169/169 170/170/170 171/171/171
f 172/172/172 173/173/173 174/174/174
f 175/175/175 176/176/176 177/177/177
f 178/178/178 179/179/179 180/180/180
f 181/181/181 182/182/182 183/183/183
f 184/184/184 185/185/185 186/186/186
f 187/187/187 188/188/188 189/189/189
f 190/190/190 191/191/191 192/192/192
f 193/193/193 194/194/194 195/195/195
f 196/196/196 197/197/197 198/198/198
f 199/199/199 200/200/200 201/201/201
f 202/202/202 203/203/203 204/204/204
f 205/205/205 206/206/206 207/207/207
f 208/208/208 209/209/209 210/210/210
f 211/211/211 212/212/212 213/213/213
f 214/214/214 215/215/215 216/216/216
f 217/217/217 218/218/218 219/219/219
f 220/220/220 221/221/221 222/222/222
f 223/223/223 224/224/224 225/225/225
f 226/226/226 227/227/227 228/228/228
o carrier_deck
usemtl plate
v -32.17486345051416 4.808743198712667 -92.00000241805947
v -17.5956285716406 4.808743198712667 -92.00000241805947
v 0 4.808743198712667 -60.32786864400561
v -22.622950090085222 4.808743198712667 92.00000241805947
v -32.17486345051416 4.808743198712667 79.43169536486349
v -32.17486345051416 4.808743198712667 -92.00000241805947
v 32.17486345051416 4.808743198712667 79.43169536486349
v 22.622950090085222 4.808743198712667 92.00000241805947
v 0 4.808743198712667 92.00000241805947
v 17.5956285716406 4.808743198712667 -92.00000241805947
v 32.17486345051416 4.808743198712667 -92.00000241805947
v 32.17486345051416 4.808743198712667 79.43169536486349
v -22.622950090085222 4.808743198712667 92.00000241805947
v -32.17486345051416 4.808743198712667 -92.00000241805947
v 0 4.808743198712667 -60.32786864400561
v 32.17486345051416 4.808743198712667 79.43169536486349
v 0 4.808743198712667 92.00000241805947
v -22.622950090085222 4.808743198712667 92.00000241805947
v 0 4.808743198712667 -60.32786864400561
v 17.5956285716406 4.808743198712667 -92.00000241805947
v 32.17486345051416 4.808743198712667 79.43169536486349
v 32.17486345051416 4.808743198712667 79.43169536486349
v -22.622950090085222 4.808743198712667 92.00000241805947
v 0 4.808743198712667 -60.32786864400561
v 0 6.338797850035579 -60.32786864400561
v -17.5956285716406 6.338797850035579 -92.00000241805947
v -32.17486345051416 6.338797850035579 -92.00000241805947
v -32.17486345051416 6.338797850035579 -92.00000241805947
v -32.17486345051416 6.338797850035579 79.43169536486349
v -22.622950090085222 6.338797850035579 92.00000241805947
v 0 6.338797850035579 92.00000241805947
v 22.622950090085222 6.338797850035579 92.00000241805947
v 32.17486345051416 6.338797850035579 79.43169536486349
v 32.17486345051416 6.338797850035579 79.43169536486349
v 32.17486345051416 6.338797850035579 -92.00000241805947
v 17.5956285716406 6.338797850035579 -92.00000241805947
v 0 6.338797850035579 -60.32786864400561
v -32.17486345051416 6.338797850035579 -92.00000241805947
v -22.622950090085222 6.338797850035579 92.00000241805947
v -22.622950090085222 6.338797850035579 92.00000241805947
v 0 6.338797850035579 92.00000241805947
v 32.17486345051416 6.338797850035579 79.43169536486349
v 32.17486345051416 6.338797850035579 79.43169536486349
v 17.5956285716406 6.338797850035579 -92.00000241805947
v 0 6.338797850035579 -60.32786864400561
v 0 6.338797850035579 -60.32786864400561
v -22.622950090085222 6.338797850035579 92.00000241805947
v 32.17486345051416 6.338797850035579 79.43169536486349
v -17.5956285716406 4.808743198712667 -92.00000241805947
v -32.17486345051416 4.808743198712667 -92.00000241805947
v -17.274097015297478 5.355191253573517 -92.54645259002518
v -32.17486345051416 4.808743198712667 -92.00000241805947
v -32.72131101681235 5.355191253573517 -92.54645259002518
v -17.274097015297478 5.355191253573517 -92.54645259002518
v -17.274097015297478 5.355191253573517 -92.54645259002518
v -32.72131101681235 5.355191253573517 -92.54645259002518
v -17.274097015297478 5.792349713747619 -92.54645259002518
v -32.72131101681235 5.355191253573517 -92.54645259002518
v -32.72131101681235 5.792349713747619 -92.54645259002518
v -17.274097015297478 5.792349713747619 -92.54645259002518
v -17.274097015297478 5.792349713747619 -92.54645259002518
v -32.72131101681235 5.792349713747619 -92.54645259002518
v -17.5956285716406 6.338797850035579 -92.00000241805947
v -32.72131101681235 5.792349713747619 -92.54645259002518
v -32.17486345051416 6.338797850035579 -92.00000241805947
v -17.5956285716406 6.338797850035579 -92.00000241805947
v -32.17486345051416 4.808743198712667 -92.00000241805947
v -32.17486345051416 4.808743198712667 79.43169536486349
v -32.72131101681235 5.355191253573517 -92.54645259002518
v -32.17486345051416 4.808743198712667 79.43169536486349
v -32.72131101681235 5.355191253573517 79.61578056460522
v -32.72131101681235 5.355191253573517 -92.54645259002518
v -32.72131101681235 5.355191253573517 -92.54645259002518
v -32.72131101681235 5.355191253573517 79.61578056460522
v -32.72131101681235 5.792349713747619 -92.54645259002518
v -32.72131101681235 5.355191253573517 79.61578056460522
v -32.72131101681235 5.792349713747619 79.61578056460522
v -32.72131101681235 5.792349713747619 -92.54645259002518
v -32.72131101681235 5.792349713747619 -92.54645259002518
v -32.72131101681235 5.792349713747619 79.61578056460522
v -32.17486345051416 6.338797850035579 -92.00000241805947
v -32.72131101681235 5.792349713747619 79.61578056460522
v -32.17486345051416 6.338797850035579 79.43169536486349
v -32.17486345051416 6.338797850035579 -92.00000241805947
v -32.17486345051416 4.808743198712667 79.43169536486349
v -22.622950090085222 4.808743198712667 92.00000241805947
v -32.72131101681235 5.355191253573517 79.61578056460522
v -22.622950090085222 4.808743198712667 92.00000241805947
v -22.89400204934709 5.355191253573517 92.54645259002518
v -32.72131101681235 5.355191253573517 79.61578056460522
v -32.72131101681235 5.355191253573517 79.61578056460522
v -22.89400204934709 5.355191253573517 92.54645259002518
v -32.72131101681235 5.792349713747619 79.61578056460522
v -22.89400204934709 5.355191253573517 92.54645259002518
v -22.89400204934709 5.792349713747619 92.54645259002518
v -32.72131101681235 5.792349713747619 79.61578056460522
v -32.72131101681235 5.792349713747619 79.61578056460522
v -22.89400204934709 5.792349713747619 92.54645259002518
v -32.17486345051416 6.338797850035579 79.43169536486349
v -22.89400204934709 5.792349713747619 92.54645259002518
v -22.622950090085222 6.338797850035579 92.00000241805947
v -32.17486345051416 6.338797850035579 79.43169536486349
v -22.622950090085222 4.808743198712667 92.00000241805947
v 0 4.808743198712667 92.00000241805947
v -22.89400204934709 5.355191253573517 92.54645259002518
v 0 4.808743198712667 92.00000241805947
v 0 5.355191253573517 92.54645259002518
v -22.89400204934709 5.355191253573517 92.54645259002518
v -22.89400204934709 5.355191253573517 92.54645259002518
v 0 5.355191253573517 92.54645259002518
v -22.89400204934709 5.792349713747619 92.54645259002518
v 0 5.355191253573517 92.54645259002518
v 0 5.792349713747619 92.54645259002518
v -22.89400204934709 5.792349713747619 92.54645259002518
v -22.89400204934709 5.792349713747619 92.54645259002518
v 0 5.792349713747619 92.54645259002518
v -22.622950090085222 6.338797850035579 92.00000241805947
v 0 5.792349713747619 92.54645259002518
v 0 6.338797850035579 92.00000241805947
v -22.622950090085222 6.338797850035579 92.00000241805947
v 0 4.808743198712667 92.00000241805947
v 22.622950090085222 4.808743198712667 92.00000241805947
v 0 5.355191253573517 92.54645259002518
v 22.622950090085222 4.808743198712667 92.00000241805947
v 22.89400204934709 5.355191253573517 92.54645259002518
v 0 5.355191253573517 92.54645259002518
v 0 5.355191253573517 92.54645259002518
v 22.89400204934709 5.355191253573517 92.54645259002518
v 0 5.792349713747619 92.54645259002518
v 22.89400204934709 5.355191253573517 92.54645259002518
v 22.89400204934709 5.792349713747619 92.54645259002518
v 0 5.792349713747619 92.54645259002518
v 0 5.792349713747619 92.54645259002518
v 22.89400204934709 5.792349713747619 92.54645259002518
v 0 6.338797850035579 92.00000241805947
v 22.89400204934709 5.792349713747619 92.54645259002518
v 22.622950090085222 6.338797850035579 92.00000241805947
v 0 6.338797850035579 92.00000241805947
v 22.622950090085222 4.808743198712667 92.00000241805947
v 32.17486345051416 4.808743198712667 79.43169536486349
v 22.89400204934709 5.355191253573517 92.54645259002518
v 32.17486345051416 4.808743198712667 79.43169536486349
v 32.72131101681235 5.355191253573517 79.61578056460522
v 22.89400204934709 5.355191253573517 92.54645259002518
v 22.89400204934709 5.355191253573517 92.54645259002518
v 32.72131101681235 5.355191253573517 79.61578056460522
v 22.89400204934709 5.792349713747619 92.54645259002518
v 32.72131101681235 5.355191253573517 79.61578056460522
v 32.72131101681235 5.792349713747619 79.61578056460522
v 22.89400204934709 5.792349713747619 92.54645259002518
v 22.89400204934709 5.792349713747619 92.54645259002518
v 32.72131101681235 5.792349713747619 79.61578056460522
v 22.622950090085222 6.338797850035579 92.00000241805947
v 32.72131101681235 5.792349713747619 79.61578056460522
v 32.17486345051416 6.338797850035579 79.43169536486349
v 22.622950090085222 6.338797850035579 92.00000241805947
v 32.17486345051416 4.808743198712667 79.43169536486349
v 32.17486345051416 4.808743198712667 -92.00000241805947
v 32.72131101681235 5.355191253573517 79.61578056460522
v 32.17486345051416 4.808743198712667 -92.00000241805947
v 32.72131101681235 5.355191253573517 -92.54645259002518
v 32.72131101681235 5.355191253573517 79.61578056460522
v 32.72131101681235 5.355191253573517 79.61578056460522
v 32.72131101681235 5.355191253573517 -92.54645259002518
v 32.72131101681235 5.792349713747619 79.61578056460522
v 32.72131101681235 5.355191253573517 -92.54645259002518
v 32.72131101681235 5.792349713747619 -92.54645259002518
v 32.72131101681235 5.792349713747619 79.61578056460522
v 32.72131101681235 5.792349713747619 79.61578056460522
v 32.72131101681235 5.792349713747619 -92.54645259002518
v 32.17486345051416 6.338797850035579 79.43169536486349
v 32.72131101681235 5.792349713747619 -92.54645259002518
v 32.17486345051416 6.338797850035579 -92.00000241805947
v 32.17486345051416 6.338797850035579 79.43169536486349
v 32.17486345051416 4.808743198712667 -92.00000241805947
v 17.5956285716406 4.808743198712667 -92.00000241805947
v 32.72131101681235 5.355191253573517 -92.54645259002518
v 17.5956285716406 4.808743198712667 -92.00000241805947
v 17.274097015297478 5.355191253573517 -92.54645259002518
v 32.72131101681235 5.355191253573517 -92.54645259002518
v 32.72131101681235 5.355191253573517 -92.54645259002518
v 17.274097015297478 5.355191253573517 -92.54645259002518
v 32.72131101681235 5.792349713747619 -92.54645259002518
v 17.274097015297478 5.355191253573517 -92.54645259002518
v 17.274097015297478 5.792349713747619 -92.54645259002518
v 32.72131101681235 5.792349713747619 -92.54645259002518
v 32.72131101681235 5.792349713747619 -92.54645259002518
v 17.274097015297478 5.792349713747619 -92.54645259002518
v 32.17486345051416 6.338797850035579 -92.00000241805947
v 17.274097015297478 5.792349713747619 -92.54645259002518
v 17.5956285716406 6.338797850035579 -92.00000241805947
v 32.17486345051416 6.338797850035579 -92.00000241805947
v 17.5956285716406 4.808743198712667 -92.00000241805947
v 0 4.808743198712667 -60.32786864400561
v 17.274097015297478 5.355191253573517 -92.54645259002518
v 0 4.808743198712667 -60.32786864400561
v -4.1666900019463403e-17 5.355191253573517 -61.10066273173348
v 17.274097015297478 5.355191253573517 -92.54645259002518
v 17.274097015297478 5.355191253573517 -92.54645259002518
v -4.1666900019463403e-17 5.355191253573517 -61.10066273173348
v 17.274097015297478 5.792349713747619 -92.54645259002518
v -4.1666900019463403e-17 5.355191253573517 -61.10066273173348
v -4.1666900019463403e-17 5.792349713747619 -61.10066273173348
v 17.274097015297478 5.792349713747619 -92.54645259002518
v 17.274097015297478 5.792349713747619 -92.54645259002518
v -4.1666900019463403e-17 5.792349713747619 -61.10066273173348
v 17.5956285716406 6.338797850035579 -92.00000241805947
v -4.1666900019463403e-17 5.792349713747619 -61.10066273173348
v 0 6.338797850035579 -60.32786864400561
v 17.5956285716406 6.338797850035579 -92.00000241805947
v 0 4.808743198712667 -60.32786864400561
v -17.5956285716406 4.808743198712667 -92.00000241805947
v -4.1666900019463403e-17 5.355191253573517 -61.10066273173348
v -17.5956285716406 4.808743198712667 -92.00000241805947
v -17.274097015297478 5.355191253573517 -92.54645259002518
v -4.1666900019463403e-17 5.355191253573517 -61.10066273173348
v -4.1666900019463403e-17 5.355191253573517 -61.10066273173348
v -17.274097015297478 5.355191253573517 -92.54645259002518
v -4.1666900019463403e-17 5.792349713747619 -61.10066273173348
v -17.274097015297478 5.355191253573517 -92.54645259002518
v -17.274097015297478 5.792349713747619 -92.54645259002518
v -4.1666900019463403e-17 5.792349713747619 -61.10066273173348
v -4.1666900019463403e-17 5.792349713747619 -61.10066273173348
v -17.274097015297478 5.792349713747619 -92.54645259002518
v 0 6.338797850035579 -60.32786864400561
v -17.274097015297478 5.792349713747619 -92.54645259002518
v -17.5956285716406 6.338797850035579 -92.00000241805947
v 0 6.338797850035579 -60.32786864400561
vt -2.944000005722046 8.418000221252441
vt -1.6100000143051147 8.418000221252441
vt 0 5.519999980926514
vt -2.069999933242798 -8.418000221252441
vt -2.944000005722046 -7.26800012588501
vt -2.944000005722046 8.418000221252441
vt 2.944000005722046 -7.26800012588501
vt 2.069999933242798 -8.418000221252441
vt 0 -8.418000221252441
vt 1.6100000143051147 8.418000221252441
vt 2.944000005722046 8.418000221252441
vt 2.944000005722046 -7.26800012588501
vt -2.069999933242798 -8.418000221252441
vt -2.944000005722046 8.418000221252441
vt 0 5.519999980926514
vt 2.944000005722046 -7.26800012588501
vt 0 -8.418000221252441
vt -2.069999933242798 -8.418000221252441
vt 0 5.519999980926514
vt 1.6100000143051147 8.418000221252441
vt 2.944000005722046 -7.26800012588501
vt 2.944000005722046 -7.26800012588501
vt -2.069999933242798 -8.418000221252441
vt 0 5.519999980926514
vt 0 5.519999980926514
vt -1.6100000143051147 8.418000221252441
vt -2.944000005722046 8.418000221252441
vt -2.944000005722046 8.418000221252441
vt -2.944000005722046 -7.26800012588501
vt -2.069999933242798 -8.418000221252441
vt 0 -8.418000221252441
vt 2.069999933242798 -8.418000221252441
vt 2.944000005722046 -7.26800012588501
vt 2.944000005722046 -7.26800012588501
vt 2.944000005722046 8.418000221252441
vt 1.6100000143051147 8.418000221252441
vt 0 5.519999980926514
vt -2.944000005722046 8.418000221252441
vt -2.069999933242798 -8.418000221252441
vt -2.069999933242798 -8.418000221252441
vt 0 -8.418000221252441
vt 2.944000005722046 -7.26800012588501
vt 2.944000005722046 -7.26800012588501
vt 1.6100000143051147 8.418000221252441
vt 0 5.519999980926514
vt 0 5.519999980926514
vt -2.069999933242798 -8.418000221252441
vt 2.944000005722046 -7.26800012588501
vt -1.6100000143051147 1.0499999523162842
vt -2.944000005722046 1.0499999523162842
vt -1.5805798768997192 1
vt -2.944000005722046 1.0499999523162842
vt -2.99399995803833 1
vt -1.5805798768997192 1
vt -1.5805798768997192 1
vt -2.99399995803833 1
vt -1.5805798768997192 0.9599999785423279
vt -2.99399995803833 1
vt -2.99399995803833 0.9599999785423279
vt -1.5805798768997192 0.9599999785423279
vt -1.5805798768997192 0.9599999785423279
vt -2.99399995803833 0.9599999785423279
vt -1.6100000143051147 0.9100000262260437
vt -2.99399995803833 0.9599999785423279
vt -2.944000005722046 0.9100000262260437
vt -1.6100000143051147 0.9100000262260437
vt 8.418000221252441 1.0499999523162842
vt -7.26800012588501 1.0499999523162842
vt 8.468000411987305 1
vt -7.26800012588501 1.0499999523162842
vt -7.284843921661377 1
vt 8.468000411987305 1
vt 8.468000411987305 1
vt -7.284843921661377 1
vt 8.468000411987305 0.9599999785423279
vt -7.284843921661377 1
vt -7.284843921661377 0.9599999785423279
vt 8.468000411987305 0.9599999785423279
vt 8.468000411987305 0.9599999785423279
vt -7.284843921661377 0.9599999785423279
vt 8.418000221252441 0.9100000262260437
vt -7.284843921661377 0.9599999785423279
vt -7.26800012588501 0.9100000262260437
vt 8.418000221252441 0.9100000262260437
vt -7.26800012588501 1.0499999523162842
vt -8.418000221252441 1.0499999523162842
vt -7.284843921661377 1
vt -8.418000221252441 1.0499999523162842
vt -8.468000411987305 1
vt -7.284843921661377 1
vt -7.284843921661377 1
vt -8.468000411987305 1
vt -7.284843921661377 0.9599999785423279
vt -8.468000411987305 1
vt -8.468000411987305 0.9599999785423279
vt -7.284843921661377 0.9599999785423279
vt -7.284843921661377 0.9599999785423279
vt -8.468000411987305 0.9599999785423279
vt -7.26800012588501 0.9100000262260437
vt -8.468000411987305 0.9599999785423279
vt -8.418000221252441 0.9100000262260437
vt -7.26800012588501 0.9100000262260437
vt -2.069999933242798 1.0499999523162842
vt 0 1.0499999523162842
vt -2.094801187515259 1
vt 0 1.0499999523162842
vt 0 1
vt -2.094801187515259 1
vt -2.094801187515259 1
vt 0 1
vt -2.094801187515259 0.9599999785423279
vt 0 1
vt 0 0.9599999785423279
vt -2.094801187515259 0.9599999785423279
vt -2.094801187515259 0.9599999785423279
vt 0 0.9599999785423279
vt -2.069999933242798 0.9100000262260437
vt 0 0.9599999785423279
vt 0 0.9100000262260437
vt -2.069999933242798 0.9100000262260437
vt 0 1.0499999523162842
vt 2.069999933242798 1.0499999523162842
vt 0 1
vt 2.069999933242798 1.0499999523162842
vt 2.094801187515259 1
vt 0 1
vt 0 1
vt 2.094801187515259 1
vt 0 0.9599999785423279
vt 2.094801187515259 1
vt 2.094801187515259 0.9599999785423279
vt 0 0.9599999785423279
vt 0 0.9599999785423279
vt 2.094801187515259 0.9599999785423279
vt 0 0.9100000262260437
vt 2.094801187515259 0.9599999785423279
vt 2.069999933242798 0.9100000262260437
vt 0 0.9100000262260437
vt -8.418000221252441 1.0499999523162842
vt -7.26800012588501 1.0499999523162842
vt -8.468000411987305 1
vt -7.26800012588501 1.0499999523162842
vt -7.284843921661377 1
vt -8.468000411987305 1
vt -8.468000411987305 1
vt -7.284843921661377 1
vt -8.468000411987305 0.9599999785423279
vt -7.284843921661377 1
vt -7.284843921661377 0.9599999785423279
vt -8.468000411987305 0.9599999785423279
vt -8.468000411987305 0.9599999785423279
vt -7.284843921661377 0.9599999785423279
vt -8.418000221252441 0.9100000262260437
vt -7.284843921661377 0.9599999785423279
vt -7.26800012588501 0.9100000262260437
vt -8.418000221252441 0.9100000262260437
vt -7.26800012588501 1.0499999523162842
vt 8.418000221252441 1.0499999523162842
vt -7.284843921661377 1
vt 8.418000221252441 1.0499999523162842
vt 8.468000411987305 1
vt -7.284843921661377 1
vt -7.284843921661377 1
vt 8.468000411987305 1
vt -7.284843921661377 0.9599999785423279
vt 8.468000411987305 1
vt 8.468000411987305 0.9599999785423279
vt -7.284843921661377 0.9599999785423279
vt -7.284843921661377 0.9599999785423279
vt 8.468000411987305 0.9599999785423279
vt -7.26800012588501 0.9100000262260437
vt 8.468000411987305 0.9599999785423279
vt 8.418000221252441 0.9100000262260437
vt -7.26800012588501 0.9100000262260437
vt 2.944000005722046 1.0499999523162842
vt 1.6100000143051147 1.0499999523162842
vt 2.99399995803833 1
vt 1.6100000143051147 1.0499999523162842
vt 1.5805798768997192 1
vt 2.99399995803833 1
vt 2.99399995803833 1
vt 1.5805798768997192 1
vt 2.99399995803833 0.9599999785423279
vt 1.5805798768997192 1
vt 1.5805798768997192 0.9599999785423279
vt 2.99399995803833 0.9599999785423279
vt 2.99399995803833 0.9599999785423279
vt 1.5805798768997192 0.9599999785423279
vt 2.944000005722046 0.9100000262260437
vt 1.5805798768997192 0.9599999785423279
vt 1.6100000143051147 0.9100000262260437
vt 2.944000005722046 0.9100000262260437
vt 8.418000221252441 1.0499999523162842
vt 5.519999980926514 1.0499999523162842
vt 8.468000411987305 1
vt 5.519999980926514 1.0499999523162842
vt 5.590710639953613 1
vt 8.468000411987305 1
vt 8.468000411987305 1
vt 5.590710639953613 1
vt 8.468000411987305 0.9599999785423279
vt 5.590710639953613 1
vt 5.590710639953613 0.9599999785423279
vt 8.468000411987305 0.9599999785423279
vt 8.468000411987305 0.9599999785423279
vt 5.590710639953613 0.9599999785423279
vt 8.418000221252441 0.9100000262260437
vt 5.590710639953613 0.9599999785423279
vt 5.519999980926514 0.9100000262260437
vt 8.418000221252441 0.9100000262260437
vt 5.519999980926514 1.0499999523162842
vt 8.418000221252441 1.0499999523162842
vt 5.590710639953613 1
vt 8.418000221252441 1.0499999523162842
vt 8.468000411987305 1
vt 5.590710639953613 1
vt 5.590710639953613 1
vt 8.468000411987305 1
vt 5.590710639953613 0.9599999785423279
vt 8.468000411987305 1
vt 8.468000411987305 0.9599999785423279
vt 5.590710639953613 0.9599999785423279
vt 5.590710639953613 0.9599999785423279
vt 8.468000411987305 0.9599999785423279
vt 5.519999980926514 0.9100000262260437
vt 8.468000411987305 0.9599999785423279
vt 8.418000221252441 0.9100000262260437
vt 5.519999980926514 0.9100000262260437
vn 0 -1 -6.123234262925838e-17
vn 0 -1 -6.123234262925838e-17
vn 0 -1 -6.123234262925838e-17
vn 0 -1 -6.123234262925838e-17
vn 0 -1 -6.123234262925838e-17
vn 0 -1 -6.123234262925838e-17
vn 0 -1 -6.123234262925838e-17
vn 0 -1 -6.123234262925838e-17
vn 0 -1 -6.123234262925838e-17
vn 0 -1 -6.123234262925838e-17
vn 0 -1 -6.123234262925838e-17
vn 0 -1 -6.123234262925838e-17
vn 0 -1 -6.123234262925838e-17
vn 0 -1 -6.123234262925838e-17
vn 0 -1 -6.123234262925838e-17
vn 0 -1 -6.123234262925838e-17
vn 0 -1 -6.123234262925838e-17
vn 0 -1 -6.123234262925838e-17
vn 0 -1 -6.123234262925838e-17
vn 0 -1 -6.123234262925838e-17
vn 0 -1 -6.123234262925838e-17
vn 0 -1 -6.123234262925838e-17
vn 0 -1 -6.123234262925838e-17
vn 0 -1 -6.123234262925838e-17
vn 0 1 6.123234262925838e-17
vn 0 1 6.123234262925838e-17
vn 0 1 6.123234262925838e-17
vn 0 1 6.123234262925838e-17
vn 0 1 6.123234262925838e-17
vn 0 1 6.123234262925838e-17
vn 0 1 6.123234262925838e-17
vn 0 1 6.123234262925838e-17
vn 0 1 6.123234262925838e-17
vn 0 1 6.123234262925838e-17
vn 0 1 6.123234262925838e-17
vn 0 1 6.123234262925838e-17
vn 0 1 6.123234262925838e-17
vn 0 1 6.123234262925838e-17
vn 0 1 6.123234262925838e-17
vn 0 1 6.123234262925838e-17
vn 0 1 6.123234262925838e-17
vn 0 1 6.123234262925838e-17
vn 0 1 6.123234262925838e-17
vn 0 1 6.123234262925838e-17
vn 0 1 6.123234262925838e-17
vn 0 1 6.123234262925838e-17
vn 0 1 6.123234262925838e-17
vn 0 1 6.123234262925838e-17
vn 0 -0.7071081222897496 -0.7071054400808018
vn 0 -0.7071081222897496 -0.7071054400808018
vn 0 -0.7071081222897496 -0.7071054400808018
vn 0 -0.7071081222897496 -0.7071054400808018
vn 0 -0.7071081222897496 -0.7071054400808018
vn 0 -0.7071081222897496 -0.7071054400808018
vn 0 6.123234262925838e-17 -1
vn 0 6.123234262925838e-17 -1
vn 0 6.123234262925838e-17 -1
vn 0 6.123234262925838e-17 -1
vn 0 6.123234262925838e-17 -1
vn 0 6.123234262925838e-17 -1
vn 0 0.7071081222897496 -0.7071054400808018
vn 0 0.7071081222897496 -0.7071054400808018
vn 0 0.7071081222897496 -0.7071054400808018
vn 0 0.7071081222897496 -0.7071054400808018
vn 0 0.7071081222897496 -0.7071054400808018
vn 0 0.7071081222897496 -0.7071054400808018
vn -0.707107138814332 -0.7071064235585824 -4.329778059708003e-17
vn -0.707107138814332 -0.7071064235585824 -4.329778059708003e-17
vn -0.707107138814332 -0.7071064235585824 -4.329778059708003e-17
vn -0.707107138814332 -0.7071064235585824 -4.329778059708003e-17
vn -0.707107138814332 -0.7071064235585824 -4.329778059708003e-17
vn -0.707107138814332 -0.7071064235585824 -4.329778059708003e-17
vn -1 0 0
vn -1 0 0
vn -1 0 0
vn -1 0 0
vn -1 0 0
vn -1 0 0
vn -0.707107138814332 0.7071064235585824 4.329778059708003e-17
vn -0.707107138814332 0.7071064235585824 4.329778059708003e-17
vn -0.707107138814332 0.7071064235585824 4.329778059708003e-17
vn -0.7071071686166226 0.70710639375626 4.3297778772214115e-17
vn -0.7071071686166226 0.70710639375626 4.3297778772214115e-17
vn -0.7071071686166226 0.70710639375626 4.3297778772214115e-17
vn -0.5629718271997227 -0.7071065862915084 0.42785861847411144
vn -0.5629718271997227 -0.7071065862915084 0.42785861847411144
vn -0.5629718271997227 -0.7071065862915084 0.42785861847411144
vn -0.5629711907348307 -0.7071074448549266 0.42785803700917435
vn -0.5629711907348307 -0.7071074448549266 0.42785803700917435
vn -0.5629711907348307 -0.7071074448549266 0.42785803700917435
vn -0.7961622618886229 -3.705066106942376e-17 0.6050831783683892
vn -0.7961622618886229 -3.705066106942376e-17 0.6050831783683892
vn -0.7961622618886229 -3.705066106942376e-17 0.6050831783683892
vn -0.7961622618886229 -3.705066106942376e-17 0.6050831783683892
vn -0.7961622618886229 -3.705066106942376e-17 0.6050831783683892
vn -0.7961622618886229 -3.705066106942376e-17 0.6050831783683892
vn -0.5629718988194696 0.707106541778128 0.4278585978032661
vn -0.5629718988194696 0.707106541778128 0.4278585978032661
vn -0.5629718988194696 0.707106541778128 0.4278585978032661
vn -0.5629711598288099 0.7071074656407494 0.4278580433229238
vn -0.5629711598288099 0.7071074656407494 0.4278580433229238
vn -0.5629711598288099 0.7071074656407494 0.4278580433229238
vn 0 -0.7071080924875391 0.7071054698831241
vn 0 -0.7071080924875391 0.7071054698831241
vn 0 -0.7071080924875391 0.7071054698831241
vn 0 -0.7071081222897496 0.7071054400808018
vn 0 -0.7071081222897496 0.7071054400808018
vn 0 -0.7071081222897496 0.7071054400808018
vn 0 -6.123234262925838e-17 1
vn 0 -6.123234262925838e-17 1
vn 0 -6.123234262925838e-17 1
vn 0 -6.123234262925838e-17 1
vn 0 -6.123234262925838e-17 1
vn 0 -6.123234262925838e-17 1
vn 0 0.7071080924875391 0.7071054698831241
vn 0 0.7071080924875391 0.7071054698831241
vn 0 0.7071080924875391 0.7071054698831241
vn 0 0.7071080924875391 0.7071054698831241
vn 0 0.7071080924875391 0.7071054698831241
vn 0 0.7071080924875391 0.7071054698831241
vn 0 -0.7071080924875391 0.7071054698831241
vn 0 -0.7071080924875391 0.7071054698831241
vn 0 -0.7071080924875391 0.7071054698831241
vn 0 -0.7071081222897496 0.7071054400808018
vn 0 -0.7071081222897496 0.7071054400808018
vn 0 -0.7071081222897496 0.7071054400808018
vn 0 -6.123234262925838e-17 1
vn 0 -6.123234262925838e-17 1
vn 0 -6.123234262925838e-17 1
vn 0 -6.123234262925838e-17 1
vn 0 -6.123234262925838e-17 1
vn 0 -6.123234262925838e-17 1
vn 0 0.7071080924875391 0.7071054698831241
vn 0 0.7071080924875391 0.7071054698831241
vn 0 0.7071080924875391 0.7071054698831241
vn 0 0.7071080924875391 0.7071054698831241
vn 0 0.7071080924875391 0.7071054698831241
vn 0 0.7071080924875391 0.7071054698831241
vn 0.5629711119365162 -0.7071074803517883 0.4278580820266318
vn 0.5629711119365162 -0.7071074803517883 0.4278580820266318
vn 0.5629711119365162 -0.7071074803517883 0.4278580820266318
vn 0.5629718822705416 -0.7071065805969116 0.4278585554237602
vn 0.5629718822705416 -0.7071065805969116 0.4278585554237602
vn 0.5629718822705416 -0.7071065805969116 0.4278585554237602
vn 0.7961622618886229 -3.705066106942376e-17 0.6050831783683892
vn 0.7961622618886229 -3.705066106942376e-17 0.6050831783683892
vn 0.7961622618886229 -3.705066106942376e-17 0.6050831783683892
vn 0.7961622618886229 -3.705066106942376e-17 0.6050831783683892
vn 0.7961622618886229 -3.705066106942376e-17 0.6050831783683892
vn 0.7961622618886229 -3.705066106942376e-17 0.6050831783683892
vn 0.5629711835562928 0.7071074358384837 0.4278580613558093
vn 0.5629711835562928 0.7071074358384837 0.4278580613558093
vn 0.5629711835562928 0.7071074358384837 0.4278580613558093
vn 0.5629718916409135 0.7071065327616851 0.42785862214988657
vn 0.5629718916409135 0.7071065327616851 0.42785862214988657
vn 0.5629718916409135 0.7071065327616851 0.42785862214988657
vn 0.707107138814332 -0.7071064235585824 -4.329778059708003e-17
vn 0.707107138814332 -0.7071064235585824 -4.329778059708003e-17
vn 0.707107138814332 -0.7071064235585824 -4.329778059708003e-17
vn 0.707107138814332 -0.7071064235585824 -4.329778059708003e-17
vn 0.707107138814332 -0.7071064235585824 -4.329778059708003e-17
vn 0.707107138814332 -0.7071064235585824 -4.329778059708003e-17
vn 1 0 0
vn 1 0 0
vn 1 0 0
vn 1 0 0
vn 1 0 0
vn 1 0 0
vn 0.707107138814332 0.7071064235585824 4.329778059708003e-17
vn 0.707107138814332 0.7071064235585824 4.329778059708003e-17
vn 0.707107138814332 0.7071064235585824 4.329778059708003e-17
vn 0.7071071686166226 0.70710639375626 4.3297778772214115e-17
vn 0.7071071686166226 0.70710639375626 4.3297778772214115e-17
vn 0.7071071686166226 0.70710639375626 4.3297778772214115e-17
vn 0 -0.7071081222897496 -0.7071054400808018
vn 0 -0.7071081222897496 -0.7071054400808018
vn 0 -0.7071081222897496 -0.7071054400808018
vn 0 -0.7071081222897496 -0.7071054400808018
vn 0 -0.7071081222897496 -0.7071054400808018
vn 0 -0.7071081222897496 -0.7071054400808018
vn 0 6.123234262925838e-17 -1
vn 0 6.123234262925838e-17 -1
vn 0 6.123234262925838e-17 -1
vn 0 6.123234262925838e-17 -1
vn 0 6.123234262925838e-17 -1
vn 0 6.123234262925838e-17 -1
vn 0 0.7071081222897496 -0.7071054400808018
vn 0 0.7071081222897496 -0.7071054400808018
vn 0 0.7071081222897496 -0.7071054400808018
vn 0 0.7071081222897496 -0.7071054400808018
vn 0 0.7071081222897496 -0.7071054400808018
vn 0 0.7071081222897496 -0.7071054400808018
vn -0.6181221537075438 -0.7071072382264624 -0.34340116007913063
vn -0.6181221537075438 -0.7071072382264624 -0.34340116007913063
vn -0.6181221537075438 -0.7071072382264624 -0.34340116007913063
vn -0.7244688260876921 -0.5628172150183832 -0.397971987087122
vn -0.7244688260876921 -0.5628172150183832 -0.397971987087122
vn -0.7244688260876921 -0.5628172150183832 -0.397971987087122
vn -0.8764639910103839 2.948137485246024e-17 -0.4814674157844431
vn -0.8764639910103839 2.948137485246024e-17 -0.4814674157844431
vn -0.8764639910103839 2.948137485246024e-17 -0.4814674157844431
vn -0.8764639910103839 2.948137485246024e-17 -0.4814674157844431
vn -0.8764639910103839 2.948137485246024e-17 -0.4814674157844431
vn -0.8764639910103839 2.948137485246024e-17 -0.4814674157844431
vn -0.6206271709233144 0.7061086962285664 -0.3409287664925289
vn -0.6206271709233144 0.7061086962285664 -0.3409287664925289
vn -0.6206271709233144 0.7061086962285664 -0.3409287664925289
vn -0.7205768005399756 0.5661383692704773 -0.40032039838526423
vn -0.7205768005399756 0.5661383692704773 -0.40032039838526423
vn -0.7205768005399756 0.5661383692704773 -0.40032039838526423
vn 0.7205767718839049 -0.566138393585964 -0.4003204155789148
vn 0.7205767718839049 -0.566138393585964 -0.4003204155789148
vn 0.7205767718839049 -0.566138393585964 -0.4003204155789148
vn 0.6206271511086189 -0.7061087332893551 -0.34092872580541184
vn 0.6206271511086189 -0.7061087332893551 -0.34092872580541184
vn 0.6206271511086189 -0.7061087332893551 -0.34092872580541184
vn 0.8764639910103839 2.948137485246024e-17 -0.4814674157844431
vn 0.8764639910103839 2.948137485246024e-17 -0.4814674157844431
vn 0.8764639910103839 2.948137485246024e-17 -0.4814674157844431
vn 0.8764639910103839 2.948137485246024e-17 -0.4814674157844431
vn 0.8764639910103839 2.948137485246024e-17 -0.4814674157844431
vn 0.8764639910103839 2.948137485246024e-17 -0.4814674157844431
vn 0.724468817495137 0.5628172083430953 -0.3979720121693013
vn 0.724468817495137 0.5628172083430953 -0.3979720121693013
vn 0.724468817495137 0.5628172083430953 -0.3979720121693013
vn 0.6181221537075438 0.7071072382264624 -0.34340116007913063
vn 0.6181221537075438 0.7071072382264624 -0.34340116007913063
vn 0.6181221537075438 0.7071072382264624 -0.34340116007913063
f 229/229/229 230/230/230 231/231/231
f 232/232/232 233/233/233 234/234/234
f 235/235/235 236/236/236 237/237/237
f 238/238/238 239/239/239 240/240/240
f 241/241/241 242/242/242 243/243/243
f 244/244/244 245/245/245 246/246/246
f 247/247/247 248/248/248 249/249/249
f 250/250/250 251/251/251 252/252/252
f 253/253/253 254/254/254 255/255/255
f 256/256/256 257/257/257 258/258/258
f 259/259/259 260/260/260 261/261/261
f 262/262/262 263/263/263 264/264/264
f 265/265/265 266/266/266 267/267/267
f 268/268/268 269/269/269 270/270/270
f 271/271/271 272/272/272 273/273/273
f 274/274/274 275/275/275 276/276/276
f 277/277/277 278/278/278 279/279/279
f 280/280/280 281/281/281 282/282/282
f 283/283/283 284/284/284 285/285/285
f 286/286/286 287/287/287 288/288/288
f 289/289/289 290/290/290 291/291/291
f 292/292/292 293/293/293 294/294/294
f 295/295/295 296/296/296 297/297/297
f 298/298/298 299/299/299 300/300/300
f 301/301/301 302/302/302 303/303/303
f 304/304/304 305/305/305 306/306/306
f 307/307/307 308/308/308 309/309/309
f 310/310/310 311/311/311 312/312/312
f 313/313/313 314/314/314 315/315/315
f 316/316/316 317/317/317 318/318/318
f 319/319/319 320/320/320 321/321/321
f 322/322/322 323/323/323 324/324/324
f 325/325/325 326/326/326 327/327/327
f 328/328/328 329/329/329 330/330/330
f 331/331/331 332/332/332 333/333/333
f 334/334/334 335/335/335 336/336/336
f 337/337/337 338/338/338 339/339/339
f 340/340/340 341/341/341 342/342/342
f 343/343/343 344/344/344 345/345/345
f 346/346/346 347/347/347 348/348/348
f 349/349/349 350/350/350 351/351/351
f 352/352/352 353/353/353 354/354/354
f 355/355/355 356/356/356 357/357/357
f 358/358/358 359/359/359 360/360/360
f 361/361/361 362/362/362 363/363/363
f 364/364/364 365/365/365 366/366/366
f 367/367/367 368/368/368 369/369/369
f 370/370/370 371/371/371 372/372/372
f 373/373/373 374/374/374 375/375/375
f 376/376/376 377/377/377 378/378/378
f 379/379/379 380/380/380 381/381/381
f 382/382/382 383/383/383 384/384/384
f 385/385/385 386/386/386 387/387/387
f 388/388/388 389/389/389 390/390/390
f 391/391/391 392/392/392 393/393/393
f 394/394/394 395/395/395 396/396/396
f 397/397/397 398/398/398 399/399/399
f 400/400/400 401/401/401 402/402/402
f 403/403/403 404/404/404 405/405/405
f 406/406/406 407/407/407 408/408/408
f 409/409/409 410/410/410 411/411/411
f 412/412/412 413/413/413 414/414/414
f 415/415/415 416/416/416 417/417/417
f 418/418/418 419/419/419 420/420/420
f 421/421/421 422/422/422 423/423/423
f 424/424/424 425/425/425 426/426/426
f 427/427/427 428/428/428 429/429/429
f 430/430/430 431/431/431 432/432/432
f 433/433/433 434/434/434 435/435/435
f 436/436/436 437/437/437 438/438/438
f 439/439/439 440/440/440 441/441/441
f 442/442/442 443/443/443 444/444/444
f 445/445/445 446/446/446 447/447/447
f 448/448/448 449/449/449 450/450/450
f 451/451/451 452/452/452 453/453/453
f 454/454/454 455/455/455 456/456/456
o carrier_deckline
usemtl accent
v 2.73224043715847 7.540983599228937 70.49180327868852
v 2.73224043715847 7.540983599228937 -87.97814207650272
v 2.73224043715847 6.885245908967784 70.49180327868852
v 2.73224043715847 6.885245908967784 -87.97814207650272
v -2.73224043715847 7.540983599228937 -87.97814207650272
v -2.73224043715847 7.540983599228937 70.49180327868852
v -2.73224043715847 6.885245908967784 -87.97814207650272
v -2.73224043715847 6.885245908967784 70.49180327868852
v -2.73224043715847 7.540983599228937 -87.97814207650272
v 2.73224043715847 7.540983599228937 -87.97814207650272
v -2.73224043715847 7.540983599228937 70.49180327868852
v 2.73224043715847 7.540983599228937 70.49180327868852
v -2.73224043715847 6.885245908967784 70.49180327868852
v 2.73224043715847 6.885245908967784 70.49180327868852
v -2.73224043715847 6.885245908967784 -87.97814207650272
v 2.73224043715847 6.885245908967784 -87.97814207650272
v -2.73224043715847 7.540983599228937 70.49180327868852
v 2.73224043715847 7.540983599228937 70.49180327868852
v -2.73224043715847 6.885245908967784 70.49180327868852
v 2.73224043715847 6.885245908967784 70.49180327868852
v 2.73224043715847 7.540983599228937 -87.97814207650272
v -2.73224043715847 7.540983599228937 -87.97814207650272
v 2.73224043715847 6.885245908967784 -87.97814207650272
v -2.73224043715847 6.885245908967784 -87.97814207650272
vt 0 1
vt 1 1
vt 0 0
vt 1 0
vt 0 1
vt 1 1
vt 0 0
vt 1 0
vt 0 1
vt 1 1
vt 0 0
vt 1 0
vt 0 1
vt 1 1
vt 0 0
vt 1 0
vt 0 1
vt 1 1
vt 0 0
vt 1 0
vt 0 1
vt 1 1
vt 0 0
vt 1 0
vn 1 0 0
vn 1 0 0
vn 1 0 0
vn 1 0 0
vn -1 0 0
vn -1 0 0
vn -1 0 0
vn -1 0 0
vn 0 1 0
vn 0 1 0
vn 0 1 0
vn 0 1 0
vn 0 -1 0
vn 0 -1 0
vn 0 -1 0
vn 0 -1 0
vn 0 0 1
vn 0 0 1
vn 0 0 1
vn 0 0 1
vn 0 0 -1
vn 0 0 -1
vn 0 0 -1
vn 0 0 -1
f 457/457/457 459/459/459 458/458/458
f 459/459/459 460/460/460 458/458/458
f 461/461/461 463/463/463 462/462/462
f 463/463/463 464/464/464 462/462/462
f 465/465/465 467/467/467 466/466/466
f 467/467/467 468/468/468 466/466/466
f 469/469/469 471/471/471 470/470/470
f 471/471/471 472/472/472 470/470/470
f 473/473/473 475/475/475 474/474/474
f 475/475/475 476/476/476 474/474/474
f 477/477/477 479/479/479 478/478/478
f 479/479/479 480/480/480 478/478/478
o carrier_baylight
usemtl thruster
v 13.114754619494162 7.595628416929088 73.77049180327869
v 13.114754619494162 7.595628416929088 68.30601092896175
v 13.114754619494162 6.830601091267633 73.77049180327869
v 13.114754619494162 6.830601091267633 68.30601092896175
v -13.114754619494162 7.595628416929088 68.30601092896175
v -13.114754619494162 7.595628416929088 73.77049180327869
v -13.114754619494162 6.830601091267633 68.30601092896175
v -13.114754619494162 6.830601091267633 73.77049180327869
v -13.114754619494162 7.595628416929088 68.30601092896175
v 13.114754619494162 7.595628416929088 68.30601092896175
v -13.114754619494162 7.595628416929088 73.77049180327869
v 13.114754619494162 7.595628416929088 73.77049180327869
v -13.114754619494162 6.830601091267633 73.77049180327869
v 13.114754619494162 6.830601091267633 73.77049180327869
v -13.114754619494162 6.830601091267633 68.30601092896175
v 13.114754619494162 6.830601091267633 68.30601092896175
v -13.114754619494162 7.595628416929088 73.77049180327869
v 13.114754619494162 7.595628416929088 73.77049180327869
v -13.114754619494162 6.830601091267633 73.77049180327869
v 13.114754619494162 6.830601091267633 73.77049180327869
v 13.114754619494162 7.595628416929088 68.30601092896175
v -13.114754619494162 7.595628416929088 68.30601092896175
v 13.114754619494162 6.830601091267633 68.30601092896175
v -13.114754619494162 6.830601091267633 68.30601092896175
vt 0 1
vt 1 1
vt 0 0
vt 1 0
vt 0 1
vt 1 1
vt 0 0
vt 1 0
vt 0 1
vt 1 1
vt 0 0
vt 1 0
vt 0 1
vt 1 1
vt 0 0
vt 1 0
vt 0 1
vt 1 1
vt 0 0
vt 1 0
vt 0 1
vt 1 1
vt 0 0
vt 1 0
vn 1 0 0
vn 1 0 0
vn 1 0 0
vn 1 0 0
vn -1 0 0
vn -1 0 0
vn -1 0 0
vn -1 0 0
vn 0 1 0
vn 0 1 0
vn 0 1 0
vn 0 1 0
vn 0 -1 0
vn 0 -1 0
vn 0 -1 0
vn 0 -1 0
vn 0 0 1
vn 0 0 1
vn 0 0 1
vn 0 0 1
vn 0 0 -1
vn 0 0 -1
vn 0 0 -1
vn 0 0 -1
f 481/481/481 483/483/483 482/482/482
f 483/483/483 484/484/484 482/482/482
f 485/485/485 487/487/487 486/486/486
f 487/487/487 488/488/488 486/486/486
f 489/489/489 491/491/491 490/490/490
f 491/491/491 492/492/492 490/490/490
f 493/493/493 495/495/495 494/494/494
f 495/495/495 496/496/496 494/494/494
f 497/497/497 499/499/499 498/498/498
f 499/499/499 500/500/500 498/498/498
f 501/501/501 503/503/503 502/502/502
f 503/503/503 504/504/504 502/502/502
o carrier_bowlight
usemtl thruster
v 9.836065313203738 7.595628416929088 -88.52459013136358
v 9.836065313203738 7.595628416929088 -92.89617489595882
v 9.836065313203738 6.830601091267633 -88.52459013136358
v 9.836065313203738 6.830601091267633 -92.89617489595882
v -9.836065313203738 7.595628416929088 -92.89617489595882
v -9.836065313203738 7.595628416929088 -88.52459013136358
v -9.836065313203738 6.830601091267633 -92.89617489595882
v -9.836065313203738 6.830601091267633 -88.52459013136358
v -9.836065313203738 7.595628416929088 -92.89617489595882
v 9.836065313203738 7.595628416929088 -92.89617489595882
v -9.836065313203738 7.595628416929088 -88.52459013136358
v 9.836065313203738 7.595628416929088 -88.52459013136358
v -9.836065313203738 6.830601091267633 -88.52459013136358
v 9.836065313203738 6.830601091267633 -88.52459013136358
v -9.836065313203738 6.830601091267633 -92.89617489595882
v 9.836065313203738 6.830601091267633 -92.89617489595882
v -9.836065313203738 7.595628416929088 -88.52459013136358
v 9.836065313203738 7.595628416929088 -88.52459013136358
v -9.836065313203738 6.830601091267633 -88.52459013136358
v 9.836065313203738 6.830601091267633 -88.52459013136358
v 9.836065313203738 7.595628416929088 -92.89617489595882
v -9.836065313203738 7.595628416929088 -92.89617489595882
v 9.836065313203738 6.830601091267633 -92.89617489595882
v -9.836065313203738 6.830601091267633 -92.89617489595882
vt 0 1
vt 1 1
vt 0 0
vt 1 0
vt 0 1
vt 1 1
vt 0 0
vt 1 0
vt 0 1
vt 1 1
vt 0 0
vt 1 0
vt 0 1
vt 1 1
vt 0 0
vt 1 0
vt 0 1
vt 1 1
vt 0 0
vt 1 0
vt 0 1
vt 1 1
vt 0 0
vt 1 0
vn 1 0 0
vn 1 0 0
vn 1 0 0
vn 1 0 0
vn -1 0 0
vn -1 0 0
vn -1 0 0
vn -1 0 0
vn 0 1 0
vn 0 1 0
vn 0 1 0
vn 0 1 0
vn 0 -1 0
vn 0 -1 0
vn 0 -1 0
vn 0 -1 0
vn 0 0 1
vn 0 0 1
vn 0 0 1
vn 0 0 1
vn 0 0 -1
vn 0 0 -1
vn 0 0 -1
vn 0 0 -1
f 505/505/505 507/507/507 506/506/506
f 507/507/507 508/508/508 506/506/506
f 509/509/509 511/511/511 510/510/510
f 511/511/511 512/512/512 510/510/510
f 513/513/513 515/515/515 514/514/514
f 515/515/515 516/516/516 514/514/514
f 517/517/517 519/519/519 518/518/518
f 519/519/519 520/520/520 518/518/518
f 521/521/521 523/523/523 522/522/522
f 523/523/523 524/524/524 522/522/522
f 525/525/525 527/527/527 526/526/526
f 527/527/527 528/528/528 526/526/526
o carrier_island
usemtl plate
v 28.96174856873809 18.03278701552928 46.99453604025919
v 28.96174856873809 18.03278701552928 9.836065052636986
v 28.96174856873809 6.010928831465258 46.99453604025919
v 28.96174856873809 6.010928831465258 9.836065052636986
v 21.31147547497775 18.03278701552928 9.836065052636986
v 21.31147547497775 18.03278701552928 46.99453604025919
v 21.31147547497775 6.010928831465258 9.836065052636986
v 21.31147547497775 6.010928831465258 46.99453604025919
v 21.31147547497775 18.03278701552928 9.836065052636986
v 28.96174856873809 18.03278701552928 9.836065052636986
v 21.31147547497775 18.03278701552928 46.99453604025919
v 28.96174856873809 18.03278701552928 46.99453604025919
v 21.31147547497775 6.010928831465258 46.99453604025919
v 28.96174856873809 6.010928831465258 46.99453604025919
v 21.31147547497775 6.010928831465258 9.836065052636986
v 28.96174856873809 6.010928831465258 9.836065052636986
v 21.31147547497775 18.03278701552928 46.99453604025919
v 28.96174856873809 18.03278701552928 46.99453604025919
v 21.31147547497775 6.010928831465258 46.99453604025919
v 28.96174856873809 6.010928831465258 46.99453604025919
v 28.96174856873809 18.03278701552928 9.836065052636986
v 21.31147547497775 18.03278701552928 9.836065052636986
v 28.96174856873809 6.010928831465258 9.836065052636986
v 21.31147547497775 6.010928831465258 9.836065052636986
vt 0 1
vt 1 1
vt 0 0
vt 1 0
vt 0 1
vt 1 1
vt 0 0
vt 1 0
vt 0 1
vt 1 1
vt 0 0
vt 1 0
vt 0 1
vt 1 1
vt 0 0
vt 1 0
vt 0 1
vt 1 1
vt 0 0
vt 1 0
vt 0 1
vt 1 1
vt 0 0
vt 1 0
vn 1 0 0
vn 1 0 0
vn 1 0 0
vn 1 0 0
vn -1 0 0
vn -1 0 0
vn -1 0 0
vn -1 0 0
vn 0 1 0
vn 0 1 0
vn 0 1 0
vn 0 1 0
vn 0 -1 0
vn 0 -1 0
vn 0 -1 0
vn 0 -1 0
vn 0 0 1
vn 0 0 1
vn 0 0 1
vn 0 0 1
vn 0 0 -1
vn 0 0 -1
vn 0 0 -1
vn 0 0 -1
f 529/529/529 531/531/531 530/530/530
f 531/531/531 532/532/532 530/530/530
f 533/533/533 535/535/535 534/534/534
f 535/535/535 536/536/536 534/534/534
f 537/537/537 539/539/539 538/538/538
f 539/539/539 540/540/540 538/538/538
f 541/541/541 543/543/543 542/542/542
f 543/543/543 544/544/544 542/542/542
f 545/545/545 547/547/547 546/546/546
f 547/547/547 548/548/548 546/546/546
f 549/549/549 551/551/551 550/550/550
f 551/551/551 552/552/552 550/550/550
o carrier_islandglass
usemtl glass
v 29.18032792096581 17.245901656932517 26.229508066437933
v 29.18032792096581 17.245901656932517 10.928961878917253
v 29.18032792096581 15.54098358896912 26.229508066437933
v 29.18032792096581 15.54098358896912 10.928961878917253
v 21.092896122750034 17.245901656932517 10.928961878917253
v 21.092896122750034 17.245901656932517 26.229508066437933
v 21.092896122750034 15.54098358896912 10.928961878917253
v 21.092896122750034 15.54098358896912 26.229508066437933
v 21.092896122750034 17.245901656932517 10.928961878917253
v 29.18032792096581 17.245901656932517 10.928961878917253
v 21.092896122750034 17.245901656932517 26.229508066437933
v 29.18032792096581 17.245901656932517 26.229508066437933
v 21.092896122750034 15.54098358896912 26.229508066437933
v 29.18032792096581 15.54098358896912 26.229508066437933
v 21.092896122750034 15.54098358896912 10.928961878917253
v 29.18032792096581 15.54098358896912 10.928961878917253
v 21.092896122750034 17.245901656932517 26.229508066437933
v 29.18032792096581 17.245901656932517 26.229508066437933
v 21.092896122750034 15.54098358896912 26.229508066437933
v 29.18032792096581 15.54098358896912 26.229508066437933
v 29.18032792096581 17.245901656932517 10.928961878917253
v 21.092896122750034 17.245901656932517 10.928961878917253
v 29.18032792096581 15.54098358896912 10.928961878917253
v 21.092896122750034 15.54098358896912 10.928961878917253
vt 0 1
vt 1 1
vt 0 0
vt 1 0
vt 0 1
vt 1 1
vt 0 0
vt 1 0
vt 0 1
vt 1 1
vt 0 0
vt 1 0
vt 0 1
vt 1 1
vt 0 0
vt 1 0
vt 0 1
vt 1 1
vt 0 0
vt 1 0
vt 0 1
vt 1 1
vt 0 0
vt 1 0
vn 1 0 0
vn 1 0 0
vn 1 0 0
vn 1 0 0
vn -1 0 0
vn -1 0 0
vn -1 0 0
vn -1 0 0
vn 0 1 0
vn 0 1 0
vn 0 1 0
vn 0 1 0
vn 0 -1 0
vn 0 -1 0
vn 0 -1 0
vn 0 -1 0
vn 0 0 1
vn 0 0 1
vn 0 0 1
vn 0 0 1
vn 0 0 -1
vn 0 0 -1
vn 0 0 -1
vn 0 0 -1
f 553/553/553 555/555/555 554/554/554
f 555/555/555 556/556/556 554/554/554
f 557/557/557 559/559/559 558/558/558
f 559/559/559 560/560/560 558/558/558
f 561/561/561 563/563/563 562/562/562
f 563/563/563 564/564/564 562/562/562
f 565/565/565 567/567/567 566/566/566
f 567/567/567 568/568/568 566/566/566
f 569/569/569 571/571/571 570/570/570
f 571/571/571 572/572/572 570/570/570
f 573/573/573 575/575/575 574/574/574
f 575/575/575 576/576/576 574/574/574
o carrier_mast
usemtl accent
v 25.683060117432326 27.868852328733016 43.16939891524653
v 25.683060117432326 27.868852328733016 42.07650272409772
v 25.683060117432326 18.032787015529276 43.16939891524653
v 25.683060117432326 18.032787015529276 42.07650272409772
v 24.590163926283516 27.868852328733016 42.07650272409772
v 24.590163926283516 27.868852328733016 43.16939891524653
v 24.590163926283516 18.032787015529276 42.07650272409772
v 24.590163926283516 18.032787015529276 43.16939891524653
v 24.590163926283516 27.868852328733016 42.07650272409772
v 25.683060117432326 27.868852328733016 42.07650272409772
v 24.590163926283516 27.868852328733016 43.16939891524653
v 25.683060117432326 27.868852328733016 43.16939891524653
v 24.590163926283516 18.032787015529276 43.16939891524653
v 25.683060117432326 18.032787015529276 43.16939891524653
v 24.590163926283516 18.032787015529276 42.07650272409772
v 25.683060117432326 18.032787015529276 42.07650272409772
v 24.590163926283516 27.868852328733016 43.16939891524653
v 25.683060117432326 27.868852328733016 43.16939891524653
v 24.590163926283516 18.032787015529276 43.16939891524653
v 25.683060117432326 18.032787015529276 43.16939891524653
v 25.683060117432326 27.868852328733016 42.07650272409772
v 24.590163926283516 27.868852328733016 42.07650272409772
v 25.683060117432326 18.032787015529276 42.07650272409772
v 24.590163926283516 18.032787015529276 42.07650272409772
vt 0 1
vt 1 1
vt 0 0
vt 1 0
vt 0 1
vt 1 1
vt 0 0
vt 1 0
vt 0 1
vt 1 1
vt 0 0
vt 1 0
vt 0 1
vt 1 1
vt 0 0
vt 1 0
vt 0 1
vt 1 1
vt 0 0
vt 1 0
vt 0 1
vt 1 1
vt 0 0
vt 1 0
vn 1 0 0
vn 1 0 0
vn 1 0 0
vn 1 0 0
vn -1 0 0
vn -1 0 0
vn -1 0 0
vn -1 0 0
vn 0 1 0
vn 0 1 0
vn 0 1 0
vn 0 1 0
vn 0 -1 0
vn 0 -1 0
vn 0 -1 0
vn 0 -1 0
vn 0 0 1
vn 0 0 1
vn 0 0 1
vn 0 0 1
vn 0 0 -1
vn 0 0 -1
vn 0 0 -1
vn 0 0 -1
f 577/577/577 579/579/579 578/578/578
f 579/579/579 580/580/580 578/578/578
f 581/581/581 583/583/583 582/582/582
f 583/583/583 584/584/584 582/582/582
f 585/585/585 587/587/587 586/586/586
f 587/587/587 588/588/588 586/586/586
f 589/589/589 591/591/591 590/590/590
f 591/591/591 592/592/592 590/590/590
f 593/593/593 595/595/595 594/594/594
f 595/595/595 596/596/596 594/594/594
f 597/597/597 599/599/599 598/598/598
f 599/599/599 600/600/600 598/598/598
o carrier_engine_o_nacelle
usemtl plate
v -26.22950819672131 -5.136611878546206 113.11475396807728
v -22.98377211628064 -3.792184167872359 113.11475396807728
v -21.639344405606792 -0.546448087431692 113.11475396807728
v -22.98377211628064 2.699287993008975 113.11475396807728
v -26.22950819672131 4.043715703682824 113.11475396807728
v -29.475244277161977 2.699287993008975 113.11475396807728
v -30.819671987835825 -0.5464480874316909 113.11475396807728
v -29.475244277161977 -3.792184167872359 113.11475396807728
v -26.22950819672131 -5.136611878546206 113.11475396807728
v -26.22950819672131 -4.493989123672738 92.34972690623965
v -23.43817512845732 -3.337781155695683 92.34972690623965
v -22.281967160480267 -0.5464480874316966 92.34972690623965
v -23.43817512845732 2.2448849808322904 92.34972690623965
v -26.22950819672131 3.401092948809345 92.34972690623965
v -29.020841264985297 2.2448849808322904 92.34972690623965
v -30.17704923296235 -0.5464480874316956 92.34972690623965
v -29.020841264985297 -3.337781155695683 92.34972690623965
v -26.22950819672131 -4.493989123672738 92.34972690623965
v -26.22950819672131 -0.5464480874316917 113.11475396807728
v -26.22950819672131 -0.5464480874316917 113.11475396807728
v -26.22950819672131 -0.5464480874316917 113.11475396807728
v -26.22950819672131 -0.5464480874316917 113.11475396807728
v -26.22950819672131 -0.5464480874316917 113.11475396807728
v -26.22950819672131 -0.5464480874316917 113.11475396807728
v -26.22950819672131 -0.5464480874316917 113.11475396807728
v -26.22950819672131 -0.5464480874316917 113.11475396807728
v -26.22950819672131 -5.136611878546206 113.11475396807728
v -22.98377211628064 -3.792184167872359 113.11475396807728
v -21.639344405606792 -0.546448087431692 113.11475396807728
v -22.98377211628064 2.699287993008975 113.11475396807728
v -26.22950819672131 4.043715703682824 113.11475396807728
v -29.475244277161977 2.699287993008975 113.11475396807728
v -30.819671987835825 -0.5464480874316909 113.11475396807728
v -29.475244277161977 -3.792184167872359 113.11475396807728
v -26.22950819672131 -5.136611878546206 113.11475396807728
v -26.22950819672131 -0.5464480874316964 92.34972690623965
v -26.22950819672131 -0.5464480874316964 92.34972690623965
v -26.22950819672131 -0.5464480874316964 92.34972690623965
v -26.22950819672131 -0.5464480874316964 92.34972690623965
v -26.22950819672131 -0.5464480874316964 92.34972690623965
v -26.22950819672131 -0.5464480874316964 92.34972690623965
v -26.22950819672131 -0.5464480874316964 92.34972690623965
v -26.22950819672131 -0.5464480874316964 92.34972690623965
v -26.22950819672131 -4.493989123672738 92.34972690623965
v -23.43817512845732 -3.337781155695683 92.34972690623965
v -22.281967160480267 -0.5464480874316966 92.34972690623965
v -23.43817512845732 2.2448849808322904 92.34972690623965
v -26.22950819672131 3.401092948809345 92.34972690623965
v -29.020841264985297 2.2448849808322904 92.34972690623965
v -30.17704923296235 -0.5464480874316956 92.34972690623965
v -29.020841264985297 -3.337781155695683 92.34972690623965
v -26.22950819672131 -4.493989123672738 92.34972690623965
vt 0 1
vt 0.125 1
vt 0.25 1
vt 0.375 1
vt 0.5 1
vt 0.625 1
vt 0.75 1
vt 0.875 1
vt 1 1
vt 0 0
vt 0.125 0
vt 0.25 0
vt 0.375 0
vt 0.5 0
vt 0.625 0
vt 0.75 0
vt 0.875 0
vt 1 0
vt 0.5 0.5
vt 0.5 0.5
vt 0.5 0.5
vt 0.5 0.5
vt 0.5 0.5
vt 0.5 0.5
vt 0.5 0.5
vt 0.5 0.5
vt 1 0.5
vt 0.8535534143447876 0.8535534143447876
vt 0.5 1
vt 0.1464466154575348 0.8535534143447876
vt 0 0.5
vt 0.1464466154575348 0.1464466154575348
vt 0.5 0
vt 0.8535534143447876 0.1464466154575348
vt 1 0.5
vt 0.5 0.5
vt 0.5 0.5
vt 0.5 0.5
vt 0.5 0.5
vt 0.5 0.5
vt 0.5 0.5
vt 0.5 0.5
vt 0.5 0.5
vt 1 0.5
vt 0.8535534143447876 0.1464466154575348
vt 0.5 0
vt 0.1464466154575348 0.1464466154575348
vt 0 0.5
vt 0.1464466154575348 0.8535534143447876
vt 0.5 1
vt 0.8535534143447876 0.8535534143447876
vt 1 0.5
vn 0 -0.9995214739316493 -0.03093255808211079
vn 0.706768412127287 -0.706768412127287 -0.030932559514963594
vn 0.9995214739316493 -6.807144699847431e-17 -0.03093255808211101
vn 0.706768412127287 0.706768412127287 -0.030932559514963907
vn 1.2240607871962278e-16 0.9995214739316493 -0.030932558082111233
vn -0.706768412127287 0.706768412127287 -0.030932559514963907
vn -0.9995214739316493 1.7674071044077126e-16 -0.03093255808211101
vn -0.706768412127287 -0.706768412127287 -0.030932559514963594
vn -2.4481215743924557e-16 -0.9995214739316493 -0.03093255808211079
vn 0 -0.9995214739316493 -0.03093255808211079
vn 0.706768412127287 -0.706768412127287 -0.030932559514963594
vn 0.9995214739316493 -6.807144699847431e-17 -0.03093255808211101
vn 0.706768412127287 0.706768412127287 -0.030932559514963907
vn 1.2240607871962278e-16 0.9995214739316493 -0.030932558082111233
vn -0.706768412127287 0.706768412127287 -0.030932559514963907
vn -0.9995214739316493 1.7674071044077126e-16 -0.03093255808211101
vn -0.706768412127287 -0.706768412127287 -0.030932559514963594
vn -2.4481215743924557e-16 -0.9995214739316493 -0.03093255808211079
vn 0 2.220446049250313e-16 1
vn 0 2.220446049250313e-16 1
vn 0 2.220446049250313e-16 1
vn 0 2.220446049250313e-16 1
vn 0 2.220446049250313e-16 1
vn 0 2.220446049250313e-16 1
vn 0 2.220446049250313e-16 1
vn 0 2.220446049250313e-16 1
vn 0 2.220446049250313e-16 1
vn 0 2.220446049250313e-16 1
vn 0 2.220446049250313e-16 1
vn 0 2.220446049250313e-16 1
vn 0 2.220446049250313e-16 1
vn 0 2.220446049250313e-16 1
vn 0 2.220446049250313e-16 1
vn 0 2.220446049250313e-16 1
vn 0 2.220446049250313e-16 1
vn 0 -2.220446049250313e-16 -1
vn 0 -2.220446049250313e-16 -1
vn 0 -2.220446049250313e-16 -1
vn 0 -2.220446049250313e-16 -1
vn 0 -2.220446049250313e-16 -1
vn 0 -2.220446049250313e-16 -1
vn 0 -2.220446049250313e-16 -1
vn 0 -2.220446049250313e-16 -1
vn 0 -2.220446049250313e-16 -1
vn 0 -2.220446049250313e-16 -1
vn 0 -2.220446049250313e-16 -1
vn 0 -2.220446049250313e-16 -1
vn 0 -2.220446049250313e-16 -1
vn 0 -2.220446049250313e-16 -1
vn 0 -2.220446049250313e-16 -1
vn 0 -2.220446049250313e-16 -1
vn 0 -2.220446049250313e-16 -1
f 601/601/601 610/610/610 602/602/602
f 610/610/610 611/611/611 602/602/602
f 602/602/602 611/611/611 603/603/603
f 611/611/611 612/612/612 603/603/603
f 603/603/603 612/612/612 604/604/604
f 612/612/612 613/613/613 604/604/604
f 604/604/604 613/613/613 605/605/605
f 613/613/613 614/614/614 605/605/605
f 605/605/605 614/614/614 606/606/606
f 614/614/614 615/615/615 606/606/606
f 606/606/606 615/615/615 607/607/607
f 615/615/615 616/616/616 607/607/607
f 607/607/607 616/616/616 608/608/608
f 616/616/616 617/617/617 608/608/608
f 608/608/608 617/617/617 609/609/609
f 617/617/617 618/618/618 609/609/609
f 627/627/627 628/628/628 619/619/619
f 628/628/628 629/629/629 620/620/620
f 629/629/629 630/630/630 621/621/621
f 630/630/630 631/631/631 622/622/622
f 631/631/631 632/632/632 623/623/623
f 632/632/632 633/633/633 624/624/624
f 633/633/633 634/634/634 625/625/625
f 634/634/634 635/635/635 626/626/626
f 645/645/645 644/644/644 636/636/636
f 646/646/646 645/645/645 637/637/637
f 647/647/647 646/646/646 638/638/638
f 648/648/648 647/647/647 639/639/639
f 649/649/649 648/648/648 640/640/640
f 650/650/650 649/649/649 641/641/641
f 651/651/651 650/650/650 642/642/642
f 652/652/652 651/651/651 643/643/643
o carrier_engine_o_bell
usemtl thruster
v -26.22950819672131 -3.8513660430908203 114.20765028136675
v -23.89257830348822 -2.8833779806647795 114.20765028136675
v -22.924590241062184 -0.5464480874316942 114.20765028136675
v -23.89257830348822 1.7904818058013912 114.20765028136675
v -26.22950819672131 2.758469868227432 114.20765028136675
v -28.566438089954396 1.7904818058013912 114.20765028136675
v -29.534426152380433 -0.5464480874316933 114.20765028136675
v -28.566438089954396 -2.8833779806647795 114.20765028136675
v -26.22950819672131 -3.8513660430908203 114.20765028136675
v -26.22950819672131 -3.8513660430908203 113.11475409021794
v -23.89257830348822 -2.8833779806647795 113.11475409021794
v -22.924590241062184 -0.5464480874316944 113.11475409021794
v -23.89257830348822 1.7904818058013912 113.11475409021794
v -26.22950819672131 2.758469868227432 113.11475409021794
v -28.566438089954396 1.7904818058013912 113.11475409021794
v -29.534426152380433 -0.5464480874316936 113.11475409021794
v -28.566438089954396 -2.8833779806647795 113.11475409021794
v -26.22950819672131 -3.8513660430908203 113.11475409021794
v -26.22950819672131 -0.5464480874316939 114.20765028136675
v -26.22950819672131 -0.5464480874316939 114.20765028136675
v -26.22950819672131 -0.5464480874316939 114.20765028136675
v -26.22950819672131 -0.5464480874316939 114.20765028136675
v -26.22950819672131 -0.5464480874316939 114.20765028136675
v -26.22950819672131 -0.5464480874316939 114.20765028136675
v -26.22950819672131 -0.5464480874316939 114.20765028136675
v -26.22950819672131 -0.5464480874316939 114.20765028136675
v -26.22950819672131 -3.8513660430908203 114.20765028136675
v -23.89257830348822 -2.8833779806647795 114.20765028136675
v -22.924590241062184 -0.5464480874316942 114.20765028136675
v -23.89257830348822 1.7904818058013912 114.20765028136675
v -26.22950819672131 2.758469868227432 114.20765028136675
v -28.566438089954396 1.7904818058013912 114.20765028136675
v -29.534426152380433 -0.5464480874316933 114.20765028136675
v -28.566438089954396 -2.8833779806647795 114.20765028136675
v -26.22950819672131 -3.8513660430908203 114.20765028136675
v -26.22950819672131 -0.5464480874316942 113.11475409021794
v -26.22950819672131 -0.5464480874316942 113.11475409021794
v -26.22950819672131 -0.5464480874316942 113.11475409021794
v -26.22950819672131 -0.5464480874316942 113.11475409021794
v -26.22950819672131 -0.5464480874316942 113.11475409021794
v -26.22950819672131 -0.5464480874316942 113.11475409021794
v -26.22950819672131 -0.5464480874316942 113.11475409021794
v -26.22950819672131 -0.5464480874316942 113.11475409021794
v -26.22950819672131 -3.8513660430908203 113.11475409021794
v -23.89257830348822 -2.8833779806647795 113.11475409021794
v -22.924590241062184 -0.5464480874316944 113.11475409021794
v -23.89257830348822 1.7904818058013912 113.11475409021794
v -26.22950819672131 2.758469868227432 113.11475409021794
v -28.566438089954396 1.7904818058013912 113.11475409021794
v -29.534426152380433 -0.5464480874316936 113.11475409021794
v -28.566438089954396 -2.8833779806647795 113.11475409021794
v -26.22950819672131 -3.8513660430908203 113.11475409021794
vt 0 1
vt 0.125 1
vt 0.25 1
vt 0.375 1
vt 0.5 1
vt 0.625 1
vt 0.75 1
vt 0.875 1
vt 1 1
vt 0 0
vt 0.125 0
vt 0.25 0
vt 0.375 0
vt 0.5 0
vt 0.625 0
vt 0.75 0
vt 0.875 0
vt 1 0
vt 0.5 0.5
vt 0.5 0.5
vt 0.5 0.5
vt 0.5 0.5
vt 0.5 0.5
vt 0.5 0.5
vt 0.5 0.5
vt 0.5 0.5
vt 1 0.5
vt 0.8535534143447876 0.8535534143447876
vt 0.5 1
vt 0.1464466154575348 0.8535534143447876
vt 0 0.5
vt 0.1464466154575348 0.1464466154575348
vt 0.5 0
vt 0.8535534143447876 0.1464466154575348
vt 1 0.5
vt 0.5 0.5
vt 0.5 0.5
vt 0.5 0.5
vt 0.5 0.5
vt 0.5 0.5
vt 0.5 0.5
vt 0.5 0.5
vt 0.5 0.5
vt 1 0.5
vt 0.8535534143447876 0.1464466154575348
vt 0.5 0
vt 0.1464466154575348 0.1464466154575348
vt 0 0.5
vt 0.1464466154575348 0.8535534143447876
vt 0.5 1
vt 0.8535534143447876 0.8535534143447876
vt 1 0.5
vn 0 -1 2.220446049250313e-16
vn 0.7071067811865476 -0.7071067811865476 1.5700924586837752e-16
vn 1 -6.123234262925838e-17 1.359631132774783e-32
vn 0.7071067811865476 0.7071067811865476 -1.5700924586837752e-16
vn 1.2246468525851676e-16 1 -2.220446049250313e-16
vn -0.7071067811865476 0.7071067811865476 -1.5700924586837752e-16
vn -1 1.8369701465288535e-16 -4.0788931044507615e-32
vn -0.7071067811865476 -0.7071067811865476 1.5700924586837752e-16
vn -2.449293705170335e-16 -1 2.220446049250313e-16
vn 0 -1 2.220446049250313e-16
vn 0.7071067811865476 -0.7071067811865476 1.5700924586837752e-16
vn 1 -6.123234262925838e-17 1.359631132774783e-32
vn 0.7071067811865476 0.7071067811865476 -1.5700924586837752e-16
vn 1.2246468525851676e-16 1 -2.220446049250313e-16
vn -0.7071067811865476 0.7071067811865476 -1.5700924586837752e-16
vn -1 1.8369701465288535e-16 -4.0788931044507615e-32
vn -0.7071067811865476 -0.7071067811865476 1.5700924586837752e-16
vn -2.449293705170335e-16 -1 2.220446049250313e-16
vn 0 2.220446049250313e-16 1
vn 0 2.220446049250313e-16 1
vn 0 2.220446049250313e-16 1
vn 0 2.220446049250313e-16 1
vn 0 2.220446049250313e-16 1
vn 0 2.220446049250313e-16 1
vn 0 2.220446049250313e-16 1
vn 0 2.220446049250313e-16 1
vn 0 2.220446049250313e-16 1
vn 0 2.220446049250313e-16 1
vn 0 2.220446049250313e-16 1
vn 0 2.220446049250313e-16 1
vn 0 2.220446049250313e-16 1
vn 0 2.220446049250313e-16 1
vn 0 2.220446049250313e-16 1
vn 0 2.220446049250313e-16 1
vn 0 2.220446049250313e-16 1
vn 0 -2.220446049250313e-16 -1
vn 0 -2.220446049250313e-16 -1
vn 0 -2.220446049250313e-16 -1
vn 0 -2.220446049250313e-16 -1
vn 0 -2.220446049250313e-16 -1
vn 0 -2.220446049250313e-16 -1
vn 0 -2.220446049250313e-16 -1
vn 0 -2.220446049250313e-16 -1
vn 0 -2.220446049250313e-16 -1
vn 0 -2.220446049250313e-16 -1
vn 0 -2.220446049250313e-16 -1
vn 0 -2.220446049250313e-16 -1
vn 0 -2.220446049250313e-16 -1
vn 0 -2.220446049250313e-16 -1
vn 0 -2.220446049250313e-16 -1
vn 0 -2.220446049250313e-16 -1
vn 0 -2.220446049250313e-16 -1
f 653/653/653 662/662/662 654/654/654
f 662/662/662 663/663/663 654/654/654
f 654/654/654 663/663/663 655/655/655
f 663/663/663 664/664/664 655/655/655
f 655/655/655 664/664/664 656/656/656
f 664/664/664 665/665/665 656/656/656
f 656/656/656 665/665/665 657/657/657
f 665/665/665 666/666/666 657/657/657
f 657/657/657 666/666/666 658/658/658
f 666/666/666 667/667/667 658/658/658
f 658/658/658 667/667/667 659/659/659
f 667/667/667 668/668/668 659/659/659
f 659/659/659 668/668/668 660/660/660
f 668/668/668 669/669/669 660/660/660
f 660/660/660 669/669/669 661/661/661
f 669/669/669 670/670/670 661/661/661
f 679/679/679 680/680/680 671/671/671
f 680/680/680 681/681/681 672/672/672
f 681/681/681 682/682/682 673/673/673
f 682/682/682 683/683/683 674/674/674
f 683/683/683 684/684/684 675/675/675
f 684/684/684 685/685/685 676/676/676
f 685/685/685 686/686/686 677/677/677
f 686/686/686 687/687/687 678/678/678
f 697/697/697 696/696/696 688/688/688
f 698/698/698 697/697/697 689/689/689
f 699/699/699 698/698/698 690/690/690
f 700/700/700 699/699/699 691/691/691
f 701/701/701 700/700/700 692/692/692
f 702/702/702 701/701/701 693/693/693
f 703/703/703 702/702/702 694/694/694
f 704/704/704 703/703/703 695/695/695
o carrier_engine_i_nacelle
usemtl plate
v -13.114754098360654 -5.136611878546206 113.11475396807728
v -9.869018017919988 -3.792184167872359 113.11475396807728
v -8.52459030724614 -0.546448087431692 113.11475396807728
v -9.869018017919988 2.699287993008975 113.11475396807728
v -13.114754098360654 4.043715703682824 113.11475396807728
v -16.36049017880132 2.699287993008975 113.11475396807728
v -17.70491788947517 -0.5464480874316909 113.11475396807728
v -16.36049017880132 -3.792184167872359 113.11475396807728
v -13.114754098360656 -5.136611878546206 113.11475396807728
v -13.114754098360654 -4.493989123672738 92.34972690623965
v -10.323421030096668 -3.337781155695683 92.34972690623965
v -9.167213062119613 -0.5464480874316966 92.34972690623965
v -10.323421030096668 2.2448849808322904 92.34972690623965
v -13.114754098360654 3.401092948809345 92.34972690623965
v -15.90608716662464 2.2448849808322904 92.34972690623965
v -17.062295134601698 -0.5464480874316956 92.34972690623965
v -15.90608716662464 -3.337781155695683 92.34972690623965
v -13.114754098360656 -4.493989123672738 92.34972690623965
v -13.114754098360654 -0.5464480874316917 113.11475396807728
v -13.114754098360654 -0.5464480874316917 113.11475396807728
v -13.114754098360654 -0.5464480874316917 113.11475396807728
v -13.114754098360654 -0.5464480874316917 113.11475396807728
v -13.114754098360654 -0.5464480874316917 113.11475396807728
v -13.114754098360654 -0.5464480874316917 113.11475396807728
v -13.114754098360654 -0.5464480874316917 113.11475396807728
v -13.114754098360654 -0.5464480874316917 113.11475396807728
v -13.114754098360654 -5.136611878546206 113.11475396807728
v -9.869018017919988 -3.792184167872359 113.11475396807728
v -8.52459030724614 -0.546448087431692 113.11475396807728
v -9.869018017919988 2.699287993008975 113.11475396807728
v -13.114754098360654 4.043715703682824 113.11475396807728
v -16.36049017880132 2.699287993008975 113.11475396807728
v -17.70491788947517 -0.5464480874316909 113.11475396807728
v -16.36049017880132 -3.792184167872359 113.11475396807728
v -13.114754098360656 -5.136611878546206 113.11475396807728
v -13.114754098360654 -0.5464480874316964 92.34972690623965
v -13.114754098360654 -0.5464480874316964 92.34972690623965
v -13.114754098360654 -0.5464480874316964 92.34972690623965
v -13.114754098360654 -0.5464480874316964 92.34972690623965
v -13.114754098360654 -0.5464480874316964 92.34972690623965
v -13.114754098360654 -0.5464480874316964 92.34972690623965
v -13.114754098360654 -0.5464480874316964 92.34972690623965
v -13.114754098360654 -0.5464480874316964 92.34972690623965
v -13.114754098360654 -4.493989123672738 92.34972690623965
v -10.323421030096668 -3.337781155695683 92.34972690623965
v -9.167213062119613 -0.5464480874316966 92.34972690623965
v -10.323421030096668 2.2448849808322904 92.34972690623965
v -13.114754098360654 3.401092948809345 92.34972690623965
v -15.90608716662464 2.2448849808322904 92.34972690623965
v -17.062295134601698 -0.5464480874316956 92.34972690623965
v -15.90608716662464 -3.337781155695683 92.34972690623965
v -13.114754098360656 -4.493989123672738 92.34972690623965
vt 0 1
vt 0.125 1
vt 0.25 1
vt 0.375 1
vt 0.5 1
vt 0.625 1
vt 0.75 1
vt 0.875 1
vt 1 1
vt 0 0
vt 0.125 0
vt 0.25 0
vt 0.375 0
vt 0.5 0
vt 0.625 0
vt 0.75 0
vt 0.875 0
vt 1 0
vt 0.5 0.5
vt 0.5 0.5
vt 0.5 0.5
vt 0.5 0.5
vt 0.5 0.5
vt 0.5 0.5
vt 0.5 0.5
vt 0.5 0.5
vt 1 0.5
vt 0.8535534143447876 0.8535534143447876
vt 0.5 1
vt 0.1464466154575348 0.8535534143447876
vt 0 0.5
vt 0.1464466154575348 0.1464466154575348
vt 0.5 0
vt 0.8535534143447876 0.1464466154575348
vt 1 0.5
vt 0.5 0.5
vt 0.5 0.5
vt 0.5 0.5
vt 0.5 0.5
vt 0.5 0.5
vt 0.5 0.5
vt 0.5 0.5
vt 0.5 0.5
vt 1 0.5
vt 0.8535534143447876 0.1464466154575348
vt 0.5 0
vt 0.1464466154575348 0.1464466154575348
vt 0 0.5
vt 0.1464466154575348 0.8535534143447876
vt 0.5 1
vt 0.8535534143447876 0.8535534143447876
vt 1 0.5
vn 0 -0.9995214739316493 -0.03093255808211079
vn 0.706768412127287 -0.706768412127287 -0.030932559514963594
vn 0.9995214739316493 -6.807144699847431e-17 -0.03093255808211101
vn 0.706768412127287 0.706768412127287 -0.030932559514963907
vn 1.2240607871962278e-16 0.9995214739316493 -0.030932558082111233
vn -0.706768412127287 0.706768412127287 -0.030932559514963907
vn -0.9995214739316493 1.7674071044077126e-16 -0.03093255808211101
vn -0.706768412127287 -0.706768412127287 -0.030932559514963594
vn -2.4481215743924557e-16 -0.9995214739316493 -0.03093255808211079
vn 0 -0.9995214739316493 -0.03093255808211079
vn 0.706768412127287 -0.706768412127287 -0.030932559514963594
vn 0.9995214739316493 -6.807144699847431e-17 -0.03093255808211101
vn 0.706768412127287 0.706768412127287 -0.030932559514963907
vn 1.2240607871962278e-16 0.9995214739316493 -0.030932558082111233
vn -0.706768412127287 0.706768412127287 -0.030932559514963907
vn -0.9995214739316493 1.7674071044077126e-16 -0.03093255808211101
vn -0.706768412127287 -0.706768412127287 -0.030932559514963594
vn -2.4481215743924557e-16 -0.9995214739316493 -0.03093255808211079
vn 0 2.220446049250313e-16 1
vn 0 2.220446049250313e-16 1
vn 0 2.220446049250313e-16 1
vn 0 2.220446049250313e-16 1
vn 0 2.220446049250313e-16 1
vn 0 2.220446049250313e-16 1
vn 0 2.220446049250313e-16 1
vn 0 2.220446049250313e-16 1
vn 0 2.220446049250313e-16 1
vn 0 2.220446049250313e-16 1
vn 0 2.220446049250313e-16 1
vn 0 2.220446049250313e-16 1
vn 0 2.220446049250313e-16 1
vn 0 2.220446049250313e-16 1
vn 0 2.220446049250313e-16 1
vn 0 2.220446049250313e-16 1
vn 0 2.220446049250313e-16 1
vn 0 -2.220446049250313e-16 -1
vn 0 -2.220446049250313e-16 -1
vn 0 -2.220446049250313e-16 -1
vn 0 -2.220446049250313e-16 -1
vn 0 -2.220446049250313e-16 -1
vn 0 -2.220446049250313e-16 -1
vn 0 -2.220446049250313e-16 -1
vn 0 -2.220446049250313e-16 -1
vn 0 -2.220446049250313e-16 -1
vn 0 -2.220446049250313e-16 -1
vn 0 -2.220446049250313e-16 -1
vn 0 -2.220446049250313e-16 -1
vn 0 -2.220446049250313e-16 -1
vn 0 -2.220446049250313e-16 -1
vn 0 -2.220446049250313e-16 -1
vn 0 -2.220446049250313e-16 -1
vn 0 -2.220446049250313e-16 -1
f 705/705/705 714/714/714 706/706/706
f 714/714/714 715/715/715 706/706/706
f 706/706/706 715/715/715 707/707/707
f 715/715/715 716/716/716 707/707/707
f 707/707/707 716/716/716 708/708/708
f 716/716/716 717/717/717 708/708/708
f 708/708/708 717/717/717 709/709/709
f 717/717/717 718/718/718 709/709/709
f 709/709/709 718/718/718 710/710/710
f 718/718/718 719/719/719 710/710/710
f 710/710/710 719/719/719 711/711/711
f 719/719/719 720/720/720 711/711/711
f 711/711/711 720/720/720 712/712/712
f 720/720/720 721/721/721 712/712/712
f 712/712/712 721/721/721 713/713/713
f 721/721/721 722/722/722 713/713/713
f 731/731/731 732/732/732 723/723/723
f 732/732/732 733/733/733 724/724/724
f 733/733/733 734/734/734 725/725/725
f 734/734/734 735/735/735 726/726/726
f 735/735/735 736/736/736 727/727/727
f 736/736/736 737/737/737 728/728/728
f 737/737/737 738/738/738 729/729/729
f 738/738/738 739/739/739 730/730/730
f 749/749/749 748/748/748 740/740/740
f 750/750/750 749/749/749 741/741/741
f 751/751/751 750/750/750 742/742/742
f 752/752/752 751/751/751 743/743/743
f 753/753/753 752/752/752 744/744/744
f 754/754/754 753/753/753 745/745/745
f 755/755/755 754/754/754 746/746/746
f 756/756/756 755/755/755 747/747/747
o carrier_engine_i_bell
usemtl thruster
v -13.114754098360654 -3.8513660430908203 114.20765028136675
v -10.777824205127569 -2.8833779806647795 114.20765028136675
v -9.809836142701528 -0.5464480874316942 114.20765028136675
v -10.777824205127569 1.7904818058013912 114.20765028136675
v -13.114754098360654 2.758469868227432 114.20765028136675
v -15.45168399159374 1.7904818058013912 114.20765028136675
v -16.41967205401978 -0.5464480874316933 114.20765028136675
v -15.45168399159374 -2.8833779806647795 114.20765028136675
v -13.114754098360654 -3.8513660430908203 114.20765028136675
v -13.114754098360654 -3.8513660430908203 113.11475409021794
v -10.777824205127569 -2.8833779806647795 113.11475409021794
v -9.809836142701528 -0.5464480874316944 113.11475409021794
v -10.777824205127569 1.7904818058013912 113.11475409021794
v -13.114754098360654 2.758469868227432 113.11475409021794
v -15.45168399159374 1.7904818058013912 113.11475409021794
v -16.41967205401978 -0.5464480874316936 113.11475409021794
v -15.45168399159374 -2.8833779806647795 113.11475409021794
v -13.114754098360654 -3.8513660430908203 113.11475409021794
v -13.114754098360654 -0.5464480874316939 114.20765028136675
v -13.114754098360654 -0.5464480874316939 114.20765028136675
v -13.114754098360654 -0.5464480874316939 114.20765028136675
v -13.114754098360654 -0.5464480874316939 114.20765028136675
v -13.114754098360654 -0.5464480874316939 114.20765028136675
v -13.114754098360654 -0.5464480874316939 114.20765028136675
v -13.114754098360654 -0.5464480874316939 114.20765028136675
v -13.114754098360654 -0.5464480874316939 114.20765028136675
v -13.114754098360654 -3.8513660430908203 114.20765028136675
v -10.777824205127569 -2.8833779806647795 114.20765028136675
v -9.809836142701528 -0.5464480874316942 114.20765028136675
v -10.777824205127569 1.7904818058013912 114.20765028136675
v -13.114754098360654 2.758469868227432 114.20765028136675
v -15.45168399159374 1.7904818058013912 114.20765028136675
v -16.41967205401978 -0.5464480874316933 114.20765028136675
v -15.45168399159374 -2.8833779806647795 114.20765028136675
v -13.114754098360654 -3.8513660430908203 114.20765028136675
v -13.114754098360654 -0.5464480874316942 113.11475409021794
v -13.114754098360654 -0.5464480874316942 113.11475409021794
v -13.114754098360654 -0.5464480874316942 113.11475409021794
v -13.114754098360654 -0.5464480874316942 113.11475409021794
v -13.114754098360654 -0.5464480874316942 113.11475409021794
v -13.114754098360654 -0.5464480874316942 113.11475409021794
v -13.114754098360654 -0.5464480874316942 113.11475409021794
v -13.114754098360654 -0.5464480874316942 113.11475409021794
v -13.114754098360654 -3.8513660430908203 113.11475409021794
v -10.777824205127569 -2.8833779806647795 113.11475409021794
v -9.809836142701528 -0.5464480874316944 113.11475409021794
v -10.777824205127569 1.7904818058013912 113.11475409021794
v -13.114754098360654 2.758469868227432 113.11475409021794
v -15.45168399159374 1.7904818058013912 113.11475409021794
v -16.41967205401978 -0.5464480874316936 113.11475409021794
v -15.45168399159374 -2.8833779806647795 113.11475409021794
v -13.114754098360654 -3.8513660430908203 113.11475409021794
vt 0 1
vt 0.125 1
vt 0.25 1
vt 0.375 1
vt 0.5 1
vt 0.625 1
vt 0.75 1
vt 0.875 1
vt 1 1
vt 0 0
vt 0.125 0
vt 0.25 0
vt 0.375 0
vt 0.5 0
vt 0.625 0
vt 0.75 0
vt 0.875 0
vt 1 0
vt 0.5 0.5
vt 0.5 0.5
vt 0.5 0.5
vt 0.5 0.5
vt 0.5 0.5
vt 0.5 0.5
vt 0.5 0.5
vt 0.5 0.5
vt 1 0.5
vt 0.8535534143447876 0.8535534143447876
vt 0.5 1
vt 0.1464466154575348 0.8535534143447876
vt 0 0.5
vt 0.1464466154575348 0.1464466154575348
vt 0.5 0
vt 0.8535534143447876 0.1464466154575348
vt 1 0.5
vt 0.5 0.5
vt 0.5 0.5
vt 0.5 0.5
vt 0.5 0.5
vt 0.5 0.5
vt 0.5 0.5
vt 0.5 0.5
vt 0.5 0.5
vt 1 0.5
vt 0.8535534143447876 0.1464466154575348
vt 0.5 0
vt 0.1464466154575348 0.1464466154575348
vt 0 0.5
vt 0.1464466154575348 0.8535534143447876
vt 0.5 1
vt 0.8535534143447876 0.8535534143447876
vt 1 0.5
vn 0 -1 2.220446049250313e-16
vn 0.7071067811865476 -0.7071067811865476 1.5700924586837752e-16
vn 1 -6.123234262925838e-17 1.359631132774783e-32
vn 0.7071067811865476 0.7071067811865476 -1.5700924586837752e-16
vn 1.2246468525851676e-16 1 -2.220446049250313e-16
vn -0.7071067811865476 0.7071067811865476 -1.5700924586837752e-16
vn -1 1.8369701465288535e-16 -4.0788931044507615e-32
vn -0.7071067811865476 -0.7071067811865476 1.5700924586837752e-16
vn -2.449293705170335e-16 -1 2.220446049250313e-16
vn 0 -1 2.220446049250313e-16
vn 0.7071067811865476 -0.7071067811865476 1.5700924586837752e-16
vn 1 -6.123234262925838e-17 1.359631132774783e-32
vn 0.7071067811865476 0.7071067811865476 -1.5700924586837752e-16
vn 1.2246468525851676e-16 1 -2.220446049250313e-16
vn -0.7071067811865476 0.7071067811865476 -1.5700924586837752e-16
vn -1 1.8369701465288535e-16 -4.0788931044507615e-32
vn -0.7071067811865476 -0.7071067811865476 1.5700924586837752e-16
vn -2.449293705170335e-16 -1 2.220446049250313e-16
vn 0 2.220446049250313e-16 1
vn 0 2.220446049250313e-16 1
vn 0 2.220446049250313e-16 1
vn 0 2.220446049250313e-16 1
vn 0 2.220446049250313e-16 1
vn 0 2.220446049250313e-16 1
vn 0 2.220446049250313e-16 1
vn 0 2.220446049250313e-16 1
vn 0 2.220446049250313e-16 1
vn 0 2.220446049250313e-16 1
vn 0 2.220446049250313e-16 1
vn 0 2.220446049250313e-16 1
vn 0 2.220446049250313e-16 1
vn 0 2.220446049250313e-16 1
vn 0 2.220446049250313e-16 1
vn 0 2.220446049250313e-16 1
vn 0 2.220446049250313e-16 1
vn 0 -2.220446049250313e-16 -1
vn 0 -2.220446049250313e-16 -1
vn 0 -2.220446049250313e-16 -1
vn 0 -2.220446049250313e-16 -1
vn 0 -2.220446049250313e-16 -1
vn 0 -2.220446049250313e-16 -1
vn 0 -2.220446049250313e-16 -1
vn 0 -2.220446049250313e-16 -1
vn 0 -2.220446049250313e-16 -1
vn 0 -2.220446049250313e-16 -1
vn 0 -2.220446049250313e-16 -1
vn 0 -2.220446049250313e-16 -1
vn 0 -2.220446049250313e-16 -1
vn 0 -2.220446049250313e-16 -1
vn 0 -2.220446049250313e-16 -1
vn 0 -2.220446049250313e-16 -1
vn 0 -2.220446049250313e-16 -1
f 757/757/757 766/766/766 758/758/758
f 766/766/766 767/767/767 758/758/758
f 758/758/758 767/767/767 759/759/759
f 767/767/767 768/768/768 759/759/759
f 759/759/759 768/768/768 760/760/760
f 768/768/768 769/769/769 760/760/760
f 760/760/760 769/769/769 761/761/761
f 769/769/769 770/770/770 761/761/761
f 761/761/761 770/770/770 762/762/762
f 770/770/770 771/771/771 762/762/762
f 762/762/762 771/771/771 763/763/763
f 771/771/771 772/772/772 763/763/763
f 763/763/763 772/772/772 764/764/764
f 772/772/772 773/773/773 764/764/764
f 764/764/764 773/773/773 765/765/765
f 773/773/773 774/774/774 765/765/765
f 783/783/783 784/784/784 775/775/775
f 784/784/784 785/785/785 776/776/776
f 785/785/785 786/786/786 777/777/777
f 786/786/786 787/787/787 778/778/778
f 787/787/787 788/788/788 779/779/779
f 788/788/788 789/789/789 780/780/780
f 789/789/789 790/790/790 781/781/781
f 790/790/790 791/791/791 782/782/782
f 801/801/801 800/800/800 792/792/792
f 802/802/802 801/801/801 793/793/793
f 803/803/803 802/802/802 794/794/794
f 804/804/804 803/803/803 795/795/795
f 805/805/805 804/804/804 796/796/796
f 806/806/806 805/805/805 797/797/797
f 807/807/807 806/806/806 798/798/798
f 808/808/808 807/807/807 799/799/799
o carrier_sponson
usemtl plate
v -33.333333333333336 1.6393442622950818 38.25136612021858
v -33.333333333333336 1.6393442622950818 -60.10928961748634
v -33.333333333333336 -3.8251366120218577 38.25136612021858
v -33.333333333333336 -3.8251366120218577 -60.10928961748634
v -38.79781420765027 1.6393442622950818 -60.10928961748634
v -38.79781420765027 1.6393442622950818 38.25136612021858
v -38.79781420765027 -3.8251366120218577 -60.10928961748634
v -38.79781420765027 -3.8251366120218577 38.25136612021858
v -38.79781420765027 1.6393442622950818 -60.10928961748634
v -33.333333333333336 1.6393442622950818 -60.10928961748634
v -38.79781420765027 1.6393442622950818 38.25136612021858
v -33.333333333333336 1.6393442622950818 38.25136612021858
v -38.79781420765027 -3.8251366120218577 38.25136612021858
v -33.333333333333336 -3.8251366120218577 38.25136612021858
v -38.79781420765027 -3.8251366120218577 -60.10928961748634
v -33.333333333333336 -3.8251366120218577 -60.10928961748634
v -38.79781420765027 1.6393442622950818 38.25136612021858
v -33.333333333333336 1.6393442622950818 38.25136612021858
v -38.79781420765027 -3.8251366120218577 38.25136612021858
v -33.333333333333336 -3.8251366120218577 38.25136612021858
v -33.333333333333336 1.6393442622950818 -60.10928961748634
v -38.79781420765027 1.6393442622950818 -60.10928961748634
v -33.333333333333336 -3.8251366120218577 -60.10928961748634
v -38.79781420765027 -3.8251366120218577 -60.10928961748634
vt 0 1
vt 1 1
vt 0 0
vt 1 0
vt 0 1
vt 1 1
vt 0 0
vt 1 0
vt 0 1
vt 1 1
vt 0 0
vt 1 0
vt 0 1
vt 1 1
vt 0 0
vt 1 0
vt 0 1
vt 1 1
vt 0 0
vt 1 0
vt 0 1
vt 1 1
vt 0 0
vt 1 0
vn 1 0 0
vn 1 0 0
vn 1 0 0
vn 1 0 0
vn -1 0 0
vn -1 0 0
vn -1 0 0
vn -1 0 0
vn 0 1 0
vn 0 1 0
vn 0 1 0
vn 0 1 0
vn 0 -1 0
vn 0 -1 0
vn 0 -1 0
vn 0 -1 0
vn 0 0 1
vn 0 0 1
vn 0 0 1
vn 0 0 1
vn 0 0 -1
vn 0 0 -1
vn 0 0 -1
vn 0 0 -1
f 809/809/809 811/811/811 810/810/810
f 811/811/811 812/812/812 810/810/810
f 813/813/813 815/815/815 814/814/814
f 815/815/815 816/816/816 814/814/814
f 817/817/817 819/819/819 818/818/818
f 819/819/819 820/820/820 818/818/818
f 821/821/821 823/823/823 822/822/822
f 823/823/823 824/824/824 822/822/822
f 825/825/825 827/827/827 826/826/826
f 827/827/827 828/828/828 826/826/826
f 829/829/829 831/831/831 830/830/830
f 831/831/831 832/832/832 830/830/830
o carrier_hangar
usemtl accent
v -39.016393449951394 1.6393442622950818 28.41530002531458
v -39.016393449951394 1.6393442622950818 -54.64480822203589
v -39.016393449951394 -3.8251366120218577 28.41530002531458
v -39.016393449951394 -3.8251366120218577 -54.64480822203589
v -39.67213114021254 1.6393442622950818 -54.64480822203589
v -39.67213114021254 1.6393442622950818 28.41530002531458
v -39.67213114021254 -3.8251366120218577 -54.64480822203589
v -39.67213114021254 -3.8251366120218577 28.41530002531458
v -39.67213114021254 1.6393442622950818 -54.64480822203589
v -39.016393449951394 1.6393442622950818 -54.64480822203589
v -39.67213114021254 1.6393442622950818 28.41530002531458
v -39.016393449951394 1.6393442622950818 28.41530002531458
v -39.67213114021254 -3.8251366120218577 28.41530002531458
v -39.016393449951394 -3.8251366120218577 28.41530002531458
v -39.67213114021254 -3.8251366120218577 -54.64480822203589
v -39.016393449951394 -3.8251366120218577 -54.64480822203589
v -39.67213114021254 1.6393442622950818 28.41530002531458
v -39.016393449951394 1.6393442622950818 28.41530002531458
v -39.67213114021254 -3.8251366120218577 28.41530002531458
v -39.016393449951394 -3.8251366120218577 28.41530002531458
v -39.016393449951394 1.6393442622950818 -54.64480822203589
v -39.67213114021254 1.6393442622950818 -54.64480822203589
v -39.016393449951394 -3.8251366120218577 -54.64480822203589
v -39.67213114021254 -3.8251366120218577 -54.64480822203589
vt 0 1
vt 1 1
vt 0 0
vt 1 0
vt 0 1
vt 1 1
vt 0 0
vt 1 0
vt 0 1
vt 1 1
vt 0 0
vt 1 0
vt 0 1
vt 1 1
vt 0 0
vt 1 0
vt 0 1
vt 1 1
vt 0 0
vt 1 0
vt 0 1
vt 1 1
vt 0 0
vt 1 0
vn 1 0 0
vn 1 0 0
vn 1 0 0
vn 1 0 0
vn -1 0 0
vn -1 0 0
vn -1 0 0
vn -1 0 0
vn 0 1 0
vn 0 1 0
vn 0 1 0
vn 0 1 0
vn 0 -1 0
vn 0 -1 0
vn 0 -1 0
vn 0 -1 0
vn 0 0 1
vn 0 0 1
vn 0 0 1
vn 0 0 1
vn 0 0 -1
vn 0 0 -1
vn 0 0 -1
vn 0 0 -1
f 833/833/833 835/835/835 834/834/834
f 835/835/835 836/836/836 834/834/834
f 837/837/837 839/839/839 838/838/838
f 839/839/839 840/840/840 838/838/838
f 841/841/841 843/843/843 842/842/842
f 843/843/843 844/844/844 842/842/842
f 845/845/845 847/847/847 846/846/846
f 847/847/847 848/848/848 846/846/846
f 849/849/849 851/851/851 850/850/850
f 851/851/851 852/852/852 850/850/850
f 853/853/853 855/855/855 854/854/854
f 855/855/855 856/856/856 854/854/854
o carrier_rib
usemtl plate
v -33.55191249013598 6.448087451236495 63.387978174647344
v -33.55191249013598 6.448087451236495 59.0163934100521
v -33.55191249013598 2.732240417615963 63.387978174647344
v -33.55191249013598 2.732240417615963 59.0163934100521
v -37.48633887598424 6.448087451236495 59.0163934100521
v -37.48633887598424 6.448087451236495 63.387978174647344
v -37.48633887598424 2.732240417615963 59.0163934100521
v -37.48633887598424 2.732240417615963 63.387978174647344
v -37.48633887598424 6.448087451236495 59.0163934100521
v -33.55191249013598 6.448087451236495 59.0163934100521
v -37.48633887598424 6.448087451236495 63.387978174647344
v -33.55191249013598 6.448087451236495 63.387978174647344
v -37.48633887598424 2.732240417615963 63.387978174647344
v -33.55191249013598 2.732240417615963 63.387978174647344
v -37.48633887598424 2.732240417615963 59.0163934100521
v -33.55191249013598 2.732240417615963 59.0163934100521
v -37.48633887598424 6.448087451236495 63.387978174647344
v -33.55191249013598 6.448087451236495 63.387978174647344
v -37.48633887598424 2.732240417615963 63.387978174647344
v -33.55191249013598 2.732240417615963 63.387978174647344
v -33.55191249013598 6.448087451236495 59.0163934100521
v -37.48633887598424 6.448087451236495 59.0163934100521
v -33.55191249013598 2.732240417615963 59.0163934100521
v -37.48633887598424 2.732240417615963 59.0163934100521
vt 0 1
vt 1 1
vt 0 0
vt 1 0
vt 0 1
vt 1 1
vt 0 0
vt 1 0
vt 0 1
vt 1 1
vt 0 0
vt 1 0
vt 0 1
vt 1 1
vt 0 0
vt 1 0
vt 0 1
vt 1 1
vt 0 0
vt 1 0
vt 0 1
vt 1 1
vt 0 0
vt 1 0
vn 1 0 0
vn 1 0 0
vn 1 0 0
vn 1 0 0
vn -1 0 0
vn -1 0 0
vn -1 0 0
vn -1 0 0
vn 0 1 0
vn 0 1 0
vn 0 1 0
vn 0 1 0
vn 0 -1 0
vn 0 -1 0
vn 0 -1 0
vn 0 -1 0
vn 0 0 1
vn 0 0 1
vn 0 0 1
vn 0 0 1
vn 0 0 -1
vn 0 0 -1
vn 0 0 -1
vn 0 0 -1
f 857/857/857 859/859/859 858/858/858
f 859/859/859 860/860/860 858/858/858
f 861/861/861 863/863/863 862/862/862
f 863/863/863 864/864/864 862/862/862
f 865/865/865 867/867/867 866/866/866
f 867/867/867 868/868/868 866/866/866
f 869/869/869 871/871/871 870/870/870
f 871/871/871 872/872/872 870/870/870
f 873/873/873 875/875/875 874/874/874
f 875/875/875 876/876/876 874/874/874
f 877/877/877 879/879/879 878/878/878
f 879/879/879 880/880/880 878/878/878
o carrier_rib
usemtl plate
v -33.55191249013598 6.448087451236495 -56.830601060325336
v -33.55191249013598 6.448087451236495 -61.202185824920576
v -33.55191249013598 2.732240417615963 -56.830601060325336
v -33.55191249013598 2.732240417615963 -61.202185824920576
v -37.48633887598424 6.448087451236495 -61.202185824920576
v -37.48633887598424 6.448087451236495 -56.830601060325336
v -37.48633887598424 2.732240417615963 -61.202185824920576
v -37.48633887598424 2.732240417615963 -56.830601060325336
v -37.48633887598424 6.448087451236495 -61.202185824920576
v -33.55191249013598 6.448087451236495 -61.202185824920576
v -37.48633887598424 6.448087451236495 -56.830601060325336
v -33.55191249013598 6.448087451236495 -56.830601060325336
v -37.48633887598424 2.732240417615963 -56.830601060325336
v -33.55191249013598 2.732240417615963 -56.830601060325336
v -37.48633887598424 2.732240417615963 -61.202185824920576
v -33.55191249013598 2.732240417615963 -61.202185824920576
v -37.48633887598424 6.448087451236495 -56.830601060325336
v -33.55191249013598 6.448087451236495 -56.830601060325336
v -37.48633887598424 2.732240417615963 -56.830601060325336
v -33.55191249013598 2.732240417615963 -56.830601060325336
v -33.55191249013598 6.448087451236495 -61.202185824920576
v -37.48633887598424 6.448087451236495 -61.202185824920576
v -33.55191249013598 2.732240417615963 -61.202185824920576
v -37.48633887598424 2.732240417615963 -61.202185824920576
vt 0 1
vt 1 1
vt 0 0
vt 1 0
vt 0 1
vt 1 1
vt 0 0
vt 1 0
vt 0 1
vt 1 1
vt 0 0
vt 1 0
vt 0 1
vt 1 1
vt 0 0
vt 1 0
vt 0 1
vt 1 1
vt 0 0
vt 1 0
vt 0 1
vt 1 1
vt 0 0
vt 1 0
vn 1 0 0
vn 1 0 0
vn 1 0 0
vn 1 0 0
vn -1 0 0
vn -1 0 0
vn -1 0 0
vn -1 0 0
vn 0 1 0
vn 0 1 0
vn 0 1 0
vn 0 1 0
vn 0 -1 0
vn 0 -1 0
vn 0 -1 0
vn 0 -1 0
vn 0 0 1
vn 0 0 1
vn 0 0 1
vn 0 0 1
vn 0 0 -1
vn 0 0 -1
vn 0 0 -1
vn 0 0 -1
f 881/881/881 883/883/883 882/882/882
f 883/883/883 884/884/884 882/882/882
f 885/885/885 887/887/887 886/886/886
f 887/887/887 888/888/888 886/886/886
f 889/889/889 891/891/891 890/890/890
f 891/891/891 892/892/892 890/890/890
f 893/893/893 895/895/895 894/894/894
f 895/895/895 896/896/896 894/894/894
f 897/897/897 899/899/899 898/898/898
f 899/899/899 900/900/900 898/898/898
f 901/901/901 903/903/903 902/902/902
f 903/903/903 904/904/904 902/902/902
o carrier_engine_o_nacelle
usemtl plate
v 26.22950819672131 -5.136611878546206 113.11475396807728
v 29.475244277161977 -3.792184167872359 113.11475396807728
v 30.819671987835825 -0.546448087431692 113.11475396807728
v 29.475244277161977 2.699287993008975 113.11475396807728
v 26.22950819672131 4.043715703682824 113.11475396807728
v 22.98377211628064 2.699287993008975 113.11475396807728
v 21.639344405606792 -0.5464480874316909 113.11475396807728
v 22.98377211628064 -3.792184167872359 113.11475396807728
v 26.22950819672131 -5.136611878546206 113.11475396807728
v 26.22950819672131 -4.493989123672738 92.34972690623965
v 29.020841264985297 -3.337781155695683 92.34972690623965
v 30.17704923296235 -0.5464480874316966 92.34972690623965
v 29.020841264985297 2.2448849808322904 92.34972690623965
v 26.22950819672131 3.401092948809345 92.34972690623965
v 23.43817512845732 2.2448849808322904 92.34972690623965
v 22.281967160480267 -0.5464480874316956 92.34972690623965
v 23.43817512845732 -3.337781155695683 92.34972690623965
v 26.22950819672131 -4.493989123672738 92.34972690623965
v 26.22950819672131 -0.5464480874316917 113.11475396807728
v 26.22950819672131 -0.5464480874316917 113.11475396807728
v 26.22950819672131 -0.5464480874316917 113.11475396807728
v 26.22950819672131 -0.5464480874316917 113.11475396807728
v 26.22950819672131 -0.5464480874316917 113.11475396807728
v 26.22950819672131 -0.5464480874316917 113.11475396807728
v 26.22950819672131 -0.5464480874316917 113.11475396807728
v 26.22950819672131 -0.5464480874316917 113.11475396807728
v 26.22950819672131 -5.136611878546206 113.11475396807728
v 29.475244277161977 -3.792184167872359 113.11475396807728
v 30.819671987835825 -0.546448087431692 113.11475396807728
v 29.475244277161977 2.699287993008975 113.11475396807728
v 26.22950819672131 4.043715703682824 113.11475396807728
v 22.98377211628064 2.699287993008975 113.11475396807728
v 21.639344405606792 -0.5464480874316909 113.11475396807728
v 22.98377211628064 -3.792184167872359 113.11475396807728
v 26.22950819672131 -5.136611878546206 113.11475396807728
v 26.22950819672131 -0.5464480874316964 92.34972690623965
v 26.22950819672131 -0.5464480874316964 92.34972690623965
v 26.22950819672131 -0.5464480874316964 92.34972690623965
v 26.22950819672131 -0.5464480874316964 92.34972690623965
v 26.22950819672131 -0.5464480874316964 92.34972690623965
v 26.22950819672131 -0.5464480874316964 92.34972690623965
v 26.22950819672131 -0.5464480874316964 92.34972690623965
v 26.22950819672131 -0.5464480874316964 92.34972690623965
v 26.22950819672131 -4.493989123672738 92.34972690623965
v 29.020841264985297 -3.337781155695683 92.34972690623965
v 30.17704923296235 -0.5464480874316966 92.34972690623965
v 29.020841264985297 2.2448849808322904 92.34972690623965
v 26.22950819672131 3.401092948809345 92.34972690623965
v 23.43817512845732 2.2448849808322904 92.34972690623965
v 22.281967160480267 -0.5464480874316956 92.34972690623965
v 23.43817512845732 -3.337781155695683 92.34972690623965
v 26.22950819672131 -4.493989123672738 92.34972690623965
vt 0 1
vt 0.125 1
vt 0.25 1
vt 0.375 1
vt 0.5 1
vt 0.625 1
vt 0.75 1
vt 0.875 1
vt 1 1
vt 0 0
vt 0.125 0
vt 0.25 0
vt 0.375 0
vt 0.5 0
vt 0.625 0
vt 0.75 0
vt 0.875 0
vt 1 0
vt 0.5 0.5
vt 0.5 0.5
vt 0.5 0.5
vt 0.5 0.5
vt 0.5 0.5
vt 0.5 0.5
vt 0.5 0.5
vt 0.5 0.5
vt 1 0.5
vt 0.8535534143447876 0.8535534143447876
vt 0.5 1
vt 0.1464466154575348 0.8535534143447876
vt 0 0.5
vt 0.1464466154575348 0.1464466154575348
vt 0.5 0
vt 0.8535534143447876 0.1464466154575348
vt 1 0.5
vt 0.5 0.5
vt 0.5 0.5
vt 0.5 0.5
vt 0.5 0.5
vt 0.5 0.5
vt 0.5 0.5
vt 0.5 0.5
vt 0.5 0.5
vt 1 0.5
vt 0.8535534143447876 0.1464466154575348
vt 0.5 0
vt 0.1464466154575348 0.1464466154575348
vt 0 0.5
vt 0.1464466154575348 0.8535534143447876
vt 0.5 1
vt 0.8535534143447876 0.8535534143447876
vt 1 0.5
vn 0 -0.9995214739316493 -0.03093255808211079
vn 0.706768412127287 -0.706768412127287 -0.030932559514963594
vn 0.9995214739316493 -6.807144699847431e-17 -0.03093255808211101
vn 0.706768412127287 0.706768412127287 -0.030932559514963907
vn 1.2240607871962278e-16 0.9995214739316493 -0.030932558082111233
vn -0.706768412127287 0.706768412127287 -0.030932559514963907
vn -0.9995214739316493 1.7674071044077126e-16 -0.03093255808211101
vn -0.706768412127287 -0.706768412127287 -0.030932559514963594
vn -2.4481215743924557e-16 -0.9995214739316493 -0.03093255808211079
vn 0 -0.9995214739316493 -0.03093255808211079
vn 0.706768412127287 -0.706768412127287 -0.030932559514963594
vn 0.9995214739316493 -6.807144699847431e-17 -0.03093255808211101
vn 0.706768412127287 0.706768412127287 -0.030932559514963907
vn 1.2240607871962278e-16 0.9995214739316493 -0.030932558082111233
vn -0.706768412127287 0.706768412127287 -0.030932559514963907
vn -0.9995214739316493 1.7674071044077126e-16 -0.03093255808211101
vn -0.706768412127287 -0.706768412127287 -0.030932559514963594
vn -2.4481215743924557e-16 -0.9995214739316493 -0.03093255808211079
vn 0 2.220446049250313e-16 1
vn 0 2.220446049250313e-16 1
vn 0 2.220446049250313e-16 1
vn 0 2.220446049250313e-16 1
vn 0 2.220446049250313e-16 1
vn 0 2.220446049250313e-16 1
vn 0 2.220446049250313e-16 1
vn 0 2.220446049250313e-16 1
vn 0 2.220446049250313e-16 1
vn 0 2.220446049250313e-16 1
vn 0 2.220446049250313e-16 1
vn 0 2.220446049250313e-16 1
vn 0 2.220446049250313e-16 1
vn 0 2.220446049250313e-16 1
vn 0 2.220446049250313e-16 1
vn 0 2.220446049250313e-16 1
vn 0 2.220446049250313e-16 1
vn 0 -2.220446049250313e-16 -1
vn 0 -2.220446049250313e-16 -1
vn 0 -2.220446049250313e-16 -1
vn 0 -2.220446049250313e-16 -1
vn 0 -2.220446049250313e-16 -1
vn 0 -2.220446049250313e-16 -1
vn 0 -2.220446049250313e-16 -1
vn 0 -2.220446049250313e-16 -1
vn 0 -2.220446049250313e-16 -1
vn 0 -2.220446049250313e-16 -1
vn 0 -2.220446049250313e-16 -1
vn 0 -2.220446049250313e-16 -1
vn 0 -2.220446049250313e-16 -1
vn 0 -2.220446049250313e-16 -1
vn 0 -2.220446049250313e-16 -1
vn 0 -2.220446049250313e-16 -1
vn 0 -2.220446049250313e-16 -1
f 905/905/905 914/914/914 906/906/906
f 914/914/914 915/915/915 906/906/906
f 906/906/906 915/915/915 907/907/907
f 915/915/915 916/916/916 907/907/907
f 907/907/907 916/916/916 908/908/908
f 916/916/916 917/917/917 908/908/908
f 908/908/908 917/917/917 909/909/909
f 917/917/917 918/918/918 909/909/909
f 909/909/909 918/918/918 910/910/910
f 918/918/918 919/919/919 910/910/910
f 910/910/910 919/919/919 911/911/911
f 919/919/919 920/920/920 911/911/911
f 911/911/911 920/920/920 912/912/912
f 920/920/920 921/921/921 912/912/912
f 912/912/912 921/921/921 913/913/913
f 921/921/921 922/922/922 913/913/913
f 931/931/931 932/932/932 923/923/923
f 932/932/932 933/933/933 924/924/924
f 933/933/933 934/934/934 925/925/925
f 934/934/934 935/935/935 926/926/926
f 935/935/935 936/936/936 927/927/927
f 936/936/936 937/937/937 928/928/928
f 937/937/937 938/938/938 929/929/929
f 938/938/938 939/939/939 930/930/930
f 949/949/949 948/948/948 940/940/940
f 950/950/950 949/949/949 941/941/941
f 951/951/951 950/950/950 942/942/942
f 952/952/952 951/951/951 943/943/943
f 953/953/953 952/952/952 944/944/944
f 954/954/954 953/953/953 945/945/945
f 955/955/955 954/954/954 946/946/946
f 956/956/956 955/955/955 947/947/947
o carrier_engine_o_bell
usemtl thruster
v 26.22950819672131 -3.8513660430908203 114.20765028136675
v 28.566438089954396 -2.8833779806647795 114.20765028136675
v 29.534426152380433 -0.5464480874316942 114.20765028136675
v 28.566438089954396 1.7904818058013912 114.20765028136675
v 26.22950819672131 2.758469868227432 114.20765028136675
v 23.89257830348822 1.7904818058013912 114.20765028136675
v 22.924590241062184 -0.5464480874316933 114.20765028136675
v 23.89257830348822 -2.8833779806647795 114.20765028136675
v 26.22950819672131 -3.8513660430908203 114.20765028136675
v 26.22950819672131 -3.8513660430908203 113.11475409021794
v 28.566438089954396 -2.8833779806647795 113.11475409021794
v 29.534426152380433 -0.5464480874316944 113.11475409021794
v 28.566438089954396 1.7904818058013912 113.11475409021794
v 26.22950819672131 2.758469868227432 113.11475409021794
v 23.89257830348822 1.7904818058013912 113.11475409021794
v 22.924590241062184 -0.5464480874316936 113.11475409021794
v 23.89257830348822 -2.8833779806647795 113.11475409021794
v 26.22950819672131 -3.8513660430908203 113.11475409021794
v 26.22950819672131 -0.5464480874316939 114.20765028136675
v 26.22950819672131 -0.5464480874316939 114.20765028136675
v 26.22950819672131 -0.5464480874316939 114.20765028136675
v 26.22950819672131 -0.5464480874316939 114.20765028136675
v 26.22950819672131 -0.5464480874316939 114.20765028136675
v 26.22950819672131 -0.5464480874316939 114.20765028136675
v 26.22950819672131 -0.5464480874316939 114.20765028136675
v 26.22950819672131 -0.5464480874316939 114.20765028136675
v 26.22950819672131 -3.8513660430908203 114.20765028136675
v 28.566438089954396 -2.8833779806647795 114.20765028136675
v 29.534426152380433 -0.5464480874316942 114.20765028136675
v 28.566438089954396 1.7904818058013912 114.20765028136675
v 26.22950819672131 2.758469868227432 114.20765028136675
v 23.89257830348822 1.7904818058013912 114.20765028136675
v 22.924590241062184 -0.5464480874316933 114.20765028136675
v 23.89257830348822 -2.8833779806647795 114.20765028136675
v 26.22950819672131 -3.8513660430908203 114.20765028136675
v 26.22950819672131 -0.5464480874316942 113.11475409021794
v 26.22950819672131 -0.5464480874316942 113.11475409021794
v 26.22950819672131 -0.5464480874316942 113.11475409021794
v 26.22950819672131 -0.5464480874316942 113.11475409021794
v 26.22950819672131 -0.5464480874316942 113.11475409021794
v 26.22950819672131 -0.5464480874316942 113.11475409021794
v 26.22950819672131 -0.5464480874316942 113.11475409021794
v 26.22950819672131 -0.5464480874316942 113.11475409021794
v 26.22950819672131 -3.8513660430908203 113.11475409021794
v 28.566438089954396 -2.8833779806647795 113.11475409021794
v 29.534426152380433 -0.5464480874316944 113.11475409021794
v 28.566438089954396 1.7904818058013912 113.11475409021794
v 26.22950819672131 2.758469868227432 113.11475409021794
v 23.89257830348822 1.7904818058013912 113.11475409021794
v 22.924590241062184 -0.5464480874316936 113.11475409021794
v 23.89257830348822 -2.8833779806647795 113.11475409021794
v 26.22950819672131 -3.8513660430908203 113.11475409021794
vt 0 1
vt 0.125 1
vt 0.25 1
vt 0.375 1
vt 0.5 1
vt 0.625 1
vt 0.75 1
vt 0.875 1
vt 1 1
vt 0 0
vt 0.125 0
vt 0.25 0
vt 0.375 0
vt 0.5 0
vt 0.625 0
vt 0.75 0
vt 0.875 0
vt 1 0
vt 0.5 0.5
vt 0.5 0.5
vt 0.5 0.5
vt 0.5 0.5
vt 0.5 0.5
vt 0.5 0.5
vt 0.5 0.5
vt 0.5 0.5
vt 1 0.5
vt 0.8535534143447876 0.8535534143447876
vt 0.5 1
vt 0.1464466154575348 0.8535534143447876
vt 0 0.5
vt 0.1464466154575348 0.1464466154575348
vt 0.5 0
vt 0.8535534143447876 0.1464466154575348
vt 1 0.5
vt 0.5 0.5
vt 0.5 0.5
vt 0.5 0.5
vt 0.5 0.5
vt 0.5 0.5
vt 0.5 0.5
vt 0.5 0.5
vt 0.5 0.5
vt 1 0.5
vt 0.8535534143447876 0.1464466154575348
vt 0.5 0
vt 0.1464466154575348 0.1464466154575348
vt 0 0.5
vt 0.1464466154575348 0.8535534143447876
vt 0.5 1
vt 0.8535534143447876 0.8535534143447876
vt 1 0.5
vn 0 -1 2.220446049250313e-16
vn 0.7071067811865476 -0.7071067811865476 1.5700924586837752e-16
vn 1 -6.123234262925838e-17 1.359631132774783e-32
vn 0.7071067811865476 0.7071067811865476 -1.5700924586837752e-16
vn 1.2246468525851676e-16 1 -2.220446049250313e-16
vn -0.7071067811865476 0.7071067811865476 -1.5700924586837752e-16
vn -1 1.8369701465288535e-16 -4.0788931044507615e-32
vn -0.7071067811865476 -0.7071067811865476 1.5700924586837752e-16
vn -2.449293705170335e-16 -1 2.220446049250313e-16
vn 0 -1 2.220446049250313e-16
vn 0.7071067811865476 -0.7071067811865476 1.5700924586837752e-16
vn 1 -6.123234262925838e-17 1.359631132774783e-32
vn 0.7071067811865476 0.7071067811865476 -1.5700924586837752e-16
vn 1.2246468525851676e-16 1 -2.220446049250313e-16
vn -0.7071067811865476 0.7071067811865476 -1.5700924586837752e-16
vn -1 1.8369701465288535e-16 -4.0788931044507615e-32
vn -0.7071067811865476 -0.7071067811865476 1.5700924586837752e-16
vn -2.449293705170335e-16 -1 2.220446049250313e-16
vn 0 2.220446049250313e-16 1
vn 0 2.220446049250313e-16 1
vn 0 2.220446049250313e-16 1
vn 0 2.220446049250313e-16 1
vn 0 2.220446049250313e-16 1
vn 0 2.220446049250313e-16 1
vn 0 2.220446049250313e-16 1
vn 0 2.220446049250313e-16 1
vn 0 2.220446049250313e-16 1
vn 0 2.220446049250313e-16 1
vn 0 2.220446049250313e-16 1
vn 0 2.220446049250313e-16 1
vn 0 2.220446049250313e-16 1
vn 0 2.220446049250313e-16 1
vn 0 2.220446049250313e-16 1
vn 0 2.220446049250313e-16 1
vn 0 2.220446049250313e-16 1
vn 0 -2.220446049250313e-16 -1
vn 0 -2.220446049250313e-16 -1
vn 0 -2.220446049250313e-16 -1
vn 0 -2.220446049250313e-16 -1
vn 0 -2.220446049250313e-16 -1
vn 0 -2.220446049250313e-16 -1
vn 0 -2.220446049250313e-16 -1
vn 0 -2.220446049250313e-16 -1
vn 0 -2.220446049250313e-16 -1
vn 0 -2.220446049250313e-16 -1
vn 0 -2.220446049250313e-16 -1
vn 0 -2.220446049250313e-16 -1
vn 0 -2.220446049250313e-16 -1
vn 0 -2.220446049250313e-16 -1
vn 0 -2.220446049250313e-16 -1
vn 0 -2.220446049250313e-16 -1
vn 0 -2.220446049250313e-16 -1
f 957/957/957 966/966/966 958/958/958
f 966/966/966 967/967/967 958/958/958
f 958/958/958 967/967/967 959/959/959
f 967/967/967 968/968/968 959/959/959
f 959/959/959 968/968/968 960/960/960
f 968/968/968 969/969/969 960/960/960
f 960/960/960 969/969/969 961/961/961
f 969/969/969 970/970/970 961/961/961
f 961/961/961 970/970/970 962/962/962
f 970/970/970 971/971/971 962/962/962
f 962/962/962 971/971/971 963/963/963
f 971/971/971 972/972/972 963/963/963
f 963/963/963 972/972/972 964/964/964
f 972/972/972 973/973/973 964/964/964
f 964/964/964 973/973/973 965/965/965
f 973/973/973 974/974/974 965/965/965
f 983/983/983 984/984/984 975/975/975
f 984/984/984 985/985/985 976/976/976
f 985/985/985 986/986/986 977/977/977
f 986/986/986 987/987/987 978/978/978
f 987/987/987 988/988/988 979/979/979
f 988/988/988 989/989/989 980/980/980
f 989/989/989 990/990/990 981/981/981
f 990/990/990 991/991/991 982/982/982
f 1001/1001/1001 1000/1000/1000 992/992/992
f 1002/1002/1002 1001/1001/1001 993/993/993
f 1003/1003/1003 1002/1002/1002 994/994/994
f 1004/1004/1004 1003/1003/1003 995/995/995
f 1005/1005/1005 1004/1004/1004 996/996/996
f 1006/1006/1006 1005/1005/1005 997/997/997
f 1007/1007/1007 1006/1006/1006 998/998/998
f 1008/1008/1008 1007/1007/1007 999/999/999
o carrier_engine_i_nacelle
usemtl plate
v 13.114754098360654 -5.136611878546206 113.11475396807728
v 16.36049017880132 -3.792184167872359 113.11475396807728
v 17.70491788947517 -0.546448087431692 113.11475396807728
v 16.36049017880132 2.699287993008975 113.11475396807728
v 13.114754098360654 4.043715703682824 113.11475396807728
v 9.869018017919988 2.699287993008975 113.11475396807728
v 8.52459030724614 -0.5464480874316909 113.11475396807728
v 9.869018017919988 -3.792184167872359 113.11475396807728
v 13.114754098360653 -5.136611878546206 113.11475396807728
v 13.114754098360654 -4.493989123672738 92.34972690623965
v 15.90608716662464 -3.337781155695683 92.34972690623965
v 17.062295134601698 -0.5464480874316966 92.34972690623965
v 15.90608716662464 2.2448849808322904 92.34972690623965
v 13.114754098360654 3.401092948809345 92.34972690623965
v 10.323421030096668 2.2448849808322904 92.34972690623965
v 9.167213062119613 -0.5464480874316956 92.34972690623965
v 10.323421030096668 -3.337781155695683 92.34972690623965
v 13.114754098360653 -4.493989123672738 92.34972690623965
v 13.114754098360654 -0.5464480874316917 113.11475396807728
v 13.114754098360654 -0.5464480874316917 113.11475396807728
v 13.114754098360654 -0.5464480874316917 113.11475396807728
v 13.114754098360654 -0.5464480874316917 113.11475396807728
v 13.114754098360654 -0.5464480874316917 113.11475396807728
v 13.114754098360654 -0.5464480874316917 113.11475396807728
v 13.114754098360654 -0.5464480874316917 113.11475396807728
v 13.114754098360654 -0.5464480874316917 113.11475396807728
v 13.114754098360654 -5.136611878546206 113.11475396807728
v 16.36049017880132 -3.792184167872359 113.11475396807728
v 17.70491788947517 -0.546448087431692 113.11475396807728
v 16.36049017880132 2.699287993008975 113.11475396807728
v 13.114754098360654 4.043715703682824 113.11475396807728
v 9.869018017919988 2.699287993008975 113.11475396807728
v 8.52459030724614 -0.5464480874316909 113.11475396807728
v 9.869018017919988 -3.792184167872359 113.11475396807728
v 13.114754098360653 -5.136611878546206 113.11475396807728
v 13.114754098360654 -0.5464480874316964 92.34972690623965
v 13.114754098360654 -0.5464480874316964 92.34972690623965
v 13.114754098360654 -0.5464480874316964 92.34972690623965
v 13.114754098360654 -0.5464480874316964 92.34972690623965
v 13.114754098360654 -0.5464480874316964 92.34972690623965
v 13.114754098360654 -0.5464480874316964 92.34972690623965
v 13.114754098360654 -0.5464480874316964 92.34972690623965
v 13.114754098360654 -0.5464480874316964 92.34972690623965
v 13.114754098360654 -4.493989123672738 92.34972690623965
v 15.90608716662464 -3.337781155695683 92.34972690623965
v 17.062295134601698 -0.5464480874316966 92.34972690623965
v 15.90608716662464 2.2448849808322904 92.34972690623965
v 13.114754098360654 3.401092948809345 92.34972690623965
v 10.323421030096668 2.2448849808322904 92.34972690623965
v 9.167213062119613 -0.5464480874316956 92.34972690623965
v 10.323421030096668 -3.337781155695683 92.34972690623965
v 13.114754098360653 -4.493989123672738 92.34972690623965
vt 0 1
vt 0.125 1
vt 0.25 1
vt 0.375 1
vt 0.5 1
vt 0.625 1
vt 0.75 1
vt 0.875 1
vt 1 1
vt 0 0
vt 0.125 0
vt 0.25 0
vt 0.375 0
vt 0.5 0
vt 0.625 0
vt 0.75 0
vt 0.875 0
vt 1 0
vt 0.5 0.5
vt 0.5 0.5
vt 0.5 0.5
vt 0.5 0.5
vt 0.5 0.5
vt 0.5 0.5
vt 0.5 0.5
vt 0.5 0.5
vt 1 0.5
vt 0.8535534143447876 0.8535534143447876
vt 0.5 1
vt 0.1464466154575348 0.8535534143447876
vt 0 0.5
vt 0.1464466154575348 0.1464466154575348
vt 0.5 0
vt 0.8535534143447876 0.1464466154575348
vt 1 0.5
vt 0.5 0.5
vt 0.5 0.5
vt 0.5 0.5
vt 0.5 0.5
vt 0.5 0.5
vt 0.5 0.5
vt 0.5 0.5
vt 0.5 0.5
vt 1 0.5
vt 0.8535534143447876 0.1464466154575348
vt 0.5 0
vt 0.1464466154575348 0.1464466154575348
vt 0 0.5
vt 0.1464466154575348 0.8535534143447876
vt 0.5 1
vt 0.8535534143447876 0.8535534143447876
vt 1 0.5
vn 0 -0.9995214739316493 -0.03093255808211079
vn 0.706768412127287 -0.706768412127287 -0.030932559514963594
vn 0.9995214739316493 -6.807144699847431e-17 -0.03093255808211101
vn 0.706768412127287 0.706768412127287 -0.030932559514963907
vn 1.2240607871962278e-16 0.9995214739316493 -0.030932558082111233
vn -0.706768412127287 0.706768412127287 -0.030932559514963907
vn -0.9995214739316493 1.7674071044077126e-16 -0.03093255808211101
vn -0.706768412127287 -0.706768412127287 -0.030932559514963594
vn -2.4481215743924557e-16 -0.9995214739316493 -0.03093255808211079
vn 0 -0.9995214739316493 -0.03093255808211079
vn 0.706768412127287 -0.706768412127287 -0.030932559514963594
vn 0.9995214739316493 -6.807144699847431e-17 -0.03093255808211101
vn 0.706768412127287 0.706768412127287 -0.030932559514963907
vn 1.2240607871962278e-16 0.9995214739316493 -0.030932558082111233
vn -0.706768412127287 0.706768412127287 -0.030932559514963907
vn -0.9995214739316493 1.7674071044077126e-16 -0.03093255808211101
vn -0.706768412127287 -0.706768412127287 -0.030932559514963594
vn -2.4481215743924557e-16 -0.9995214739316493 -0.03093255808211079
vn 0 2.220446049250313e-16 1
vn 0 2.220446049250313e-16 1
vn 0 2.220446049250313e-16 1
vn 0 2.220446049250313e-16 1
vn 0 2.220446049250313e-16 1
vn 0 2.220446049250313e-16 1
vn 0 2.220446049250313e-16 1
vn 0 2.220446049250313e-16 1
vn 0 2.220446049250313e-16 1
vn 0 2.220446049250313e-16 1
vn 0 2.220446049250313e-16 1
vn 0 2.220446049250313e-16 1
vn 0 2.220446049250313e-16 1
vn 0 2.220446049250313e-16 1
vn 0 2.220446049250313e-16 1
vn 0 2.220446049250313e-16 1
vn 0 2.220446049250313e-16 1
vn 0 -2.220446049250313e-16 -1
vn 0 -2.220446049250313e-16 -1
vn 0 -2.220446049250313e-16 -1
vn 0 -2.220446049250313e-16 -1
vn 0 -2.220446049250313e-16 -1
vn 0 -2.220446049250313e-16 -1
vn 0 -2.220446049250313e-16 -1
vn 0 -2.220446049250313e-16 -1
vn 0 -2.220446049250313e-16 -1
vn 0 -2.220446049250313e-16 -1
vn 0 -2.220446049250313e-16 -1
vn 0 -2.220446049250313e-16 -1
vn 0 -2.220446049250313e-16 -1
vn 0 -2.220446049250313e-16 -1
vn 0 -2.220446049250313e-16 -1
vn 0 -2.220446049250313e-16 -1
vn 0 -2.220446049250313e-16 -1
f 1009/1009/1009 1018/1018/1018 1010/1010/1010
f 1018/1018/1018 1019/1019/1019 1010/1010/1010
f 1010/1010/1010 1019/1019/1019 1011/1011/1011
f 1019/1019/1019 1020/1020/1020 1011/1011/1011
f 1011/1011/1011 1020/1020/1020 1012/1012/1012
f 1020/1020/1020 1021/1021/1021 1012/1012/1012
f 1012/1012/1012 1021/1021/1021 1013/1013/1013
f 1021/1021/1021 1022/1022/1022 1013/1013/1013
f 1013/1013/1013 1022/1022/1022 1014/1014/1014
f 1022/1022/1022 1023/1023/1023 1014/1014/1014
f 1014/1014/1014 1023/1023/1023 1015/1015/1015
f 1023/1023/1023 1024/1024/1024 1015/1015/1015
f 1015/1015/1015 1024/1024/1024 1016/1016/1016
f 1024/1024/1024 1025/1025/1025 1016/1016/1016
f 1016/1016/1016 1025/1025/1025 1017/1017/1017
f 1025/1025/1025 1026/1026/1026 1017/1017/1017
f 1035/1035/1035 1036/1036/1036 1027/1027/1027
f 1036/1036/1036 1037/1037/1037 1028/1028/1028
f 1037/1037/1037 1038/1038/1038 1029/1029/1029
f 1038/1038/1038 1039/1039/1039 1030/1030/1030
f 1039/1039/1039 1040/1040/1040 1031/1031/1031
f 1040/1040/1040 1041/1041/1041 1032/1032/1032
f 1041/1041/1041 1042/1042/1042 1033/1033/1033
f 1042/1042/1042 1043/1043/1043 1034/1034/1034
f 1053/1053/1053 1052/1052/1052 1044/1044/1044
f 1054/1054/1054 1053/1053/1053 1045/1045/1045
f 1055/1055/1055 1054/1054/1054 1046/1046/1046
f 1056/1056/1056 1055/1055/1055 1047/1047/1047
f 1057/1057/1057 1056/1056/1056 1048/1048/1048
f 1058/1058/1058 1057/1057/1057 1049/1049/1049
f 1059/1059/1059 1058/1058/1058 1050/1050/1050
f 1060/1060/1060 1059/1059/1059 1051/1051/1051
o carrier_engine_i_bell
usemtl thruster
v 13.114754098360654 -3.8513660430908203 114.20765028136675
v 15.45168399159374 -2.8833779806647795 114.20765028136675
v 16.41967205401978 -0.5464480874316942 114.20765028136675
v 15.45168399159374 1.7904818058013912 114.20765028136675
v 13.114754098360654 2.758469868227432 114.20765028136675
v 10.777824205127569 1.7904818058013912 114.20765028136675
v 9.809836142701528 -0.5464480874316933 114.20765028136675
v 10.777824205127569 -2.8833779806647795 114.20765028136675
v 13.114754098360654 -3.8513660430908203 114.20765028136675
v 13.114754098360654 -3.8513660430908203 113.11475409021794
v 15.45168399159374 -2.8833779806647795 113.11475409021794
v 16.41967205401978 -0.5464480874316944 113.11475409021794
v 15.45168399159374 1.7904818058013912 113.11475409021794
v 13.114754098360654 2.758469868227432 113.11475409021794
v 10.777824205127569 1.7904818058013912 113.11475409021794
v 9.809836142701528 -0.5464480874316936 113.11475409021794
v 10.777824205127569 -2.8833779806647795 113.11475409021794
v 13.114754098360654 -3.8513660430908203 113.11475409021794
v 13.114754098360654 -0.5464480874316939 114.20765028136675
v 13.114754098360654 -0.5464480874316939 114.20765028136675
v 13.114754098360654 -0.5464480874316939 114.20765028136675
v 13.114754098360654 -0.5464480874316939 114.20765028136675
v 13.114754098360654 -0.5464480874316939 114.20765028136675
v 13.114754098360654 -0.5464480874316939 114.20765028136675
v 13.114754098360654 -0.5464480874316939 114.20765028136675
v 13.114754098360654 -0.5464480874316939 114.20765028136675
v 13.114754098360654 -3.8513660430908203 114.20765028136675
v 15.45168399159374 -2.8833779806647795 114.20765028136675
v 16.41967205401978 -0.5464480874316942 114.20765028136675
v 15.45168399159374 1.7904818058013912 114.20765028136675
v 13.114754098360654 2.758469868227432 114.20765028136675
v 10.777824205127569 1.7904818058013912 114.20765028136675
v 9.809836142701528 -0.5464480874316933 114.20765028136675
v 10.777824205127569 -2.8833779806647795 114.20765028136675
v 13.114754098360654 -3.8513660430908203 114.20765028136675
v 13.114754098360654 -0.5464480874316942 113.11475409021794
v 13.114754098360654 -0.5464480874316942 113.11475409021794
v 13.114754098360654 -0.5464480874316942 113.11475409021794
v 13.114754098360654 -0.5464480874316942 113.11475409021794
v 13.114754098360654 -0.5464480874316942 113.11475409021794
v 13.114754098360654 -0.5464480874316942 113.11475409021794
v 13.114754098360654 -0.5464480874316942 113.11475409021794
v 13.114754098360654 -0.5464480874316942 113.11475409021794
v 13.114754098360654 -3.8513660430908203 113.11475409021794
v 15.45168399159374 -2.8833779806647795 113.11475409021794
v 16.41967205401978 -0.5464480874316944 113.11475409021794
v 15.45168399159374 1.7904818058013912 113.11475409021794
v 13.114754098360654 2.758469868227432 113.11475409021794
v 10.777824205127569 1.7904818058013912 113.11475409021794
v 9.809836142701528 -0.5464480874316936 113.11475409021794
v 10.777824205127569 -2.8833779806647795 113.11475409021794
v 13.114754098360654 -3.8513660430908203 113.11475409021794
vt 0 1
vt 0.125 1
vt 0.25 1
vt 0.375 1
vt 0.5 1
vt 0.625 1
vt 0.75 1
vt 0.875 1
vt 1 1
vt 0 0
vt 0.125 0
vt 0.25 0
vt 0.375 0
vt 0.5 0
vt 0.625 0
vt 0.75 0
vt 0.875 0
vt 1 0
vt 0.5 0.5
vt 0.5 0.5
vt 0.5 0.5
vt 0.5 0.5
vt 0.5 0.5
vt 0.5 0.5
vt 0.5 0.5
vt 0.5 0.5
vt 1 0.5
vt 0.8535534143447876 0.8535534143447876
vt 0.5 1
vt 0.1464466154575348 0.8535534143447876
vt 0 0.5
vt 0.1464466154575348 0.1464466154575348
vt 0.5 0
vt 0.8535534143447876 0.1464466154575348
vt 1 0.5
vt 0.5 0.5
vt 0.5 0.5
vt 0.5 0.5
vt 0.5 0.5
vt 0.5 0.5
vt 0.5 0.5
vt 0.5 0.5
vt 0.5 0.5
vt 1 0.5
vt 0.8535534143447876 0.1464466154575348
vt 0.5 0
vt 0.1464466154575348 0.1464466154575348
vt 0 0.5
vt 0.1464466154575348 0.8535534143447876
vt 0.5 1
vt 0.8535534143447876 0.8535534143447876
vt 1 0.5
vn 0 -1 2.220446049250313e-16
vn 0.7071067811865476 -0.7071067811865476 1.5700924586837752e-16
vn 1 -6.123234262925838e-17 1.359631132774783e-32
vn 0.7071067811865476 0.7071067811865476 -1.5700924586837752e-16
vn 1.2246468525851676e-16 1 -2.220446049250313e-16
vn -0.7071067811865476 0.7071067811865476 -1.5700924586837752e-16
vn -1 1.8369701465288535e-16 -4.0788931044507615e-32
vn -0.7071067811865476 -0.7071067811865476 1.5700924586837752e-16
vn -2.449293705170335e-16 -1 2.220446049250313e-16
vn 0 -1 2.220446049250313e-16
vn 0.7071067811865476 -0.7071067811865476 1.5700924586837752e-16
vn 1 -6.123234262925838e-17 1.359631132774783e-32
vn 0.7071067811865476 0.7071067811865476 -1.5700924586837752e-16
vn 1.2246468525851676e-16 1 -2.220446049250313e-16
vn -0.7071067811865476 0.7071067811865476 -1.5700924586837752e-16
vn -1 1.8369701465288535e-16 -4.0788931044507615e-32
vn -0.7071067811865476 -0.7071067811865476 1.5700924586837752e-16
vn -2.449293705170335e-16 -1 2.220446049250313e-16
vn 0 2.220446049250313e-16 1
vn 0 2.220446049250313e-16 1
vn 0 2.220446049250313e-16 1
vn 0 2.220446049250313e-16 1
vn 0 2.220446049250313e-16 1
vn 0 2.220446049250313e-16 1
vn 0 2.220446049250313e-16 1
vn 0 2.220446049250313e-16 1
vn 0 2.220446049250313e-16 1
vn 0 2.220446049250313e-16 1
vn 0 2.220446049250313e-16 1
vn 0 2.220446049250313e-16 1
vn 0 2.220446049250313e-16 1
vn 0 2.220446049250313e-16 1
vn 0 2.220446049250313e-16 1
vn 0 2.220446049250313e-16 1
vn 0 2.220446049250313e-16 1
vn 0 -2.220446049250313e-16 -1
vn 0 -2.220446049250313e-16 -1
vn 0 -2.220446049250313e-16 -1
vn 0 -2.220446049250313e-16 -1
vn 0 -2.220446049250313e-16 -1
vn 0 -2.220446049250313e-16 -1
vn 0 -2.220446049250313e-16 -1
vn 0 -2.220446049250313e-16 -1
vn 0 -2.220446049250313e-16 -1
vn 0 -2.220446049250313e-16 -1
vn 0 -2.220446049250313e-16 -1
vn 0 -2.220446049250313e-16 -1
vn 0 -2.220446049250313e-16 -1
vn 0 -2.220446049250313e-16 -1
vn 0 -2.220446049250313e-16 -1
vn 0 -2.220446049250313e-16 -1
vn 0 -2.220446049250313e-16 -1
f 1061/1061/1061 1070/1070/1070 1062/1062/1062
f 1070/1070/1070 1071/1071/1071 1062/1062/1062
f 1062/1062/1062 1071/1071/1071 1063/1063/1063
f 1071/1071/1071 1072/1072/1072 1063/1063/1063
f 1063/1063/1063 1072/1072/1072 1064/1064/1064
f 1072/1072/1072 1073/1073/1073 1064/1064/1064
f 1064/1064/1064 1073/1073/1073 1065/1065/1065
f 1073/1073/1073 1074/1074/1074 1065/1065/1065
f 1065/1065/1065 1074/1074/1074 1066/1066/1066
f 1074/1074/1074 1075/1075/1075 1066/1066/1066
f 1066/1066/1066 1075/1075/1075 1067/1067/1067
f 1075/1075/1075 1076/1076/1076 1067/1067/1067
f 1067/1067/1067 1076/1076/1076 1068/1068/1068
f 1076/1076/1076 1077/1077/1077 1068/1068/1068
f 1068/1068/1068 1077/1077/1077 1069/1069/1069
f 1077/1077/1077 1078/1078/1078 1069/1069/1069
f 1087/1087/1087 1088/1088/1088 1079/1079/1079
f 1088/1088/1088 1089/1089/1089 1080/1080/1080
f 1089/1089/1089 1090/1090/1090 1081/1081/1081
f 1090/1090/1090 1091/1091/1091 1082/1082/1082
f 1091/1091/1091 1092/1092/1092 1083/1083/1083
f 1092/1092/1092 1093/1093/1093 1084/1084/1084
f 1093/1093/1093 1094/1094/1094 1085/1085/1085
f 1094/1094/1094 1095/1095/1095 1086/1086/1086
f 1105/1105/1105 1104/1104/1104 1096/1096/1096
f 1106/1106/1106 1105/1105/1105 1097/1097/1097
f 1107/1107/1107 1106/1106/1106 1098/1098/1098
f 1108/1108/1108 1107/1107/1107 1099/1099/1099
f 1109/1109/1109 1108/1108/1108 1100/1100/1100
f 1110/1110/1110 1109/1109/1109 1101/1101/1101
f 1111/1111/1111 1110/1110/1110 1102/1102/1102
f 1112/1112/1112 1111/1111/1111 1103/1103/1103
o carrier_sponson
usemtl plate
v 38.79781420765027 1.6393442622950818 38.25136612021858
v 38.79781420765027 1.6393442622950818 -60.10928961748634
v 38.79781420765027 -3.8251366120218577 38.25136612021858
v 38.79781420765027 -3.8251366120218577 -60.10928961748634
v 33.333333333333336 1.6393442622950818 -60.10928961748634
v 33.333333333333336 1.6393442622950818 38.25136612021858
v 33.333333333333336 -3.8251366120218577 -60.10928961748634
v 33.333333333333336 -3.8251366120218577 38.25136612021858
v 33.333333333333336 1.6393442622950818 -60.10928961748634
v 38.79781420765027 1.6393442622950818 -60.10928961748634
v 33.333333333333336 1.6393442622950818 38.25136612021858
v 38.79781420765027 1.6393442622950818 38.25136612021858
v 33.333333333333336 -3.8251366120218577 38.25136612021858
v 38.79781420765027 -3.8251366120218577 38.25136612021858
v 33.333333333333336 -3.8251366120218577 -60.10928961748634
v 38.79781420765027 -3.8251366120218577 -60.10928961748634
v 33.333333333333336 1.6393442622950818 38.25136612021858
v 38.79781420765027 1.6393442622950818 38.25136612021858
v 33.333333333333336 -3.8251366120218577 38.25136612021858
v 38.79781420765027 -3.8251366120218577 38.25136612021858
v 38.79781420765027 1.6393442622950818 -60.10928961748634
v 33.333333333333336 1.6393442622950818 -60.10928961748634
v 38.79781420765027 -3.8251366120218577 -60.10928961748634
v 33.333333333333336 -3.8251366120218577 -60.10928961748634
vt 0 1
vt 1 1
vt 0 0
vt 1 0
vt 0 1
vt 1 1
vt 0 0
vt 1 0
vt 0 1
vt 1 1
vt 0 0
vt 1 0
vt 0 1
vt 1 1
vt 0 0
vt 1 0
vt 0 1
vt 1 1
vt 0 0
vt 1 0
vt 0 1
vt 1 1
vt 0 0
vt 1 0
vn 1 0 0
vn 1 0 0
vn 1 0 0
vn 1 0 0
vn -1 0 0
vn -1 0 0
vn -1 0 0
vn -1 0 0
vn 0 1 0
vn 0 1 0
vn 0 1 0
vn 0 1 0
vn 0 -1 0
vn 0 -1 0
vn 0 -1 0
vn 0 -1 0
vn 0 0 1
vn 0 0 1
vn 0 0 1
vn 0 0 1
vn 0 0 -1
vn 0 0 -1
vn 0 0 -1
vn 0 0 -1
f 1113/1113/1113 1115/1115/1115 1114/1114/1114
f 1115/1115/1115 1116/1116/1116 1114/1114/1114
f 1117/1117/1117 1119/1119/1119 1118/1118/1118
f 1119/1119/1119 1120/1120/1120 1118/1118/1118
f 1121/1121/1121 1123/1123/1123 1122/1122/1122
f 1123/1123/1123 1124/1124/1124 1122/1122/1122
f 1125/1125/1125 1127/1127/1127 1126/1126/1126
f 1127/1127/1127 1128/1128/1128 1126/1126/1126
f 1129/1129/1129 1131/1131/1131 1130/1130/1130
f 1131/1131/1131 1132/1132/1132 1130/1130/1130
f 1133/1133/1133 1135/1135/1135 1134/1134/1134
f 1135/1135/1135 1136/1136/1136 1134/1134/1134
o carrier_hangar
usemtl accent
v 39.67213114021254 1.6393442622950818 28.41530002531458
v 39.67213114021254 1.6393442622950818 -54.64480822203589
v 39.67213114021254 -3.8251366120218577 28.41530002531458
v 39.67213114021254 -3.8251366120218577 -54.64480822203589
v 39.016393449951394 1.6393442622950818 -54.64480822203589
v 39.016393449951394 1.6393442622950818 28.41530002531458
v 39.016393449951394 -3.8251366120218577 -54.64480822203589
v 39.016393449951394 -3.8251366120218577 28.41530002531458
v 39.016393449951394 1.6393442622950818 -54.64480822203589
v 39.67213114021254 1.6393442622950818 -54.64480822203589
v 39.016393449951394 1.6393442622950818 28.41530002531458
v 39.67213114021254 1.6393442622950818 28.41530002531458
v 39.016393449951394 -3.8251366120218577 28.41530002531458
v 39.67213114021254 -3.8251366120218577 28.41530002531458
v 39.016393449951394 -3.8251366120218577 -54.64480822203589
v 39.67213114021254 -3.8251366120218577 -54.64480822203589
v 39.016393449951394 1.6393442622950818 28.41530002531458
v 39.67213114021254 1.6393442622950818 28.41530002531458
v 39.016393449951394 -3.8251366120218577 28.41530002531458
v 39.67213114021254 -3.8251366120218577 28.41530002531458
v 39.67213114021254 1.6393442622950818 -54.64480822203589
v 39.016393449951394 1.6393442622950818 -54.64480822203589
v 39.67213114021254 -3.8251366120218577 -54.64480822203589
v 39.016393449951394 -3.8251366120218577 -54.64480822203589
vt 0 1
vt 1 1
vt 0 0
vt 1 0
vt 0 1
vt 1 1
vt 0 0
vt 1 0
vt 0 1
vt 1 1
vt 0 0
vt 1 0
vt 0 1
vt 1 1
vt 0 0
vt 1 0
vt 0 1
vt 1 1
vt 0 0
vt 1 0
vt 0 1
vt 1 1
vt 0 0
vt 1 0
vn 1 0 0
vn 1 0 0
vn 1 0 0
vn 1 0 0
vn -1 0 0
vn -1 0 0
vn -1 0 0
vn -1 0 0
vn 0 1 0
vn 0 1 0
vn 0 1 0
vn 0 1 0
vn 0 -1 0
vn 0 -1 0
vn 0 -1 0
vn 0 -1 0
vn 0 0 1
vn 0 0 1
vn 0 0 1
vn 0 0 1
vn 0 0 -1
vn 0 0 -1
vn 0 0 -1
vn 0 0 -1
f 1137/1137/1137 1139/1139/1139 1138/1138/1138
f 1139/1139/1139 1140/1140/1140 1138/1138/1138
f 1141/1141/1141 1143/1143/1143 1142/1142/1142
f 1143/1143/1143 1144/1144/1144 1142/1142/1142
f 1145/1145/1145 1147/1147/1147 1146/1146/1146
f 1147/1147/1147 1148/1148/1148 1146/1146/1146
f 1149/1149/1149 1151/1151/1151 1150/1150/1150
f 1151/1151/1151 1152/1152/1152 1150/1150/1150
f 1153/1153/1153 1155/1155/1155 1154/1154/1154
f 1155/1155/1155 1156/1156/1156 1154/1154/1154
f 1157/1157/1157 1159/1159/1159 1158/1158/1158
f 1159/1159/1159 1160/1160/1160 1158/1158/1158
o carrier_rib
usemtl plate
v 37.48633887598424 6.448087451236495 63.387978174647344
v 37.48633887598424 6.448087451236495 59.0163934100521
v 37.48633887598424 2.732240417615963 63.387978174647344
v 37.48633887598424 2.732240417615963 59.0163934100521
v 33.55191249013598 6.448087451236495 59.0163934100521
v 33.55191249013598 6.448087451236495 63.387978174647344
v 33.55191249013598 2.732240417615963 59.0163934100521
v 33.55191249013598 2.732240417615963 63.387978174647344
v 33.55191249013598 6.448087451236495 59.0163934100521
v 37.48633887598424 6.448087451236495 59.0163934100521
v 33.55191249013598 6.448087451236495 63.387978174647344
v 37.48633887598424 6.448087451236495 63.387978174647344
v 33.55191249013598 2.732240417615963 63.387978174647344
v 37.48633887598424 2.732240417615963 63.387978174647344
v 33.55191249013598 2.732240417615963 59.0163934100521
v 37.48633887598424 2.732240417615963 59.0163934100521
v 33.55191249013598 6.448087451236495 63.387978174647344
v 37.48633887598424 6.448087451236495 63.387978174647344
v 33.55191249013598 2.732240417615963 63.387978174647344
v 37.48633887598424 2.732240417615963 63.387978174647344
v 37.48633887598424 6.448087451236495 59.0163934100521
v 33.55191249013598 6.448087451236495 59.0163934100521
v 37.48633887598424 2.732240417615963 59.0163934100521
v 33.55191249013598 2.732240417615963 59.0163934100521
vt 0 1
vt 1 1
vt 0 0
vt 1 0
vt 0 1
vt 1 1
vt 0 0
vt 1 0
vt 0 1
vt 1 1
vt 0 0
vt 1 0
vt 0 1
vt 1 1
vt 0 0
vt 1 0
vt 0 1
vt 1 1
vt 0 0
vt 1 0
vt 0 1
vt 1 1
vt 0 0
vt 1 0
vn 1 0 0
vn 1 0 0
vn 1 0 0
vn 1 0 0
vn -1 0 0
vn -1 0 0
vn -1 0 0
vn -1 0 0
vn 0 1 0
vn 0 1 0
vn 0 1 0
vn 0 1 0
vn 0 -1 0
vn 0 -1 0
vn 0 -1 0
vn 0 -1 0
vn 0 0 1
vn 0 0 1
vn 0 0 1
vn 0 0 1
vn 0 0 -1
vn 0 0 -1
vn 0 0 -1
vn 0 0 -1
f 1161/1161/1161 1163/1163/1163 1162/1162/1162
f 1163/1163/1163 1164/1164/1164 1162/1162/1162
f 1165/1165/1165 1167/1167/1167 1166/1166/1166
f 1167/1167/1167 1168/1168/1168 1166/1166/1166
f 1169/1169/1169 1171/1171/1171 1170/1170/1170
f 1171/1171/1171 1172/1172/1172 1170/1170/1170
f 1173/1173/1173 1175/1175/1175 1174/1174/1174
f 1175/1175/1175 1176/1176/1176 1174/1174/1174
f 1177/1177/1177 1179/1179/1179 1178/1178/1178
f 1179/1179/1179 1180/1180/1180 1178/1178/1178
f 1181/1181/1181 1183/1183/1183 1182/1182/1182
f 1183/1183/1183 1184/1184/1184 1182/1182/1182
o carrier_rib
usemtl plate
v 37.48633887598424 6.448087451236495 -56.830601060325336
v 37.48633887598424 6.448087451236495 -61.202185824920576
v 37.48633887598424 2.732240417615963 -56.830601060325336
v 37.48633887598424 2.732240417615963 -61.202185824920576
v 33.55191249013598 6.448087451236495 -61.202185824920576
v 33.55191249013598 6.448087451236495 -56.830601060325336
v 33.55191249013598 2.732240417615963 -61.202185824920576
v 33.55191249013598 2.732240417615963 -56.830601060325336
v 33.55191249013598 6.448087451236495 -61.202185824920576
v 37.48633887598424 6.448087451236495 -61.202185824920576
v 33.55191249013598 6.448087451236495 -56.830601060325336
v 37.48633887598424 6.448087451236495 -56.830601060325336
v 33.55191249013598 2.732240417615963 -56.830601060325336
v 37.48633887598424 2.732240417615963 -56.830601060325336
v 33.55191249013598 2.732240417615963 -61.202185824920576
v 37.48633887598424 2.732240417615963 -61.202185824920576
v 33.55191249013598 6.448087451236495 -56.830601060325336
v 37.48633887598424 6.448087451236495 -56.830601060325336
v 33.55191249013598 2.732240417615963 -56.830601060325336
v 37.48633887598424 2.732240417615963 -56.830601060325336
v 37.48633887598424 6.448087451236495 -61.202185824920576
v 33.55191249013598 6.448087451236495 -61.202185824920576
v 37.48633887598424 2.732240417615963 -61.202185824920576
v 33.55191249013598 2.732240417615963 -61.202185824920576
vt 0 1
vt 1 1
vt 0 0
vt 1 0
vt 0 1
vt 1 1
vt 0 0
vt 1 0
vt 0 1
vt 1 1
vt 0 0
vt 1 0
vt 0 1
vt 1 1
vt 0 0
vt 1 0
vt 0 1
vt 1 1
vt 0 0
vt 1 0
vt 0 1
vt 1 1
vt 0 0
vt 1 0
vn 1 0 0
vn 1 0 0
vn 1 0 0
vn 1 0 0
vn -1 0 0
vn -1 0 0
vn -1 0 0
vn -1 0 0
vn 0 1 0
vn 0 1 0
vn 0 1 0
vn 0 1 0
vn 0 -1 0
vn 0 -1 0
vn 0 -1 0
vn 0 -1 0
vn 0 0 1
vn 0 0 1
vn 0 0 1
vn 0 0 1
vn 0 0 -1
vn 0 0 -1
vn 0 0 -1
vn 0 0 -1
f 1185/1185/1185 1187/1187/1187 1186/1186/1186
f 1187/1187/1187 1188/1188/1188 1186/1186/1186
f 1189/1189/1189 1191/1191/1191 1190/1190/1190
f 1191/1191/1191 1192/1192/1192 1190/1190/1190
f 1193/1193/1193 1195/1195/1195 1194/1194/1194
f 1195/1195/1195 1196/1196/1196 1194/1194/1194
f 1197/1197/1197 1199/1199/1199 1198/1198/1198
f 1199/1199/1199 1200/1200/1200 1198/1198/1198
f 1201/1201/1201 1203/1203/1203 1202/1202/1202
f 1203/1203/1203 1204/1204/1204 1202/1202/1202
f 1205/1205/1205 1207/1207/1207 1206/1206/1206
f 1207/1207/1207 1208/1208/1208 1206/1206/1206
