mtllib Corvette.mtl
o corvette_hull
usemtl hull
v -4.040540456771851 -1.3702702200090562 -5.621621705390311
v 0 -1.3702702200090562 -11.945946281020705
v 4.040540456771851 -1.3702702200090562 -5.621621705390311
v -4.567567400030187 -1.3702702200090562 10.189189524263949
v -8.256756421681995 -1.3702702200090562 9.486486654023865
v -4.040540456771851 -1.3702702200090562 -5.621621705390311
v 8.256756421681995 -1.3702702200090562 9.486486654023865
v 4.567567400030187 -1.3702702200090562 10.189189524263949
v 0 -1.3702702200090562 1.7567567567567566
v -4.040540456771851 -1.3702702200090562 -5.621621705390311
v 4.040540456771851 -1.3702702200090562 -5.621621705390311
v 8.256756421681995 -1.3702702200090562 9.486486654023865
v 0 -1.3702702200090562 1.7567567567567566
v -4.567567400030187 -1.3702702200090562 10.189189524263949
v -4.040540456771851 -1.3702702200090562 -5.621621705390311
v -4.040540456771851 -1.3702702200090562 -5.621621705390311
v 8.256756421681995 -1.3702702200090562 9.486486654023865
v 0 -1.3702702200090562 1.7567567567567566
v 4.040540456771851 0.80810817512306 -5.621621705390311
v 0 0.80810817512306 -11.945946281020705
v -4.040540456771851 0.80810817512306 -5.621621705390311
v -4.040540456771851 0.80810817512306 -5.621621705390311
v -8.256756421681995 0.80810817512306 9.486486654023865
v -4.567567400030187 0.80810817512306 10.189189524263949
v 0 0.80810817512306 1.7567567567567566
v 4.567567400030187 0.80810817512306 10.189189524263949
v 8.256756421681995 0.80810817512306 9.486486654023865
v 8.256756421681995 0.80810817512306 9.486486654023865
v 4.040540456771851 0.80810817512306 -5.621621705390311
v -4.040540456771851 0.80810817512306 -5.621621705390311
v -4.040540456771851 0.80810817512306 -5.621621705390311
v -4.567567400030187 0.80810817512306 10.189189524263949
v 0 0.80810817512306 1.7567567567567566
v 0 0.80810817512306 1.7567567567567566
v 8.256756421681995 0.80810817512306 9.486486654023865
v -4.040540456771851 0.80810817512306 -5.621621705390311
v -4.040540456771851 -1.3702702200090562 -5.621621705390311
v -8.256756421681995 -1.3702702200090562 9.486486654023865
v -4.299997639011692 -1.0891891975660581 -5.737592336293813
v -8.256756421681995 -1.3702702200090562 9.486486654023865
v -8.594554501610832 -1.0891891975660581 9.69602314201561
v -4.299997639011692 -1.0891891975660581 -5.737592336293813
v -4.299997639011692 -1.0891891975660581 -5.737592336293813
v -8.594554501610832 -1.0891891975660581 9.69602314201561
v -4.299997639011692 0.5270270479691994 -5.737592336293813
v -8.594554501610832 -1.0891891975660581 9.69602314201561
v -8.594554501610832 0.5270270479691994 9.69602314201561
v -4.299997639011692 0.5270270479691994 -5.737592336293813
v -4.299997639011692 0.5270270479691994 -5.737592336293813
v -8.594554501610832 0.5270270479691994 9.69602314201561
v -4.040540456771851 0.80810817512306 -5.621621705390311
v -8.594554501610832 0.5270270479691994 9.69602314201561
v -8.256756421681995 0.80810817512306 9.486486654023865
v -4.040540456771851 0.80810817512306 -5.621621705390311
v -8.256756421681995 -1.3702702200090562 9.486486654023865
v -4.567567400030187 -1.3702702200090562 10.189189524263949
v -8.594554501610832 -1.0891891975660581 9.69602314201561
v -4.567567400030187 -1.3702702200090562 10.189189524263949
v -4.418291175687635 -1.0891891975660581 10.503757708781473
v -8.594554501610832 -1.0891891975660581 9.69602314201561
v -8.594554501610832 -1.0891891975660581 9.69602314201561
v -4.418291175687635 -1.0891891975660581 10.503757708781473
v -8.594554501610832 0.5270270479691994 9.69602314201561
v -4.418291175687635 -1.0891891975660581 10.503757708781473
v -4.418291175687635 0.5270270479691994 10.503757708781473
v -8.594554501610832 0.5270270479691994 9.69602314201561
v -8.594554501610832 0.5270270479691994 9.69602314201561
v -4.418291175687635 0.5270270479691994 10.503757708781473
v -8.256756421681995 0.80810817512306 9.486486654023865
v -4.418291175687635 0.5270270479691994 10.503757708781473
v -4.567567400030187 0.80810817512306 10.189189524263949
v -8.256756421681995 0.80810817512306 9.486486654023865
v -4.567567400030187 -1.3702702200090562 10.189189524263949
v 0 -1.3702702200090562 1.7567567567567566
v -4.418291175687635 -1.0891891975660581 10.503757708781473
v 0 -1.3702702200090562 1.7567567567567566
v 1.0509742490324346e-17 -1.0891891975660581 2.154265368306959
v -4.418291175687635 -1.0891891975660581 10.503757708781473
v -4.418291175687635 -1.0891891975660581 10.503757708781473
v 1.0509742490324346e-17 -1.0891891975660581 2.154265368306959
v -4.418291175687635 0.5270270479691994 10.503757708781473
v 1.0509742490324346e-17 -1.0891891975660581 2.154265368306959
v 1.0509742490324346e-17 0.5270270479691994 2.154265368306959
v -4.418291175687635 0.5270270479691994 10.503757708781473
v -4.418291175687635 0.5270270479691994 10.503757708781473
v 1.0509742490324346e-17 0.5270270479691994 2.154265368306959
v -4.567567400030187 0.80810817512306 10.189189524263949
v 1.0509742490324346e-17 0.5270270479691994 2.154265368306959
v 0 0.80810817512306 1.7567567567567566
v -4.567567400030187 0.80810817512306 10.189189524263949
v 0 -1.3702702200090562 1.7567567567567566
v 4.567567400030187 -1.3702702200090562 10.189189524263949
v 1.0509742490324346e-17 -1.0891891975660581 2.154265368306959
v 4.567567400030187 -1.3702702200090562 10.189189524263949
v 4.418291175687635 -1.0891891975660581 10.503757708781473
v 1.0509742490324346e-17 -1.0891891975660581 2.154265368306959
v 1.0509742490324346e-17 -1.0891891975660581 2.154265368306959
v 4.418291175687635 -1.0891891975660581 10.503757708781473
v 1.0509742490324346e-17 0.5270270479691994 2.154265368306959
v 4.418291175687635 -1.0891891975660581 10.503757708781473
v 4.418291175687635 0.5270270479691994 10.503757708781473
v 1.0509742490324346e-17 0.5270270479691994 2.154265368306959
v 1.0509742490324346e-17 0.5270270479691994 2.154265368306959
v 4.418291175687635 0.5270270479691994 10.503757708781473
v 0 0.80810817512306 1.7567567567567566
v 4.418291175687635 0.5270270479691994 10.503757708781473
v 4.567567400030187 0.80810817512306 10.189189524263949
v 0 0.80810817512306 1.7567567567567566
v 4.567567400030187 -1.3702702200090562 10.189189524263949
v 8.256756421681995 -1.3702702200090562 9.486486654023865
v 4.418291175687635 -1.0891891975660581 10.503757708781473
v 8.256756421681995 -1.3702702200090562 9.486486654023865
v 8.594554501610832 -1.0891891975660581 9.69602314201561
v 4.418291175687635 -1.0891891975660581 10.503757708781473
v 4.418291175687635 -1.0891891975660581 10.503757708781473
v 8.594554501610832 -1.0891891975660581 9.69602314201561
v 4.418291175687635 0.5270270479691994 10.503757708781473
v 8.594554501610832 -1.0891891975660581 9.69602314201561
v 8.594554501610832 0.5270270479691994 9.69602314201561
v 4.418291175687635 0.5270270479691994 10.503757708781473
v 4.418291175687635 0.5270270479691994 10.503757708781473
v 8.594554501610832 0.5270270479691994 9.69602314201561
v 4.567567400030187 0.80810817512306 10.189189524263949
v 8.594554501610832 0.5270270479691994 9.69602314201561
v 8.256756421681995 0.80810817512306 9.486486654023865
v 4.567567400030187 0.80810817512306 10.189189524263949
v 8.256756421681995 -1.3702702200090562 9.486486654023865
v 4.040540456771851 -1.3702702200090562 -5.621621705390311
v 8.594554501610832 -1.0891891975660581 9.69602314201561
v 4.040540456771851 -1.3702702200090562 -5.621621705390311
v 4.299997639011692 -1.0891891975660581 -5.737592336293813
v 8.594554501610832 -1.0891891975660581 9.69602314201561
v 8.594554501610832 -1.0891891975660581 9.69602314201561
v 4.299997639011692 -1.0891891975660581 -5.737592336293813
v 8.594554501610832 0.5270270479691994 9.69602314201561
v 4.299997639011692 -1.0891891975660581 -5.737592336293813
v 4.299997639011692 0.5270270479691994 -5.737592336293813
v 8.594554501610832 0.5270270479691994 9.69602314201561
v 8.594554501610832 0.5270270479691994 9.69602314201561
v 4.299997639011692 0.5270270479691994 -5.737592336293813
v 8.256756421681995 0.80810817512306 9.486486654023865
v 4.299997639011692 0.5270270479691994 -5.737592336293813
v 4.040540456771851 0.80810817512306 -5.621621705390311
v 8.256756421681995 0.80810817512306 9.486486654023865
v 4.040540456771851 -1.3702702200090562 -5.621621705390311
v 0 -1.3702702200090562 -11.945946281020705
v 4.299997639011692 -1.0891891975660581 -5.737592336293813
v 0 -1.3702702200090562 -11.945946281020705
v -4.7520744840836066e-17 -1.0891891975660581 -12.343454683149181
v 4.299997639011692 -1.0891891975660581 -5.737592336293813
v 4.299997639011692 -1.0891891975660581 -5.737592336293813
v -4.7520744840836066e-17 -1.0891891975660581 -12.343454683149181
v 4.299997639011692 0.5270270479691994 -5.737592336293813
v -4.7520744840836066e-17 -1.0891891975660581 -12.343454683149181
v -4.7520744840836066e-17 0.5270270479691994 -12.343454683149181
v 4.299997639011692 0.5270270479691994 -5.737592336293813
v 4.299997639011692 0.5270270479691994 -5.737592336293813
v -4.7520744840836066e-17 0.5270270479691994 -12.343454683149181
v 4.040540456771851 0.80810817512306 -5.621621705390311
v -4.7520744840836066e-17 0.5270270479691994 -12.343454683149181
v 0 0.80810817512306 -11.945946281020705
v 4.040540456771851 0.80810817512306 -5.621621705390311
v 0 -1.3702702200090562 -11.945946281020705
v -4.040540456771851 -1.3702702200090562 -5.621621705390311
v -4.7520744840836066e-17 -1.0891891975660581 -12.343454683149181
v -4.040540456771851 -1.3702702200090562 -5.621621705390311
v -4.299997639011692 -1.0891891975660581 -5.737592336293813
v -4.7520744840836066e-17 -1.0891891975660581 -12.343454683149181
v -4.7520744840836066e-17 -1.0891891975660581 -12.343454683149181
v -4.299997639011692 -1.0891891975660581 -5.737592336293813
v -4.7520744840836066e-17 0.5270270479691994 -12.343454683149181
v -4.299997639011692 -1.0891891975660581 -5.737592336293813
v -4.299997639011692 0.5270270479691994 -5.737592336293813
v -4.7520744840836066e-17 0.5270270479691994 -12.343454683149181
v -4.7520744840836066e-17 0.5270270479691994 -12.343454683149181
v -4.299997639011692 0.5270270479691994 -5.737592336293813
v 0 0.80810817512306 -11.945946281020705
v -4.299997639011692 0.5270270479691994 -5.737592336293813
v -4.040540456771851 0.80810817512306 -5.621621705390311
v 0 0.80810817512306 -11.945946281020705
vt -1.149999976158142 1.600000023841858
vt 0 3.4000000953674316
vt 1.149999976158142 1.600000023841858
vt -1.2999999523162842 -2.9000000953674316
vt -2.3499999046325684 -2.700000047683716
vt -1.149999976158142 1.600000023841858
vt 2.3499999046325684 -2.700000047683716
vt 1.2999999523162842 -2.9000000953674316
vt 0 -0.5
vt -1.149999976158142 1.600000023841858
vt 1.149999976158142 1.600000023841858
vt 2.3499999046325684 -2.700000047683716
vt 0 -0.5
vt -1.2999999523162842 -2.9000000953674316
vt -1.149999976158142 1.600000023841858
vt -1.149999976158142 1.600000023841858
vt 2.3499999046325684 -2.700000047683716
vt 0 -0.5
vt 1.149999976158142 1.600000023841858
vt 0 3.4000000953674316
vt -1.149999976158142 1.600000023841858
vt -1.149999976158142 1.600000023841858
vt -2.3499999046325684 -2.700000047683716
vt -1.2999999523162842 -2.9000000953674316
vt 0 -0.5
vt 1.2999999523162842 -2.9000000953674316
vt 2.3499999046325684 -2.700000047683716
vt 2.3499999046325684 -2.700000047683716
vt 1.149999976158142 1.600000023841858
vt -1.149999976158142 1.600000023841858
vt -1.149999976158142 1.600000023841858
vt -1.2999999523162842 -2.9000000953674316
vt 0 -0.5
vt 0 -0.5
vt 2.3499999046325684 -2.700000047683716
vt -1.149999976158142 1.600000023841858
vt 1.600000023841858 1.0800000429153442
vt -2.700000047683716 1.0800000429153442
vt 1.6330070495605469 1
vt -2.700000047683716 1.0800000429153442
vt -2.7596373558044434 1
vt 1.6330070495605469 1
vt 1.6330070495605469 1
vt -2.7596373558044434 1
vt 1.6330070495605469 0.5400000214576721
vt -2.7596373558044434 1
vt -2.7596373558044434 0.5400000214576721
vt 1.6330070495605469 0.5400000214576721
vt 1.6330070495605469 0.5400000214576721
vt -2.7596373558044434 0.5400000214576721
vt 1.600000023841858 0.46000000834465027
vt -2.7596373558044434 0.5400000214576721
vt -2.700000047683716 0.46000000834465027
vt 1.600000023841858 0.46000000834465027
vt -2.3499999046325684 1.0800000429153442
vt -1.2999999523162842 1.0800000429153442
vt -2.4461424350738525 1
vt -1.2999999523162842 1.0800000429153442
vt -1.2575136423110962 1
vt -2.4461424350738525 1
vt -2.4461424350738525 1
vt -1.2575136423110962 1
vt -2.4461424350738525 0.5400000214576721
vt -1.2575136423110962 1
vt -1.2575136423110962 0.5400000214576721
vt -2.4461424350738525 0.5400000214576721
vt -2.4461424350738525 0.5400000214576721
vt -1.2575136423110962 0.5400000214576721
vt -2.3499999046325684 0.46000000834465027
vt -1.2575136423110962 0.5400000214576721
vt -1.2999999523162842 0.46000000834465027
vt -2.3499999046325684 0.46000000834465027
vt -2.9000000953674316 1.0800000429153442
vt -0.5 1.0800000429153442
vt -2.9895310401916504 1
vt -0.5 1.0800000429153442
vt -0.6131370663642883 1
vt -2.9895310401916504 1
vt -2.9895310401916504 1
vt -0.6131370663642883 1
vt -2.9895310401916504 0.5400000214576721
vt -0.6131370663642883 1
vt -0.6131370663642883 0.5400000214576721
vt -2.9895310401916504 0.5400000214576721
vt -2.9895310401916504 0.5400000214576721
vt -0.6131370663642883 0.5400000214576721
vt -2.9000000953674316 0.46000000834465027
vt -0.6131370663642883 0.5400000214576721
vt -0.5 0.46000000834465027
vt -2.9000000953674316 0.46000000834465027
vt -0.5 1.0800000429153442
vt -2.9000000953674316 1.0800000429153442
vt -0.6131370663642883 1
vt -2.9000000953674316 1.0800000429153442
vt -2.9895310401916504 1
vt -0.6131370663642883 1
vt -0.6131370663642883 1
vt -2.9895310401916504 1
vt -0.6131370663642883 0.5400000214576721
vt -2.9895310401916504 1
vt -2.9895310401916504 0.5400000214576721
vt -0.6131370663642883 0.5400000214576721
vt -0.6131370663642883 0.5400000214576721
vt -2.9895310401916504 0.5400000214576721
vt -0.5 0.46000000834465027
vt -2.9895310401916504 0.5400000214576721
vt -2.9000000953674316 0.46000000834465027
vt -0.5 0.46000000834465027
vt 1.2999999523162842 1.0800000429153442
vt 2.3499999046325684 1.0800000429153442
vt 1.2575136423110962 1
vt 2.3499999046325684 1.0800000429153442
vt 2.4461424350738525 1
vt 1.2575136423110962 1
vt 1.2575136423110962 1
vt 2.4461424350738525 1
vt 1.2575136423110962 0.5400000214576721
vt 2.4461424350738525 1
vt 2.4461424350738525 0.5400000214576721
vt 1.2575136423110962 0.5400000214576721
vt 1.2575136423110962 0.5400000214576721
vt 2.4461424350738525 0.5400000214576721
vt 1.2999999523162842 0.46000000834465027
vt 2.4461424350738525 0.5400000214576721
vt 2.3499999046325684 0.46000000834465027
vt 1.2999999523162842 0.46000000834465027
vt -2.700000047683716 1.0800000429153442
vt 1.600000023841858 1.0800000429153442
vt -2.7596373558044434 1
vt 1.600000023841858 1.0800000429153442
vt 1.6330070495605469 1
vt -2.7596373558044434 1
vt -2.7596373558044434 1
vt 1.6330070495605469 1
vt -2.7596373558044434 0.5400000214576721
vt 1.6330070495605469 1
vt 1.6330070495605469 0.5400000214576721
vt -2.7596373558044434 0.5400000214576721
vt -2.7596373558044434 0.5400000214576721
vt 1.6330070495605469 0.5400000214576721
vt -2.700000047683716 0.46000000834465027
vt 1.6330070495605469 0.5400000214576721
vt 1.600000023841858 0.46000000834465027
vt -2.700000047683716 0.46000000834465027
vt 1.600000023841858 1.0800000429153442
vt 3.4000000953674316 1.0800000429153442
vt 1.6330070495605469 1
vt 3.4000000953674316 1.0800000429153442
vt 3.513137102127075 1
vt 1.6330070495605469 1
vt 1.6330070495605469 1
vt 3.513137102127075 1
vt 1.6330070495605469 0.5400000214576721
vt 3.513137102127075 1
vt 3.513137102127075 0.5400000214576721
vt 1.6330070495605469 0.5400000214576721
vt 1.6330070495605469 0.5400000214576721
vt 3.513137102127075 0.5400000214576721
vt 1.600000023841858 0.46000000834465027
vt 3.513137102127075 0.5400000214576721
vt 3.4000000953674316 0.46000000834465027
vt 1.600000023841858 0.46000000834465027
vt 3.4000000953674316 1.0800000429153442
vt 1.600000023841858 1.0800000429153442
vt 3.513137102127075 1
vt 1.600000023841858 1.0800000429153442
vt 1.6330070495605469 1
vt 3.513137102127075 1
vt 3.513137102127075 1
vt 1.6330070495605469 1
vt 3.513137102127075 0.5400000214576721
vt 1.6330070495605469 1
vt 1.6330070495605469 0.5400000214576721
vt 3.513137102127075 0.5400000214576721
vt 3.513137102127075 0.5400000214576721
vt 1.6330070495605469 0.5400000214576721
vt 3.4000000953674316 0.46000000834465027
vt 1.6330070495605469 0.5400000214576721
vt 1.600000023841858 0.46000000834465027
vt 3.4000000953674316 0.46000000834465027
vn 0 -1 -6.123234262925839e-17
vn 0 -1 -6.123234262925839e-17
vn 0 -1 -6.123234262925839e-17
vn 0 -1 -6.123234262925839e-17
vn 0 -1 -6.123234262925839e-17
vn 0 -1 -6.123234262925839e-17
vn 0 -1 -6.123234262925839e-17
vn 0 -1 -6.123234262925839e-17
vn 0 -1 -6.123234262925839e-17
vn 0 -1 -6.123234262925839e-17
vn 0 -1 -6.123234262925839e-17
vn 0 -1 -6.123234262925839e-17
vn 0 -1 -6.123234262925839e-17
vn 0 -1 -6.123234262925839e-17
vn 0 -1 -6.123234262925839e-17
vn 0 -1 -6.123234262925839e-17
vn 0 -1 -6.123234262925839e-17
vn 0 -1 -6.123234262925839e-17
vn 0 1 6.123234262925839e-17
vn 0 1 6.123234262925839e-17
vn 0 1 6.123234262925839e-17
vn 0 1 6.123234262925839e-17
vn 0 1 6.123234262925839e-17
vn 0 1 6.123234262925839e-17
vn 0 1 6.123234262925839e-17
vn 0 1 6.123234262925839e-17
vn 0 1 6.123234262925839e-17
vn 0 1 6.123234262925839e-17
vn 0 1 6.123234262925839e-17
vn 0 1 6.123234262925839e-17
vn 0 1 6.123234262925839e-17
vn 0 1 6.123234262925839e-17
vn 0 1 6.123234262925839e-17
vn 0 1 6.123234262925839e-17
vn 0 1 6.123234262925839e-17
vn 0 1 6.123234262925839e-17
vn -0.6810827776256994 -0.7071066420850745 -0.19006958394449272
vn -0.6810827776256994 -0.7071066420850745 -0.19006958394449272
vn -0.6810827776256994 -0.7071066420850745 -0.19006958394449272
vn -0.695694151953151 -0.6917622123319651 -0.19358380233834543
vn -0.695694151953151 -0.6917622123319651 -0.19358380233834543
vn -0.695694151953151 -0.6917622123319651 -0.19358380233834543
vn -0.9633980248707912 1.641486465088882e-17 -0.26807507469934294
vn -0.9633980248707912 1.641486465088882e-17 -0.26807507469934294
vn -0.9633980248707912 1.641486465088882e-17 -0.26807507469934294
vn -0.9633980248707912 1.641486465088882e-17 -0.26807507469934294
vn -0.9633980248707912 1.641486465088882e-17 -0.26807507469934294
vn -0.9633980248707912 1.641486465088882e-17 -0.26807507469934294
vn -0.6812637510308834 0.7070668404075486 -0.18956841700931235
vn -0.6812637510308834 0.7070668404075486 -0.18956841700931235
vn -0.6812637510308834 0.7070668404075486 -0.18956841700931235
vn -0.6958202774847853 0.6914675290562674 -0.19418238257323034
vn -0.6958202774847853 0.6914675290562674 -0.19418238257323034
vn -0.6958202774847853 0.6914675290562674 -0.19418238257323034
vn -0.13517141345387418 -0.6914665700654526 0.7096496822142602
vn -0.13517141345387418 -0.6914665700654526 0.7096496822142602
vn -0.13517141345387418 -0.6914665700654526 0.7096496822142602
vn -0.1344129877933602 -0.7063726122271178 0.6949610646704603
vn -0.1344129877933602 -0.7063726122271178 0.6949610646704603
vn -0.1344129877933602 -0.7063726122271178 0.6949610646704603
vn -0.18989172790146144 -6.011822366046568e-17 0.9818050375072424
vn -0.18989172790146144 -6.011822366046568e-17 0.9818050375072424
vn -0.18989172790146144 -6.011822366046568e-17 0.9818050375072424
vn -0.18989172790146144 -6.011822366046568e-17 0.9818050375072424
vn -0.18989172790146144 -6.011822366046568e-17 0.9818050375072424
vn -0.18989172790146144 -6.011822366046568e-17 0.9818050375072424
vn -0.13697789480323966 0.692573421626154 0.7082225017551432
vn -0.13697789480323966 0.692573421626154 0.7082225017551432
vn -0.13697789480323966 0.692573421626154 0.7082225017551432
vn -0.1323082876697552 0.7071067001867782 0.694618335177573
vn -0.1323082876697552 0.7071067001867782 0.694618335177573
vn -0.1323082876697552 0.7071067001867782 0.694618335177573
vn 0.6217534995324402 -0.7071065740300082 0.33678313316243774
vn 0.6217534995324402 -0.7071065740300082 0.33678313316243774
vn 0.6217534995324402 -0.7071065740300082 0.33678313316243774
vn 0.737198012104753 -0.5516877300991322 0.3901022166136302
vn 0.737198012104753 -0.5516877300991322 0.3901022166136302
vn 0.737198012104753 -0.5516877300991322 0.3901022166136302
vn 0.8838766866284046 -2.863959032546009e-17 0.46772000474086317
vn 0.8838766866284046 -2.863959032546009e-17 0.46772000474086317
vn 0.8838766866284046 -2.863959032546009e-17 0.46772000474086317
vn 0.8838766866284046 -2.863959032546009e-17 0.46772000474086317
vn 0.8838766866284046 -2.863959032546009e-17 0.46772000474086317
vn 0.8838766866284046 -2.863959032546009e-17 0.46772000474086317
vn 0.6272333246453105 0.7045655230444895 0.3319123079842557
vn 0.6272333246453105 0.7045655230444895 0.3319123079842557
vn 0.6272333246453105 0.7045655230444895 0.3319123079842557
vn 0.7292846421747358 0.5586554393119282 0.395029126540391
vn 0.7292846421747358 0.5586554393119282 0.395029126540391
vn 0.7292846421747358 0.5586554393119282 0.395029126540391
vn -0.7292845899871265 -0.558655504598261 0.3950291305579516
vn -0.7292845899871265 -0.558655504598261 0.3950291305579516
vn -0.7292845899871265 -0.558655504598261 0.3950291305579516
vn -0.6272332683539601 -0.7045655863709281 0.3319122799352253
vn -0.6272332683539601 -0.7045655863709281 0.3319122799352253
vn -0.6272332683539601 -0.7045655863709281 0.3319122799352253
vn -0.8838766866284046 -2.863959032546009e-17 0.46772000474086317
vn -0.8838766866284046 -2.863959032546009e-17 0.46772000474086317
vn -0.8838766866284046 -2.863959032546009e-17 0.46772000474086317
vn -0.8838766866284046 -2.863959032546009e-17 0.46772000474086317
vn -0.8838766866284046 -2.863959032546009e-17 0.46772000474086317
vn -0.8838766866284046 -2.863959032546009e-17 0.46772000474086317
vn -0.7371980549873656 0.5516876579804275 0.39010223756717427
vn -0.7371980549873656 0.5516876579804275 0.39010223756717427
vn -0.7371980549873656 0.5516876579804275 0.39010223756717427
vn -0.6217535885051586 0.7071064882203781 0.33678314907014295
vn -0.6217535885051586 0.7071064882203781 0.33678314907014295
vn -0.6217535885051586 0.7071064882203781 0.33678314907014295
vn 0.1323082729309601 -0.7071067606591686 0.6946182764253499
vn 0.1323082729309601 -0.7071067606591686 0.6946182764253499
vn 0.1323082729309601 -0.7071067606591686 0.6946182764253499
vn 0.13697788043720066 -0.6925735435410718 0.7082223853126184
vn 0.13697788043720066 -0.6925735435410718 0.7082223853126184
vn 0.13697788043720066 -0.6925735435410718 0.7082223853126184
vn 0.18989172790146144 -6.011822366046568e-17 0.9818050375072424
vn 0.18989172790146144 -6.011822366046568e-17 0.9818050375072424
vn 0.18989172790146144 -6.011822366046568e-17 0.9818050375072424
vn 0.18989172790146144 -6.011822366046568e-17 0.9818050375072424
vn 0.18989172790146144 -6.011822366046568e-17 0.9818050375072424
vn 0.18989172790146144 -6.011822366046568e-17 0.9818050375072424
vn 0.13441300251672889 0.706372551688132 0.6949611233558574
vn 0.13441300251672889 0.706372551688132 0.6949611233558574
vn 0.13441300251672889 0.706372551688132 0.6949611233558574
vn 0.13517142793627254 0.6914665083186358 0.709649739620401
vn 0.13517142793627254 0.6914665083186358 0.709649739620401
vn 0.13517142793627254 0.6914665083186358 0.709649739620401
vn 0.6958202200740496 -0.6914675908410985 -0.19418236828432284
vn 0.6958202200740496 -0.6914675908410985 -0.19418236828432284
vn 0.6958202200740496 -0.6914675908410985 -0.19418236828432284
vn 0.681263694227316 -0.7070669029193639 -0.1895683879864174
vn 0.681263694227316 -0.7070669029193639 -0.1895683879864174
vn 0.681263694227316 -0.7070669029193639 -0.1895683879864174
vn 0.9633980248707912 1.641486465088882e-17 -0.26807507469934294
vn 0.9633980248707912 1.641486465088882e-17 -0.26807507469934294
vn 0.9633980248707912 1.641486465088882e-17 -0.26807507469934294
vn 0.9633980248707912 1.641486465088882e-17 -0.26807507469934294
vn 0.9633980248707912 1.641486465088882e-17 -0.26807507469934294
vn 0.9633980248707912 1.641486465088882e-17 -0.26807507469934294
vn 0.6956942073811173 0.6917621485742478 -0.19358383097846557
vn 0.6956942073811173 0.6917621485742478 -0.19358383097846557
vn 0.6956942073811173 0.6917621485742478 -0.19358383097846557
vn 0.681082836357796 0.7071065815745434 -0.1900695986021522
vn 0.681082836357796 0.7071065815745434 -0.1900695986021522
vn 0.681082836357796 0.7071065815745434 -0.1900695986021522
vn 0.5958764068285191 -0.7071066034740345 -0.3806987773930301
vn 0.5958764068285191 -0.7071066034740345 -0.3806987773930301
vn 0.5958764068285191 -0.7071066034740345 -0.3806987773930301
vn 0.663554625885163 -0.6108436741550987 -0.4319320134131077
vn 0.663554625885163 -0.6108436741550987 -0.4319320134131077
vn 0.663554625885163 -0.6108436741550987 -0.4319320134131077
vn 0.8380847615169927 3.34046932794616e-17 -0.5455400374977124
vn 0.8380847615169927 3.34046932794616e-17 -0.5455400374977124
vn 0.8380847615169927 3.34046932794616e-17 -0.5455400374977124
vn 0.8380847615169927 3.34046932794616e-17 -0.5455400374977124
vn 0.8380847615169927 3.34046932794616e-17 -0.5455400374977124
vn 0.8380847615169927 3.34046932794616e-17 -0.5455400374977124
vn 0.5930028625911107 0.706644185555893 -0.386007253790388
vn 0.5930028625911107 0.706644185555893 -0.386007253790388
vn 0.5930028625911107 0.706644185555893 -0.386007253790388
vn 0.6704714877069495 0.605787454479271 -0.42835679540256527
vn 0.6704714877069495 0.605787454479271 -0.42835679540256527
vn 0.6704714877069495 0.605787454479271 -0.42835679540256527
vn -0.6704714806162477 -0.6057875076772917 -0.42835673126775065
vn -0.6704714806162477 -0.6057875076772917 -0.42835673126775065
vn -0.6704714806162477 -0.6057875076772917 -0.42835673126775065
vn -0.59300278081473 -0.7066442783445156 -0.3860072095556715
vn -0.59300278081473 -0.7066442783445156 -0.3860072095556715
vn -0.59300278081473 -0.7066442783445156 -0.3860072095556715
vn -0.8380847615169927 3.34046932794616e-17 -0.5455400374977124
vn -0.8380847615169927 3.34046932794616e-17 -0.5455400374977124
vn -0.8380847615169927 3.34046932794616e-17 -0.5455400374977124
vn -0.8380847615169927 3.34046932794616e-17 -0.5455400374977124
vn -0.8380847615169927 3.34046932794616e-17 -0.5455400374977124
vn -0.8380847615169927 3.34046932794616e-17 -0.5455400374977124
vn -0.66355467486338 0.6108436047681591 -0.43193203629829885
vn -0.66355467486338 0.6108436047681591 -0.43193203629829885
vn -0.66355467486338 0.6108436047681591 -0.43193203629829885
vn -0.5958764568624448 0.7071065325121372 -0.38069883088304945
vn -0.5958764568624448 0.7071065325121372 -0.38069883088304945
vn -0.5958764568624448 0.7071065325121372 -0.38069883088304945
f 1/1/1 2/2/2 3/3/3
f 4/4/4 5/5/5 6/6/6
f 7/7/7 8/8/8 9/9/9
f 10/10/10 11/11/11 12/12/12
f 13/13/13 14/14/14 15/15/15
f 16/16/16 17/17/17 18/18/18
f 19/19/19 20/20/20 21/21/21
f 22/22/22 23/23/23 24/24/24
f 25/25/25 26/26/26 27/27/27
f 28/28/28 29/29/29 30/30/30
f 31/31/31 32/32/32 33/33/33
f 34/34/34 35/35/35 36/36/36
f 37/37/37 38/38/38 39/39/39
f 40/40/40 41/41/41 42/42/42
f 43/43/43 44/44/44 45/45/45
f 46/46/46 47/47/47 48/48/48
f 49/49/49 50/50/50 51/51/51
f 52/52/52 53/53/53 54/54/54
f 55/55/55 56/56/56 57/57/57
f 58/58/58 59/59/59 60/60/60
f 61/61/61 62/62/62 63/63/63
f 64/64/64 65/65/65 66/66/66
f 67/67/67 68/68/68 69/69/69
f 70/70/70 71/71/71 72/72/72
f 73/73/73 74/74/74 75/75/75
f 76/76/76 77/77/77 78/78/78
f 79/79/79 80/80/80 81/81/81
f 82/82/82 83/83/83 84/84/84
f 85/85/85 86/86/86 87/87/87
f 88/88/88 89/89/89 90/90/90
f 91/91/91 92/92/92 93/93/93
f 94/94/94 95/95/95 96/96/96
f 97/97/97 98/98/98 99/99/99
f 100/100/100 101/101/101 102/102/102
f 103/103/103 104/104/104 105/105/105
f 106/106/106 107/107/107 108/108/108
f 109/109/109 110/110/110 111/111/111
f 112/112/112 113/113/113 114/114/114
f 115/115/115 116/116/116 117/117/117
f 118/118/118 119/119/119 120/120/120
f 121/121/121 122/122/122 123/123/123
f 124/124/124 125/125/125 126/126/126
f 127/127/127 128/128/128 129/129/129
f 130/130/130 131/131/131 132/132/132
f 133/133/133 134/134/134 135/135/135
f 136/136/136 137/137/137 138/138/138
f 139/139/139 140/140/140 141/141/141
f 142/142/142 143/143/143 144/144/144
f 145/145/145 146/146/146 147/147/147
f 148/148/148 149/149/149 150/150/150
f 151/151/151 152/152/152 153/153/153
f 154/154/154 155/155/155 156/156/156
f 157/157/157 158/158/158 159/159/159
f 160/160/160 161/161/161 162/162/162
f 163/163/163 164/164/164 165/165/165
f 166/166/166 167/167/167 168/168/168
f 169/169/169 170/170/170 171/171/171
f 172/172/172 173/173/173 174/174/174
f 175/175/175 176/176/176 177/177/177
f 178/178/178 179/179/179 180/180/180
o corvette_spine
usemtl plate
v -2.505135133459761 0.8081080787890664 -3.4854053484426957
v 0 0.8081080787890664 -7.406486627217885
v 2.505135133459761 0.8081080787890664 -3.4854053484426957
v -2.831891871787406 0.8081080787890664 6.317297220230102
v -5.119189249502646 0.8081080787890664 5.881621708741059
v -2.505135133459761 0.8081080787890664 -3.4854053484426957
v 5.119189249502646 0.8081080787890664 5.881621708741059
v 2.831891871787406 0.8081080787890664 6.317297220230102
v 0 0.8081080787890664 1.0891891975660581
v -2.505135133459761 0.8081080787890664 -3.4854053484426957
v 2.505135133459761 0.8081080787890664 -3.4854053484426957
v 5.119189249502646 0.8081080787890664 5.881621708741059
v 0 0.8081080787890664 1.0891891975660581
v -2.831891871787406 0.8081080787890664 6.317297220230102
v -2.505135133459761 0.8081080787890664 -3.4854053484426957
v -2.505135133459761 0.8081080787890664 -3.4854053484426957
v 5.119189249502646 0.8081080787890664 5.881621708741059
v 0 0.8081080787890664 1.0891891975660581
v 2.505135133459761 2.7405405531058435 -3.4854053484426957
v 0 2.7405405531058435 -7.406486627217885
v -2.505135133459761 2.7405405531058435 -3.4854053484426957
v -2.505135133459761 2.7405405531058435 -3.4854053484426957
v -5.119189249502646 2.7405405531058435 5.881621708741059
v -2.831891871787406 2.7405405531058435 6.317297220230102
v 0 2.7405405531058435 1.0891891975660581
v 2.831891871787406 2.7405405531058435 6.317297220230102
v 5.119189249502646 2.7405405531058435 5.881621708741059
v 5.119189249502646 2.7405405531058435 5.881621708741059
v 2.505135133459761 2.7405405531058435 -3.4854053484426957
v -2.505135133459761 2.7405405531058435 -3.4854053484426957
v -2.505135133459761 2.7405405531058435 -3.4854053484426957
v -2.831891871787406 2.7405405531058435 6.317297220230102
v 0 2.7405405531058435 1.0891891975660581
v 0 2.7405405531058435 1.0891891975660581
v 5.119189249502646 2.7405405531058435 5.881621708741059
v -2.505135133459761 2.7405405531058435 -3.4854053484426957
v -2.505135133459761 0.8081080787890664 -3.4854053484426957
v -5.119189249502646 0.8081080787890664 5.881621708741059
v -2.699728124850505 1.018918897976746 -3.5723836357529097
v -5.119189249502646 0.8081080787890664 5.881621708741059
v -5.372537600027548 1.018918897976746 6.038774284156593
v -2.699728124850505 1.018918897976746 -3.5723836357529097
v -2.699728124850505 1.018918897976746 -3.5723836357529097
v -5.372537600027548 1.018918897976746 6.038774284156593
v -2.699728124850505 2.5297297339181637 -3.5723836357529097
v -5.372537600027548 1.018918897976746 6.038774284156593
v -5.372537600027548 2.5297297339181637 6.038774284156593
v -2.699728124850505 2.5297297339181637 -3.5723836357529097
v -2.699728124850505 2.5297297339181637 -3.5723836357529097
v -5.372537600027548 2.5297297339181637 6.038774284156593
v -2.505135133459761 2.7405405531058435 -3.4854053484426957
v -5.372537600027548 2.5297297339181637 6.038774284156593
v -5.119189249502646 2.7405405531058435 5.881621708741059
v -2.505135133459761 2.7405405531058435 -3.4854053484426957
v -5.119189249502646 0.8081080787890664 5.881621708741059
v -2.831891871787406 0.8081080787890664 6.317297220230102
v -5.372537600027548 1.018918897976746 6.038774284156593
v -2.831891871787406 0.8081080787890664 6.317297220230102
v -2.7199345988196293 1.018918897976746 6.553223358618246
v -5.372537600027548 1.018918897976746 6.038774284156593
v -5.372537600027548 1.018918897976746 6.038774284156593
v -2.7199345988196293 1.018918897976746 6.553223358618246
v -5.372537600027548 2.5297297339181637 6.038774284156593
v -2.7199345988196293 1.018918897976746 6.553223358618246
v -2.7199345988196293 2.5297297339181637 6.553223358618246
v -5.372537600027548 2.5297297339181637 6.038774284156593
v -5.372537600027548 2.5297297339181637 6.038774284156593
v -2.7199345988196293 2.5297297339181637 6.553223358618246
v -5.119189249502646 2.7405405531058435 5.881621708741059
v -2.7199345988196293 2.5297297339181637 6.553223358618246
v -2.831891871787406 2.7405405531058435 6.317297220230102
v -5.119189249502646 2.7405405531058435 5.881621708741059
v -2.831891871787406 0.8081080787890664 6.317297220230102
v 0 0.8081080787890664 1.0891891975660581
v -2.7199345988196293 1.018918897976746 6.553223358618246
v 0 0.8081080787890664 1.0891891975660581
v 0 1.018918897976746 1.387320708584141
v -2.7199345988196293 1.018918897976746 6.553223358618246
v -2.7199345988196293 1.018918897976746 6.553223358618246
v 0 1.018918897976746 1.387320708584141
v -2.7199345988196293 2.5297297339181637 6.553223358618246
v 0 1.018918897976746 1.387320708584141
v 0 2.5297297339181637 1.387320708584141
v -2.7199345988196293 2.5297297339181637 6.553223358618246
v -2.7199345988196293 2.5297297339181637 6.553223358618246
v 0 2.5297297339181637 1.387320708584141
v -2.831891871787406 2.7405405531058435 6.317297220230102
v 0 2.5297297339181637 1.387320708584141
v 0 2.7405405531058435 1.0891891975660581
v -2.831891871787406 2.7405405531058435 6.317297220230102
v 0 0.8081080787890664 1.0891891975660581
v 2.831891871787406 0.8081080787890664 6.317297220230102
v 0 1.018918897976746 1.387320708584141
v 2.831891871787406 0.8081080787890664 6.317297220230102
v 2.7199345988196293 1.018918897976746 6.553223358618246
v 0 1.018918897976746 1.387320708584141
v 0 1.018918897976746 1.387320708584141
v 2.7199345988196293 1.018918897976746 6.553223358618246
v 0 2.5297297339181637 1.387320708584141
v 2.7199345988196293 1.018918897976746 6.553223358618246
v 2.7199345988196293 2.5297297339181637 6.553223358618246
v 0 2.5297297339181637 1.387320708584141
v 0 2.5297297339181637 1.387320708584141
v 2.7199345988196293 2.5297297339181637 6.553223358618246
v 0 2.7405405531058435 1.0891891975660581
v 2.7199345988196293 2.5297297339181637 6.553223358618246
v 2.831891871787406 2.7405405531058435 6.317297220230102
v 0 2.7405405531058435 1.0891891975660581
v 2.831891871787406 0.8081080787890664 6.317297220230102
v 5.119189249502646 0.8081080787890664 5.881621708741059
v 2.7199345988196293 1.018918897976746 6.553223358618246
v 5.119189249502646 0.8081080787890664 5.881621708741059
v 5.372537600027548 1.018918897976746 6.038774284156593
v 2.7199345988196293 1.018918897976746 6.553223358618246
v 2.7199345988196293 1.018918897976746 6.553223358618246
v 5.372537600027548 1.018918897976746 6.038774284156593
v 2.7199345988196293 2.5297297339181637 6.553223358618246
v 5.372537600027548 1.018918897976746 6.038774284156593
v 5.372537600027548 2.5297297339181637 6.038774284156593
v 2.7199345988196293 2.5297297339181637 6.553223358618246
v 2.7199345988196293 2.5297297339181637 6.553223358618246
v 5.372537600027548 2.5297297339181637 6.038774284156593
v 2.831891871787406 2.7405405531058435 6.317297220230102
v 5.372537600027548 2.5297297339181637 6.038774284156593
v 5.119189249502646 2.7405405531058435 5.881621708741059
v 2.831891871787406 2.7405405531058435 6.317297220230102
v 5.119189249502646 0.8081080787890664 5.881621708741059
v 2.505135133459761 0.8081080787890664 -3.4854053484426957
v 5.372537600027548 1.018918897976746 6.038774284156593
v 2.505135133459761 0.8081080787890664 -3.4854053484426957
v 2.699728124850505 1.018918897976746 -3.5723836357529097
v 5.372537600027548 1.018918897976746 6.038774284156593
v 5.372537600027548 1.018918897976746 6.038774284156593
v 2.699728124850505 1.018918897976746 -3.5723836357529097
v 5.372537600027548 2.5297297339181637 6.038774284156593
v 2.699728124850505 1.018918897976746 -3.5723836357529097
v 2.699728124850505 2.5297297339181637 -3.5723836357529097
v 5.372537600027548 2.5297297339181637 6.038774284156593
v 5.372537600027548 2.5297297339181637 6.038774284156593
v 2.699728124850505 2.5297297339181637 -3.5723836357529097
v 5.119189249502646 2.7405405531058435 5.881621708741059
v 2.699728124850505 2.5297297339181637 -3.5723836357529097
v 2.505135133459761 2.7405405531058435 -3.4854053484426957
v 5.119189249502646 2.7405405531058435 5.881621708741059
v 2.505135133459761 0.8081080787890664 -3.4854053484426957
v 0 0.8081080787890664 -7.406486627217885
v 2.699728124850505 1.018918897976746 -3.5723836357529097
v 0 0.8081080787890664 -7.406486627217885
v 0 1.018918897976746 -7.704617719392518
v 2.699728124850505 1.018918897976746 -3.5723836357529097
v 2.699728124850505 1.018918897976746 -3.5723836357529097
v 0 1.018918897976746 -7.704617719392518
v 2.699728124850505 2.5297297339181637 -3.5723836357529097
v 0 1.018918897976746 -7.704617719392518
v 0 2.5297297339181637 -7.704617719392518
v 2.699728124850505 2.5297297339181637 -3.5723836357529097
v 2.699728124850505 2.5297297339181637 -3.5723836357529097
v 0 2.5297297339181637 -7.704617719392518
v 2.505135133459761 2.7405405531058435 -3.4854053484426957
v 0 2.5297297339181637 -7.704617719392518
v 0 2.7405405531058435 -7.406486627217885
v 2.505135133459761 2.7405405531058435 -3.4854053484426957
v 0 0.8081080787890664 -7.406486627217885
v -2.505135133459761 0.8081080787890664 -3.4854053484426957
v 0 1.018918897976746 -7.704617719392518
v -2.505135133459761 0.8081080787890664 -3.4854053484426957
v -2.699728124850505 1.018918897976746 -3.5723836357529097
v 0 1.018918897976746 -7.704617719392518
v 0 1.018918897976746 -7.704617719392518
v -2.699728124850505 1.018918897976746 -3.5723836357529097
v 0 2.5297297339181637 -7.704617719392518
v -2.699728124850505 1.018918897976746 -3.5723836357529097
v -2.699728124850505 2.5297297339181637 -3.5723836357529097
v 0 2.5297297339181637 -7.704617719392518
v 0 2.5297297339181637 -7.704617719392518
v -2.699728124850505 2.5297297339181637 -3.5723836357529097
v 0 2.7405405531058435 -7.406486627217885
v -2.699728124850505 2.5297297339181637 -3.5723836357529097
v -2.505135133459761 2.7405405531058435 -3.4854053484426957
v 0 2.7405405531058435 -7.406486627217885
vt -0.7129999995231628 0.9919999837875366
vt 0 2.1080000400543213
vt 0.7129999995231628 0.9919999837875366
vt -0.8059999942779541 -1.7979999780654907
vt -1.4570000171661377 -1.6740000247955322
vt -0.7129999995231628 0.9919999837875366
vt 1.4570000171661377 -1.6740000247955322
vt 0.8059999942779541 -1.7979999780654907
vt 0 -0.3100000023841858
vt -0.7129999995231628 0.9919999837875366
vt 0.7129999995231628 0.9919999837875366
vt 1.4570000171661377 -1.6740000247955322
vt 0 -0.3100000023841858
vt -0.8059999942779541 -1.7979999780654907
vt -0.7129999995231628 0.9919999837875366
vt -0.7129999995231628 0.9919999837875366
vt 1.4570000171661377 -1.6740000247955322
vt 0 -0.3100000023841858
vt 0.7129999995231628 0.9919999837875366
vt 0 2.1080000400543213
vt -0.7129999995231628 0.9919999837875366
vt -0.7129999995231628 0.9919999837875366
vt -1.4570000171661377 -1.6740000247955322
vt -0.8059999942779541 -1.7979999780654907
vt 0 -0.3100000023841858
vt 0.8059999942779541 -1.7979999780654907
vt 1.4570000171661377 -1.6740000247955322
vt 1.4570000171661377 -1.6740000247955322
vt 0.7129999995231628 0.9919999837875366
vt -0.7129999995231628 0.9919999837875366
vt -0.7129999995231628 0.9919999837875366
vt -0.8059999942779541 -1.7979999780654907
vt 0 -0.3100000023841858
vt 0 -0.3100000023841858
vt 1.4570000171661377 -1.6740000247955322
vt -0.7129999995231628 0.9919999837875366
vt 0.9919999837875366 1.059999942779541
vt -1.6740000247955322 1.059999942779541
vt 1.0167553424835205 1
vt -1.6740000247955322 1.059999942779541
vt -1.7187280654907227 1
vt 1.0167553424835205 1
vt 1.0167553424835205 1
vt -1.7187280654907227 1
vt 1.0167553424835205 0.5699999928474426
vt -1.7187280654907227 1
vt -1.7187280654907227 0.5699999928474426
vt 1.0167553424835205 0.5699999928474426
vt 1.0167553424835205 0.5699999928474426
vt -1.7187280654907227 0.5699999928474426
vt 0.9919999837875366 0.5099999904632568
vt -1.7187280654907227 0.5699999928474426
vt -1.6740000247955322 0.5099999904632568
vt 0.9919999837875366 0.5099999904632568
vt -1.4570000171661377 1.059999942779541
vt -0.8059999942779541 1.059999942779541
vt -1.529106855392456 1
vt -0.8059999942779541 1.059999942779541
vt -0.7741352319717407 1
vt -1.529106855392456 1
vt -1.529106855392456 1
vt -0.7741352319717407 1
vt -1.529106855392456 0.5699999928474426
vt -0.7741352319717407 1
vt -0.7741352319717407 0.5699999928474426
vt -1.529106855392456 0.5699999928474426
vt -1.529106855392456 0.5699999928474426
vt -0.7741352319717407 0.5699999928474426
vt -1.4570000171661377 0.5099999904632568
vt -0.7741352319717407 0.5699999928474426
vt -0.8059999942779541 0.5099999904632568
vt -1.4570000171661377 0.5099999904632568
vt -1.7979999780654907 1.059999942779541
vt -0.3100000023841858 1.059999942779541
vt -1.8651481866836548 1
vt -0.3100000023841858 1.059999942779541
vt -0.39485281705856323 1
vt -1.8651481866836548 1
vt -1.8651481866836548 1
vt -0.39485281705856323 1
vt -1.8651481866836548 0.5699999928474426
vt -0.39485281705856323 1
vt -0.39485281705856323 0.5699999928474426
vt -1.8651481866836548 0.5699999928474426
vt -1.8651481866836548 0.5699999928474426
vt -0.39485281705856323 0.5699999928474426
vt -1.7979999780654907 0.5099999904632568
vt -0.39485281705856323 0.5699999928474426
vt -0.3100000023841858 0.5099999904632568
vt -1.7979999780654907 0.5099999904632568
vt -0.3100000023841858 1.059999942779541
vt -1.7979999780654907 1.059999942779541
vt -0.39485281705856323 1
vt -1.7979999780654907 1.059999942779541
vt -1.8651481866836548 1
vt -0.39485281705856323 1
vt -0.39485281705856323 1
vt -1.8651481866836548 1
vt -0.39485281705856323 0.5699999928474426
vt -1.8651481866836548 1
vt -1.8651481866836548 0.5699999928474426
vt -0.39485281705856323 0.5699999928474426
vt -0.39485281705856323 0.5699999928474426
vt -1.8651481866836548 0.5699999928474426
vt -0.3100000023841858 0.5099999904632568
vt -1.8651481866836548 0.5699999928474426
vt -1.7979999780654907 0.5099999904632568
vt -0.3100000023841858 0.5099999904632568
vt 0.8059999942779541 1.059999942779541
vt 1.4570000171661377 1.059999942779541
vt 0.7741352319717407 1
vt 1.4570000171661377 1.059999942779541
vt 1.529106855392456 1
vt 0.7741352319717407 1
vt 0.7741352319717407 1
vt 1.529106855392456 1
vt 0.7741352319717407 0.5699999928474426
vt 1.529106855392456 1
vt 1.529106855392456 0.5699999928474426
vt 0.7741352319717407 0.5699999928474426
vt 0.7741352319717407 0.5699999928474426
vt 1.529106855392456 0.5699999928474426
vt 0.8059999942779541 0.5099999904632568
vt 1.529106855392456 0.5699999928474426
vt 1.4570000171661377 0.5099999904632568
vt 0.8059999942779541 0.5099999904632568
vt -1.6740000247955322 1.059999942779541
vt 0.9919999837875366 1.059999942779541
vt -1.7187280654907227 1
vt 0.9919999837875366 1.059999942779541
vt 1.0167553424835205 1
vt -1.7187280654907227 1
vt -1.7187280654907227 1
vt 1.0167553424835205 1
vt -1.7187280654907227 0.5699999928474426
vt 1.0167553424835205 1
vt 1.0167553424835205 0.5699999928474426
vt -1.7187280654907227 0.5699999928474426
vt -1.7187280654907227 0.5699999928474426
vt 1.0167553424835205 0.5699999928474426
vt -1.6740000247955322 0.5099999904632568
vt 1.0167553424835205 0.5699999928474426
vt 0.9919999837875366 0.5099999904632568
vt -1.6740000247955322 0.5099999904632568
vt 0.9919999837875366 1.059999942779541
vt 2.1080000400543213 1.059999942779541
vt 1.0167553424835205 1
vt 2.1080000400543213 1.059999942779541
vt 2.192852735519409 1
vt 1.0167553424835205 1
vt 1.0167553424835205 1
vt 2.192852735519409 1
vt 1.0167553424835205 0.5699999928474426
vt 2.192852735519409 1
vt 2.192852735519409 0.5699999928474426
vt 1.0167553424835205 0.5699999928474426
vt 1.0167553424835205 0.5699999928474426
vt 2.192852735519409 0.5699999928474426
vt 0.9919999837875366 0.5099999904632568
vt 2.192852735519409 0.5699999928474426
vt 2.1080000400543213 0.5099999904632568
vt 0.9919999837875366 0.5099999904632568
vt 2.1080000400543213 1.059999942779541
vt 0.9919999837875366 1.059999942779541
vt 2.192852735519409 1
vt 0.9919999837875366 1.059999942779541
vt 1.0167553424835205 1
vt 2.192852735519409 1
vt 2.192852735519409 1
vt 1.0167553424835205 1
vt 2.192852735519409 0.5699999928474426
vt 1.0167553424835205 1
vt 1.0167553424835205 0.5699999928474426
vt 2.192852735519409 0.5699999928474426
vt 2.192852735519409 0.5699999928474426
vt 1.0167553424835205 0.5699999928474426
vt 2.1080000400543213 0.5099999904632568
vt 1.0167553424835205 0.5699999928474426
vt 0.9919999837875366 0.5099999904632568
vt 2.1080000400543213 0.5099999904632568
vn 0 -1 -6.123234262925839e-17
vn 0 -1 -6.123234262925839e-17
vn 0 -1 -6.123234262925839e-17
vn 0 -1 -6.123234262925839e-17
vn 0 -1 -6.123234262925839e-17
vn 0 -1 -6.123234262925839e-17
vn 0 -1 -6.123234262925839e-17
vn 0 -1 -6.123234262925839e-17
vn 0 -1 -6.123234262925839e-17
vn 0 -1 -6.123234262925839e-17
vn 0 -1 -6.123234262925839e-17
vn 0 -1 -6.123234262925839e-17
vn 0 -1 -6.123234262925839e-17
vn 0 -1 -6.123234262925839e-17
vn 0 -1 -6.123234262925839e-17
vn 0 -1 -6.123234262925839e-17
vn 0 -1 -6.123234262925839e-17
vn 0 -1 -6.123234262925839e-17
vn 0 1 6.123234262925839e-17
vn 0 1 6.123234262925839e-17
vn 0 1 6.123234262925839e-17
vn 0 1 6.123234262925839e-17
vn 0 1 6.123234262925839e-17
vn 0 1 6.123234262925839e-17
vn 0 1 6.123234262925839e-17
vn 0 1 6.123234262925839e-17
vn 0 1 6.123234262925839e-17
vn 0 1 6.123234262925839e-17
vn 0 1 6.123234262925839e-17
vn 0 1 6.123234262925839e-17
vn 0 1 6.123234262925839e-17
vn 0 1 6.123234262925839e-17
vn 0 1 6.123234262925839e-17
vn 0 1 6.123234262925839e-17
vn 0 1 6.123234262925839e-17
vn 0 1 6.123234262925839e-17
vn -0.6810824500804983 -0.7071069713404332 -0.19006953273501107
vn -0.6810824500804983 -0.7071069713404332 -0.19006953273501107
vn -0.6810824500804983 -0.7071069713404332 -0.19006953273501107
vn -0.6956687584900894 -0.6918219343124796 -0.19346159739079227
vn -0.6956687584900894 -0.6918219343124796 -0.19346159739079227
vn -0.6956687584900894 -0.6918219343124796 -0.19346159739079227
vn -0.9634391915748496 1.6405802732850852e-17 -0.2679270873532583
vn -0.9634391915748496 1.6405802732850852e-17 -0.2679270873532583
vn -0.9634391915748496 1.6405802732850852e-17 -0.2679270873532583
vn -0.9634391915748496 1.6405802732850852e-17 -0.2679270873532583
vn -0.9634391915748496 1.6405802732850852e-17 -0.2679270873532583
vn -0.9634391915748496 1.6405802732850852e-17 -0.2679270873532583
vn -0.6813003676551525 0.7070590523034763 -0.18946584280197803
vn -0.6813003676551525 0.7070590523034763 -0.18946584280197803
vn -0.6813003676551525 0.7070590523034763 -0.18946584280197803
vn -0.6958206733196174 0.6914670905599463 -0.19418252561339625
vn -0.6958206733196174 0.6914670905599463 -0.19418252561339625
vn -0.6958206733196174 0.6914670905599463 -0.19418252561339625
vn -0.13517127666224982 -0.6914667947685256 0.7096494893241589
vn -0.13517127666224982 -0.6914667947685256 0.7096494893241589
vn -0.13517127666224982 -0.6914667947685256 0.7096494893241589
vn -0.1347935530777639 -0.7062394195930668 0.6950227192412636
vn -0.1347935530777639 -0.7062394195930668 0.6950227192412636
vn -0.1347935530777639 -0.7062394195930668 0.6950227192412636
vn -0.19039363050152278 -6.011226849139364e-17 0.9817078310090278
vn -0.19039363050152278 -6.011226849139364e-17 0.9817078310090278
vn -0.19039363050152278 -6.011226849139364e-17 0.9817078310090278
vn -0.19039363050152278 -6.011226849139364e-17 0.9817078310090278
vn -0.19039363050152278 -6.011226849139364e-17 0.9817078310090278
vn -0.19039363050152278 -6.011226849139364e-17 0.9817078310090278
vn -0.13730347583272925 0.6927728868272489 0.7079643231133126
vn -0.13730347583272925 0.6927728868272489 0.7079643231133126
vn -0.13730347583272925 0.6927728868272489 0.7079643231133126
vn -0.13230819982789976 0.7071067085513405 0.694618343394407
vn -0.13230819982789976 0.7071067085513405 0.694618343394407
vn -0.13230819982789976 0.7071067085513405 0.694618343394407
vn 0.6217533237100675 -0.7071067562461728 0.3367830751782214
vn 0.6217533237100675 -0.7071067562461728 0.3367830751782214
vn 0.6217533237100675 -0.7071067562461728 0.3367830751782214
vn 0.738886253436847 -0.5501800300795718 0.38903603815546556
vn 0.738886253436847 -0.5501800300795718 0.38903603815546556
vn 0.738886253436847 -0.5501800300795718 0.38903603815546556
vn 0.884844908051425 -2.852727254750675e-17 0.4658857034675621
vn 0.884844908051425 -2.852727254750675e-17 0.4658857034675621
vn 0.884844908051425 -2.852727254750675e-17 0.4658857034675621
vn 0.884844908051425 -2.852727254750675e-17 0.4658857034675621
vn 0.884844908051425 -2.852727254750675e-17 0.4658857034675621
vn 0.884844908051425 -2.852727254750675e-17 0.4658857034675621
vn 0.6284034347272298 0.7040152656292654 0.330864970923147
vn 0.6284034347272298 0.7040152656292654 0.330864970923147
vn 0.6284034347272298 0.7040152656292654 0.330864970923147
vn 0.7292845657030704 0.5586555456005344 0.3950291174040886
vn 0.7292845657030704 0.5586555456005344 0.3950291174040886
vn 0.7292845657030704 0.5586555456005344 0.3950291174040886
vn -0.7292845377995112 -0.5586555698845913 0.3950291345755096
vn -0.7292845377995112 -0.5586555698845913 0.3950291345755096
vn -0.7292845377995112 -0.5586555698845913 0.3950291345755096
vn -0.6284034347272298 -0.7040152656292654 0.330864970923147
vn -0.6284034347272298 -0.7040152656292654 0.330864970923147
vn -0.6284034347272298 -0.7040152656292654 0.330864970923147
vn -0.884844908051425 -2.852727254750675e-17 0.4658857034675621
vn -0.884844908051425 -2.852727254750675e-17 0.4658857034675621
vn -0.884844908051425 -2.852727254750675e-17 0.4658857034675621
vn -0.884844908051425 -2.852727254750675e-17 0.4658857034675621
vn -0.884844908051425 -2.852727254750675e-17 0.4658857034675621
vn -0.884844908051425 -2.852727254750675e-17 0.4658857034675621
vn -0.7388862805001621 0.5501800058490642 0.38903602102190893
vn -0.7388862805001621 0.5501800058490642 0.38903602102190893
vn -0.7388862805001621 0.5501800058490642 0.38903602102190893
vn -0.621753386477855 0.7071067002389044 0.33678307689159104
vn -0.621753386477855 0.7071067002389044 0.33678307689159104
vn -0.621753386477855 0.7071067002389044 0.33678307689159104
vn 0.13230819972941374 -0.7071067676296373 0.6946182832727105
vn 0.13230819972941374 -0.7071067676296373 0.6946182832727105
vn 0.13230819972941374 -0.7071067676296373 0.6946182832727105
vn 0.13730345554288717 -0.6927729192429812 0.7079642953281899
vn 0.13730345554288717 -0.6927729192429812 0.7079642953281899
vn 0.13730345554288717 -0.6927729192429812 0.7079642953281899
vn 0.19039363050152278 -6.011226849139364e-17 0.9817078310090278
vn 0.19039363050152278 -6.011226849139364e-17 0.9817078310090278
vn 0.19039363050152278 -6.011226849139364e-17 0.9817078310090278
vn 0.19039363050152278 -6.011226849139364e-17 0.9817078310090278
vn 0.19039363050152278 -6.011226849139364e-17 0.9817078310090278
vn 0.19039363050152278 -6.011226849139364e-17 0.9817078310090278
vn 0.13479356212414487 0.7062393889174425 0.6950227486574821
vn 0.13479356212414487 0.7062393889174425 0.6950227486574821
vn 0.13479356212414487 0.7062393889174425 0.6950227486574821
vn 0.1351712822332843 0.6914667636624292 0.7096495185721018
vn 0.1351712822332843 0.6914667636624292 0.7096495185721018
vn 0.1351712822332843 0.6914667636624292 0.7096495185721018
vn 0.6958206753330057 -0.6914670925607374 -0.1941825112741112
vn 0.6958206753330057 -0.6914670925607374 -0.1941825112741112
vn 0.6958206753330057 -0.6914670925607374 -0.1941825112741112
vn 0.6813003408659154 -0.7070590841060332 -0.189465820450879
vn 0.6813003408659154 -0.7070590841060332 -0.189465820450879
vn 0.6813003408659154 -0.7070590841060332 -0.189465820450879
vn 0.9634391915748496 1.6405802732850852e-17 -0.2679270873532583
vn 0.9634391915748496 1.6405802732850852e-17 -0.2679270873532583
vn 0.9634391915748496 1.6405802732850852e-17 -0.2679270873532583
vn 0.9634391915748496 1.6405802732850852e-17 -0.2679270873532583
vn 0.9634391915748496 1.6405802732850852e-17 -0.2679270873532583
vn 0.9634391915748496 1.6405802732850852e-17 -0.2679270873532583
vn 0.6956687564846137 0.6918219323180935 -0.19346161173424184
vn 0.6956687564846137 0.6918219323180935 -0.19346161173424184
vn 0.6956687564846137 0.6918219323180935 -0.19346161173424184
vn 0.6810824481514978 0.7071069693377245 -0.19006954709784696
vn 0.6810824481514978 0.7071069693377245 -0.19006954709784696
vn 0.6810824481514978 0.7071069693377245 -0.19006954709784696
vn 0.5958760225930279 -0.7071070487367935 -0.38069855177746015
vn 0.5958760225930279 -0.7071070487367935 -0.38069855177746015
vn 0.5958760225930279 -0.7071070487367935 -0.38069855177746015
vn 0.6621888240600525 -0.6118308269415793 -0.43263032775563487
vn 0.6621888240600525 -0.6118308269415793 -0.43263032775563487
vn 0.6621888240600525 -0.6118308269415793 -0.43263032775563487
vn 0.8371660217069044 3.349095853920949e-17 -0.546948856932195
vn 0.8371660217069044 3.349095853920949e-17 -0.546948856932195
vn 0.8371660217069044 3.349095853920949e-17 -0.546948856932195
vn 0.8371660217069044 3.349095853920949e-17 -0.546948856932195
vn 0.8371660217069044 3.349095853920949e-17 -0.546948856932195
vn 0.8371660217069044 3.349095853920949e-17 -0.546948856932195
vn 0.5924314094129203 0.706550161072227 -0.3870554159675731
vn 0.5924314094129203 0.706550161072227 -0.3870554159675731
vn 0.5924314094129203 0.706550161072227 -0.3870554159675731
vn 0.6704716658566059 0.6057872154605018 -0.4283568545828105
vn 0.6704716658566059 0.6057872154605018 -0.4283568545828105
vn 0.6704716658566059 0.6057872154605018 -0.4283568545828105
vn -0.6704716002776979 -0.6057872696672553 -0.42835688056824206
vn -0.6704716002776979 -0.6057872696672553 -0.42835688056824206
vn -0.6704716002776979 -0.6057872696672553 -0.42835688056824206
vn -0.5924313707280132 -0.706550186021688 -0.38705542963514344
vn -0.5924313707280132 -0.706550186021688 -0.38705542963514344
vn -0.5924313707280132 -0.706550186021688 -0.38705542963514344
vn -0.8371660217069044 3.349095853920949e-17 -0.546948856932195
vn -0.8371660217069044 3.349095853920949e-17 -0.546948856932195
vn -0.8371660217069044 3.349095853920949e-17 -0.546948856932195
vn -0.8371660217069044 3.349095853920949e-17 -0.546948856932195
vn -0.8371660217069044 3.349095853920949e-17 -0.546948856932195
vn -0.8371660217069044 3.349095853920949e-17 -0.546948856932195
vn -0.6621888482087276 0.6118307896491544 -0.43263034353278007
vn -0.6621888482087276 0.6118307896491544 -0.43263034353278007
vn -0.6621888482087276 0.6118307896491544 -0.43263034353278007
vn -0.5958760477073337 0.7071070189344925 -0.38069856782271033
vn -0.5958760477073337 0.7071070189344925 -0.38069856782271033
vn -0.5958760477073337 0.7071070189344925 -0.38069856782271033
f 181/181/181 182/182/182 183/183/183
f 184/184/184 185/185/185 186/186/186
f 187/187/187 188/188/188 189/189/189
f 190/190/190 191/191/191 192/192/192
f 193/193/193 194/194/194 195/195/195
f 196/196/196 197/197/197 198/198/198
f 199/199/199 200/200/200 201/201/201
f 202/202/202 203/203/203 204/204/204
f 205/205/205 206/206/206 207/207/207
f 208/208/208 209/209/209 210/210/210
f 211/211/211 212/212/212 213/213/213
f 214/214/214 215/215/215 216/216/216
f 217/217/217 218/218/218 219/219/219
f 220/220/220 221/221/221 222/222/222
f 223/223/223 224/224/224 225/225/225
f 226/226/226 227/227/227 228/228/228
f 229/229/229 230/230/230 231/231/231
f 232/232/232 233/233/233 234/234/234
f 235/235/235 236/236/236 237/237/237
f 238/238/238 239/239/239 240/240/240
f 241/241/241 242/242/242 243/243/243
f 244/244/244 245/245/245 246/246/246
f 247/247/247 248/248/248 249/249/249
f 250/250/250 251/251/251 252/252/252
f 253/253/253 254/254/254 255/255/255
f 256/256/256 257/257/257 258/258/258
f 259/259/259 260/260/260 261/261/261
f 262/262/262 263/263/263 264/264/264
f 265/265/265 266/266/266 267/267/267
f 268/268/268 269/269/269 270/270/270
f 271/271/271 272/272/272 273/273/273
f 274/274/274 275/275/275 276/276/276
f 277/277/277 278/278/278 279/279/279
f 280/280/280 281/281/281 282/282/282
f 283/283/283 284/284/284 285/285/285
f 286/286/286 287/287/287 288/288/288
f 289/289/289 290/290/290 291/291/291
f 292/292/292 293/293/293 294/294/294
f 295/295/295 296/296/296 297/297/297
f 298/298/298 299/299/299 300/300/300
f 301/301/301 302/302/302 303/303/303
f 304/304/304 305/305/305 306/306/306
f 307/307/307 308/308/308 309/309/309
f 310/310/310 311/311/311 312/312/312
f 313/313/313 314/314/314 315/315/315
f 316/316/316 317/317/317 318/318/318
f 319/319/319 320/320/320 321/321/321
f 322/322/322 323/323/323 324/324/324
f 325/325/325 326/326/326 327/327/327
f 328/328/328 329/329/329 330/330/330
f 331/331/331 332/332/332 333/333/333
f 334/334/334 335/335/335 336/336/336
f 337/337/337 338/338/338 339/339/339
f 340/340/340 341/341/341 342/342/342
f 343/343/343 344/344/344 345/345/345
f 346/346/346 347/347/347 348/348/348
f 349/349/349 350/350/350 351/351/351
f 352/352/352 353/353/353 354/354/354
f 355/355/355 356/356/356 357/357/357
f 358/358/358 359/359/359 360/360/360
o corvette_bridge
usemtl glass
v 0.0012422147178644868 3.8648648648648645 -4.2132349008115355
v 0.0012422147178644868 3.8648648648648645 -4.219197531620896
v -0.0012422147178644868 3.8648648648648645 -4.219197531620896
v -0.0012422147178644868 3.8648648648648645 -4.2132349008115355
v 0.0012422147178644868 3.8648648648648645 -4.2132349008115355
v 1.242214594338391 2.108108108108108 -1.234901106035387
v 1.242214594338391 2.108108108108108 -7.197531326397044
v -1.242214594338391 2.108108108108108 -7.197531326397044
v -1.242214594338391 2.108108108108108 -1.234901106035387
v 1.242214594338391 2.108108108108108 -1.234901106035387
v 0 3.8648648648648645 -4.216216216216216
v 0 3.8648648648648645 -4.216216216216216
v 0 3.8648648648648645 -4.216216216216216
v 0 3.8648648648648645 -4.216216216216216
v 0.0012422147178644868 3.8648648648648645 -4.2132349008115355
v 0.0012422147178644868 3.8648648648648645 -4.219197531620896
v -0.0012422147178644868 3.8648648648648645 -4.219197531620896
v -0.0012422147178644868 3.8648648648648645 -4.2132349008115355
v 0.0012422147178644868 3.8648648648648645 -4.2132349008115355
v 0 2.108108108108108 -4.216216216216216
v 0 2.108108108108108 -4.216216216216216
v 0 2.108108108108108 -4.216216216216216
v 0 2.108108108108108 -4.216216216216216
v 1.242214594338391 2.108108108108108 -1.234901106035387
v 1.242214594338391 2.108108108108108 -7.197531326397044
v -1.242214594338391 2.108108108108108 -7.197531326397044
v -1.242214594338391 2.108108108108108 -1.234901106035387
v 1.242214594338391 2.108108108108108 -1.234901106035387
vt 0 1
vt 0.25 1
vt 0.5 1
vt 0.75 1
vt 1 1
vt 0 0
vt 0.25 0
vt 0.5 0
vt 0.75 0
vt 1 0
vt 0.5 0.5
vt 0.5 0.5
vt 0.5 0.5
vt 0.5 0.5
vt 1 0.5
vt 0.5 1
vt 0 0.5
vt 0.5 0
vt 1 0.5
vt 0.5 0.5
vt 0.5 0.5
vt 0.5 0.5
vt 0.5 0.5
vt 1 0.5
vt 0.5 0
vt 0 0.5
vt 0.5 1
vt 1 0.5
vn 0.5616902095530761 0.7935556148699414 0.23403759228083545
vn 0.5616902095530761 0.7935556148699414 -0.23403759228083545
vn -0.5616902095530761 0.7935556148699414 -0.23403759228083545
vn -0.5616902095530761 0.7935556148699414 0.23403759228083545
vn 0.5616902095530761 0.7935556148699414 0.23403759228083545
vn 0.5616902095530761 0.7935556148699414 0.23403759228083545
vn 0.5616902095530761 0.7935556148699414 -0.23403759228083545
vn -0.5616902095530761 0.7935556148699414 -0.23403759228083545
vn -0.5616902095530761 0.7935556148699414 0.23403759228083545
vn 0.5616902095530761 0.7935556148699414 0.23403759228083545
vn 0 1 0
vn 0 1 0
vn 0 1 0
vn 0 1 0
vn 0 1 0
vn 0 1 0
vn 0 1 0
vn 0 1 0
vn 0 1 0
vn 0 -1 0
vn 0 -1 0
vn 0 -1 0
vn 0 -1 0
vn 0 -1 0
vn 0 -1 0
vn 0 -1 0
vn 0 -1 0
vn 0 -1 0
f 361/361/361 366/366/366 362/362/362
f 366/366/366 367/367/367 362/362/362
f 362/362/362 367/367/367 363/363/363
f 367/367/367 368/368/368 363/363/363
f 363/363/363 368/368/368 364/364/364
f 368/368/368 369/369/369 364/364/364
f 364/364/364 369/369/369 365/365/365
f 369/369/369 370/370/370 365/365/365
f 375/375/375 376/376/376 371/371/371
f 376/376/376 377/377/377 372/372/372
f 377/377/377 378/378/378 373/373/373
f 378/378/378 379/379/379 374/374/374
f 385/385/385 384/384/384 380/380/380
f 386/386/386 385/385/385 381/381/381
f 387/387/387 386/386/386 382/382/382
f 388/388/388 387/387/387 383/383/383
o corvette_keel
usemtl plate
v 1.2297297087875572 -0.6675675612849156 7.729729897267109
v 1.2297297087875572 -0.6675675612849156 -4.216216383753595
v 1.2297297087875572 -1.8621621684448137 7.729729897267109
v 1.2297297087875572 -1.8621621684448137 -4.216216383753595
v -1.2297297087875572 -0.6675675612849156 -4.216216383753595
v -1.2297297087875572 -0.6675675612849156 7.729729897267109
v -1.2297297087875572 -1.8621621684448137 -4.216216383753595
v -1.2297297087875572 -1.8621621684448137 7.729729897267109
v -1.2297297087875572 -0.6675675612849156 -4.216216383753595
v 1.2297297087875572 -0.6675675612849156 -4.216216383753595
v -1.2297297087875572 -0.6675675612849156 7.729729897267109
v 1.2297297087875572 -0.6675675612849156 7.729729897267109
v -1.2297297087875572 -1.8621621684448137 7.729729897267109
v 1.2297297087875572 -1.8621621684448137 7.729729897267109
v -1.2297297087875572 -1.8621621684448137 -4.216216383753595
v 1.2297297087875572 -1.8621621684448137 -4.216216383753595
v -1.2297297087875572 -0.6675675612849156 7.729729897267109
v 1.2297297087875572 -0.6675675612849156 7.729729897267109
v -1.2297297087875572 -1.8621621684448137 7.729729897267109
v 1.2297297087875572 -1.8621621684448137 7.729729897267109
v 1.2297297087875572 -0.6675675612849156 -4.216216383753595
v -1.2297297087875572 -0.6675675612849156 -4.216216383753595
v 1.2297297087875572 -1.8621621684448137 -4.216216383753595
v -1.2297297087875572 -1.8621621684448137 -4.216216383753595
vt 0 1
vt 1 1
vt 0 0
vt 1 0
vt 0 1
vt 1 1
vt 0 0
vt 1 0
vt 0 1
vt 1 1
vt 0 0
vt 1 0
vt 0 1
vt 1 1
vt 0 0
vt 1 0
vt 0 1
vt 1 1
vt 0 0
vt 1 0
vt 0 1
vt 1 1
vt 0 0
vt 1 0
vn 1 0 0
vn 1 0 0
vn 1 0 0
vn 1 0 0
vn -1 0 0
vn -1 0 0
vn -1 0 0
vn -1 0 0
vn 0 1 0
vn 0 1 0
vn 0 1 0
vn 0 1 0
vn 0 -1 0
vn 0 -1 0
vn 0 -1 0
vn 0 -1 0
vn 0 0 1
vn 0 0 1
vn 0 0 1
vn 0 0 1
vn 0 0 -1
vn 0 0 -1
vn 0 0 -1
vn 0 0 -1
f 389/389/389 391/391/391 390/390/390
f 391/391/391 392/392/392 390/390/390
f 393/393/393 395/395/395 394/394/394
f 395/395/395 396/396/396 394/394/394
f 397/397/397 399/399/399 398/398/398
f 399/399/399 400/400/400 398/398/398
f 401/401/401 403/403/403 402/402/402
f 403/403/403 404/404/404 402/402/402
f 405/405/405 407/407/407 406/406/406
f 407/407/407 408/408/408 406/406/406
f 409/409/409 411/411/411 410/410/410
f 411/411/411 412/412/412 410/410/410
o corvette_engine_nacelle
usemtl plate
v -5.27027027027027 -1.1945946448558078 13.527027110795718
v -4.375875737216021 -0.8241242627839778 13.527027110795716
v -4.005405355144191 0.07027027027027084 13.527027110795716
v -4.375875737216021 0.9646648033245195 13.527027110795716
v -5.27027027027027 1.3351351853963496 13.527027110795716
v -6.164664803324519 0.9646648033245195 13.527027110795716
v -6.535135185396349 0.07027027027027116 13.527027110795716
v -6.164664803324519 -0.8241242627839778 13.527027110795716
v -5.27027027027027 -1.1945946448558078 13.527027110795718
v -5.27027027027027 -1.017513498100075 7.554053970285365
v -4.501090976032051 -0.6989090239679497 7.554053970285365
v -4.182486501899925 0.07027027027026952 7.554053970285365
v -4.501090976032051 0.8394495645084888 7.554053970285365
v -5.27027027027027 1.1580540386406142 7.554053970285364
v -6.039449564508489 0.8394495645084888 7.554053970285365
v -6.358054038640615 0.0702702702702698 7.554053970285365
v -6.039449564508489 -0.6989090239679497 7.554053970285365
v -5.27027027027027 -1.017513498100075 7.554053970285365
v -5.27027027027027 0.07027027027027093 13.527027110795716
v -5.27027027027027 0.07027027027027093 13.527027110795716
v -5.27027027027027 0.07027027027027093 13.527027110795716
v -5.27027027027027 0.07027027027027093 13.527027110795716
v -5.27027027027027 0.07027027027027093 13.527027110795716
v -5.27027027027027 0.07027027027027093 13.527027110795716
v -5.27027027027027 0.07027027027027093 13.527027110795716
v -5.27027027027027 0.07027027027027093 13.527027110795716
v -5.27027027027027 -1.1945946448558078 13.527027110795718
v -4.375875737216021 -0.8241242627839778 13.527027110795716
v -4.005405355144191 0.07027027027027084 13.527027110795716
v -4.375875737216021 0.9646648033245195 13.527027110795716
v -5.27027027027027 1.3351351853963496 13.527027110795716
v -6.164664803324519 0.9646648033245195 13.527027110795716
v -6.535135185396349 0.07027027027027116 13.527027110795716
v -6.164664803324519 -0.8241242627839778 13.527027110795716
v -5.27027027027027 -1.1945946448558078 13.527027110795718
v -5.27027027027027 0.0702702702702696 7.554053970285365
v -5.27027027027027 0.0702702702702696 7.554053970285365
v -5.27027027027027 0.0702702702702696 7.554053970285365
v -5.27027027027027 0.0702702702702696 7.554053970285365
v -5.27027027027027 0.0702702702702696 7.554053970285365
v -5.27027027027027 0.0702702702702696 7.554053970285365
v -5.27027027027027 0.0702702702702696 7.554053970285365
v -5.27027027027027 0.0702702702702696 7.554053970285365
v -5.27027027027027 -1.017513498100075 7.554053970285365
v -4.501090976032051 -0.6989090239679497 7.554053970285365
v -4.182486501899925 0.07027027027026952 7.554053970285365
v -4.501090976032051 0.8394495645084888 7.554053970285365
v -5.27027027027027 1.1580540386406142 7.554053970285364
v -6.039449564508489 0.8394495645084888 7.554053970285365
v -6.358054038640615 0.0702702702702698 7.554053970285365
v -6.039449564508489 -0.6989090239679497 7.554053970285365
v -5.27027027027027 -1.017513498100075 7.554053970285365
vt 0 1
vt 0.125 1
vt 0.25 1
vt 0.375 1
vt 0.5 1
vt 0.625 1
vt 0.75 1
vt 0.875 1
vt 1 1
vt 0 0
vt 0.125 0
vt 0.25 0
vt 0.375 0
vt 0.5 0
vt 0.625 0
vt 0.75 0
vt 0.875 0
vt 1 0
vt 0.5 0.5
vt 0.5 0.5
vt 0.5 0.5
vt 0.5 0.5
vt 0.5 0.5
vt 0.5 0.5
vt 0.5 0.5
vt 0.5 0.5
vt 1 0.5
vt 0.8535534143447876 0.8535534143447876
vt 0.5 1
vt 0.1464466154575348 0.8535534143447876
vt 0 0.5
vt 0.1464466154575348 0.1464466154575348
vt 0.5 0
vt 0.8535534143447876 0.1464466154575348
vt 1 0.5
vt 0.5 0.5
vt 0.5 0.5
vt 0.5 0.5
vt 0.5 0.5
vt 0.5 0.5
vt 0.5 0.5
vt 0.5 0.5
vt 0.5 0.5
vt 1 0.5
vt 0.8535534143447876 0.1464466154575348
vt 0.5 0
vt 0.1464466154575348 0.1464466154575348
vt 0 0.5
vt 0.1464466154575348 0.8535534143447876
vt 0.5 1
vt 0.8535534143447876 0.8535534143447876
vt 1 0.5
vn 0 -0.9995608154701658 -0.02963403746736265
vn 0.7067962308147332 -0.7067962308147332 -0.029634038067278753
vn 0.9995608154701658 -6.778552640295474e-17 -0.02963403746736287
vn 0.7067962308147332 0.7067962308147332 -0.02963403806727907
vn 1.2241089652236117e-16 0.9995608154701658 -0.02963403746736309
vn -0.7067962308147332 0.7067962308147332 -0.02963403806727907
vn -0.9995608154701658 1.7703626664176757e-16 -0.02963403746736287
vn -0.7067962308147332 -0.7067962308147332 -0.029634038067278753
vn -2.4482179304472233e-16 -0.9995608154701658 -0.02963403746736265
vn 0 -0.9995608154701658 -0.02963403746736265
vn 0.7067962308147332 -0.7067962308147332 -0.029634038067278753
vn 0.9995608154701658 -6.778552640295474e-17 -0.02963403746736287
vn 0.7067962308147332 0.7067962308147332 -0.02963403806727907
vn 1.2241089652236117e-16 0.9995608154701658 -0.02963403746736309
vn -0.7067962308147332 0.7067962308147332 -0.02963403806727907
vn -0.9995608154701658 1.7703626664176757e-16 -0.02963403746736287
vn -0.7067962308147332 -0.7067962308147332 -0.029634038067278753
vn -2.4482179304472233e-16 -0.9995608154701658 -0.02963403746736265
vn 0 2.220446049250313e-16 1
vn 0 2.220446049250313e-16 1
vn 0 2.220446049250313e-16 1
vn 0 2.220446049250313e-16 1
vn 0 2.220446049250313e-16 1
vn 0 2.220446049250313e-16 1
vn 0 2.220446049250313e-16 1
vn 0 2.220446049250313e-16 1
vn 0 2.220446049250313e-16 1
vn 0 2.220446049250313e-16 1
vn 0 2.220446049250313e-16 1
vn 0 2.220446049250313e-16 1
vn 0 2.220446049250313e-16 1
vn 0 2.220446049250313e-16 1
vn 0 2.220446049250313e-16 1
vn 0 2.220446049250313e-16 1
vn 0 2.220446049250313e-16 1
vn 0 -2.220446049250313e-16 -1
vn 0 -2.220446049250313e-16 -1
vn 0 -2.220446049250313e-16 -1
vn 0 -2.220446049250313e-16 -1
vn 0 -2.220446049250313e-16 -1
vn 0 -2.220446049250313e-16 -1
vn 0 -2.220446049250313e-16 -1
vn 0 -2.220446049250313e-16 -1
vn 0 -2.220446049250313e-16 -1
vn 0 -2.220446049250313e-16 -1
vn 0 -2.220446049250313e-16 -1
vn 0 -2.220446049250313e-16 -1
vn 0 -2.220446049250313e-16 -1
vn 0 -2.220446049250313e-16 -1
vn 0 -2.220446049250313e-16 -1
vn 0 -2.220446049250313e-16 -1
vn 0 -2.220446049250313e-16 -1
f 413/413/413 422/422/422 414/414/414
f 422/422/422 423/423/423 414/414/414
f 414/414/414 423/423/423 415/415/415
f 423/423/423 424/424/424 415/415/415
f 415/415/415 424/424/424 416/416/416
f 424/424/424 425/425/425 416/416/416
f 416/416/416 425/425/425 417/417/417
f 425/425/425 426/426/426 417/417/417
f 417/417/417 426/426/426 418/418/418
f 426/426/426 427/427/427 418/418/418
f 418/418/418 427/427/427 419/419/419
f 427/427/427 428/428/428 419/419/419
f 419/419/419 428/428/428 420/420/420
f 428/428/428 429/429/429 420/420/420
f 420/420/420 429/429/429 421/421/421
f 429/429/429 430/430/430 421/421/421
f 439/439/439 440/440/440 431/431/431
f 440/440/440 441/441/441 432/432/432
f 441/441/441 442/442/442 433/433/433
f 442/442/442 443/443/443 434/434/434
f 443/443/443 444/444/444 435/435/435
f 444/444/444 445/445/445 436/436/436
f 445/445/445 446/446/446 437/437/437
f 446/446/446 447/447/447 438/438/438
f 457/457/457 456/456/456 448/448/448
f 458/458/458 457/457/457 449/449/449
f 459/459/459 458/458/458 450/450/450
f 460/460/460 459/459/459 451/451/451
f 461/461/461 460/460/460 452/452/452
f 462/462/462 461/461/461 453/453/453
f 463/463/463 462/462/462 454/454/454
f 464/464/464 463/463/463 455/455/455
o corvette_engine_bell
usemtl thruster
v -5.27027027027027 -0.840432456055203 13.87837838099615
v -4.62630621484808 -0.5736937851519198 13.87837838099615
v -4.359567543944797 0.07027027027027025 13.87837838099615
v -4.62630621484808 0.7142343256924603 13.878378380996148
v -5.27027027027027 0.9809729965957434 13.878378380996148
v -5.91423432569246 0.7142343256924603 13.878378380996148
v -6.180972996595743 0.07027027027027047 13.87837838099615
v -5.91423432569246 -0.5736937851519198 13.87837838099615
v -5.27027027027027 -0.840432456055203 13.87837838099615
v -5.27027027027027 -0.840432456055203 13.527027024409255
v -4.62630621484808 -0.5736937851519198 13.527027024409255
v -4.359567543944797 0.07027027027027016 13.527027024409254
v -4.62630621484808 0.7142343256924603 13.527027024409254
v -5.27027027027027 0.9809729965957434 13.527027024409254
v -5.91423432569246 0.7142343256924603 13.527027024409254
v -6.180972996595743 0.07027027027027039 13.527027024409254
v -5.91423432569246 -0.5736937851519198 13.527027024409255
v -5.27027027027027 -0.840432456055203 13.527027024409255
v -5.27027027027027 0.0702702702702703 13.87837838099615
v -5.27027027027027 0.0702702702702703 13.87837838099615
v -5.27027027027027 0.0702702702702703 13.87837838099615
v -5.27027027027027 0.0702702702702703 13.87837838099615
v -5.27027027027027 0.0702702702702703 13.87837838099615
v -5.27027027027027 0.0702702702702703 13.87837838099615
v -5.27027027027027 0.0702702702702703 13.87837838099615
v -5.27027027027027 0.0702702702702703 13.87837838099615
v -5.27027027027027 -0.840432456055203 13.87837838099615
v -4.62630621484808 -0.5736937851519198 13.87837838099615
v -4.359567543944797 0.07027027027027025 13.87837838099615
v -4.62630621484808 0.7142343256924603 13.878378380996148
v -5.27027027027027 0.9809729965957434 13.878378380996148
v -5.91423432569246 0.7142343256924603 13.878378380996148
v -6.180972996595743 0.07027027027027047 13.87837838099615
v -5.91423432569246 -0.5736937851519198 13.87837838099615
v -5.27027027027027 -0.840432456055203 13.87837838099615
v -5.27027027027027 0.07027027027027022 13.527027024409254
v -5.27027027027027 0.07027027027027022 13.527027024409254
v -5.27027027027027 0.07027027027027022 13.527027024409254
v -5.27027027027027 0.07027027027027022 13.527027024409254
v -5.27027027027027 0.07027027027027022 13.527027024409254
v -5.27027027027027 0.07027027027027022 13.527027024409254
v -5.27027027027027 0.07027027027027022 13.527027024409254
v -5.27027027027027 0.07027027027027022 13.527027024409254
v -5.27027027027027 -0.840432456055203 13.527027024409255
v -4.62630621484808 -0.5736937851519198 13.527027024409255
v -4.359567543944797 0.07027027027027016 13.527027024409254
v -4.62630621484808 0.7142343256924603 13.527027024409254
v -5.27027027027027 0.9809729965957434 13.527027024409254
v -5.91423432569246 0.7142343256924603 13.527027024409254
v -6.180972996595743 0.07027027027027039 13.527027024409254
v -5.91423432569246 -0.5736937851519198 13.527027024409255
v -5.27027027027027 -0.840432456055203 13.527027024409255
vt 0 1
vt 0.125 1
vt 0.25 1
vt 0.375 1
vt 0.5 1
vt 0.625 1
vt 0.75 1
vt 0.875 1
vt 1 1
vt 0 0
vt 0.125 0
vt 0.25 0
vt 0.375 0
vt 0.5 0
vt 0.625 0
vt 0.75 0
vt 0.875 0
vt 1 0
vt 0.5 0.5
vt 0.5 0.5
vt 0.5 0.5
vt 0.5 0.5
vt 0.5 0.5
vt 0.5 0.5
vt 0.5 0.5
vt 0.5 0.5
vt 1 0.5
vt 0.8535534143447876 0.8535534143447876
vt 0.5 1
vt 0.1464466154575348 0.8535534143447876
vt 0 0.5
vt 0.1464466154575348 0.1464466154575348
vt 0.5 0
vt 0.8535534143447876 0.1464466154575348
vt 1 0.5
vt 0.5 0.5
vt 0.5 0.5
vt 0.5 0.5
vt 0.5 0.5
vt 0.5 0.5
vt 0.5 0.5
vt 0.5 0.5
vt 0.5 0.5
vt 1 0.5
vt 0.8535534143447876 0.1464466154575348
vt 0.5 0
vt 0.1464466154575348 0.1464466154575348
vt 0 0.5
vt 0.1464466154575348 0.8535534143447876
vt 0.5 1
vt 0.8535534143447876 0.8535534143447876
vt 1 0.5
vn 0 -1 2.220446049250313e-16
vn 0.7071067811865475 -0.7071067811865475 1.570092458683775e-16
vn 1 -6.123234262925839e-17 1.3596311327747833e-32
vn 0.7071067811865475 0.7071067811865475 -1.570092458683775e-16
vn 1.2246468525851679e-16 1 -2.220446049250313e-16
vn -0.7071067811865475 0.7071067811865475 -1.570092458683775e-16
vn -1 1.8369701465288538e-16 -4.078893104450762e-32
vn -0.7071067811865475 -0.7071067811865475 1.570092458683775e-16
vn -2.4492937051703357e-16 -1 2.220446049250313e-16
vn 0 -1 2.220446049250313e-16
vn 0.7071067811865475 -0.7071067811865475 1.570092458683775e-16
vn 1 -6.123234262925839e-17 1.3596311327747833e-32
vn 0.7071067811865475 0.7071067811865475 -1.570092458683775e-16
vn 1.2246468525851679e-16 1 -2.220446049250313e-16
vn -0.7071067811865475 0.7071067811865475 -1.570092458683775e-16
vn -1 1.8369701465288538e-16 -4.078893104450762e-32
vn -0.7071067811865475 -0.7071067811865475 1.570092458683775e-16
vn -2.4492937051703357e-16 -1 2.220446049250313e-16
vn 0 2.220446049250313e-16 1
vn 0 2.220446049250313e-16 1
vn 0 2.220446049250313e-16 1
vn 0 2.220446049250313e-16 1
vn 0 2.220446049250313e-16 1
vn 0 2.220446049250313e-16 1
vn 0 2.220446049250313e-16 1
vn 0 2.220446049250313e-16 1
vn 0 2.220446049250313e-16 1
vn 0 2.220446049250313e-16 1
vn 0 2.220446049250313e-16 1
vn 0 2.220446049250313e-16 1
vn 0 2.220446049250313e-16 1
vn 0 2.220446049250313e-16 1
vn 0 2.220446049250313e-16 1
vn 0 2.220446049250313e-16 1
vn 0 2.220446049250313e-16 1
vn 0 -2.220446049250313e-16 -1
vn 0 -2.220446049250313e-16 -1
vn 0 -2.220446049250313e-16 -1
vn 0 -2.220446049250313e-16 -1
vn 0 -2.220446049250313e-16 -1
vn 0 -2.220446049250313e-16 -1
vn 0 -2.220446049250313e-16 -1
vn 0 -2.220446049250313e-16 -1
vn 0 -2.220446049250313e-16 -1
vn 0 -2.220446049250313e-16 -1
vn 0 -2.220446049250313e-16 -1
vn 0 -2.220446049250313e-16 -1
vn 0 -2.220446049250313e-16 -1
vn 0 -2.220446049250313e-16 -1
vn 0 -2.220446049250313e-16 -1
vn 0 -2.220446049250313e-16 -1
vn 0 -2.220446049250313e-16 -1
f 465/465/465 474/474/474 466/466/466
f 474/474/474 475/475/475 466/466/466
f 466/466/466 475/475/475 467/467/467
f 475/475/475 476/476/476 467/467/467
f 467/467/467 476/476/476 468/468/468
f 476/476/476 477/477/477 468/468/468
f 468/468/468 477/477/477 469/469/469
f 477/477/477 478/478/478 469/469/469
f 469/469/469 478/478/478 470/470/470
f 478/478/478 479/479/479 470/470/470
f 470/470/470 479/479/479 471/471/471
f 479/479/479 480/480/480 471/471/471
f 471/471/471 480/480/480 472/472/472
f 480/480/480 481/481/481 472/472/472
f 472/472/472 481/481/481 473/473/473
f 481/481/481 482/482/482 473/473/473
f 491/491/491 492/492/492 483/483/483
f 492/492/492 493/493/493 484/484/484
f 493/493/493 494/494/494 485/485/485
f 494/494/494 495/495/495 486/486/486
f 495/495/495 496/496/496 487/487/487
f 496/496/496 497/497/497 488/488/488
f 497/497/497 498/498/498 489/489/489
f 498/498/498 499/499/499 490/490/490
f 509/509/509 508/508/508 500/500/500
f 510/510/510 509/509/509 501/501/501
f 511/511/511 510/510/510 502/502/502
f 512/512/512 511/511/511 503/503/503
f 513/513/513 512/512/512 504/504/504
f 514/514/514 513/513/513 505/505/505
f 515/515/515 514/514/514 506/506/506
f 516/516/516 515/515/515 507/507/507
o corvette_stripe
usemtl accent
v -4.145945939663294 2.2837837814277893 4.2162162999849055
v -4.145945939663294 2.2837837814277893 -7.027027110795716
v -4.145945939663294 2.0729729753289674 4.2162162999849055
v -4.145945939663294 2.0729729753289674 -7.027027110795716
v -5.340540546823192 2.2837837814277893 -7.027027110795716
v -5.340540546823192 2.2837837814277893 4.2162162999849055
v -5.340540546823192 2.0729729753289674 -7.027027110795716
v -5.340540546823192 2.0729729753289674 4.2162162999849055
v -5.340540546823192 2.2837837814277893 -7.027027110795716
v -4.145945939663294 2.2837837814277893 -7.027027110795716
v -5.340540546823192 2.2837837814277893 4.2162162999849055
v -4.145945939663294 2.2837837814277893 4.2162162999849055
v -5.340540546823192 2.0729729753289674 4.2162162999849055
v -4.145945939663294 2.0729729753289674 4.2162162999849055
v -5.340540546823192 2.0729729753289674 -7.027027110795716
v -4.145945939663294 2.0729729753289674 -7.027027110795716
v -5.340540546823192 2.2837837814277893 4.2162162999849055
v -4.145945939663294 2.2837837814277893 4.2162162999849055
v -5.340540546823192 2.0729729753289674 4.2162162999849055
v -4.145945939663294 2.0729729753289674 4.2162162999849055
v -4.145945939663294 2.2837837814277893 -7.027027110795716
v -5.340540546823192 2.2837837814277893 -7.027027110795716
v -4.145945939663294 2.0729729753289674 -7.027027110795716
v -5.340540546823192 2.0729729753289674 -7.027027110795716
vt 0 1
vt 1 1
vt 0 0
vt 1 0
vt 0 1
vt 1 1
vt 0 0
vt 1 0
vt 0 1
vt 1 1
vt 0 0
vt 1 0
vt 0 1
vt 1 1
vt 0 0
vt 1 0
vt 0 1
vt 1 1
vt 0 0
vt 1 0
vt 0 1
vt 1 1
vt 0 0
vt 1 0
vn 1 0 0
vn 1 0 0
vn 1 0 0
vn 1 0 0
vn -1 0 0
vn -1 0 0
vn -1 0 0
vn -1 0 0
vn 0 1 0
vn 0 1 0
vn 0 1 0
vn 0 1 0
vn 0 -1 0
vn 0 -1 0
vn 0 -1 0
vn 0 -1 0
vn 0 0 1
vn 0 0 1
vn 0 0 1
vn 0 0 1
vn 0 0 -1
vn 0 0 -1
vn 0 0 -1
vn 0 0 -1
f 517/517/517 519/519/519 518/518/518
f 519/519/519 520/520/520 518/518/518
f 521/521/521 523/523/523 522/522/522
f 523/523/523 524/524/524 522/522/522
f 525/525/525 527/527/527 526/526/526
f 527/527/527 528/528/528 526/526/526
f 529/529/529 531/531/531 530/530/530
f 531/531/531 532/532/532 530/530/530
f 533/533/533 535/535/535 534/534/534
f 535/535/535 536/536/536 534/534/534
f 537/537/537 539/539/539 538/538/538
f 539/539/539 540/540/540 538/538/538
o corvette_turret
usemtl plate
v -1.159459463647894 3.0567567776989284 0.07027026608183573
v -1.159459463647894 3.0567567776989284 -1.475675671487241
v -1.159459463647894 2.00270268176053 0.07027026608183573
v -1.159459463647894 2.00270268176053 -1.475675671487241
v -2.7054054012169706 3.0567567776989284 -1.475675671487241
v -2.7054054012169706 3.0567567776989284 0.07027026608183573
v -2.7054054012169706 2.00270268176053 -1.475675671487241
v -2.7054054012169706 2.00270268176053 0.07027026608183573
v -2.7054054012169706 3.0567567776989284 -1.475675671487241
v -1.159459463647894 3.0567567776989284 -1.475675671487241
v -2.7054054012169706 3.0567567776989284 0.07027026608183573
v -1.159459463647894 3.0567567776989284 0.07027026608183573
v -2.7054054012169706 2.00270268176053 0.07027026608183573
v -1.159459463647894 2.00270268176053 0.07027026608183573
v -2.7054054012169706 2.00270268176053 -1.475675671487241
v -1.159459463647894 2.00270268176053 -1.475675671487241
v -2.7054054012169706 3.0567567776989284 0.07027026608183573
v -1.159459463647894 3.0567567776989284 0.07027026608183573
v -2.7054054012169706 2.00270268176053 0.07027026608183573
v -1.159459463647894 2.00270268176053 0.07027026608183573
v -1.159459463647894 3.0567567776989284 -1.475675671487241
v -2.7054054012169706 3.0567567776989284 -1.475675671487241
v -1.159459463647894 2.00270268176053 -1.475675671487241
v -2.7054054012169706 2.00270268176053 -1.475675671487241
vt 0 1
vt 1 1
vt 0 0
vt 1 0
vt 0 1
vt 1 1
vt 0 0
vt 1 0
vt 0 1
vt 1 1
vt 0 0
vt 1 0
vt 0 1
vt 1 1
vt 0 0
vt 1 0
vt 0 1
vt 1 1
vt 0 0
vt 1 0
vt 0 1
vt 1 1
vt 0 0
vt 1 0
vn 1 0 0
vn 1 0 0
vn 1 0 0
vn 1 0 0
vn -1 0 0
vn -1 0 0
vn -1 0 0
vn -1 0 0
vn 0 1 0
vn 0 1 0
vn 0 1 0
vn 0 1 0
vn 0 -1 0
vn 0 -1 0
vn 0 -1 0
vn 0 -1 0
vn 0 0 1
vn 0 0 1
vn 0 0 1
vn 0 0 1
vn 0 0 -1
vn 0 0 -1
vn 0 0 -1
vn 0 0 -1
f 541/541/541 543/543/543 542/542/542
f 543/543/543 544/544/544 542/542/542
f 545/545/545 547/547/547 546/546/546
f 547/547/547 548/548/548 546/546/546
f 549/549/549 551/551/551 550/550/550
f 551/551/551 552/552/552 550/550/550
f 553/553/553 555/555/555 554/554/554
f 555/555/555 556/556/556 554/554/554
f 557/557/557 559/559/559 558/558/558
f 559/559/559 560/560/560 558/558/558
f 561/561/561 563/563/563 562/562/562
f 563/563/563 564/564/564 562/562/562
o corvette_engine_nacelle
usemtl plate
v 5.27027027027027 -1.1945946448558078 13.527027110795718
v 6.164664803324519 -0.8241242627839778 13.527027110795716
v 6.535135185396349 0.07027027027027084 13.527027110795716
v 6.164664803324519 0.9646648033245195 13.527027110795716
v 5.27027027027027 1.3351351853963496 13.527027110795716
v 4.375875737216021 0.9646648033245195 13.527027110795716
v 4.005405355144191 0.07027027027027116 13.527027110795716
v 4.375875737216021 -0.8241242627839778 13.527027110795716
v 5.27027027027027 -1.1945946448558078 13.527027110795718
v 5.27027027027027 -1.017513498100075 7.554053970285365
v 6.039449564508489 -0.6989090239679497 7.554053970285365
v 6.358054038640615 0.07027027027026952 7.554053970285365
v 6.039449564508489 0.8394495645084888 7.554053970285365
v 5.27027027027027 1.1580540386406142 7.554053970285364
v 4.501090976032051 0.8394495645084888 7.554053970285365
v 4.182486501899925 0.0702702702702698 7.554053970285365
v 4.501090976032051 -0.6989090239679497 7.554053970285365
v 5.27027027027027 -1.017513498100075 7.554053970285365
v 5.27027027027027 0.07027027027027093 13.527027110795716
v 5.27027027027027 0.07027027027027093 13.527027110795716
v 5.27027027027027 0.07027027027027093 13.527027110795716
v 5.27027027027027 0.07027027027027093 13.527027110795716
v 5.27027027027027 0.07027027027027093 13.527027110795716
v 5.27027027027027 0.07027027027027093 13.527027110795716
v 5.27027027027027 0.07027027027027093 13.527027110795716
v 5.27027027027027 0.07027027027027093 13.527027110795716
v 5.27027027027027 -1.1945946448558078 13.527027110795718
v 6.164664803324519 -0.8241242627839778 13.527027110795716
v 6.535135185396349 0.07027027027027084 13.527027110795716
v 6.164664803324519 0.9646648033245195 13.527027110795716
v 5.27027027027027 1.3351351853963496 13.527027110795716
v 4.375875737216021 0.9646648033245195 13.527027110795716
v 4.005405355144191 0.07027027027027116 13.527027110795716
v 4.375875737216021 -0.8241242627839778 13.527027110795716
v 5.27027027027027 -1.1945946448558078 13.527027110795718
v 5.27027027027027 0.0702702702702696 7.554053970285365
v 5.27027027027027 0.0702702702702696 7.554053970285365
v 5.27027027027027 0.0702702702702696 7.554053970285365
v 5.27027027027027 0.0702702702702696 7.554053970285365
v 5.27027027027027 0.0702702702702696 7.554053970285365
v 5.27027027027027 0.0702702702702696 7.554053970285365
v 5.27027027027027 0.0702702702702696 7.554053970285365
v 5.27027027027027 0.0702702702702696 7.554053970285365
v 5.27027027027027 -1.017513498100075 7.554053970285365
v 6.039449564508489 -0.6989090239679497 7.554053970285365
v 6.358054038640615 0.07027027027026952 7.554053970285365
v 6.039449564508489 0.8394495645084888 7.554053970285365
v 5.27027027027027 1.1580540386406142 7.554053970285364
v 4.501090976032051 0.8394495645084888 7.554053970285365
v 4.182486501899925 0.0702702702702698 7.554053970285365
v 4.501090976032051 -0.6989090239679497 7.554053970285365
v 5.27027027027027 -1.017513498100075 7.554053970285365
vt 0 1
vt 0.125 1
vt 0.25 1
vt 0.375 1
vt 0.5 1
vt 0.625 1
vt 0.75 1
vt 0.875 1
vt 1 1
vt 0 0
vt 0.125 0
vt 0.25 0
vt 0.375 0
vt 0.5 0
vt 0.625 0
vt 0.75 0
vt 0.875 0
vt 1 0
vt 0.5 0.5
vt 0.5 0.5
vt 0.5 0.5
vt 0.5 0.5
vt 0.5 0.5
vt 0.5 0.5
vt 0.5 0.5
vt 0.5 0.5
vt 1 0.5
vt 0.8535534143447876 0.8535534143447876
vt 0.5 1
vt 0.1464466154575348 0.8535534143447876
vt 0 0.5
vt 0.1464466154575348 0.1464466154575348
vt 0.5 0
vt 0.8535534143447876 0.1464466154575348
vt 1 0.5
vt 0.5 0.5
vt 0.5 0.5
vt 0.5 0.5
vt 0.5 0.5
vt 0.5 0.5
vt 0.5 0.5
vt 0.5 0.5
vt 0.5 0.5
vt 1 0.5
vt 0.8535534143447876 0.1464466154575348
vt 0.5 0
vt 0.1464466154575348 0.1464466154575348
vt 0 0.5
vt 0.1464466154575348 0.8535534143447876
vt 0.5 1
vt 0.8535534143447876 0.8535534143447876
vt 1 0.5
vn 0 -0.9995608154701658 -0.02963403746736265
vn 0.7067962308147332 -0.7067962308147332 -0.029634038067278753
vn 0.9995608154701658 -6.778552640295474e-17 -0.02963403746736287
vn 0.7067962308147332 0.7067962308147332 -0.02963403806727907
vn 1.2241089652236117e-16 0.9995608154701658 -0.02963403746736309
vn -0.7067962308147332 0.7067962308147332 -0.02963403806727907
vn -0.9995608154701658 1.7703626664176757e-16 -0.02963403746736287
vn -0.7067962308147332 -0.7067962308147332 -0.029634038067278753
vn -2.4482179304472233e-16 -0.9995608154701658 -0.02963403746736265
vn 0 -0.9995608154701658 -0.02963403746736265
vn 0.7067962308147332 -0.7067962308147332 -0.029634038067278753
vn 0.9995608154701658 -6.778552640295474e-17 -0.02963403746736287
vn 0.7067962308147332 0.7067962308147332 -0.02963403806727907
vn 1.2241089652236117e-16 0.9995608154701658 -0.02963403746736309
vn -0.7067962308147332 0.7067962308147332 -0.02963403806727907
vn -0.9995608154701658 1.7703626664176757e-16 -0.02963403746736287
vn -0.7067962308147332 -0.7067962308147332 -0.029634038067278753
vn -2.4482179304472233e-16 -0.9995608154701658 -0.02963403746736265
vn 0 2.220446049250313e-16 1
vn 0 2.220446049250313e-16 1
vn 0 2.220446049250313e-16 1
vn 0 2.220446049250313e-16 1
vn 0 2.220446049250313e-16 1
vn 0 2.220446049250313e-16 1
vn 0 2.220446049250313e-16 1
vn 0 2.220446049250313e-16 1
vn 0 2.220446049250313e-16 1
vn 0 2.220446049250313e-16 1
vn 0 2.220446049250313e-16 1
vn 0 2.220446049250313e-16 1
vn 0 2.220446049250313e-16 1
vn 0 2.220446049250313e-16 1
vn 0 2.220446049250313e-16 1
vn 0 2.220446049250313e-16 1
vn 0 2.220446049250313e-16 1
vn 0 -2.220446049250313e-16 -1
vn 0 -2.220446049250313e-16 -1
vn 0 -2.220446049250313e-16 -1
vn 0 -2.220446049250313e-16 -1
vn 0 -2.220446049250313e-16 -1
vn 0 -2.220446049250313e-16 -1
vn 0 -2.220446049250313e-16 -1
vn 0 -2.220446049250313e-16 -1
vn 0 -2.220446049250313e-16 -1
vn 0 -2.220446049250313e-16 -1
vn 0 -2.220446049250313e-16 -1
vn 0 -2.220446049250313e-16 -1
vn 0 -2.220446049250313e-16 -1
vn 0 -2.220446049250313e-16 -1
vn 0 -2.220446049250313e-16 -1
vn 0 -2.220446049250313e-16 -1
vn 0 -2.220446049250313e-16 -1
f 565/565/565 574/574/574 566/566/566
f 574/574/574 575/575/575 566/566/566
f 566/566/566 575/575/575 567/567/567
f 575/575/575 576/576/576 567/567/567
f 567/567/567 576/576/576 568/568/568
f 576/576/576 577/577/577 568/568/568
f 568/568/568 577/577/577 569/569/569
f 577/577/577 578/578/578 569/569/569
f 569/569/569 578/578/578 570/570/570
f 578/578/578 579/579/579 570/570/570
f 570/570/570 579/579/579 571/571/571
f 579/579/579 580/580/580 571/571/571
f 571/571/571 580/580/580 572/572/572
f 580/580/580 581/581/581 572/572/572
f 572/572/572 581/581/581 573/573/573
f 581/581/581 582/582/582 573/573/573
f 591/591/591 592/592/592 583/583/583
f 592/592/592 593/593/593 584/584/584
f 593/593/593 594/594/594 585/585/585
f 594/594/594 595/595/595 586/586/586
f 595/595/595 596/596/596 587/587/587
f 596/596/596 597/597/597 588/588/588
f 597/597/597 598/598/598 589/589/589
f 598/598/598 599/599/599 590/590/590
f 609/609/609 608/608/608 600/600/600
f 610/610/610 609/609/609 601/601/601
f 611/611/611 610/610/610 602/602/602
f 612/612/612 611/611/611 603/603/603
f 613/613/613 612/612/612 604/604/604
f 614/614/614 613/613/613 605/605/605
f 615/615/615 614/614/614 606/606/606
f 616/616/616 615/615/615 607/607/607
o corvette_engine_bell
usemtl thruster
v 5.27027027027027 -0.840432456055203 13.87837838099615
v 5.91423432569246 -0.5736937851519198 13.87837838099615
v 6.180972996595743 0.07027027027027025 13.87837838099615
v 5.91423432569246 0.7142343256924603 13.878378380996148
v 5.27027027027027 0.9809729965957434 13.878378380996148
v 4.62630621484808 0.7142343256924603 13.878378380996148
v 4.359567543944797 0.07027027027027047 13.87837838099615
v 4.62630621484808 -0.5736937851519198 13.87837838099615
v 5.27027027027027 -0.840432456055203 13.87837838099615
v 5.27027027027027 -0.840432456055203 13.527027024409255
v 5.91423432569246 -0.5736937851519198 13.527027024409255
v 6.180972996595743 0.07027027027027016 13.527027024409254
v 5.91423432569246 0.7142343256924603 13.527027024409254
v 5.27027027027027 0.9809729965957434 13.527027024409254
v 4.62630621484808 0.7142343256924603 13.527027024409254
v 4.359567543944797 0.07027027027027039 13.527027024409254
v 4.62630621484808 -0.5736937851519198 13.527027024409255
v 5.27027027027027 -0.840432456055203 13.527027024409255
v 5.27027027027027 0.0702702702702703 13.87837838099615
v 5.27027027027027 0.0702702702702703 13.87837838099615
v 5.27027027027027 0.0702702702702703 13.87837838099615
v 5.27027027027027 0.0702702702702703 13.87837838099615
v 5.27027027027027 0.0702702702702703 13.87837838099615
v 5.27027027027027 0.0702702702702703 13.87837838099615
v 5.27027027027027 0.0702702702702703 13.87837838099615
v 5.27027027027027 0.0702702702702703 13.87837838099615
v 5.27027027027027 -0.840432456055203 13.87837838099615
v 5.91423432569246 -0.5736937851519198 13.87837838099615
v 6.180972996595743 0.07027027027027025 13.87837838099615
v 5.91423432569246 0.7142343256924603 13.878378380996148
v 5.27027027027027 0.9809729965957434 13.878378380996148
v 4.62630621484808 0.7142343256924603 13.878378380996148
v 4.359567543944797 0.07027027027027047 13.87837838099615
v 4.62630621484808 -0.5736937851519198 13.87837838099615
v 5.27027027027027 -0.840432456055203 13.87837838099615
v 5.27027027027027 0.07027027027027022 13.527027024409254
v 5.27027027027027 0.07027027027027022 13.527027024409254
v 5.27027027027027 0.07027027027027022 13.527027024409254
v 5.27027027027027 0.07027027027027022 13.527027024409254
v 5.27027027027027 0.07027027027027022 13.527027024409254
v 5.27027027027027 0.07027027027027022 13.527027024409254
v 5.27027027027027 0.07027027027027022 13.527027024409254
v 5.27027027027027 0.07027027027027022 13.527027024409254
v 5.27027027027027 -0.840432456055203 13.527027024409255
v 5.91423432569246 -0.5736937851519198 13.527027024409255
v 6.180972996595743 0.07027027027027016 13.527027024409254
v 5.91423432569246 0.7142343256924603 13.527027024409254
v 5.27027027027027 0.9809729965957434 13.527027024409254
v 4.62630621484808 0.7142343256924603 13.527027024409254
v 4.359567543944797 0.07027027027027039 13.527027024409254
v 4.62630621484808 -0.5736937851519198 13.527027024409255
v 5.27027027027027 -0.840432456055203 13.527027024409255
vt 0 1
vt 0.125 1
vt 0.25 1
vt 0.375 1
vt 0.5 1
vt 0.625 1
vt 0.75 1
vt 0.875 1
vt 1 1
vt 0 0
vt 0.125 0
vt 0.25 0
vt 0.375 0
vt 0.5 0
vt 0.625 0
vt 0.75 0
vt 0.875 0
vt 1 0
vt 0.5 0.5
vt 0.5 0.5
vt 0.5 0.5
vt 0.5 0.5
vt 0.5 0.5
vt 0.5 0.5
vt 0.5 0.5
vt 0.5 0.5
vt 1 0.5
vt 0.8535534143447876 0.8535534143447876
vt 0.5 1
vt 0.1464466154575348 0.8535534143447876
vt 0 0.5
vt 0.1464466154575348 0.1464466154575348
vt 0.5 0
vt 0.8535534143447876 0.1464466154575348
vt 1 0.5
vt 0.5 0.5
vt 0.5 0.5
vt 0.5 0.5
vt 0.5 0.5
vt 0.5 0.5
vt 0.5 0.5
vt 0.5 0.5
vt 0.5 0.5
vt 1 0.5
vt 0.8535534143447876 0.1464466154575348
vt 0.5 0
vt 0.1464466154575348 0.1464466154575348
vt 0 0.5
vt 0.1464466154575348 0.8535534143447876
vt 0.5 1
vt 0.8535534143447876 0.8535534143447876
vt 1 0.5
vn 0 -1 2.220446049250313e-16
vn 0.7071067811865475 -0.7071067811865475 1.570092458683775e-16
vn 1 -6.123234262925839e-17 1.3596311327747833e-32
vn 0.7071067811865475 0.7071067811865475 -1.570092458683775e-16
vn 1.2246468525851679e-16 1 -2.220446049250313e-16
vn -0.7071067811865475 0.7071067811865475 -1.570092458683775e-16
vn -1 1.8369701465288538e-16 -4.078893104450762e-32
vn -0.7071067811865475 -0.7071067811865475 1.570092458683775e-16
vn -2.4492937051703357e-16 -1 2.220446049250313e-16
vn 0 -1 2.220446049250313e-16
vn 0.7071067811865475 -0.7071067811865475 1.570092458683775e-16
vn 1 -6.123234262925839e-17 1.3596311327747833e-32
vn 0.7071067811865475 0.7071067811865475 -1.570092458683775e-16
vn 1.2246468525851679e-16 1 -2.220446049250313e-16
vn -0.7071067811865475 0.7071067811865475 -1.570092458683775e-16
vn -1 1.8369701465288538e-16 -4.078893104450762e-32
vn -0.7071067811865475 -0.7071067811865475 1.570092458683775e-16
vn -2.4492937051703357e-16 -1 2.220446049250313e-16
vn 0 2.220446049250313e-16 1
vn 0 2.220446049250313e-16 1
vn 0 2.220446049250313e-16 1
vn 0 2.220446049250313e-16 1
vn 0 2.220446049250313e-16 1
vn 0 2.220446049250313e-16 1
vn 0 2.220446049250313e-16 1
vn 0 2.220446049250313e-16 1
vn 0 2.220446049250313e-16 1
vn 0 2.220446049250313e-16 1
vn 0 2.220446049250313e-16 1
vn 0 2.220446049250313e-16 1
vn 0 2.220446049250313e-16 1
vn 0 2.220446049250313e-16 1
vn 0 2.220446049250313e-16 1
vn 0 2.220446049250313e-16 1
vn 0 2.220446049250313e-16 1
vn 0 -2.220446049250313e-16 -1
vn 0 -2.220446049250313e-16 -1
vn 0 -2.220446049250313e-16 -1
vn 0 -2.220446049250313e-16 -1
vn 0 -2.220446049250313e-16 -1
vn 0 -2.220446049250313e-16 -1
vn 0 -2.220446049250313e-16 -1
vn 0 -2.220446049250313e-16 -1
vn 0 -2.220446049250313e-16 -1
vn 0 -2.220446049250313e-16 -1
vn 0 -2.220446049250313e-16 -1
vn 0 -2.220446049250313e-16 -1
vn 0 -2.220446049250313e-16 -1
vn 0 -2.220446049250313e-16 -1
vn 0 -2.220446049250313e-16 -1
vn 0 -2.220446049250313e-16 -1
vn 0 -2.220446049250313e-16 -1
f 617/617/617 626/626/626 618/618/618
f 626/626/626 627/627/627 618/618/618
f 618/618/618 627/627/627 619/619/619
f 627/627/627 628/628/628 619/619/619
f 619/619/619 628/628/628 620/620/620
f 628/628/628 629/629/629 620/620/620
f 620/620/620 629/629/629 621/621/621
f 629/629/629 630/630/630 621/621/621
f 621/621/621 630/630/630 622/622/622
f 630/630/630 631/631/631 622/622/622
f 622/622/622 631/631/631 623/623/623
f 631/631/631 632/632/632 623/623/623
f 623/623/623 632/632/632 624/624/624
f 632/632/632 633/633/633 624/624/624
f 624/624/624 633/633/633 625/625/625
f 633/633/633 634/634/634 625/625/625
f 643/643/643 644/644/644 635/635/635
f 644/644/644 645/645/645 636/636/636
f 645/645/645 646/646/646 637/637/637
f 646/646/646 647/647/647 638/638/638
f 647/647/647 648/648/648 639/639/639
f 648/648/648 649/649/649 640/640/640
f 649/649/649 650/650/650 641/641/641
f 650/650/650 651/651/651 642/642/642
f 661/661/661 660/660/660 652/652/652
f 662/662/662 661/661/661 653/653/653
f 663/663/663 662/662/662 654/654/654
f 664/664/664 663/663/663 655/655/655
f 665/665/665 664/664/664 656/656/656
f 666/666/666 665/665/665 657/657/657
f 667/667/667 666/666/666 658/658/658
f 668/668/668 667/667/667 659/659/659
o corvette_stripe
usemtl accent
v 5.340540546823192 2.2837837814277893 4.2162162999849055
v 5.340540546823192 2.2837837814277893 -7.027027110795716
v 5.340540546823192 2.0729729753289674 4.2162162999849055
v 5.340540546823192 2.0729729753289674 -7.027027110795716
v 4.145945939663294 2.2837837814277893 -7.027027110795716
v 4.145945939663294 2.2837837814277893 4.2162162999849055
v 4.145945939663294 2.0729729753289674 -7.027027110795716
v 4.145945939663294 2.0729729753289674 4.2162162999849055
v 4.145945939663294 2.2837837814277893 -7.027027110795716
v 5.340540546823192 2.2837837814277893 -7.027027110795716
v 4.145945939663294 2.2837837814277893 4.2162162999849055
v 5.340540546823192 2.2837837814277893 4.2162162999849055
v 4.145945939663294 2.0729729753289674 4.2162162999849055
v 5.340540546823192 2.0729729753289674 4.2162162999849055
v 4.145945939663294 2.0729729753289674 -7.027027110795716
v 5.340540546823192 2.0729729753289674 -7.027027110795716
v 4.145945939663294 2.2837837814277893 4.2162162999849055
v 5.340540546823192 2.2837837814277893 4.2162162999849055
v 4.145945939663294 2.0729729753289674 4.2162162999849055
v 5.340540546823192 2.0729729753289674 4.2162162999849055
v 5.340540546823192 2.2837837814277893 -7.027027110795716
v 4.145945939663294 2.2837837814277893 -7.027027110795716
v 5.340540546823192 2.0729729753289674 -7.027027110795716
v 4.145945939663294 2.0729729753289674 -7.027027110795716
vt 0 1
vt 1 1
vt 0 0
vt 1 0
vt 0 1
vt 1 1
vt 0 0
vt 1 0
vt 0 1
vt 1 1
vt 0 0
vt 1 0
vt 0 1
vt 1 1
vt 0 0
vt 1 0
vt 0 1
vt 1 1
vt 0 0
vt 1 0
vt 0 1
vt 1 1
vt 0 0
vt 1 0
vn 1 0 0
vn 1 0 0
vn 1 0 0
vn 1 0 0
vn -1 0 0
vn -1 0 0
vn -1 0 0
vn -1 0 0
vn 0 1 0
vn 0 1 0
vn 0 1 0
vn 0 1 0
vn 0 -1 0
vn 0 -1 0
vn 0 -1 0
vn 0 -1 0
vn 0 0 1
vn 0 0 1
vn 0 0 1
vn 0 0 1
vn 0 0 -1
vn 0 0 -1
vn 0 0 -1
vn 0 0 -1
f 669/669/669 671/671/671 670/670/670
f 671/671/671 672/672/672 670/670/670
f 673/673/673 675/675/675 674/674/674
f 675/675/675 676/676/676 674/674/674
f 677/677/677 679/679/679 678/678/678
f 679/679/679 680/680/680 678/678/678
f 681/681/681 683/683/683 682/682/682
f 683/683/683 684/684/684 682/682/682
f 685/685/685 687/687/687 686/686/686
f 687/687/687 688/688/688 686/686/686
f 689/689/689 691/691/691 690/690/690
f 691/691/691 692/692/692 690/690/690
o corvette_turret
usemtl plate
v 2.7054054012169706 3.0567567776989284 0.07027026608183573
v 2.7054054012169706 3.0567567776989284 -1.475675671487241
v 2.7054054012169706 2.00270268176053 0.07027026608183573
v 2.7054054012169706 2.00270268176053 -1.475675671487241
v 1.159459463647894 3.0567567776989284 -1.475675671487241
v 1.159459463647894 3.0567567776989284 0.07027026608183573
v 1.159459463647894 2.00270268176053 -1.475675671487241
v 1.159459463647894 2.00270268176053 0.07027026608183573
v 1.159459463647894 3.0567567776989284 -1.475675671487241
v 2.7054054012169706 3.0567567776989284 -1.475675671487241
v 1.159459463647894 3.0567567776989284 0.07027026608183573
v 2.7054054012169706 3.0567567776989284 0.07027026608183573
v 1.159459463647894 2.00270268176053 0.07027026608183573
v 2.7054054012169706 2.00270268176053 0.07027026608183573
v 1.159459463647894 2.00270268176053 -1.475675671487241
v 2.7054054012169706 2.00270268176053 -1.475675671487241
v 1.159459463647894 3.0567567776989284 0.07027026608183573
v 2.7054054012169706 3.0567567776989284 0.07027026608183573
v 1.159459463647894 2.00270268176053 0.07027026608183573
v 2.7054054012169706 2.00270268176053 0.07027026608183573
v 2.7054054012169706 3.0567567776989284 -1.475675671487241
v 1.159459463647894 3.0567567776989284 -1.475675671487241
v 2.7054054012169706 2.00270268176053 -1.475675671487241
v 1.159459463647894 2.00270268176053 -1.475675671487241
vt 0 1
vt 1 1
vt 0 0
vt 1 0
vt 0 1
vt 1 1
vt 0 0
vt 1 0
vt 0 1
vt 1 1
vt 0 0
vt 1 0
vt 0 1
vt 1 1
vt 0 0
vt 1 0
vt 0 1
vt 1 1
vt 0 0
vt 1 0
vt 0 1
vt 1 1
vt 0 0
vt 1 0
vn 1 0 0
vn 1 0 0
vn 1 0 0
vn 1 0 0
vn -1 0 0
vn -1 0 0
vn -1 0 0
vn -1 0 0
vn 0 1 0
vn 0 1 0
vn 0 1 0
vn 0 1 0
vn 0 -1 0
vn 0 -1 0
vn 0 -1 0
vn 0 -1 0
vn 0 0 1
vn 0 0 1
vn 0 0 1
vn 0 0 1
vn 0 0 -1
vn 0 0 -1
vn 0 0 -1
vn 0 0 -1
f 693/693/693 695/695/695 694/694/694
f 695/695/695 696/696/696 694/694/694
f 697/697/697 699/699/699 698/698/698
f 699/699/699 700/700/700 698/698/698
f 701/701/701 703/703/703 702/702/702
f 703/703/703 704/704/704 702/702/702
f 705/705/705 707/707/707 706/706/706
f 707/707/707 708/708/708 706/706/706
f 709/709/709 711/711/711 710/710/710
f 711/711/711 712/712/712 710/710/710
f 713/713/713 715/715/715 714/714/714
f 715/715/715 716/716/716 714/714/714
