mtllib Interceptor.mtl
o interceptor_hull
usemtl hull
v -0.3400000035762787 -0.28999999165534973 -0.699999988079071
v 0 -0.28999999165534973 -3.0999999046325684
v 0.3400000035762787 -0.28999999165534973 -0.699999988079071
v -0.3799999952316284 -0.28999999165534973 2.200000047683716
v -1.0499999523162842 -0.28999999165534973 2.700000047683716
v -0.6200000047683716 -0.28999999165534973 1.2000000476837158
v 0 -0.28999999165534973 3.3499999046325684
v -0.3400000035762787 -0.28999999165534973 3.200000047683716
v -0.3799999952316284 -0.28999999165534973 2.200000047683716
v 0.3799999952316284 -0.28999999165534973 2.200000047683716
v 0.3400000035762787 -0.28999999165534973 3.200000047683716
v 0 -0.28999999165534973 3.3499999046325684
v 0.6200000047683716 -0.28999999165534973 1.2000000476837158
v 1.0499999523162842 -0.28999999165534973 2.700000047683716
v 0.3799999952316284 -0.28999999165534973 2.200000047683716
v -0.3400000035762787 -0.28999999165534973 -0.699999988079071
v 0.3400000035762787 -0.28999999165534973 -0.699999988079071
v 0.6200000047683716 -0.28999999165534973 1.2000000476837158
v -0.3799999952316284 -0.28999999165534973 2.200000047683716
v -0.6200000047683716 -0.28999999165534973 1.2000000476837158
v -0.3400000035762787 -0.28999999165534973 -0.699999988079071
v 0.3799999952316284 -0.28999999165534973 2.200000047683716
v 0 -0.28999999165534973 3.3499999046325684
v -0.3799999952316284 -0.28999999165534973 2.200000047683716
v -0.3400000035762787 -0.28999999165534973 -0.699999988079071
v 0.6200000047683716 -0.28999999165534973 1.2000000476837158
v 0.3799999952316284 -0.28999999165534973 2.200000047683716
v 0.3799999952316284 -0.28999999165534973 2.200000047683716
v -0.3799999952316284 -0.28999999165534973 2.200000047683716
v -0.3400000035762787 -0.28999999165534973 -0.699999988079071
v 0.3400000035762787 0.1300000101327896 -0.699999988079071
v 0 0.1300000101327896 -3.0999999046325684
v -0.3400000035762787 0.1300000101327896 -0.699999988079071
v -0.6200000047683716 0.1300000101327896 1.2000000476837158
v -1.0499999523162842 0.1300000101327896 2.700000047683716
v -0.3799999952316284 0.1300000101327896 2.200000047683716
v -0.3799999952316284 0.1300000101327896 2.200000047683716
v -0.3400000035762787 0.1300000101327896 3.200000047683716
v 0 0.1300000101327896 3.3499999046325684
v 0 0.1300000101327896 3.3499999046325684
v 0.3400000035762787 0.1300000101327896 3.200000047683716
v 0.3799999952316284 0.1300000101327896 2.200000047683716
v 0.3799999952316284 0.1300000101327896 2.200000047683716
v 1.0499999523162842 0.1300000101327896 2.700000047683716
v 0.6200000047683716 0.1300000101327896 1.2000000476837158
v 0.6200000047683716 0.1300000101327896 1.2000000476837158
v 0.3400000035762787 0.1300000101327896 -0.699999988079071
v -0.3400000035762787 0.1300000101327896 -0.699999988079071
v -0.3400000035762787 0.1300000101327896 -0.699999988079071
v -0.6200000047683716 0.1300000101327896 1.2000000476837158
v -0.3799999952316284 0.1300000101327896 2.200000047683716
v -0.3799999952316284 0.1300000101327896 2.200000047683716
v 0 0.1300000101327896 3.3499999046325684
v 0.3799999952316284 0.1300000101327896 2.200000047683716
v 0.3799999952316284 0.1300000101327896 2.200000047683716
v 0.6200000047683716 0.1300000101327896 1.2000000476837158
v -0.3400000035762787 0.1300000101327896 -0.699999988079071
v -0.3400000035762787 0.1300000101327896 -0.699999988079071
v -0.3799999952316284 0.1300000101327896 2.200000047683716
v 0.3799999952316284 0.1300000101327896 2.200000047683716
v -0.3400000035762787 -0.28999999165534973 -0.699999988079071
v -0.6200000047683716 -0.28999999165534973 1.2000000476837158
v -0.419177770614624 -0.20999999344348907 -0.7114424705505371
v -0.6200000047683716 -0.28999999165534973 1.2000000476837158
v -0.6983692049980164 -0.20999999344348907 1.1830708980560303
v -0.419177770614624 -0.20999999344348907 -0.7114424705505371
v -0.419177770614624 -0.20999999344348907 -0.7114424705505371
v -0.6983692049980164 -0.20999999344348907 1.1830708980560303
v -0.419177770614624 0.049999989569187164 -0.7114424705505371
v -0.6983692049980164 -0.20999999344348907 1.1830708980560303
v -0.6983692049980164 0.049999989569187164 1.1830708980560303
v -0.419177770614624 0.049999989569187164 -0.7114424705505371
v -0.419177770614624 0.049999989569187164 -0.7114424705505371
v -0.6983692049980164 0.049999989569187164 1.1830708980560303
v -0.3400000035762787 0.1300000101327896 -0.699999988079071
v -0.6983692049980164 0.049999989569187164 1.1830708980560303
v -0.6200000047683716 0.1300000101327896 1.2000000476837158
v -0.3400000035762787 0.1300000101327896 -0.699999988079071
v -0.6200000047683716 -0.28999999165534973 1.2000000476837158
v -1.0499999523162842 -0.28999999165534973 2.700000047683716
v -0.6983692049980164 -0.20999999344348907 1.1830708980560303
v -1.0499999523162842 -0.28999999165534973 2.700000047683716
v -1.1142953634262085 -0.20999999344348907 2.7930920124053955
v -0.6983692049980164 -0.20999999344348907 1.1830708980560303
v -0.6983692049980164 -0.20999999344348907 1.1830708980560303
v -1.1142953634262085 -0.20999999344348907 2.7930920124053955
v -0.6983692049980164 0.049999989569187164 1.1830708980560303
v -1.1142953634262085 -0.20999999344348907 2.7930920124053955
v -1.1142953634262085 0.049999989569187164 2.7930920124053955
v -0.6983692049980164 0.049999989569187164 1.1830708980560303
v -0.6983692049980164 0.049999989569187164 1.1830708980560303
v -1.1142953634262085 0.049999989569187164 2.7930920124053955
v -0.6200000047683716 0.1300000101327896 1.2000000476837158
v -1.1142953634262085 0.049999989569187164 2.7930920124053955
v -1.0499999523162842 0.1300000101327896 2.700000047683716
v -0.6200000047683716 0.1300000101327896 1.2000000476837158
v -1.0499999523162842 -0.28999999165534973 2.700000047683716
v -0.3799999952316284 -0.28999999165534973 2.200000047683716
v -1.1142953634262085 -0.20999999344348907 2.7930920124053955
v -0.3799999952316284 -0.28999999165534973 2.200000047683716
v -0.42868587374687195 -0.20999999344348907 2.302125930786133
v -1.1142953634262085 -0.20999999344348907 2.7930920124053955
v -1.1142953634262085 -0.20999999344348907 2.7930920124053955
v -0.42868587374687195 -0.20999999344348907 2.302125930786133
v -1.1142953634262085 0.049999989569187164 2.7930920124053955
v -0.42868587374687195 -0.20999999344348907 2.302125930786133
v -0.42868587374687195 0.049999989569187164 2.302125930786133
v -1.1142953634262085 0.049999989569187164 2.7930920124053955
v -1.1142953634262085 0.049999989569187164 2.7930920124053955
v -0.42868587374687195 0.049999989569187164 2.302125930786133
v -1.0499999523162842 0.1300000101327896 2.700000047683716
v -0.42868587374687195 0.049999989569187164 2.302125930786133
v -0.3799999952316284 0.1300000101327896 2.200000047683716
v -1.0499999523162842 0.1300000101327896 2.700000047683716
v -0.3799999952316284 -0.28999999165534973 2.200000047683716
v -0.3400000035762787 -0.28999999165534973 3.200000047683716
v -0.42868587374687195 -0.20999999344348907 2.302125930786133
v -0.3400000035762787 -0.28999999165534973 3.200000047683716
v -0.4179418385028839 -0.20999999344348907 3.2530534267425537
v -0.42868587374687195 -0.20999999344348907 2.302125930786133
v -0.42868587374687195 -0.20999999344348907 2.302125930786133
v -0.4179418385028839 -0.20999999344348907 3.2530534267425537
v -0.42868587374687195 0.049999989569187164 2.302125930786133
v -0.4179418385028839 -0.20999999344348907 3.2530534267425537
v -0.4179418385028839 0.049999989569187164 3.2530534267425537
v -0.42868587374687195 0.049999989569187164 2.302125930786133
v -0.42868587374687195 0.049999989569187164 2.302125930786133
v -0.4179418385028839 0.049999989569187164 3.2530534267425537
v -0.3799999952316284 0.1300000101327896 2.200000047683716
v -0.4179418385028839 0.049999989569187164 3.2530534267425537
v -0.3400000035762787 0.1300000101327896 3.200000047683716
v -0.3799999952316284 0.1300000101327896 2.200000047683716
v -0.3400000035762787 -0.28999999165534973 3.200000047683716
v 0 -0.28999999165534973 3.3499999046325684
v -0.4179418385028839 -0.20999999344348907 3.2530534267425537
v 0 -0.28999999165534973 3.3499999046325684
v 8.881783998477905e-18 -0.20999999344348907 3.437439441680908
v -0.4179418385028839 -0.20999999344348907 3.2530534267425537
v -0.4179418385028839 -0.20999999344348907 3.2530534267425537
v 8.881783998477905e-18 -0.20999999344348907 3.437439441680908
v -0.4179418385028839 0.049999989569187164 3.2530534267425537
v 8.881783998477905e-18 -0.20999999344348907 3.437439441680908
v 8.881783998477905e-18 0.049999989569187164 3.437439441680908
v -0.4179418385028839 0.049999989569187164 3.2530534267425537
v -0.4179418385028839 0.049999989569187164 3.2530534267425537
v 8.881783998477905e-18 0.049999989569187164 3.437439441680908
v -0.3400000035762787 0.1300000101327896 3.200000047683716
v 8.881783998477905e-18 0.049999989569187164 3.437439441680908
v 0 0.1300000101327896 3.3499999046325684
v -0.3400000035762787 0.1300000101327896 3.200000047683716
v 0 -0.28999999165534973 3.3499999046325684
v 0.3400000035762787 -0.28999999165534973 3.200000047683716
v 8.881783998477905e-18 -0.20999999344348907 3.437439441680908
v 0.3400000035762787 -0.28999999165534973 3.200000047683716
v 0.4179418385028839 -0.20999999344348907 3.2530534267425537
v 8.881783998477905e-18 -0.20999999344348907 3.437439441680908
v 8.881783998477905e-18 -0.20999999344348907 3.437439441680908
v 0.4179418385028839 -0.20999999344348907 3.2530534267425537
v 8.881783998477905e-18 0.049999989569187164 3.437439441680908
v 0.4179418385028839 -0.20999999344348907 3.2530534267425537
v 0.4179418385028839 0.049999989569187164 3.2530534267425537
v 8.881783998477905e-18 0.049999989569187164 3.437439441680908
v 8.881783998477905e-18 0.049999989569187164 3.437439441680908
v 0.4179418385028839 0.049999989569187164 3.2530534267425537
v 0 0.1300000101327896 3.3499999046325684
v 0.4179418385028839 0.049999989569187164 3.2530534267425537
v 0.3400000035762787 0.1300000101327896 3.200000047683716
v 0 0.1300000101327896 3.3499999046325684
v 0.3400000035762787 -0.28999999165534973 3.200000047683716
v 0.3799999952316284 -0.28999999165534973 2.200000047683716
v 0.4179418385028839 -0.20999999344348907 3.2530534267425537
v 0.3799999952316284 -0.28999999165534973 2.200000047683716
v 0.42868587374687195 -0.20999999344348907 2.302125930786133
v 0.4179418385028839 -0.20999999344348907 3.2530534267425537
v 0.4179418385028839 -0.20999999344348907 3.2530534267425537
v 0.42868587374687195 -0.20999999344348907 2.302125930786133
v 0.4179418385028839 0.049999989569187164 3.2530534267425537
v 0.42868587374687195 -0.20999999344348907 2.302125930786133
v 0.42868587374687195 0.049999989569187164 2.302125930786133
v 0.4179418385028839 0.049999989569187164 3.2530534267425537
v 0.4179418385028839 0.049999989569187164 3.2530534267425537
v 0.42868587374687195 0.049999989569187164 2.302125930786133
v 0.3400000035762787 0.1300000101327896 3.200000047683716
v 0.42868587374687195 0.049999989569187164 2.302125930786133
v 0.3799999952316284 0.1300000101327896 2.200000047683716
v 0.3400000035762787 0.1300000101327896 3.200000047683716
v 0.3799999952316284 -0.28999999165534973 2.200000047683716
v 1.0499999523162842 -0.28999999165534973 2.700000047683716
v 0.42868587374687195 -0.20999999344348907 2.302125930786133
v 1.0499999523162842 -0.28999999165534973 2.700000047683716
v 1.1142953634262085 -0.20999999344348907 2.7930920124053955
v 0.42868587374687195 -0.20999999344348907 2.302125930786133
v 0.42868587374687195 -0.20999999344348907 2.302125930786133
v 1.1142953634262085 -0.20999999344348907 2.7930920124053955
v 0.42868587374687195 0.049999989569187164 2.302125930786133
v 1.1142953634262085 -0.20999999344348907 2.7930920124053955
v 1.1142953634262085 0.049999989569187164 2.7930920124053955
v 0.42868587374687195 0.049999989569187164 2.302125930786133
v 0.42868587374687195 0.049999989569187164 2.302125930786133
v 1.1142953634262085 0.049999989569187164 2.7930920124053955
v 0.3799999952316284 0.1300000101327896 2.200000047683716
v 1.1142953634262085 0.049999989569187164 2.7930920124053955
v 1.0499999523162842 0.1300000101327896 2.700000047683716
v 0.3799999952316284 0.1300000101327896 2.200000047683716
v 1.0499999523162842 -0.28999999165534973 2.700000047683716
v 0.6200000047683716 -0.28999999165534973 1.2000000476837158
v 1.1142953634262085 -0.20999999344348907 2.7930920124053955
v 0.6200000047683716 -0.28999999165534973 1.2000000476837158
v 0.6983692049980164 -0.20999999344348907 1.1830708980560303
v 1.1142953634262085 -0.20999999344348907 2.7930920124053955
v 1.1142953634262085 -0.20999999344348907 2.7930920124053955
v 0.6983692049980164 -0.20999999344348907 1.1830708980560303
v 1.1142953634262085 0.049999989569187164 2.7930920124053955
v 0.6983692049980164 -0.20999999344348907 1.1830708980560303
v 0.6983692049980164 0.049999989569187164 1.1830708980560303
v 1.1142953634262085 0.049999989569187164 2.7930920124053955
v 1.1142953634262085 0.049999989569187164 2.7930920124053955
v 0.6983692049980164 0.049999989569187164 1.1830708980560303
v 1.0499999523162842 0.1300000101327896 2.700000047683716
v 0.6983692049980164 0.049999989569187164 1.1830708980560303
v 0.6200000047683716 0.1300000101327896 1.2000000476837158
v 1.0499999523162842 0.1300000101327896 2.700000047683716
v 0.6200000047683716 -0.28999999165534973 1.2000000476837158
v 0.3400000035762787 -0.28999999165534973 -0.699999988079071
v 0.6983692049980164 -0.20999999344348907 1.1830708980560303
v 0.3400000035762787 -0.28999999165534973 -0.699999988079071
v 0.419177770614624 -0.20999999344348907 -0.7114424705505371
v 0.6983692049980164 -0.20999999344348907 1.1830708980560303
v 0.6983692049980164 -0.20999999344348907 1.1830708980560303
v 0.419177770614624 -0.20999999344348907 -0.7114424705505371
v 0.6983692049980164 0.049999989569187164 1.1830708980560303
v 0.419177770614624 -0.20999999344348907 -0.7114424705505371
v 0.419177770614624 0.049999989569187164 -0.7114424705505371
v 0.6983692049980164 0.049999989569187164 1.1830708980560303
v 0.6983692049980164 0.049999989569187164 1.1830708980560303
v 0.419177770614624 0.049999989569187164 -0.7114424705505371
v 0.6200000047683716 0.1300000101327896 1.2000000476837158
v 0.419177770614624 0.049999989569187164 -0.7114424705505371
v 0.3400000035762787 0.1300000101327896 -0.699999988079071
v 0.6200000047683716 0.1300000101327896 1.2000000476837158
v 0.3400000035762787 -0.28999999165534973 -0.699999988079071
v 0 -0.28999999165534973 -3.0999999046325684
v 0.419177770614624 -0.20999999344348907 -0.7114424705505371
v 0 -0.28999999165534973 -3.0999999046325684
v 0 -0.20999999344348907 -3.213137149810791
v 0.419177770614624 -0.20999999344348907 -0.7114424705505371
v 0.419177770614624 -0.20999999344348907 -0.7114424705505371
v 0 -0.20999999344348907 -3.213137149810791
v 0.419177770614624 0.049999989569187164 -0.7114424705505371
v 0 -0.20999999344348907 -3.213137149810791
v 0 0.049999989569187164 -3.213137149810791
v 0.419177770614624 0.049999989569187164 -0.7114424705505371
v 0.419177770614624 0.049999989569187164 -0.7114424705505371
v 0 0.049999989569187164 -3.213137149810791
v 0.3400000035762787 0.1300000101327896 -0.699999988079071
v 0 0.049999989569187164 -3.213137149810791
v 0 0.1300000101327896 -3.0999999046325684
v 0.3400000035762787 0.1300000101327896 -0.699999988079071
v 0 -0.28999999165534973 -3.0999999046325684
v -0.3400000035762787 -0.28999999165534973 -0.699999988079071
v 0 -0.20999999344348907 -3.213137149810791
v -0.3400000035762787 -0.28999999165534973 -0.699999988079071
v -0.419177770614624 -0.20999999344348907 -0.7114424705505371
v 0 -0.20999999344348907 -3.213137149810791
v 0 -0.20999999344348907 -3.213137149810791
v -0.419177770614624 -0.20999999344348907 -0.7114424705505371
v 0 0.049999989569187164 -3.213137149810791
v -0.419177770614624 -0.20999999344348907 -0.7114424705505371
v -0.419177770614624 0.049999989569187164 -0.7114424705505371
v 0 0.049999989569187164 -3.213137149810791
v 0 0.049999989569187164 -3.213137149810791
v -0.419177770614624 0.049999989569187164 -0.7114424705505371
v 0 0.1300000101327896 -3.0999999046325684
v -0.419177770614624 0.049999989569187164 -0.7114424705505371
v -0.3400000035762787 0.1300000101327896 -0.699999988079071
v 0 0.1300000101327896 -3.0999999046325684
vt -0.3400000035762787 0.699999988079071
vt 0 3.0999999046325684
vt 0.3400000035762787 0.699999988079071
vt -0.3799999952316284 -2.200000047683716
vt -1.0499999523162842 -2.700000047683716
vt -0.6200000047683716 -1.2000000476837158
vt 0 -3.3499999046325684
vt -0.3400000035762787 -3.200000047683716
vt -0.3799999952316284 -2.200000047683716
vt 0.3799999952316284 -2.200000047683716
vt 0.3400000035762787 -3.200000047683716
vt 0 -3.3499999046325684
vt 0.6200000047683716 -1.2000000476837158
vt 1.0499999523162842 -2.700000047683716
vt 0.3799999952316284 -2.200000047683716
vt -0.3400000035762787 0.699999988079071
vt 0.3400000035762787 0.699999988079071
vt 0.6200000047683716 -1.2000000476837158
vt -0.3799999952316284 -2.200000047683716
vt -0.6200000047683716 -1.2000000476837158
vt -0.3400000035762787 0.699999988079071
vt 0.3799999952316284 -2.200000047683716
vt 0 -3.3499999046325684
vt -0.3799999952316284 -2.200000047683716
vt -0.3400000035762787 0.699999988079071
vt 0.6200000047683716 -1.2000000476837158
vt 0.3799999952316284 -2.200000047683716
vt 0.3799999952316284 -2.200000047683716
vt -0.3799999952316284 -2.200000047683716
vt -0.3400000035762787 0.699999988079071
vt 0.3400000035762787 0.699999988079071
vt 0 3.0999999046325684
vt -0.3400000035762787 0.699999988079071
vt -0.6200000047683716 -1.2000000476837158
vt -1.0499999523162842 -2.700000047683716
vt -0.3799999952316284 -2.200000047683716
vt -0.3799999952316284 -2.200000047683716
vt -0.3400000035762787 -3.200000047683716
vt 0 -3.3499999046325684
vt 0 -3.3499999046325684
vt 0.3400000035762787 -3.200000047683716
vt 0.3799999952316284 -2.200000047683716
vt 0.3799999952316284 -2.200000047683716
vt 1.0499999523162842 -2.700000047683716
vt 0.6200000047683716 -1.2000000476837158
vt 0.6200000047683716 -1.2000000476837158
vt 0.3400000035762787 0.699999988079071
vt -0.3400000035762787 0.699999988079071
vt -0.3400000035762787 0.699999988079071
vt -0.6200000047683716 -1.2000000476837158
vt -0.3799999952316284 -2.200000047683716
vt -0.3799999952316284 -2.200000047683716
vt 0 -3.3499999046325684
vt 0.3799999952316284 -2.200000047683716
vt 0.3799999952316284 -2.200000047683716
vt 0.6200000047683716 -1.2000000476837158
vt -0.3400000035762787 0.699999988079071
vt -0.3400000035762787 0.699999988079071
vt -0.3799999952316284 -2.200000047683716
vt 0.3799999952316284 -2.200000047683716
vt 0.699999988079071 1.0800000429153442
vt -1.2000000476837158 1.0800000429153442
vt 0.7114424705505371 1
vt -1.2000000476837158 1.0800000429153442
vt -1.1830708980560303 1
vt 0.7114424705505371 1
vt 0.7114424705505371 1
vt -1.1830708980560303 1
vt 0.7114424705505371 0.7400000095367432
vt -1.1830708980560303 1
vt -1.1830708980560303 0.7400000095367432
vt 0.7114424705505371 0.7400000095367432
vt 0.7114424705505371 0.7400000095367432
vt -1.1830708980560303 0.7400000095367432
vt 0.699999988079071 0.6600000262260437
vt -1.1830708980560303 0.7400000095367432
vt -1.2000000476837158 0.6600000262260437
vt 0.699999988079071 0.6600000262260437
vt -1.2000000476837158 1.0800000429153442
vt -2.700000047683716 1.0800000429153442
vt -1.1830708980560303 1
vt -2.700000047683716 1.0800000429153442
vt -2.7930920124053955 1
vt -1.1830708980560303 1
vt -1.1830708980560303 1
vt -2.7930920124053955 1
vt -1.1830708980560303 0.7400000095367432
vt -2.7930920124053955 1
vt -2.7930920124053955 0.7400000095367432
vt -1.1830708980560303 0.7400000095367432
vt -1.1830708980560303 0.7400000095367432
vt -2.7930920124053955 0.7400000095367432
vt -1.2000000476837158 0.6600000262260437
vt -2.7930920124053955 0.7400000095367432
vt -2.700000047683716 0.6600000262260437
vt -1.2000000476837158 0.6600000262260437
vt -1.0499999523162842 1.0800000429153442
vt -0.3799999952316284 1.0800000429153442
vt -1.1142953634262085 1
vt -0.3799999952316284 1.0800000429153442
vt -0.42868587374687195 1
vt -1.1142953634262085 1
vt -1.1142953634262085 1
vt -0.42868587374687195 1
vt -1.1142953634262085 0.7400000095367432
vt -0.42868587374687195 1
vt -0.42868587374687195 0.7400000095367432
vt -1.1142953634262085 0.7400000095367432
vt -1.1142953634262085 0.7400000095367432
vt -0.42868587374687195 0.7400000095367432
vt -1.0499999523162842 0.6600000262260437
vt -0.42868587374687195 0.7400000095367432
vt -0.3799999952316284 0.6600000262260437
vt -1.0499999523162842 0.6600000262260437
vt -2.200000047683716 1.0800000429153442
vt -3.200000047683716 1.0800000429153442
vt -2.302125930786133 1
vt -3.200000047683716 1.0800000429153442
vt -3.2530534267425537 1
vt -2.302125930786133 1
vt -2.302125930786133 1
vt -3.2530534267425537 1
vt -2.302125930786133 0.7400000095367432
vt -3.2530534267425537 1
vt -3.2530534267425537 0.7400000095367432
vt -2.302125930786133 0.7400000095367432
vt -2.302125930786133 0.7400000095367432
vt -3.2530534267425537 0.7400000095367432
vt -2.200000047683716 0.6600000262260437
vt -3.2530534267425537 0.7400000095367432
vt -3.200000047683716 0.6600000262260437
vt -2.200000047683716 0.6600000262260437
vt -0.3400000035762787 1.0800000429153442
vt 0 1.0800000429153442
vt -0.4179418385028839 1
vt 0 1.0800000429153442
vt 8.881783998477905e-18 1
vt -0.4179418385028839 1
vt -0.4179418385028839 1
vt 8.881783998477905e-18 1
vt -0.4179418385028839 0.7400000095367432
vt 8.881783998477905e-18 1
vt 8.881783998477905e-18 0.7400000095367432
vt -0.4179418385028839 0.7400000095367432
vt -0.4179418385028839 0.7400000095367432
vt 8.881783998477905e-18 0.7400000095367432
vt -0.3400000035762787 0.6600000262260437
vt 8.881783998477905e-18 0.7400000095367432
vt 0 0.6600000262260437
vt -0.3400000035762787 0.6600000262260437
vt 0 1.0800000429153442
vt 0.3400000035762787 1.0800000429153442
vt 8.881783998477905e-18 1
vt 0.3400000035762787 1.0800000429153442
vt 0.4179418385028839 1
vt 8.881783998477905e-18 1
vt 8.881783998477905e-18 1
vt 0.4179418385028839 1
vt 8.881783998477905e-18 0.7400000095367432
vt 0.4179418385028839 1
vt 0.4179418385028839 0.7400000095367432
vt 8.881783998477905e-18 0.7400000095367432
vt 8.881783998477905e-18 0.7400000095367432
vt 0.4179418385028839 0.7400000095367432
vt 0 0.6600000262260437
vt 0.4179418385028839 0.7400000095367432
vt 0.3400000035762787 0.6600000262260437
vt 0 0.6600000262260437
vt -3.200000047683716 1.0800000429153442
vt -2.200000047683716 1.0800000429153442
vt -3.2530534267425537 1
vt -2.200000047683716 1.0800000429153442
vt -2.302125930786133 1
vt -3.2530534267425537 1
vt -3.2530534267425537 1
vt -2.302125930786133 1
vt -3.2530534267425537 0.7400000095367432
vt -2.302125930786133 1
vt -2.302125930786133 0.7400000095367432
vt -3.2530534267425537 0.7400000095367432
vt -3.2530534267425537 0.7400000095367432
vt -2.302125930786133 0.7400000095367432
vt -3.200000047683716 0.6600000262260437
vt -2.302125930786133 0.7400000095367432
vt -2.200000047683716 0.6600000262260437
vt -3.200000047683716 0.6600000262260437
vt 0.3799999952316284 1.0800000429153442
vt 1.0499999523162842 1.0800000429153442
vt 0.42868587374687195 1
vt 1.0499999523162842 1.0800000429153442
vt 1.1142953634262085 1
vt 0.42868587374687195 1
vt 0.42868587374687195 1
vt 1.1142953634262085 1
vt 0.42868587374687195 0.7400000095367432
vt 1.1142953634262085 1
vt 1.1142953634262085 0.7400000095367432
vt 0.42868587374687195 0.7400000095367432
vt 0.42868587374687195 0.7400000095367432
vt 1.1142953634262085 0.7400000095367432
vt 0.3799999952316284 0.6600000262260437
vt 1.1142953634262085 0.7400000095367432
vt 1.0499999523162842 0.6600000262260437
vt 0.3799999952316284 0.6600000262260437
vt -2.700000047683716 1.0800000429153442
vt -1.2000000476837158 1.0800000429153442
vt -2.7930920124053955 1
vt -1.2000000476837158 1.0800000429153442
vt -1.1830708980560303 1
vt -2.7930920124053955 1
vt -2.7930920124053955 1
vt -1.1830708980560303 1
vt -2.7930920124053955 0.7400000095367432
vt -1.1830708980560303 1
vt -1.1830708980560303 0.7400000095367432
vt -2.7930920124053955 0.7400000095367432
vt -2.7930920124053955 0.7400000095367432
vt -1.1830708980560303 0.7400000095367432
vt -2.700000047683716 0.6600000262260437
vt -1.1830708980560303 0.7400000095367432
vt -1.2000000476837158 0.6600000262260437
vt -2.700000047683716 0.6600000262260437
vt -1.2000000476837158 1.0800000429153442
vt 0.699999988079071 1.0800000429153442
vt -1.1830708980560303 1
vt 0.699999988079071 1.0800000429153442
vt 0.7114424705505371 1
vt -1.1830708980560303 1
vt -1.1830708980560303 1
vt 0.7114424705505371 1
vt -1.1830708980560303 0.7400000095367432
vt 0.7114424705505371 1
vt 0.7114424705505371 0.7400000095367432
vt -1.1830708980560303 0.7400000095367432
vt -1.1830708980560303 0.7400000095367432
vt 0.7114424705505371 0.7400000095367432
vt -1.2000000476837158 0.6600000262260437
vt 0.7114424705505371 0.7400000095367432
vt 0.699999988079071 0.6600000262260437
vt -1.2000000476837158 0.6600000262260437
vt 0.699999988079071 1.0800000429153442
vt 3.0999999046325684 1.0800000429153442
vt 0.7114424705505371 1
vt 3.0999999046325684 1.0800000429153442
vt 3.213137149810791 1
vt 0.7114424705505371 1
vt 0.7114424705505371 1
vt 3.213137149810791 1
vt 0.7114424705505371 0.7400000095367432
vt 3.213137149810791 1
vt 3.213137149810791 0.7400000095367432
vt 0.7114424705505371 0.7400000095367432
vt 0.7114424705505371 0.7400000095367432
vt 3.213137149810791 0.7400000095367432
vt 0.699999988079071 0.6600000262260437
vt 3.213137149810791 0.7400000095367432
vt 3.0999999046325684 0.6600000262260437
vt 0.699999988079071 0.6600000262260437
vt 3.0999999046325684 1.0800000429153442
vt 0.699999988079071 1.0800000429153442
vt 3.213137149810791 1
vt 0.699999988079071 1.0800000429153442
vt 0.7114424705505371 1
vt 3.213137149810791 1
vt 3.213137149810791 1
vt 0.7114424705505371 1
vt 3.213137149810791 0.7400000095367432
vt 0.7114424705505371 1
vt 0.7114424705505371 0.7400000095367432
vt 3.213137149810791 0.7400000095367432
vt 3.213137149810791 0.7400000095367432
vt 0.7114424705505371 0.7400000095367432
vt 3.0999999046325684 0.6600000262260437
vt 0.7114424705505371 0.7400000095367432
vt 0.699999988079071 0.6600000262260437
vt 3.0999999046325684 0.6600000262260437
vn 0 -1 -6.123234262925839e-17
vn 0 -1 -6.123234262925839e-17
vn 0 -1 -6.123234262925839e-17
vn 0 -1 -6.123234262925839e-17
vn 0 -1 -6.123234262925839e-17
vn 0 -1 -6.123234262925839e-17
vn 0 -1 -6.123234262925839e-17
vn 0 -1 -6.123234262925839e-17
vn 0 -1 -6.123234262925839e-17
vn 0 -1 -6.123234262925839e-17
vn 0 -1 -6.123234262925839e-17
vn 0 -1 -6.123234262925839e-17
vn 0 -1 -6.123234262925839e-17
vn 0 -1 -6.123234262925839e-17
vn 0 -1 -6.123234262925839e-17
vn 0 -1 -6.123234262925839e-17
vn 0 -1 -6.123234262925839e-17
vn 0 -1 -6.123234262925839e-17
vn 0 -1 -6.123234262925839e-17
vn 0 -1 -6.123234262925839e-17
vn 0 -1 -6.123234262925839e-17
vn 0 -1 -6.123234262925839e-17
vn 0 -1 -6.123234262925839e-17
vn 0 -1 -6.123234262925839e-17
vn 0 -1 -6.123234262925839e-17
vn 0 -1 -6.123234262925839e-17
vn 0 -1 -6.123234262925839e-17
vn 0 -1 -6.123234262925839e-17
vn 0 -1 -6.123234262925839e-17
vn 0 -1 -6.123234262925839e-17
vn 0 1 6.123234262925839e-17
vn 0 1 6.123234262925839e-17
vn 0 1 6.123234262925839e-17
vn 0 1 6.123234262925839e-17
vn 0 1 6.123234262925839e-17
vn 0 1 6.123234262925839e-17
vn 0 1 6.123234262925839e-17
vn 0 1 6.123234262925839e-17
vn 0 1 6.123234262925839e-17
vn 0 1 6.123234262925839e-17
vn 0 1 6.123234262925839e-17
vn 0 1 6.123234262925839e-17
vn 0 1 6.123234262925839e-17
vn 0 1 6.123234262925839e-17
vn 0 1 6.123234262925839e-17
vn 0 1 6.123234262925839e-17
vn 0 1 6.123234262925839e-17
vn 0 1 6.123234262925839e-17
vn 0 1 6.123234262925839e-17
vn 0 1 6.123234262925839e-17
vn 0 1 6.123234262925839e-17
vn 0 1 6.123234262925839e-17
vn 0 1 6.123234262925839e-17
vn 0 1 6.123234262925839e-17
vn 0 1 6.123234262925839e-17
vn 0 1 6.123234262925839e-17
vn 0 1 6.123234262925839e-17
vn 0 1 6.123234262925839e-17
vn 0 1 6.123234262925839e-17
vn 0 1 6.123234262925839e-17
vn -0.6995513509069511 -0.7071067761495199 -0.10309177740097547
vn -0.6995513509069511 -0.7071067761495199 -0.10309177740097547
vn -0.6995513509069511 -0.7071067761495199 -0.10309177740097547
vn -0.6995513808054237 -0.7071067461225115 -0.10309178047380445
vn -0.6995513808054237 -0.7071067461225115 -0.10309178047380445
vn -0.6995513808054237 -0.7071067461225115 -0.10309178047380445
vn -0.9893150015550761 8.92729490307532e-18 -0.145793784840369
vn -0.9893150015550761 8.92729490307532e-18 -0.145793784840369
vn -0.9893150015550761 8.92729490307532e-18 -0.145793784840369
vn -0.9893150015550761 8.92729490307532e-18 -0.145793784840369
vn -0.9893150015550761 8.92729490307532e-18 -0.145793784840369
vn -0.9893150015550761 8.92729490307532e-18 -0.145793784840369
vn -0.6995514401877755 0.7071066862931769 -0.10309178789162612
vn -0.6995514401877755 0.7071066862931769 -0.10309178789162612
vn -0.6995514401877755 0.7071066862931769 -0.10309178789162612
vn -0.6995514696716597 0.7071066564908455 -0.10309179223661945
vn -0.6995514696716597 0.7071066564908455 -0.10309179223661945
vn -0.6995514696716597 0.7071066564908455 -0.10309179223661945
vn -0.6797288311393516 -0.7071067952172513 -0.19485557799436748
vn -0.6797288311393516 -0.7071067952172513 -0.19485557799436748
vn -0.6797288311393516 -0.7071067952172513 -0.19485557799436748
vn -0.8704452598232569 -0.4379038554756286 -0.22486721195141487
vn -0.8704452598232569 -0.4379038554756286 -0.22486721195141487
vn -0.8704452598232569 -0.4379038554756286 -0.22486721195141487
vn -0.9682137327837763 1.5315695652082418e-17 -0.2501243043946471
vn -0.9682137327837763 1.5315695652082418e-17 -0.2501243043946471
vn -0.9682137327837763 1.5315695652082418e-17 -0.2501243043946471
vn -0.9682137327837763 1.5315695652082418e-17 -0.2501243043946471
vn -0.9682137327837763 1.5315695652082418e-17 -0.2501243043946471
vn -0.9682137327837763 1.5315695652082418e-17 -0.2501243043946471
vn -0.6841492079649297 0.7076035165529295 -0.1767402744223498
vn -0.6841492079649297 0.7076035165529295 -0.1767402744223498
vn -0.6841492079649297 0.7076035165529295 -0.1767402744223498
vn -0.8759859159409183 0.41181242254971523 -0.25111591687283585
vn -0.8759859159409183 0.41181242254971523 -0.25111591687283585
vn -0.8759859159409183 0.41181242254971523 -0.25111591687283585
vn 0.5450155776077982 -0.41181248736701737 0.7303208167739902
vn 0.5450155776077982 -0.41181248736701737 0.7303208167739902
vn 0.5450155776077982 -0.41181248736701737 0.7303208167739902
vn 0.4806483492253863 -0.5643279674926034 0.6712012436613762
vn 0.4806483492253863 -0.5643279674926034 0.6712012436613762
vn 0.4806483492253863 -0.5643279674926034 0.6712012436613762
vn 0.5822153726070128 -4.978401108029254e-17 0.8130345994483119
vn 0.5822153726070128 -4.978401108029254e-17 0.8130345994483119
vn 0.5822153726070128 -4.978401108029254e-17 0.8130345994483119
vn 0.5822153726070128 -4.978401108029254e-17 0.8130345994483119
vn 0.5822153726070128 -4.978401108029254e-17 0.8130345994483119
vn 0.5822153726070128 -4.978401108029254e-17 0.8130345994483119
vn 0.5252560318645856 0.43138512488769426 0.7334936775565948
vn 0.5252560318645856 0.43138512488769426 0.7334936775565948
vn 0.5252560318645856 0.43138512488769426 0.7334936775565948
vn 0.49937116667316167 0.5503243756320937 0.6691573204266927
vn 0.49937116667316167 0.5503243756320937 0.6691573204266927
vn 0.49937116667316167 0.5503243756320937 0.6691573204266927
vn -0.8342839694061456 -0.5503240965313629 0.03337135251775796
vn -0.8342839694061456 -0.5503240965313629 0.03337135251775796
vn -0.8342839694061456 -0.5503240965313629 0.03337135251775796
vn -0.7135595101870933 -0.7005482334311607 0.008062137311889235
vn -0.7135595101870933 -0.7005482334311607 0.008062137311889235
vn -0.7135595101870933 -0.7005482334311607 0.008062137311889235
vn -0.9999361782860298 -6.917882171592642e-19 0.01129775883656313
vn -0.9999361782860298 -6.917882171592642e-19 0.01129775883656313
vn -0.9999361782860298 -6.917882171592642e-19 0.01129775883656313
vn -0.9999361782860298 -6.917882171592642e-19 0.01129775883656313
vn -0.9999361782860298 -6.917882171592642e-19 0.01129775883656313
vn -0.9999361782860298 -6.917882171592642e-19 0.01129775883656313
vn -0.8487225848058406 0.5287513780948242 0.009589275432326683
vn -0.8487225848058406 0.5287513780948242 0.009589275432326683
vn -0.8487225848058406 0.5287513780948242 0.009589275432326683
vn -0.7065418408847572 0.7071067141069897 0.028261669165041903
vn -0.7065418408847572 0.7071067141069897 0.028261669165041903
vn -0.7065418408847572 0.7071067141069897 0.028261669165041903
vn -0.2854166380161441 -0.7071064241551075 0.6469450113125059
vn -0.2854166380161441 -0.7071064241551075 0.6469450113125059
vn -0.2854166380161441 -0.7071064241551075 0.6469450113125059
vn -0.2854166318752552 -0.7071067665692087 0.6469446397652767
vn -0.2854166318752552 -0.7071067665692087 0.6469446397652767
vn -0.2854166318752552 -0.7071067665692087 0.6469446397652767
vn -0.4036400290140072 -5.602256021935215e-17 0.9149178799092141
vn -0.4036400290140072 -5.602256021935215e-17 0.9149178799092141
vn -0.4036400290140072 -5.602256021935215e-17 0.9149178799092141
vn -0.4036400290140072 -5.602256021935215e-17 0.9149178799092141
vn -0.4036400290140072 -5.602256021935215e-17 0.9149178799092141
vn -0.4036400290140072 -5.602256021935215e-17 0.9149178799092141
vn -0.28541677488886785 0.7071063940815867 0.6469449837976742
vn -0.28541677488886785 0.7071063940815867 0.6469449837976742
vn -0.28541677488886785 0.7071063940815867 0.6469449837976742
vn -0.28541652340055174 0.7071067335590224 0.6469447237016716
vn -0.28541652340055174 0.7071067335590224 0.6469447237016716
vn -0.28541652340055174 0.7071067335590224 0.6469447237016716
vn 0.2854164839965971 -0.7071067693760507 0.6469447019379515
vn 0.2854164839965971 -0.7071067693760507 0.6469447019379515
vn 0.2854164839965971 -0.7071067693760507 0.6469447019379515
vn 0.2854167574967808 -0.7071064844319978 0.6469448927182632
vn 0.2854167574967808 -0.7071064844319978 0.6469448927182632
vn 0.2854167574967808 -0.7071064844319978 0.6469448927182632
vn 0.4036400290140072 -5.602256021935215e-17 0.9149178799092141
vn 0.4036400290140072 -5.602256021935215e-17 0.9149178799092141
vn 0.4036400290140072 -5.602256021935215e-17 0.9149178799092141
vn 0.4036400290140072 -5.602256021935215e-17 0.9149178799092141
vn 0.4036400290140072 -5.602256021935215e-17 0.9149178799092141
vn 0.4036400290140072 -5.602256021935215e-17 0.9149178799092141
vn 0.28541666027328744 0.7071067034855 0.6469446961868627
vn 0.28541666027328744 0.7071067034855 0.6469446961868627
vn 0.28541666027328744 0.7071067034855 0.6469446961868627
vn 0.28541666641416474 0.7071063610713689 0.6469450677340636
vn 0.28541666641416474 0.7071063610713689 0.6469450677340636
vn 0.28541666641416474 0.7071063610713689 0.6469450677340636
vn 0.7065417813307078 -0.7071067737622709 0.028261665441775406
vn 0.7065417813307078 -0.7071067737622709 0.028261665441775406
vn 0.7065417813307078 -0.7071067737622709 0.028261665441775406
vn 0.8487225413954136 -0.5287514477884161 0.009589274683974152
vn 0.8487225413954136 -0.5287514477884161 0.009589274683974152
vn 0.8487225413954136 -0.5287514477884161 0.009589274683974152
vn 0.9999361782860298 -6.917882171592642e-19 0.01129775883656313
vn 0.9999361782860298 -6.917882171592642e-19 0.01129775883656313
vn 0.9999361782860298 -6.917882171592642e-19 0.01129775883656313
vn 0.9999361782860298 -6.917882171592642e-19 0.01129775883656313
vn 0.9999361782860298 -6.917882171592642e-19 0.01129775883656313
vn 0.9999361782860298 -6.917882171592642e-19 0.01129775883656313
vn 0.7135595692329892 0.7005481732779553 0.008062138236898799
vn 0.7135595692329892 0.7005481732779553 0.008062138236898799
vn 0.7135595692329892 0.7005481732779553 0.008062138236898799
vn 0.8342840147865422 0.550324027543885 0.03337135567407845
vn 0.8342840147865422 0.550324027543885 0.03337135567407845
vn 0.8342840147865422 0.550324027543885 0.03337135567407845
vn -0.4993711478397325 -0.5503244473248412 0.6691572755203637
vn -0.4993711478397325 -0.5503244473248412 0.6691572755203637
vn -0.4993711478397325 -0.5503244473248412 0.6691572755203637
vn -0.5252560345700684 -0.4313852165166345 0.7334936217300212
vn -0.5252560345700684 -0.4313852165166345 0.7334936217300212
vn -0.5252560345700684 -0.4313852165166345 0.7334936217300212
vn -0.5822153726070128 -4.978401108029254e-17 0.8130345994483119
vn -0.5822153726070128 -4.978401108029254e-17 0.8130345994483119
vn -0.5822153726070128 -4.978401108029254e-17 0.8130345994483119
vn -0.5822153726070128 -4.978401108029254e-17 0.8130345994483119
vn -0.5822153726070128 -4.978401108029254e-17 0.8130345994483119
vn -0.5822153726070128 -4.978401108029254e-17 0.8130345994483119
vn -0.4806483461635856 0.5643279042931055 0.6712012989903712
vn -0.4806483461635856 0.5643279042931055 0.6712012989903712
vn -0.4806483461635856 0.5643279042931055 0.6712012989903712
vn -0.5450155672609069 0.4118124199442866 0.730320862513801
vn -0.5450155672609069 0.4118124199442866 0.730320862513801
vn -0.5450155672609069 0.4118124199442866 0.730320862513801
vn 0.8759858805720814 -0.4118124935479318 -0.2511159238204332
vn 0.8759858805720814 -0.4118124935479318 -0.2511159238204332
vn 0.8759858805720814 -0.4118124935479318 -0.2511159238204332
vn 0.68414915100745 -0.7076035788954915 -0.17674024530388496
vn 0.68414915100745 -0.7076035788954915 -0.17674024530388496
vn 0.68414915100745 -0.7076035788954915 -0.17674024530388496
vn 0.9682137327837763 1.5315695652082418e-17 -0.2501243043946471
vn 0.9682137327837763 1.5315695652082418e-17 -0.2501243043946471
vn 0.9682137327837763 1.5315695652082418e-17 -0.2501243043946471
vn 0.9682137327837763 1.5315695652082418e-17 -0.2501243043946471
vn 0.9682137327837763 1.5315695652082418e-17 -0.2501243043946471
vn 0.9682137327837763 1.5315695652082418e-17 -0.2501243043946471
vn 0.8704452911531882 0.43790378164653476 -0.22486723444936493
vn 0.8704452911531882 0.43790378164653476 -0.22486723444936493
vn 0.8704452911531882 0.43790378164653476 -0.22486723444936493
vn 0.6797288898795708 0.7071067347133596 -0.19485559264772664
vn 0.6797288898795708 0.7071067347133596 -0.19485559264772664
vn 0.6797288898795708 0.7071067347133596 -0.19485559264772664
vn 0.6995513808054237 -0.7071067461225115 -0.10309178047380445
vn 0.6995513808054237 -0.7071067461225115 -0.10309178047380445
vn 0.6995513808054237 -0.7071067461225115 -0.10309178047380445
vn 0.6995513808054237 -0.7071067461225115 -0.10309178047380445
vn 0.6995513808054237 -0.7071067461225115 -0.10309178047380445
vn 0.6995513808054237 -0.7071067461225115 -0.10309178047380445
vn 0.9893150015550761 8.92729490307532e-18 -0.145793784840369
vn 0.9893150015550761 8.92729490307532e-18 -0.145793784840369
vn 0.9893150015550761 8.92729490307532e-18 -0.145793784840369
vn 0.9893150015550761 8.92729490307532e-18 -0.145793784840369
vn 0.9893150015550761 8.92729490307532e-18 -0.145793784840369
vn 0.9893150015550761 8.92729490307532e-18 -0.145793784840369
vn 0.6995514401877755 0.7071066862931769 -0.10309178789162612
vn 0.6995514401877755 0.7071066862931769 -0.10309178789162612
vn 0.6995514401877755 0.7071066862931769 -0.10309178789162612
vn 0.6995514102893079 0.7071067163201852 -0.10309178481879783
vn 0.6995514102893079 0.7071067163201852 -0.10309178481879783
vn 0.6995514102893079 0.7071067163201852 -0.10309178481879783
vn 0.7001162190270903 -0.7071067709945161 -0.09918313500248079
vn 0.7001162190270903 -0.7071067709945161 -0.09918313500248079
vn 0.7001162190270903 -0.7071067709945161 -0.09918313500248079
vn 0.960373003621483 -0.2275723562466657 -0.16091773235846862
vn 0.960373003621483 -0.2275723562466657 -0.16091773235846862
vn 0.960373003621483 -0.2275723562466657 -0.16091773235846862
vn 0.986251075737031 1.0118876645630611e-17 -0.1652537915073341
vn 0.986251075737031 1.0118876645630611e-17 -0.1652537915073341
vn 0.986251075737031 1.0118876645630611e-17 -0.1652537915073341
vn 0.986251075737031 1.0118876645630611e-17 -0.1652537915073341
vn 0.986251075737031 1.0118876645630611e-17 -0.1652537915073341
vn 0.986251075737031 1.0118876645630611e-17 -0.1652537915073341
vn 0.697471752209364 0.7070186283594275 -0.11686665060124451
vn 0.697471752209364 0.7070186283594275 -0.11686665060124451
vn 0.697471752209364 0.7070186283594275 -0.11686665060124451
vn 0.9711903854035621 0.19457523373148952 -0.1375852961548467
vn 0.9711903854035621 0.19457523373148952 -0.1375852961548467
vn 0.9711903854035621 0.19457523373148952 -0.1375852961548467
vn -0.9711903749648463 -0.19457527634360525 -0.13758530957718962
vn -0.9711903749648463 -0.19457527634360525 -0.13758530957718962
vn -0.9711903749648463 -0.19457527634360525 -0.13758530957718962
vn -0.6974716934224386 -0.7070186887929872 -0.11686663583709828
vn -0.6974716934224386 -0.7070186887929872 -0.11686663583709828
vn -0.6974716934224386 -0.7070186887929872 -0.11686663583709828
vn -0.986251075737031 1.0118876645630611e-17 -0.1652537915073341
vn -0.986251075737031 1.0118876645630611e-17 -0.1652537915073341
vn -0.986251075737031 1.0118876645630611e-17 -0.1652537915073341
vn -0.986251075737031 1.0118876645630611e-17 -0.1652537915073341
vn -0.986251075737031 1.0118876645630611e-17 -0.1652537915073341
vn -0.986251075737031 1.0118876645630611e-17 -0.1652537915073341
vn -0.9603730101349099 0.2275723279877802 -0.16091773344984237
vn -0.9603730101349099 0.2275723279877802 -0.16091773344984237
vn -0.9603730101349099 0.2275723279877802 -0.16091773344984237
vn -0.7001162784060835 0.7071067111619663 -0.09918314242109406
vn -0.7001162784060835 0.7071067111619663 -0.09918314242109406
vn -0.7001162784060835 0.7071067111619663 -0.09918314242109406
f 1/1/1 2/2/2 3/3/3
f 4/4/4 5/5/5 6/6/6
f 7/7/7 8/8/8 9/9/9
f 10/10/10 11/11/11 12/12/12
f 13/13/13 14/14/14 15/15/15
f 16/16/16 17/17/17 18/18/18
f 19/19/19 20/20/20 21/21/21
f 22/22/22 23/23/23 24/24/24
f 25/25/25 26/26/26 27/27/27
f 28/28/28 29/29/29 30/30/30
f 31/31/31 32/32/32 33/33/33
f 34/34/34 35/35/35 36/36/36
f 37/37/37 38/38/38 39/39/39
f 40/40/40 41/41/41 42/42/42
f 43/43/43 44/44/44 45/45/45
f 46/46/46 47/47/47 48/48/48
f 49/49/49 50/50/50 51/51/51
f 52/52/52 53/53/53 54/54/54
f 55/55/55 56/56/56 57/57/57
f 58/58/58 59/59/59 60/60/60
f 61/61/61 62/62/62 63/63/63
f 64/64/64 65/65/65 66/66/66
f 67/67/67 68/68/68 69/69/69
f 70/70/70 71/71/71 72/72/72
f 73/73/73 74/74/74 75/75/75
f 76/76/76 77/77/77 78/78/78
f 79/79/79 80/80/80 81/81/81
f 82/82/82 83/83/83 84/84/84
f 85/85/85 86/86/86 87/87/87
f 88/88/88 89/89/89 90/90/90
f 91/91/91 92/92/92 93/93/93
f 94/94/94 95/95/95 96/96/96
f 97/97/97 98/98/98 99/99/99
f 100/100/100 101/101/101 102/102/102
f 103/103/103 104/104/104 105/105/105
f 106/106/106 107/107/107 108/108/108
f 109/109/109 110/110/110 111/111/111
f 112/112/112 113/113/113 114/114/114
f 115/115/115 116/116/116 117/117/117
f 118/118/118 119/119/119 120/120/120
f 121/121/121 122/122/122 123/123/123
f 124/124/124 125/125/125 126/126/126
f 127/127/127 128/128/128 129/129/129
f 130/130/130 131/131/131 132/132/132
f 133/133/133 134/134/134 135/135/135
f 136/136/136 137/137/137 138/138/138
f 139/139/139 140/140/140 141/141/141
f 142/142/142 143/143/143 144/144/144
f 145/145/145 146/146/146 147/147/147
f 148/148/148 149/149/149 150/150/150
f 151/151/151 152/152/152 153/153/153
f 154/154/154 155/155/155 156/156/156
f 157/157/157 158/158/158 159/159/159
f 160/160/160 161/161/161 162/162/162
f 163/163/163 164/164/164 165/165/165
f 166/166/166 167/167/167 168/168/168
f 169/169/169 170/170/170 171/171/171
f 172/172/172 173/173/173 174/174/174
f 175/175/175 176/176/176 177/177/177
f 178/178/178 179/179/179 180/180/180
f 181/181/181 182/182/182 183/183/183
f 184/184/184 185/185/185 186/186/186
f 187/187/187 188/188/188 189/189/189
f 190/190/190 191/191/191 192/192/192
f 193/193/193 194/194/194 195/195/195
f 196/196/196 197/197/197 198/198/198
f 199/199/199 200/200/200 201/201/201
f 202/202/202 203/203/203 204/204/204
f 205/205/205 206/206/206 207/207/207
f 208/208/208 209/209/209 210/210/210
f 211/211/211 212/212/212 213/213/213
f 214/214/214 215/215/215 216/216/216
f 217/217/217 218/218/218 219/219/219
f 220/220/220 221/221/221 222/222/222
f 223/223/223 224/224/224 225/225/225
f 226/226/226 227/227/227 228/228/228
f 229/229/229 230/230/230 231/231/231
f 232/232/232 233/233/233 234/234/234
f 235/235/235 236/236/236 237/237/237
f 238/238/238 239/239/239 240/240/240
f 241/241/241 242/242/242 243/243/243
f 244/244/244 245/245/245 246/246/246
f 247/247/247 248/248/248 249/249/249
f 250/250/250 251/251/251 252/252/252
f 253/253/253 254/254/254 255/255/255
f 256/256/256 257/257/257 258/258/258
f 259/259/259 260/260/260 261/261/261
f 262/262/262 263/263/263 264/264/264
f 265/265/265 266/266/266 267/267/267
f 268/268/268 269/269/269 270/270/270
f 271/271/271 272/272/272 273/273/273
f 274/274/274 275/275/275 276/276/276
o interceptor_spine
usemtl plate
v -0.1428000032901764 0.1300000065565109 -0.2939999997615814
v 0 0.1300000065565109 -1.3020000457763672
v 0.1428000032901764 0.1300000065565109 -0.2939999997615814
v -0.15960000455379486 0.1300000065565109 0.9240000247955322
v -0.4410000145435333 0.1300000065565109 1.1339999437332153
v -0.2603999972343445 0.1300000065565109 0.5040000081062317
v 0 0.1300000065565109 1.406999945640564
v -0.1428000032901764 0.1300000065565109 1.343999981880188
v -0.15960000455379486 0.1300000065565109 0.9240000247955322
v 0.15960000455379486 0.1300000065565109 0.9240000247955322
v 0.1428000032901764 0.1300000065565109 1.343999981880188
v 0 0.1300000065565109 1.406999945640564
v 0.2603999972343445 0.1300000065565109 0.5040000081062317
v 0.4410000145435333 0.1300000065565109 1.1339999437332153
v 0.15960000455379486 0.1300000065565109 0.9240000247955322
v -0.1428000032901764 0.1300000065565109 -0.2939999997615814
v 0.1428000032901764 0.1300000065565109 -0.2939999997615814
v 0.2603999972343445 0.1300000065565109 0.5040000081062317
v -0.15960000455379486 0.1300000065565109 0.9240000247955322
v -0.2603999972343445 0.1300000065565109 0.5040000081062317
v -0.1428000032901764 0.1300000065565109 -0.2939999997615814
v 0.15960000455379486 0.1300000065565109 0.9240000247955322
v 0 0.1300000065565109 1.406999945640564
v -0.15960000455379486 0.1300000065565109 0.9240000247955322
v -0.1428000032901764 0.1300000065565109 -0.2939999997615814
v 0.2603999972343445 0.1300000065565109 0.5040000081062317
v 0.15960000455379486 0.1300000065565109 0.9240000247955322
v 0.15960000455379486 0.1300000065565109 0.9240000247955322
v -0.15960000455379486 0.1300000065565109 0.9240000247955322
v -0.1428000032901764 0.1300000065565109 -0.2939999997615814
v 0.1428000032901764 0.42999999612569806 -0.2939999997615814
v 0 0.42999999612569806 -1.3020000457763672
v -0.1428000032901764 0.42999999612569806 -0.2939999997615814
v -0.2603999972343445 0.42999999612569806 0.5040000081062317
v -0.4410000145435333 0.42999999612569806 1.1339999437332153
v -0.15960000455379486 0.42999999612569806 0.9240000247955322
v -0.15960000455379486 0.42999999612569806 0.9240000247955322
v -0.1428000032901764 0.42999999612569806 1.343999981880188
v 0 0.42999999612569806 1.406999945640564
v 0 0.42999999612569806 1.406999945640564
v 0.1428000032901764 0.42999999612569806 1.343999981880188
v 0.15960000455379486 0.42999999612569806 0.9240000247955322
v 0.15960000455379486 0.42999999612569806 0.9240000247955322
v 0.4410000145435333 0.42999999612569806 1.1339999437332153
v 0.2603999972343445 0.42999999612569806 0.5040000081062317
v 0.2603999972343445 0.42999999612569806 0.5040000081062317
v 0.1428000032901764 0.42999999612569806 -0.2939999997615814
v -0.1428000032901764 0.42999999612569806 -0.2939999997615814
v -0.1428000032901764 0.42999999612569806 -0.2939999997615814
v -0.2603999972343445 0.42999999612569806 0.5040000081062317
v -0.15960000455379486 0.42999999612569806 0.9240000247955322
v -0.15960000455379486 0.42999999612569806 0.9240000247955322
v 0 0.42999999612569806 1.406999945640564
v 0.15960000455379486 0.42999999612569806 0.9240000247955322
v 0.15960000455379486 0.42999999612569806 0.9240000247955322
v 0.2603999972343445 0.42999999612569806 0.5040000081062317
v -0.1428000032901764 0.42999999612569806 -0.2939999997615814
v -0.1428000032901764 0.42999999612569806 -0.2939999997615814
v -0.15960000455379486 0.42999999612569806 0.9240000247955322
v 0.15960000455379486 0.42999999612569806 0.9240000247955322
v -0.1428000032901764 0.1300000065565109 -0.2939999997615814
v -0.2603999972343445 0.1300000065565109 0.5040000081062317
v -0.2021833211183548 0.1899999940395355 -0.30258187651634216
v -0.2603999972343445 0.1300000065565109 0.5040000081062317
v -0.31917691230773926 0.1899999940395355 0.4913032054901123
v -0.2021833211183548 0.1899999940395355 -0.30258187651634216
v -0.2021833211183548 0.1899999940395355 -0.30258187651634216
v -0.31917691230773926 0.1899999940395355 0.4913032054901123
v -0.2021833211183548 0.3700000067800283 -0.30258187651634216
v -0.31917691230773926 0.1899999940395355 0.4913032054901123
v -0.31917691230773926 0.3700000067800283 0.4913032054901123
v -0.2021833211183548 0.3700000067800283 -0.30258187651634216
v -0.2021833211183548 0.3700000067800283 -0.30258187651634216
v -0.31917691230773926 0.3700000067800283 0.4913032054901123
v -0.1428000032901764 0.42999999612569806 -0.2939999997615814
v -0.31917691230773926 0.3700000067800283 0.4913032054901123
v -0.2603999972343445 0.42999999612569806 0.5040000081062317
v -0.1428000032901764 0.42999999612569806 -0.2939999997615814
v -0.2603999972343445 0.1300000065565109 0.5040000081062317
v -0.4410000145435333 0.1300000065565109 1.1339999437332153
v -0.31917691230773926 0.1899999940395355 0.4913032054901123
v -0.4410000145435333 0.1300000065565109 1.1339999437332153
v -0.4892215430736542 0.1899999940395355 1.203818917274475
v -0.31917691230773926 0.1899999940395355 0.4913032054901123
v -0.31917691230773926 0.1899999940395355 0.4913032054901123
v -0.4892215430736542 0.1899999940395355 1.203818917274475
v -0.31917691230773926 0.3700000067800283 0.4913032054901123
v -0.4892215430736542 0.1899999940395355 1.203818917274475
v -0.4892215430736542 0.3700000067800283 1.203818917274475
v -0.31917691230773926 0.3700000067800283 0.4913032054901123
v -0.31917691230773926 0.3700000067800283 0.4913032054901123
v -0.4892215430736542 0.3700000067800283 1.203818917274475
v -0.2603999972343445 0.42999999612569806 0.5040000081062317
v -0.4892215430736542 0.3700000067800283 1.203818917274475
v -0.4410000145435333 0.42999999612569806 1.1339999437332153
v -0.2603999972343445 0.42999999612569806 0.5040000081062317
v -0.4410000145435333 0.1300000065565109 1.1339999437332153
v -0.15960000455379486 0.1300000065565109 0.9240000247955322
v -0.4892215430736542 0.1899999940395355 1.203818917274475
v -0.15960000455379486 0.1300000065565109 0.9240000247955322
v -0.1961144059896469 0.1899999940395355 1.0005943775177002
v -0.4892215430736542 0.1899999940395355 1.203818917274475
v -0.4892215430736542 0.1899999940395355 1.203818917274475
v -0.1961144059896469 0.1899999940395355 1.0005943775177002
v -0.4892215430736542 0.3700000067800283 1.203818917274475
v -0.1961144059896469 0.1899999940395355 1.0005943775177002
v -0.1961144059896469 0.3700000067800283 1.0005943775177002
v -0.4892215430736542 0.3700000067800283 1.203818917274475
v -0.4892215430736542 0.3700000067800283 1.203818917274475
v -0.1961144059896469 0.3700000067800283 1.0005943775177002
v -0.4410000145435333 0.42999999612569806 1.1339999437332153
v -0.1961144059896469 0.3700000067800283 1.0005943775177002
v -0.15960000455379486 0.42999999612569806 0.9240000247955322
v -0.4410000145435333 0.42999999612569806 1.1339999437332153
v -0.15960000455379486 0.1300000065565109 0.9240000247955322
v -0.1428000032901764 0.1300000065565109 1.343999981880188
v -0.1961144059896469 0.1899999940395355 1.0005943775177002
v -0.1428000032901764 0.1300000065565109 1.343999981880188
v -0.2012563794851303 0.1899999940395355 1.383790135383606
v -0.1961144059896469 0.1899999940395355 1.0005943775177002
v -0.1961144059896469 0.1899999940395355 1.0005943775177002
v -0.2012563794851303 0.1899999940395355 1.383790135383606
v -0.1961144059896469 0.3700000067800283 1.0005943775177002
v -0.2012563794851303 0.1899999940395355 1.383790135383606
v -0.2012563794851303 0.3700000067800283 1.383790135383606
v -0.1961144059896469 0.3700000067800283 1.0005943775177002
v -0.1961144059896469 0.3700000067800283 1.0005943775177002
v -0.2012563794851303 0.3700000067800283 1.383790135383606
v -0.15960000455379486 0.42999999612569806 0.9240000247955322
v -0.2012563794851303 0.3700000067800283 1.383790135383606
v -0.1428000032901764 0.42999999612569806 1.343999981880188
v -0.15960000455379486 0.42999999612569806 0.9240000247955322
v -0.1428000032901764 0.1300000065565109 1.343999981880188
v 0 0.1300000065565109 1.406999945640564
v -0.2012563794851303 0.1899999940395355 1.383790135383606
v 0 0.1300000065565109 1.406999945640564
v 0 0.1899999940395355 1.4725797176361084
v -0.2012563794851303 0.1899999940395355 1.383790135383606
v -0.2012563794851303 0.1899999940395355 1.383790135383606
v 0 0.1899999940395355 1.4725797176361084
v -0.2012563794851303 0.3700000067800283 1.383790135383606
v 0 0.1899999940395355 1.4725797176361084
v 0 0.3700000067800283 1.4725797176361084
v -0.2012563794851303 0.3700000067800283 1.383790135383606
v -0.2012563794851303 0.3700000067800283 1.383790135383606
v 0 0.3700000067800283 1.4725797176361084
v -0.1428000032901764 0.42999999612569806 1.343999981880188
v 0 0.3700000067800283 1.4725797176361084
v 0 0.42999999612569806 1.406999945640564
v -0.1428000032901764 0.42999999612569806 1.343999981880188
v 0 0.1300000065565109 1.406999945640564
v 0.1428000032901764 0.1300000065565109 1.343999981880188
v 0 0.1899999940395355 1.4725797176361084
v 0.1428000032901764 0.1300000065565109 1.343999981880188
v 0.2012563794851303 0.1899999940395355 1.383790135383606
v 0 0.1899999940395355 1.4725797176361084
v 0 0.1899999940395355 1.4725797176361084
v 0.2012563794851303 0.1899999940395355 1.383790135383606
v 0 0.3700000067800283 1.4725797176361084
v 0.2012563794851303 0.1899999940395355 1.383790135383606
v 0.2012563794851303 0.3700000067800283 1.383790135383606
v 0 0.3700000067800283 1.4725797176361084
v 0 0.3700000067800283 1.4725797176361084
v 0.2012563794851303 0.3700000067800283 1.383790135383606
v 0 0.42999999612569806 1.406999945640564
v 0.2012563794851303 0.3700000067800283 1.383790135383606
v 0.1428000032901764 0.42999999612569806 1.343999981880188
v 0 0.42999999612569806 1.406999945640564
v 0.1428000032901764 0.1300000065565109 1.343999981880188
v 0.15960000455379486 0.1300000065565109 0.9240000247955322
v 0.2012563794851303 0.1899999940395355 1.383790135383606
v 0.15960000455379486 0.1300000065565109 0.9240000247955322
v 0.1961144059896469 0.1899999940395355 1.0005943775177002
v 0.2012563794851303 0.1899999940395355 1.383790135383606
v 0.2012563794851303 0.1899999940395355 1.383790135383606
v 0.1961144059896469 0.1899999940395355 1.0005943775177002
v 0.2012563794851303 0.3700000067800283 1.383790135383606
v 0.1961144059896469 0.1899999940395355 1.0005943775177002
v 0.1961144059896469 0.3700000067800283 1.0005943775177002
v 0.2012563794851303 0.3700000067800283 1.383790135383606
v 0.2012563794851303 0.3700000067800283 1.383790135383606
v 0.1961144059896469 0.3700000067800283 1.0005943775177002
v 0.1428000032901764 0.42999999612569806 1.343999981880188
v 0.1961144059896469 0.3700000067800283 1.0005943775177002
v 0.15960000455379486 0.42999999612569806 0.9240000247955322
v 0.1428000032901764 0.42999999612569806 1.343999981880188
v 0.15960000455379486 0.1300000065565109 0.9240000247955322
v 0.4410000145435333 0.1300000065565109 1.1339999437332153
v 0.1961144059896469 0.1899999940395355 1.0005943775177002
v 0.4410000145435333 0.1300000065565109 1.1339999437332153
v 0.4892215430736542 0.1899999940395355 1.203818917274475
v 0.1961144059896469 0.1899999940395355 1.0005943775177002
v 0.1961144059896469 0.1899999940395355 1.0005943775177002
v 0.4892215430736542 0.1899999940395355 1.203818917274475
v 0.1961144059896469 0.3700000067800283 1.0005943775177002
v 0.4892215430736542 0.1899999940395355 1.203818917274475
v 0.4892215430736542 0.3700000067800283 1.203818917274475
v 0.1961144059896469 0.3700000067800283 1.0005943775177002
v 0.1961144059896469 0.3700000067800283 1.0005943775177002
v 0.4892215430736542 0.3700000067800283 1.203818917274475
v 0.15960000455379486 0.42999999612569806 0.9240000247955322
v 0.4892215430736542 0.3700000067800283 1.203818917274475
v 0.4410000145435333 0.42999999612569806 1.1339999437332153
v 0.15960000455379486 0.42999999612569806 0.9240000247955322
v 0.4410000145435333 0.1300000065565109 1.1339999437332153
v 0.2603999972343445 0.1300000065565109 0.5040000081062317
v 0.4892215430736542 0.1899999940395355 1.203818917274475
v 0.2603999972343445 0.1300000065565109 0.5040000081062317
v 0.31917691230773926 0.1899999940395355 0.4913032054901123
v 0.4892215430736542 0.1899999940395355 1.203818917274475
v 0.4892215430736542 0.1899999940395355 1.203818917274475
v 0.31917691230773926 0.1899999940395355 0.4913032054901123
v 0.4892215430736542 0.3700000067800283 1.203818917274475
v 0.31917691230773926 0.1899999940395355 0.4913032054901123
v 0.31917691230773926 0.3700000067800283 0.4913032054901123
v 0.4892215430736542 0.3700000067800283 1.203818917274475
v 0.4892215430736542 0.3700000067800283 1.203818917274475
v 0.31917691230773926 0.3700000067800283 0.4913032054901123
v 0.4410000145435333 0.42999999612569806 1.1339999437332153
v 0.31917691230773926 0.3700000067800283 0.4913032054901123
v 0.2603999972343445 0.42999999612569806 0.5040000081062317
v 0.4410000145435333 0.42999999612569806 1.1339999437332153
v 0.2603999972343445 0.1300000065565109 0.5040000081062317
v 0.1428000032901764 0.1300000065565109 -0.2939999997615814
v 0.31917691230773926 0.1899999940395355 0.4913032054901123
v 0.1428000032901764 0.1300000065565109 -0.2939999997615814
v 0.2021833211183548 0.1899999940395355 -0.30258187651634216
v 0.31917691230773926 0.1899999940395355 0.4913032054901123
v 0.31917691230773926 0.1899999940395355 0.4913032054901123
v 0.2021833211183548 0.1899999940395355 -0.30258187651634216
v 0.31917691230773926 0.3700000067800283 0.4913032054901123
v 0.2021833211183548 0.1899999940395355 -0.30258187651634216
v 0.2021833211183548 0.3700000067800283 -0.30258187651634216
v 0.31917691230773926 0.3700000067800283 0.4913032054901123
v 0.31917691230773926 0.3700000067800283 0.4913032054901123
v 0.2021833211183548 0.3700000067800283 -0.30258187651634216
v 0.2603999972343445 0.42999999612569806 0.5040000081062317
v 0.2021833211183548 0.3700000067800283 -0.30258187651634216
v 0.1428000032901764 0.42999999612569806 -0.2939999997615814
v 0.2603999972343445 0.42999999612569806 0.5040000081062317
v 0.1428000032901764 0.1300000065565109 -0.2939999997615814
v 0 0.1300000065565109 -1.3020000457763672
v 0.2021833211183548 0.1899999940395355 -0.30258187651634216
v 0 0.1300000065565109 -1.3020000457763672
v 0 0.1899999940395355 -1.3868528604507446
v 0.2021833211183548 0.1899999940395355 -0.30258187651634216
v 0.2021833211183548 0.1899999940395355 -0.30258187651634216
v 0 0.1899999940395355 -1.3868528604507446
v 0.2021833211183548 0.3700000067800283 -0.30258187651634216
v 0 0.1899999940395355 -1.3868528604507446
v 0 0.3700000067800283 -1.3868528604507446
v 0.2021833211183548 0.3700000067800283 -0.30258187651634216
v 0.2021833211183548 0.3700000067800283 -0.30258187651634216
v 0 0.3700000067800283 -1.3868528604507446
v 0.1428000032901764 0.42999999612569806 -0.2939999997615814
v 0 0.3700000067800283 -1.3868528604507446
v 0 0.42999999612569806 -1.3020000457763672
v 0.1428000032901764 0.42999999612569806 -0.2939999997615814
v 0 0.1300000065565109 -1.3020000457763672
v -0.1428000032901764 0.1300000065565109 -0.2939999997615814
v 0 0.1899999940395355 -1.3868528604507446
v -0.1428000032901764 0.1300000065565109 -0.2939999997615814
v -0.2021833211183548 0.1899999940395355 -0.30258187651634216
v 0 0.1899999940395355 -1.3868528604507446
v 0 0.1899999940395355 -1.3868528604507446
v -0.2021833211183548 0.1899999940395355 -0.30258187651634216
v 0 0.3700000067800283 -1.3868528604507446
v -0.2021833211183548 0.1899999940395355 -0.30258187651634216
v -0.2021833211183548 0.3700000067800283 -0.30258187651634216
v 0 0.3700000067800283 -1.3868528604507446
v 0 0.3700000067800283 -1.3868528604507446
v -0.2021833211183548 0.3700000067800283 -0.30258187651634216
v 0 0.42999999612569806 -1.3020000457763672
v -0.2021833211183548 0.3700000067800283 -0.30258187651634216
v -0.1428000032901764 0.42999999612569806 -0.2939999997615814
v 0 0.42999999612569806 -1.3020000457763672
vt -0.1428000032901764 0.2939999997615814
vt 0 1.3020000457763672
vt 0.1428000032901764 0.2939999997615814
vt -0.15960000455379486 -0.9240000247955322
vt -0.4410000145435333 -1.1339999437332153
vt -0.2603999972343445 -0.5040000081062317
vt 0 -1.406999945640564
vt -0.1428000032901764 -1.343999981880188
vt -0.15960000455379486 -0.9240000247955322
vt 0.15960000455379486 -0.9240000247955322
vt 0.1428000032901764 -1.343999981880188
vt 0 -1.406999945640564
vt 0.2603999972343445 -0.5040000081062317
vt 0.4410000145435333 -1.1339999437332153
vt 0.15960000455379486 -0.9240000247955322
vt -0.1428000032901764 0.2939999997615814
vt 0.1428000032901764 0.2939999997615814
vt 0.2603999972343445 -0.5040000081062317
vt -0.15960000455379486 -0.9240000247955322
vt -0.2603999972343445 -0.5040000081062317
vt -0.1428000032901764 0.2939999997615814
vt 0.15960000455379486 -0.9240000247955322
vt 0 -1.406999945640564
vt -0.15960000455379486 -0.9240000247955322
vt -0.1428000032901764 0.2939999997615814
vt 0.2603999972343445 -0.5040000081062317
vt 0.15960000455379486 -0.9240000247955322
vt 0.15960000455379486 -0.9240000247955322
vt -0.15960000455379486 -0.9240000247955322
vt -0.1428000032901764 0.2939999997615814
vt 0.1428000032901764 0.2939999997615814
vt 0 1.3020000457763672
vt -0.1428000032901764 0.2939999997615814
vt -0.2603999972343445 -0.5040000081062317
vt -0.4410000145435333 -1.1339999437332153
vt -0.15960000455379486 -0.9240000247955322
vt -0.15960000455379486 -0.9240000247955322
vt -0.1428000032901764 -1.343999981880188
vt 0 -1.406999945640564
vt 0 -1.406999945640564
vt 0.1428000032901764 -1.343999981880188
vt 0.15960000455379486 -0.9240000247955322
vt 0.15960000455379486 -0.9240000247955322
vt 0.4410000145435333 -1.1339999437332153
vt 0.2603999972343445 -0.5040000081062317
vt 0.2603999972343445 -0.5040000081062317
vt 0.1428000032901764 0.2939999997615814
vt -0.1428000032901764 0.2939999997615814
vt -0.1428000032901764 0.2939999997615814
vt -0.2603999972343445 -0.5040000081062317
vt -0.15960000455379486 -0.9240000247955322
vt -0.15960000455379486 -0.9240000247955322
vt 0 -1.406999945640564
vt 0.15960000455379486 -0.9240000247955322
vt 0.15960000455379486 -0.9240000247955322
vt 0.2603999972343445 -0.5040000081062317
vt -0.1428000032901764 0.2939999997615814
vt -0.1428000032901764 0.2939999997615814
vt -0.15960000455379486 -0.9240000247955322
vt 0.15960000455379486 -0.9240000247955322
vt 0.2939999997615814 1.059999942779541
vt -0.5040000081062317 1.059999942779541
vt 0.30258187651634216 1
vt -0.5040000081062317 1.059999942779541
vt -0.4913032054901123 1
vt 0.30258187651634216 1
vt 0.30258187651634216 1
vt -0.4913032054901123 1
vt 0.30258187651634216 0.8199999928474426
vt -0.4913032054901123 1
vt -0.4913032054901123 0.8199999928474426
vt 0.30258187651634216 0.8199999928474426
vt 0.30258187651634216 0.8199999928474426
vt -0.4913032054901123 0.8199999928474426
vt 0.2939999997615814 0.7599999904632568
vt -0.4913032054901123 0.8199999928474426
vt -0.5040000081062317 0.7599999904632568
vt 0.2939999997615814 0.7599999904632568
vt -0.5040000081062317 1.059999942779541
vt -1.1339999437332153 1.059999942779541
vt -0.4913032054901123 1
vt -1.1339999437332153 1.059999942779541
vt -1.203818917274475 1
vt -0.4913032054901123 1
vt -0.4913032054901123 1
vt -1.203818917274475 1
vt -0.4913032054901123 0.8199999928474426
vt -1.203818917274475 1
vt -1.203818917274475 0.8199999928474426
vt -0.4913032054901123 0.8199999928474426
vt -0.4913032054901123 0.8199999928474426
vt -1.203818917274475 0.8199999928474426
vt -0.5040000081062317 0.7599999904632568
vt -1.203818917274475 0.8199999928474426
vt -1.1339999437332153 0.7599999904632568
vt -0.5040000081062317 0.7599999904632568
vt -0.4410000145435333 1.059999942779541
vt -0.15960000455379486 1.059999942779541
vt -0.4892215430736542 1
vt -0.15960000455379486 1.059999942779541
vt -0.1961144059896469 1
vt -0.4892215430736542 1
vt -0.4892215430736542 1
vt -0.1961144059896469 1
vt -0.4892215430736542 0.8199999928474426
vt -0.1961144059896469 1
vt -0.1961144059896469 0.8199999928474426
vt -0.4892215430736542 0.8199999928474426
vt -0.4892215430736542 0.8199999928474426
vt -0.1961144059896469 0.8199999928474426
vt -0.4410000145435333 0.7599999904632568
vt -0.1961144059896469 0.8199999928474426
vt -0.15960000455379486 0.7599999904632568
vt -0.4410000145435333 0.7599999904632568
vt -0.9240000247955322 1.059999942779541
vt -1.343999981880188 1.059999942779541
vt -1.0005943775177002 1
vt -1.343999981880188 1.059999942779541
vt -1.383790135383606 1
vt -1.0005943775177002 1
vt -1.0005943775177002 1
vt -1.383790135383606 1
vt -1.0005943775177002 0.8199999928474426
vt -1.383790135383606 1
vt -1.383790135383606 0.8199999928474426
vt -1.0005943775177002 0.8199999928474426
vt -1.0005943775177002 0.8199999928474426
vt -1.383790135383606 0.8199999928474426
vt -0.9240000247955322 0.7599999904632568
vt -1.383790135383606 0.8199999928474426
vt -1.343999981880188 0.7599999904632568
vt -0.9240000247955322 0.7599999904632568
vt -0.1428000032901764 1.059999942779541
vt 0 1.059999942779541
vt -0.2012563794851303 1
vt 0 1.059999942779541
vt 0 1
vt -0.2012563794851303 1
vt -0.2012563794851303 1
vt 0 1
vt -0.2012563794851303 0.8199999928474426
vt 0 1
vt 0 0.8199999928474426
vt -0.2012563794851303 0.8199999928474426
vt -0.2012563794851303 0.8199999928474426
vt 0 0.8199999928474426
vt -0.1428000032901764 0.7599999904632568
vt 0 0.8199999928474426
vt 0 0.7599999904632568
vt -0.1428000032901764 0.7599999904632568
vt 0 1.059999942779541
vt 0.1428000032901764 1.059999942779541
vt 0 1
vt 0.1428000032901764 1.059999942779541
vt 0.2012563794851303 1
vt 0 1
vt 0 1
vt 0.2012563794851303 1
vt 0 0.8199999928474426
vt 0.2012563794851303 1
vt 0.2012563794851303 0.8199999928474426
vt 0 0.8199999928474426
vt 0 0.8199999928474426
vt 0.2012563794851303 0.8199999928474426
vt 0 0.7599999904632568
vt 0.2012563794851303 0.8199999928474426
vt 0.1428000032901764 0.7599999904632568
vt 0 0.7599999904632568
vt -1.343999981880188 1.059999942779541
vt -0.9240000247955322 1.059999942779541
vt -1.383790135383606 1
vt -0.9240000247955322 1.059999942779541
vt -1.0005943775177002 1
vt -1.383790135383606 1
vt -1.383790135383606 1
vt -1.0005943775177002 1
vt -1.383790135383606 0.8199999928474426
vt -1.0005943775177002 1
vt -1.0005943775177002 0.8199999928474426
vt -1.383790135383606 0.8199999928474426
vt -1.383790135383606 0.8199999928474426
vt -1.0005943775177002 0.8199999928474426
vt -1.343999981880188 0.7599999904632568
vt -1.0005943775177002 0.8199999928474426
vt -0.9240000247955322 0.7599999904632568
vt -1.343999981880188 0.7599999904632568
vt 0.15960000455379486 1.059999942779541
vt 0.4410000145435333 1.059999942779541
vt 0.1961144059896469 1
vt 0.4410000145435333 1.059999942779541
vt 0.4892215430736542 1
vt 0.1961144059896469 1
vt 0.1961144059896469 1
vt 0.4892215430736542 1
vt 0.1961144059896469 0.8199999928474426
vt 0.4892215430736542 1
vt 0.4892215430736542 0.8199999928474426
vt 0.1961144059896469 0.8199999928474426
vt 0.1961144059896469 0.8199999928474426
vt 0.4892215430736542 0.8199999928474426
vt 0.15960000455379486 0.7599999904632568
vt 0.4892215430736542 0.8199999928474426
vt 0.4410000145435333 0.7599999904632568
vt 0.15960000455379486 0.7599999904632568
vt -1.1339999437332153 1.059999942779541
vt -0.5040000081062317 1.059999942779541
vt -1.203818917274475 1
vt -0.5040000081062317 1.059999942779541
vt -0.4913032054901123 1
vt -1.203818917274475 1
vt -1.203818917274475 1
vt -0.4913032054901123 1
vt -1.203818917274475 0.8199999928474426
vt -0.4913032054901123 1
vt -0.4913032054901123 0.8199999928474426
vt -1.203818917274475 0.8199999928474426
vt -1.203818917274475 0.8199999928474426
vt -0.4913032054901123 0.8199999928474426
vt -1.1339999437332153 0.7599999904632568
vt -0.4913032054901123 0.8199999928474426
vt -0.5040000081062317 0.7599999904632568
vt -1.1339999437332153 0.7599999904632568
vt -0.5040000081062317 1.059999942779541
vt 0.2939999997615814 1.059999942779541
vt -0.4913032054901123 1
vt 0.2939999997615814 1.059999942779541
vt 0.30258187651634216 1
vt -0.4913032054901123 1
vt -0.4913032054901123 1
vt 0.30258187651634216 1
vt -0.4913032054901123 0.8199999928474426
vt 0.30258187651634216 1
vt 0.30258187651634216 0.8199999928474426
vt -0.4913032054901123 0.8199999928474426
vt -0.4913032054901123 0.8199999928474426
vt 0.30258187651634216 0.8199999928474426
vt -0.5040000081062317 0.7599999904632568
vt 0.30258187651634216 0.8199999928474426
vt 0.2939999997615814 0.7599999904632568
vt -0.5040000081062317 0.7599999904632568
vt 0.2939999997615814 1.059999942779541
vt 1.3020000457763672 1.059999942779541
vt 0.30258187651634216 1
vt 1.3020000457763672 1.059999942779541
vt 1.3868528604507446 1
vt 0.30258187651634216 1
vt 0.30258187651634216 1
vt 1.3868528604507446 1
vt 0.30258187651634216 0.8199999928474426
vt 1.3868528604507446 1
vt 1.3868528604507446 0.8199999928474426
vt 0.30258187651634216 0.8199999928474426
vt 0.30258187651634216 0.8199999928474426
vt 1.3868528604507446 0.8199999928474426
vt 0.2939999997615814 0.7599999904632568
vt 1.3868528604507446 0.8199999928474426
vt 1.3020000457763672 0.7599999904632568
vt 0.2939999997615814 0.7599999904632568
vt 1.3020000457763672 1.059999942779541
vt 0.2939999997615814 1.059999942779541
vt 1.3868528604507446 1
vt 0.2939999997615814 1.059999942779541
vt 0.30258187651634216 1
vt 1.3868528604507446 1
vt 1.3868528604507446 1
vt 0.30258187651634216 1
vt 1.3868528604507446 0.8199999928474426
vt 0.30258187651634216 1
vt 0.30258187651634216 0.8199999928474426
vt 1.3868528604507446 0.8199999928474426
vt 1.3868528604507446 0.8199999928474426
vt 0.30258187651634216 0.8199999928474426
vt 1.3020000457763672 0.7599999904632568
vt 0.30258187651634216 0.8199999928474426
vt 0.2939999997615814 0.7599999904632568
vt 1.3020000457763672 0.7599999904632568
vn 0 -1 -6.123234262925839e-17
vn 0 -1 -6.123234262925839e-17
vn 0 -1 -6.123234262925839e-17
vn 0 -1 -6.123234262925839e-17
vn 0 -1 -6.123234262925839e-17
vn 0 -1 -6.123234262925839e-17
vn 0 -1 -6.123234262925839e-17
vn 0 -1 -6.123234262925839e-17
vn 0 -1 -6.123234262925839e-17
vn 0 -1 -6.123234262925839e-17
vn 0 -1 -6.123234262925839e-17
vn 0 -1 -6.123234262925839e-17
vn 0 -1 -6.123234262925839e-17
vn 0 -1 -6.123234262925839e-17
vn 0 -1 -6.123234262925839e-17
vn 0 -1 -6.123234262925839e-17
vn 0 -1 -6.123234262925839e-17
vn 0 -1 -6.123234262925839e-17
vn 0 -1 -6.123234262925839e-17
vn 0 -1 -6.123234262925839e-17
vn 0 -1 -6.123234262925839e-17
vn 0 -1 -6.123234262925839e-17
vn 0 -1 -6.123234262925839e-17
vn 0 -1 -6.123234262925839e-17
vn 0 -1 -6.123234262925839e-17
vn 0 -1 -6.123234262925839e-17
vn 0 -1 -6.123234262925839e-17
vn 0 -1 -6.123234262925839e-17
vn 0 -1 -6.123234262925839e-17
vn 0 -1 -6.123234262925839e-17
vn 0 1 6.123234262925839e-17
vn 0 1 6.123234262925839e-17
vn 0 1 6.123234262925839e-17
vn 0 1 6.123234262925839e-17
vn 0 1 6.123234262925839e-17
vn 0 1 6.123234262925839e-17
vn 0 1 6.123234262925839e-17
vn 0 1 6.123234262925839e-17
vn 0 1 6.123234262925839e-17
vn 0 1 6.123234262925839e-17
vn 0 1 6.123234262925839e-17
vn 0 1 6.123234262925839e-17
vn 0 1 6.123234262925839e-17
vn 0 1 6.123234262925839e-17
vn 0 1 6.123234262925839e-17
vn 0 1 6.123234262925839e-17
vn 0 1 6.123234262925839e-17
vn 0 1 6.123234262925839e-17
vn 0 1 6.123234262925839e-17
vn 0 1 6.123234262925839e-17
vn 0 1 6.123234262925839e-17
vn 0 1 6.123234262925839e-17
vn 0 1 6.123234262925839e-17
vn 0 1 6.123234262925839e-17
vn 0 1 6.123234262925839e-17
vn 0 1 6.123234262925839e-17
vn 0 1 6.123234262925839e-17
vn 0 1 6.123234262925839e-17
vn 0 1 6.123234262925839e-17
vn 0 1 6.123234262925839e-17
vn -0.6995513808054237 -0.7071067461225115 -0.10309178047380445
vn -0.6995513808054237 -0.7071067461225115 -0.10309178047380445
vn -0.6995513808054237 -0.7071067461225115 -0.10309178047380445
vn -0.6995513509069511 -0.7071067761495199 -0.10309177740097547
vn -0.6995513509069511 -0.7071067761495199 -0.10309177740097547
vn -0.6995513509069511 -0.7071067761495199 -0.10309177740097547
vn -0.9893149994057924 8.927295710861435e-18 -0.14579379942479406
vn -0.9893149994057924 8.927295710861435e-18 -0.14579379942479406
vn -0.9893149994057924 8.927295710861435e-18 -0.14579379942479406
vn -0.9893149994057924 8.927295710861435e-18 -0.14579379942479406
vn -0.9893149994057924 8.927295710861435e-18 -0.14579379942479406
vn -0.9893149994057924 8.927295710861435e-18 -0.14579379942479406
vn -0.6995513514442722 0.7071067766926442 -0.10309177002957895
vn -0.6995513514442722 0.7071067766926442 -0.10309177002957895
vn -0.6995513514442722 0.7071067766926442 -0.10309177002957895
vn -0.6995512920619102 0.7071068365219739 -0.10309176261175584
vn -0.6995512920619102 0.7071068365219739 -0.10309176261175584
vn -0.6995512920619102 0.7071068365219739 -0.10309176261175584
vn -0.6797288232447772 -0.7071067870047012 -0.1948556353359027
vn -0.6797288232447772 -0.7071067870047012 -0.1948556353359027
vn -0.6797288232447772 -0.7071067870047012 -0.1948556353359027
vn -0.8659344496818429 -0.45546651840087315 -0.20665860608740969
vn -0.8659344496818429 -0.45546651840087315 -0.20665860608740969
vn -0.8659344496818429 -0.45546651840087315 -0.20665860608740969
vn -0.9726836467185781 1.4214150564753145e-17 -0.2321347096111405
vn -0.9726836467185781 1.4214150564753145e-17 -0.2321347096111405
vn -0.9726836467185781 1.4214150564753145e-17 -0.2321347096111405
vn -0.9726836467185781 1.4214150564753145e-17 -0.2321347096111405
vn -0.9726836467185781 1.4214150564753145e-17 -0.2321347096111405
vn -0.9726836467185781 1.4214150564753145e-17 -0.2321347096111405
vn -0.6871110681535425 0.7078053236348619 -0.16398171805126996
vn -0.6871110681535425 0.7078053236348619 -0.16398171805126996
vn -0.6871110681535425 0.7078053236348619 -0.16398171805126996
vn -0.8759860357122011 0.411812094988371 -0.2511160362432297
vn -0.8759860357122011 0.411812094988371 -0.2511160362432297
vn -0.8759860357122011 0.411812094988371 -0.2511160362432297
vn 0.545015261086561 -0.4118129502271017 0.7303207919866437
vn 0.545015261086561 -0.4118129502271017 0.7303207919866437
vn 0.545015261086561 -0.4118129502271017 0.7303207919866437
vn 0.4662781226586157 -0.5747365789846192 0.6725047041523305
vn 0.4662781226586157 -0.5747365789846192 0.6725047041523305
vn 0.4662781226586157 -0.5747365789846192 0.6725047041523305
vn 0.5697864155640826 -5.032029718881961e-17 0.8217928209948261
vn 0.5697864155640826 -5.032029718881961e-17 0.8217928209948261
vn 0.5697864155640826 -5.032029718881961e-17 0.8217928209948261
vn 0.5697864155640826 -5.032029718881961e-17 0.8217928209948261
vn 0.5697864155640826 -5.032029718881961e-17 0.8217928209948261
vn 0.5697864155640826 -5.032029718881961e-17 0.8217928209948261
vn 0.5099694187029411 0.44602898237510435 0.7355197746282647
vn 0.5099694187029411 0.44602898237510435 0.7355197746282647
vn 0.5099694187029411 0.44602898237510435 0.7355197746282647
vn 0.4993710501998155 0.5503242594379087 0.6691575029067899
vn 0.4993710501998155 0.5503242594379087 0.6691575029067899
vn 0.4993710501998155 0.5503242594379087 0.6691575029067899
vn -0.8342840143716762 -0.5503240272702243 0.03337137055864513
vn -0.8342840143716762 -0.5503240272702243 0.03337137055864513
vn -0.8342840143716762 -0.5503240272702243 0.03337137055864513
vn -0.7194193773710365 -0.694508867188784 -0.009653644867211346
vn -0.7194193773710365 -0.694508867188784 -0.009653644867211346
vn -0.7194193773710365 -0.694508867188784 -0.009653644867211346
vn -0.9999099819467941 8.215819316171672e-19 -0.013417451440642469
vn -0.9999099819467941 8.215819316171672e-19 -0.013417451440642469
vn -0.9999099819467941 8.215819316171672e-19 -0.013417451440642469
vn -0.9999099819467941 8.215819316171672e-19 -0.013417451440642469
vn -0.9999099819467941 8.215819316171672e-19 -0.013417451440642469
vn -0.9999099819467941 8.215819316171672e-19 -0.013417451440642469
vn -0.8606675729832711 0.5090362946747029 -0.011549005105855858
vn -0.8606675729832711 0.5090362946747029 -0.011549005105855858
vn -0.8606675729832711 0.5090362946747029 -0.011549005105855858
vn -0.706541691849371 0.707106863070971 0.028261667971998056
vn -0.706541691849371 0.707106863070971 0.028261667971998056
vn -0.706541691849371 0.707106863070971 0.028261667971998056
vn -0.2854164504810962 -0.7071071178046777 0.6469443358935398
vn -0.2854164504810962 -0.7071071178046777 0.6469443358935398
vn -0.2854164504810962 -0.7071071178046777 0.6469443358935398
vn -0.285416472738129 -0.7071073971347588 0.6469440207676638
vn -0.285416472738129 -0.7071073971347588 0.6469440207676638
vn -0.285416472738129 -0.7071073971347588 0.6469440207676638
vn -0.4036402007064662 -5.602255923093919e-17 0.9149178041625616
vn -0.4036402007064662 -5.602255923093919e-17 0.9149178041625616
vn -0.4036402007064662 -5.602255923093919e-17 0.9149178041625616
vn -0.4036402007064662 -5.602255923093919e-17 0.9149178041625616
vn -0.4036402007064662 -5.602255923093919e-17 0.9149178041625616
vn -0.4036402007064662 -5.602255923093919e-17 0.9149178041625616
vn -0.28541654156365104 0.7071072411651651 0.646944160877609
vn -0.28541654156365104 0.7071072411651651 0.646944160877609
vn -0.28541654156365104 0.7071072411651651 0.646944160877609
vn -0.28541630746732116 0.7071074902919383 0.646943991860776
vn -0.28541630746732116 0.7071074902919383 0.646943991860776
vn -0.28541630746732116 0.7071074902919383 0.646943991860776
vn 0.2854163248594793 -0.7071073999416125 0.6469440829403424
vn 0.2854163248594793 -0.7071073999416125 0.6469440829403424
vn 0.2854163248594793 -0.7071073999416125 0.6469440829403424
vn 0.2854165699617006 -0.7071071780814963 0.6469442172992356
vn 0.2854165699617006 -0.7071071780814963 0.6469442172992356
vn 0.2854165699617006 -0.7071071780814963 0.6469442172992356
vn 0.4036402007064662 -5.602255923093919e-17 0.9149178041625616
vn 0.4036402007064662 -5.602255923093919e-17 0.9149178041625616
vn 0.4036402007064662 -5.602255923093919e-17 0.9149178041625616
vn 0.4036402007064662 -5.602255923093919e-17 0.9149178041625616
vn 0.4036402007064662 -5.602255923093919e-17 0.9149178041625616
vn 0.4036402007064662 -5.602255923093919e-17 0.9149178041625616
vn 0.2854164563694868 0.7071074304161412 0.6469439916126949
vn 0.2854164563694868 0.7071074304161412 0.6469439916126949
vn 0.2854164563694868 0.7071074304161412 0.6469439916126949
vn 0.2854164220830481 0.7071071808883512 0.6469442794719186
vn 0.2854164220830481 0.7071071808883512 0.6469442794719186
vn 0.2854164220830481 0.7071071808883512 0.6469442794719186
vn 0.7065417514034255 -0.7071068034156998 0.02826167169526469
vn 0.7065417514034255 -0.7071068034156998 0.02826167169526469
vn 0.7065417514034255 -0.7071068034156998 0.02826167169526469
vn 0.8606675990874654 -0.5090362505092149 -0.011549006387461742
vn 0.8606675990874654 -0.5090362505092149 -0.011549006387461742
vn 0.8606675990874654 -0.5090362505092149 -0.011549006387461742
vn 0.9999099819467941 8.215819316171672e-19 -0.013417451440642469
vn 0.9999099819467941 8.215819316171672e-19 -0.013417451440642469
vn 0.9999099819467941 8.215819316171672e-19 -0.013417451440642469
vn 0.9999099819467941 8.215819316171672e-19 -0.013417451440642469
vn 0.9999099819467941 8.215819316171672e-19 -0.013417451440642469
vn 0.9999099819467941 8.215819316171672e-19 -0.013417451440642469
vn 0.7194193475964527 0.6945088980498144 -0.009653643536353736
vn 0.7194193475964527 0.6945088980498144 -0.009653643536353736
vn 0.7194193475964527 0.6945088980498144 -0.009653643536353736
vn 0.834283987109318 0.5503240688916263 0.033371365742860266
vn 0.834283987109318 0.5503240688916263 0.033371365742860266
vn 0.834283987109318 0.5503240688916263 0.033371365742860266
vn -0.499371046662762 -0.5503241959353087 0.6691575577717803
vn -0.499371046662762 -0.5503241959353087 0.6691575577717803
vn -0.499371046662762 -0.5503241959353087 0.6691575577717803
vn -0.5099694099034192 -0.4460289150742302 0.735519821541516
vn -0.5099694099034192 -0.4460289150742302 0.735519821541516
vn -0.5099694099034192 -0.4460289150742302 0.735519821541516
vn -0.5697864155640826 -5.032029718881961e-17 0.8217928209948261
vn -0.5697864155640826 -5.032029718881961e-17 0.8217928209948261
vn -0.5697864155640826 -5.032029718881961e-17 0.8217928209948261
vn -0.5697864155640826 -5.032029718881961e-17 0.8217928209948261
vn -0.5697864155640826 -5.032029718881961e-17 0.8217928209948261
vn -0.5697864155640826 -5.032029718881961e-17 0.8217928209948261
vn -0.4662781253758191 0.5747366419385 0.6725046484666616
vn -0.4662781253758191 0.5747366419385 0.6725046484666616
vn -0.4662781253758191 0.5747366419385 0.6725046484666616
vn -0.5450152714334268 0.41181301764982675 0.730320746246806
vn -0.5450152714334268 0.41181301764982675 0.730320746246806
vn -0.5450152714334268 0.41181301764982675 0.730320746246806
vn 0.8759860679650157 -0.41181202074385626 -0.251116045489038
vn 0.8759860679650157 -0.41181202074385626 -0.251116045489038
vn 0.8759860679650157 -0.41181202074385626 -0.251116045489038
vn 0.6871111559149239 -0.7078052334303229 -0.16398173967214544
vn 0.6871111559149239 -0.7078052334303229 -0.16398173967214544
vn 0.6871111559149239 -0.7078052334303229 -0.16398173967214544
vn 0.9726836467185781 1.4214150564753145e-17 -0.2321347096111405
vn 0.9726836467185781 1.4214150564753145e-17 -0.2321347096111405
vn 0.9726836467185781 1.4214150564753145e-17 -0.2321347096111405
vn 0.9726836467185781 1.4214150564753145e-17 -0.2321347096111405
vn 0.9726836467185781 1.4214150564753145e-17 -0.2321347096111405
vn 0.9726836467185781 1.4214150564753145e-17 -0.2321347096111405
vn 0.8659344117527576 0.45546658785779653 -0.20665861193664764
vn 0.8659344117527576 0.45546658785779653 -0.20665861193664764
vn 0.8659344117527576 0.45546658785779653 -0.20665861193664764
vn 0.6797287358561261 0.7071068773109036 -0.19485561246999136
vn 0.6797287358561261 0.7071068773109036 -0.19485561246999136
vn 0.6797287358561261 0.7071068773109036 -0.19485561246999136
vn 0.6995513214230669 -0.7071068059518412 -0.10309177305598204
vn 0.6995513214230669 -0.7071068059518412 -0.10309177305598204
vn 0.6995513214230669 -0.7071068059518412 -0.10309177305598204
vn 0.6995513808054237 -0.7071067461225115 -0.10309178047380445
vn 0.6995513808054237 -0.7071067461225115 -0.10309178047380445
vn 0.6995513808054237 -0.7071067461225115 -0.10309178047380445
vn 0.9893149994057924 8.927295710861435e-18 -0.14579379942479406
vn 0.9893149994057924 8.927295710861435e-18 -0.14579379942479406
vn 0.9893149994057924 8.927295710861435e-18 -0.14579379942479406
vn 0.9893149994057924 8.927295710861435e-18 -0.14579379942479406
vn 0.9893149994057924 8.927295710861435e-18 -0.14579379942479406
vn 0.9893149994057924 8.927295710861435e-18 -0.14579379942479406
vn 0.6995512915245893 0.7071068359788496 -0.10309176998315238
vn 0.6995512915245893 0.7071068359788496 -0.10309176998315238
vn 0.6995512915245893 0.7071068359788496 -0.10309176998315238
vn 0.6995513219603877 0.7071068064949654 -0.1030917656845858
vn 0.6995513219603877 0.7071068064949654 -0.1030917656845858
vn 0.6995513219603877 0.7071068064949654 -0.1030917656845858
vn 0.7001162789234497 -0.7071067116844983 -0.099183135043807
vn 0.7001162789234497 -0.7071067116844983 -0.099183135043807
vn 0.7001162789234497 -0.7071067116844983 -0.099183135043807
vn 0.9515990697593542 -0.25094384173094525 -0.1774440721197695
vn 0.9515990697593542 -0.25094384173094525 -0.1774440721197695
vn 0.9515990697593542 -0.25094384173094525 -0.1774440721197695
vn 0.9830552193641499 1.1224480094995468e-17 -0.18330967154218264
vn 0.9830552193641499 1.1224480094995468e-17 -0.18330967154218264
vn 0.9830552193641499 1.1224480094995468e-17 -0.18330967154218264
vn 0.9830552193641499 1.1224480094995468e-17 -0.18330967154218264
vn 0.9830552193641499 1.1224480094995468e-17 -0.18330967154218264
vn 0.9830552193641499 1.1224480094995468e-17 -0.18330967154218264
vn 0.6954133561864613 0.7068133406302581 -0.12967330312973652
vn 0.6954133561864613 0.7068133406302581 -0.12967330312973652
vn 0.6954133561864613 0.7068133406302581 -0.12967330312973652
vn 0.971190419193945 0.19457506168735758 -0.1375853009418173
vn 0.971190419193945 0.19457506168735758 -0.1375853009418173
vn 0.971190419193945 0.19457506168735758 -0.1375853009418173
vn -0.9711904290353176 -0.19457500701395436 -0.13758530879318187
vn -0.9711904290353176 -0.19457500701395436 -0.13758530879318187
vn -0.9711904290353176 -0.19457500701395436 -0.13758530879318187
vn -0.6954134162636318 -0.7068132815058844 -0.12967330321784803
vn -0.6954134162636318 -0.7068132815058844 -0.12967330321784803
vn -0.6954134162636318 -0.7068132815058844 -0.12967330321784803
vn -0.9830552193641499 1.1224480094995468e-17 -0.18330967154218264
vn -0.9830552193641499 1.1224480094995468e-17 -0.18330967154218264
vn -0.9830552193641499 1.1224480094995468e-17 -0.18330967154218264
vn -0.9830552193641499 1.1224480094995468e-17 -0.18330967154218264
vn -0.9830552193641499 1.1224480094995468e-17 -0.18330967154218264
vn -0.9830552193641499 1.1224480094995468e-17 -0.18330967154218264
vn -0.9515990530097426 0.25094389691859076 -0.17744408389764116
vn -0.9515990530097426 0.25094389691859076 -0.17744408389764116
vn -0.9515990530097426 0.25094389691859076 -0.17744408389764116
vn -0.7001161910714974 0.7071068023644335 -0.09918310869036401
vn -0.7001161910714974 0.7071068023644335 -0.09918310869036401
vn -0.7001161910714974 0.7071068023644335 -0.09918310869036401
f 277/277/277 278/278/278 279/279/279
f 280/280/280 281/281/281 282/282/282
f 283/283/283 284/284/284 285/285/285
f 286/286/286 287/287/287 288/288/288
f 289/289/289 290/290/290 291/291/291
f 292/292/292 293/293/293 294/294/294
f 295/295/295 296/296/296 297/297/297
f 298/298/298 299/299/299 300/300/300
f 301/301/301 302/302/302 303/303/303
f 304/304/304 305/305/305 306/306/306
f 307/307/307 308/308/308 309/309/309
f 310/310/310 311/311/311 312/312/312
f 313/313/313 314/314/314 315/315/315
f 316/316/316 317/317/317 318/318/318
f 319/319/319 320/320/320 321/321/321
f 322/322/322 323/323/323 324/324/324
f 325/325/325 326/326/326 327/327/327
f 328/328/328 329/329/329 330/330/330
f 331/331/331 332/332/332 333/333/333
f 334/334/334 335/335/335 336/336/336
f 337/337/337 338/338/338 339/339/339
f 340/340/340 341/341/341 342/342/342
f 343/343/343 344/344/344 345/345/345
f 346/346/346 347/347/347 348/348/348
f 349/349/349 350/350/350 351/351/351
f 352/352/352 353/353/353 354/354/354
f 355/355/355 356/356/356 357/357/357
f 358/358/358 359/359/359 360/360/360
f 361/361/361 362/362/362 363/363/363
f 364/364/364 365/365/365 366/366/366
f 367/367/367 368/368/368 369/369/369
f 370/370/370 371/371/371 372/372/372
f 373/373/373 374/374/374 375/375/375
f 376/376/376 377/377/377 378/378/378
f 379/379/379 380/380/380 381/381/381
f 382/382/382 383/383/383 384/384/384
f 385/385/385 386/386/386 387/387/387
f 388/388/388 389/389/389 390/390/390
f 391/391/391 392/392/392 393/393/393
f 394/394/394 395/395/395 396/396/396
f 397/397/397 398/398/398 399/399/399
f 400/400/400 401/401/401 402/402/402
f 403/403/403 404/404/404 405/405/405
f 406/406/406 407/407/407 408/408/408
f 409/409/409 410/410/410 411/411/411
f 412/412/412 413/413/413 414/414/414
f 415/415/415 416/416/416 417/417/417
f 418/418/418 419/419/419 420/420/420
f 421/421/421 422/422/422 423/423/423
f 424/424/424 425/425/425 426/426/426
f 427/427/427 428/428/428 429/429/429
f 430/430/430 431/431/431 432/432/432
f 433/433/433 434/434/434 435/435/435
f 436/436/436 437/437/437 438/438/438
f 439/439/439 440/440/440 441/441/441
f 442/442/442 443/443/443 444/444/444
f 445/445/445 446/446/446 447/447/447
f 448/448/448 449/449/449 450/450/450
f 451/451/451 452/452/452 453/453/453
f 454/454/454 455/455/455 456/456/456
f 457/457/457 458/458/458 459/459/459
f 460/460/460 461/461/461 462/462/462
f 463/463/463 464/464/464 465/465/465
f 466/466/466 467/467/467 468/468/468
f 469/469/469 470/470/470 471/471/471
f 472/472/472 473/473/473 474/474/474
f 475/475/475 476/476/476 477/477/477
f 478/478/478 479/479/479 480/480/480
f 481/481/481 482/482/482 483/483/483
f 484/484/484 485/485/485 486/486/486
f 487/487/487 488/488/488 489/489/489
f 490/490/490 491/491/491 492/492/492
f 493/493/493 494/494/494 495/495/495
f 496/496/496 497/497/497 498/498/498
f 499/499/499 500/500/500 501/501/501
f 502/502/502 503/503/503 504/504/504
f 505/505/505 506/506/506 507/507/507
f 508/508/508 509/509/509 510/510/510
f 511/511/511 512/512/512 513/513/513
f 514/514/514 515/515/515 516/516/516
f 517/517/517 518/518/518 519/519/519
f 520/520/520 521/521/521 522/522/522
f 523/523/523 524/524/524 525/525/525
f 526/526/526 527/527/527 528/528/528
f 529/529/529 530/530/530 531/531/531
f 532/532/532 533/533/533 534/534/534
f 535/535/535 536/536/536 537/537/537
f 538/538/538 539/539/539 540/540/540
f 541/541/541 542/542/542 543/543/543
f 544/544/544 545/545/545 546/546/546
f 547/547/547 548/548/548 549/549/549
f 550/550/550 551/551/551 552/552/552
o interceptor_engine_nacelle
usemtl plate
v 0 -0.29999999284744244 3.699999988079071
v 0.22627416253089905 -0.2062741625308989 3.699999988079071
v 0.3199999928474426 0.020000000000000136 3.699999988079071
v 0.22627416253089905 0.2462741625308992 3.699999988079071
v 3.91886972974919e-17 0.3399999928474428 3.699999988079071
v -0.22627416253089905 0.2462741625308992 3.699999988079071
v -0.3199999928474426 0.020000000000000216 3.699999988079071
v -0.22627416253089905 -0.2062741625308989 3.699999988079071
v -7.83773945949838e-17 -0.29999999284744244 3.699999988079071
v 0 -0.25520000934600845 2.300000011920929
v 0.19459578394889832 -0.1745957839488985 2.300000011920929
v 0.2752000093460083 0.019999999999999827 2.300000011920929
v 0.19459578394889832 0.21459578394889814 2.300000011920929
v 3.3702279609668586e-17 0.29520000934600815 2.300000011920929
v -0.19459578394889832 0.21459578394889814 2.300000011920929
v -0.2752000093460083 0.019999999999999896 2.300000011920929
v -0.19459578394889832 -0.1745957839488985 2.300000011920929
v -6.740455921933717e-17 -0.25520000934600845 2.300000011920929
v 0 0.020000000000000157 3.699999988079071
v 0 0.020000000000000157 3.699999988079071
v 0 0.020000000000000157 3.699999988079071
v 0 0.020000000000000157 3.699999988079071
v 0 0.020000000000000157 3.699999988079071
v 0 0.020000000000000157 3.699999988079071
v 0 0.020000000000000157 3.699999988079071
v 0 0.020000000000000157 3.699999988079071
v 0 -0.29999999284744244 3.699999988079071
v 0.22627416253089905 -0.2062741625308989 3.699999988079071
v 0.3199999928474426 0.020000000000000136 3.699999988079071
v 0.22627416253089905 0.2462741625308992 3.699999988079071
v 3.91886972974919e-17 0.3399999928474428 3.699999988079071
v -0.22627416253089905 0.2462741625308992 3.699999988079071
v -0.3199999928474426 0.020000000000000216 3.699999988079071
v -0.22627416253089905 -0.2062741625308989 3.699999988079071
v -7.83773945949838e-17 -0.29999999284744244 3.699999988079071
v 0 0.019999999999999844 2.300000011920929
v 0 0.019999999999999844 2.300000011920929
v 0 0.019999999999999844 2.300000011920929
v 0 0.019999999999999844 2.300000011920929
v 0 0.019999999999999844 2.300000011920929
v 0 0.019999999999999844 2.300000011920929
v 0 0.019999999999999844 2.300000011920929
v 0 0.019999999999999844 2.300000011920929
v 0 -0.25520000934600845 2.300000011920929
v 0.19459578394889832 -0.1745957839488985 2.300000011920929
v 0.2752000093460083 0.019999999999999827 2.300000011920929
v 0.19459578394889832 0.21459578394889814 2.300000011920929
v 3.3702279609668586e-17 0.29520000934600815 2.300000011920929
v -0.19459578394889832 0.21459578394889814 2.300000011920929
v -0.2752000093460083 0.019999999999999896 2.300000011920929
v -0.19459578394889832 -0.1745957839488985 2.300000011920929
v -6.740455921933717e-17 -0.25520000934600845 2.300000011920929
vt 0 1
vt 0.125 1
vt 0.25 1
vt 0.375 1
vt 0.5 1
vt 0.625 1
vt 0.75 1
vt 0.875 1
vt 1 1
vt 0 0
vt 0.125 0
vt 0.25 0
vt 0.375 0
vt 0.5 0
vt 0.625 0
vt 0.75 0
vt 0.875 0
vt 1 0
vt 0.5 0.5
vt 0.5 0.5
vt 0.5 0.5
vt 0.5 0.5
vt 0.5 0.5
vt 0.5 0.5
vt 0.5 0.5
vt 0.5 0.5
vt 1 0.5
vt 0.8535534143447876 0.8535534143447876
vt 0.5 1
vt 0.1464466154575348 0.8535534143447876
vt 0 0.5
vt 0.1464466154575348 0.1464466154575348
vt 0.5 0
vt 0.8535534143447876 0.1464466154575348
vt 1 0.5
vt 0.5 0.5
vt 0.5 0.5
vt 0.5 0.5
vt 0.5 0.5
vt 0.5 0.5
vt 0.5 0.5
vt 0.5 0.5
vt 0.5 0.5
vt 1 0.5
vt 0.8535534143447876 0.1464466154575348
vt 0.5 0
vt 0.1464466154575348 0.1464466154575348
vt 0 0.5
vt 0.1464466154575348 0.8535534143447876
vt 0.5 1
vt 0.8535534143447876 0.8535534143447876
vt 1 0.5
vn 0 -0.9994883928921884 -0.03198362821492194
vn 0.7067450203248764 -0.7067450203248764 -0.03198362849928327
vn 0.9994883928921884 -6.830280648445784e-17 -0.03198362821492216
vn 0.7067450203248764 0.7067450203248764 -0.03198362849928359
vn 1.2240202878681272e-16 0.9994883928921884 -0.031983628214922386
vn -0.7067450203248764 0.7067450203248764 -0.03198362849928359
vn -0.9994883928921884 1.7650123785427808e-16 -0.03198362821492216
vn -0.7067450203248764 -0.7067450203248764 -0.03198362849928327
vn -2.4480405757362544e-16 -0.9994883928921884 -0.03198362821492194
vn 0 -0.9994883928921884 -0.03198362821492194
vn 0.7067450203248764 -0.7067450203248764 -0.03198362849928327
vn 0.9994883928921884 -6.830280648445784e-17 -0.03198362821492216
vn 0.7067450203248764 0.7067450203248764 -0.03198362849928359
vn 1.2240202878681272e-16 0.9994883928921884 -0.031983628214922386
vn -0.7067450203248764 0.7067450203248764 -0.03198362849928359
vn -0.9994883928921884 1.7650123785427808e-16 -0.03198362821492216
vn -0.7067450203248764 -0.7067450203248764 -0.03198362849928327
vn -2.4480405757362544e-16 -0.9994883928921884 -0.03198362821492194
vn 0 2.220446049250313e-16 1
vn 0 2.220446049250313e-16 1
vn 0 2.220446049250313e-16 1
vn 0 2.220446049250313e-16 1
vn 0 2.220446049250313e-16 1
vn 0 2.220446049250313e-16 1
vn 0 2.220446049250313e-16 1
vn 0 2.220446049250313e-16 1
vn 0 2.220446049250313e-16 1
vn 0 2.220446049250313e-16 1
vn 0 2.220446049250313e-16 1
vn 0 2.220446049250313e-16 1
vn 0 2.220446049250313e-16 1
vn 0 2.220446049250313e-16 1
vn 0 2.220446049250313e-16 1
vn 0 2.220446049250313e-16 1
vn 0 2.220446049250313e-16 1
vn 0 -2.220446049250313e-16 -1
vn 0 -2.220446049250313e-16 -1
vn 0 -2.220446049250313e-16 -1
vn 0 -2.220446049250313e-16 -1
vn 0 -2.220446049250313e-16 -1
vn 0 -2.220446049250313e-16 -1
vn 0 -2.220446049250313e-16 -1
vn 0 -2.220446049250313e-16 -1
vn 0 -2.220446049250313e-16 -1
vn 0 -2.220446049250313e-16 -1
vn 0 -2.220446049250313e-16 -1
vn 0 -2.220446049250313e-16 -1
vn 0 -2.220446049250313e-16 -1
vn 0 -2.220446049250313e-16 -1
vn 0 -2.220446049250313e-16 -1
vn 0 -2.220446049250313e-16 -1
vn 0 -2.220446049250313e-16 -1
f 553/553/553 562/562/562 554/554/554
f 562/562/562 563/563/563 554/554/554
f 554/554/554 563/563/563 555/555/555
f 563/563/563 564/564/564 555/555/555
f 555/555/555 564/564/564 556/556/556
f 564/564/564 565/565/565 556/556/556
f 556/556/556 565/565/565 557/557/557
f 565/565/565 566/566/566 557/557/557
f 557/557/557 566/566/566 558/558/558
f 566/566/566 567/567/567 558/558/558
f 558/558/558 567/567/567 559/559/559
f 567/567/567 568/568/568 559/559/559
f 559/559/559 568/568/568 560/560/560
f 568/568/568 569/569/569 560/560/560
f 560/560/560 569/569/569 561/561/561
f 569/569/569 570/570/570 561/561/561
f 579/579/579 580/580/580 571/571/571
f 580/580/580 581/581/581 572/572/572
f 581/581/581 582/582/582 573/573/573
f 582/582/582 583/583/583 574/574/574
f 583/583/583 584/584/584 575/575/575
f 584/584/584 585/585/585 576/576/576
f 585/585/585 586/586/586 577/577/577
f 586/586/586 587/587/587 578/578/578
f 597/597/597 596/596/596 588/588/588
f 598/598/598 597/597/597 589/589/589
f 599/599/599 598/598/598 590/590/590
f 600/600/600 599/599/599 591/591/591
f 601/601/601 600/600/600 592/592/592
f 602/602/602 601/601/601 593/593/593
f 603/603/603 602/602/602 594/594/594
f 604/604/604 603/603/603 595/595/595
o interceptor_engine_bell
usemtl thruster
v 0 -0.2103999960422516 3.800000000745058
v 0.16291740536689758 -0.1429174053668976 3.800000000745058
v 0.2303999960422516 0.019999999999999997 3.800000000745058
v 0.16291740536689758 0.18291740536689757 3.800000000745058
v 2.821586192184527e-17 0.2503999960422516 3.800000000745058
v -0.16291740536689758 0.18291740536689757 3.800000000745058
v -0.2303999960422516 0.020000000000000052 3.800000000745058
v -0.16291740536689758 -0.1429174053668976 3.800000000745058
v -5.643172384369054e-17 -0.2103999960422516 3.800000000745058
v 0 -0.2103999960422516 3.699999999254942
v 0.16291740536689758 -0.1429174053668976 3.699999999254942
v 0.2303999960422516 0.019999999999999976 3.699999999254942
v 0.16291740536689758 0.18291740536689757 3.699999999254942
v 2.821586192184527e-17 0.2503999960422516 3.699999999254942
v -0.16291740536689758 0.18291740536689757 3.699999999254942
v -0.2303999960422516 0.02000000000000003 3.699999999254942
v -0.16291740536689758 -0.1429174053668976 3.699999999254942
v -5.643172384369054e-17 -0.2103999960422516 3.699999999254942
v 0 0.02000000000000001 3.800000000745058
v 0 0.02000000000000001 3.800000000745058
v 0 0.02000000000000001 3.800000000745058
v 0 0.02000000000000001 3.800000000745058
v 0 0.02000000000000001 3.800000000745058
v 0 0.02000000000000001 3.800000000745058
v 0 0.02000000000000001 3.800000000745058
v 0 0.02000000000000001 3.800000000745058
v 0 -0.2103999960422516 3.800000000745058
v 0.16291740536689758 -0.1429174053668976 3.800000000745058
v 0.2303999960422516 0.019999999999999997 3.800000000745058
v 0.16291740536689758 0.18291740536689757 3.800000000745058
v 2.821586192184527e-17 0.2503999960422516 3.800000000745058
v -0.16291740536689758 0.18291740536689757 3.800000000745058
v -0.2303999960422516 0.020000000000000052 3.800000000745058
v -0.16291740536689758 -0.1429174053668976 3.800000000745058
v -5.643172384369054e-17 -0.2103999960422516 3.800000000745058
v 0 0.01999999999999999 3.699999999254942
v 0 0.01999999999999999 3.699999999254942
v 0 0.01999999999999999 3.699999999254942
v 0 0.01999999999999999 3.699999999254942
v 0 0.01999999999999999 3.699999999254942
v 0 0.01999999999999999 3.699999999254942
v 0 0.01999999999999999 3.699999999254942
v 0 0.01999999999999999 3.699999999254942
v 0 -0.2103999960422516 3.699999999254942
v 0.16291740536689758 -0.1429174053668976 3.699999999254942
v 0.2303999960422516 0.019999999999999976 3.699999999254942
v 0.16291740536689758 0.18291740536689757 3.699999999254942
v 2.821586192184527e-17 0.2503999960422516 3.699999999254942
v -0.16291740536689758 0.18291740536689757 3.699999999254942
v -0.2303999960422516 0.02000000000000003 3.699999999254942
v -0.16291740536689758 -0.1429174053668976 3.699999999254942
v -5.643172384369054e-17 -0.2103999960422516 3.699999999254942
vt 0 1
vt 0.125 1
vt 0.25 1
vt 0.375 1
vt 0.5 1
vt 0.625 1
vt 0.75 1
vt 0.875 1
vt 1 1
vt 0 0
vt 0.125 0
vt 0.25 0
vt 0.375 0
vt 0.5 0
vt 0.625 0
vt 0.75 0
vt 0.875 0
vt 1 0
vt 0.5 0.5
vt 0.5 0.5
vt 0.5 0.5
vt 0.5 0.5
vt 0.5 0.5
vt 0.5 0.5
vt 0.5 0.5
vt 0.5 0.5
vt 1 0.5
vt 0.8535534143447876 0.8535534143447876
vt 0.5 1
vt 0.1464466154575348 0.8535534143447876
vt 0 0.5
vt 0.1464466154575348 0.1464466154575348
vt 0.5 0
vt 0.8535534143447876 0.1464466154575348
vt 1 0.5
vt 0.5 0.5
vt 0.5 0.5
vt 0.5 0.5
vt 0.5 0.5
vt 0.5 0.5
vt 0.5 0.5
vt 0.5 0.5
vt 0.5 0.5
vt 1 0.5
vt 0.8535534143447876 0.1464466154575348
vt 0.5 0
vt 0.1464466154575348 0.1464466154575348
vt 0 0.5
vt 0.1464466154575348 0.8535534143447876
vt 0.5 1
vt 0.8535534143447876 0.8535534143447876
vt 1 0.5
vn 0 -1 2.220446049250313e-16
vn 0.7071067811865476 -0.7071067811865476 1.5700924586837752e-16
vn 1 -6.123234262925839e-17 1.3596311327747833e-32
vn 0.7071067811865476 0.7071067811865476 -1.5700924586837752e-16
vn 1.2246468525851679e-16 1 -2.220446049250313e-16
vn -0.7071067811865476 0.7071067811865476 -1.5700924586837752e-16
vn -1 1.8369701465288538e-16 -4.078893104450762e-32
vn -0.7071067811865476 -0.7071067811865476 1.5700924586837752e-16
vn -2.4492937051703357e-16 -1 2.220446049250313e-16
vn 0 -1 2.220446049250313e-16
vn 0.7071067811865476 -0.7071067811865476 1.5700924586837752e-16
vn 1 -6.123234262925839e-17 1.3596311327747833e-32
vn 0.7071067811865476 0.7071067811865476 -1.5700924586837752e-16
vn 1.2246468525851679e-16 1 -2.220446049250313e-16
vn -0.7071067811865476 0.7071067811865476 -1.5700924586837752e-16
vn -1 1.8369701465288538e-16 -4.078893104450762e-32
vn -0.7071067811865476 -0.7071067811865476 1.5700924586837752e-16
vn -2.4492937051703357e-16 -1 2.220446049250313e-16
vn 0 2.220446049250313e-16 1
vn 0 2.220446049250313e-16 1
vn 0 2.220446049250313e-16 1
vn 0 2.220446049250313e-16 1
vn 0 2.220446049250313e-16 1
vn 0 2.220446049250313e-16 1
vn 0 2.220446049250313e-16 1
vn 0 2.220446049250313e-16 1
vn 0 2.220446049250313e-16 1
vn 0 2.220446049250313e-16 1
vn 0 2.220446049250313e-16 1
vn 0 2.220446049250313e-16 1
vn 0 2.220446049250313e-16 1
vn 0 2.220446049250313e-16 1
vn 0 2.220446049250313e-16 1
vn 0 2.220446049250313e-16 1
vn 0 2.220446049250313e-16 1
vn 0 -2.220446049250313e-16 -1
vn 0 -2.220446049250313e-16 -1
vn 0 -2.220446049250313e-16 -1
vn 0 -2.220446049250313e-16 -1
vn 0 -2.220446049250313e-16 -1
vn 0 -2.220446049250313e-16 -1
vn 0 -2.220446049250313e-16 -1
vn 0 -2.220446049250313e-16 -1
vn 0 -2.220446049250313e-16 -1
vn 0 -2.220446049250313e-16 -1
vn 0 -2.220446049250313e-16 -1
vn 0 -2.220446049250313e-16 -1
vn 0 -2.220446049250313e-16 -1
vn 0 -2.220446049250313e-16 -1
vn 0 -2.220446049250313e-16 -1
vn 0 -2.220446049250313e-16 -1
vn 0 -2.220446049250313e-16 -1
f 605/605/605 614/614/614 606/606/606
f 614/614/614 615/615/615 606/606/606
f 606/606/606 615/615/615 607/607/607
f 615/615/615 616/616/616 607/607/607
f 607/607/607 616/616/616 608/608/608
f 616/616/616 617/617/617 608/608/608
f 608/608/608 617/617/617 609/609/609
f 617/617/617 618/618/618 609/609/609
f 609/609/609 618/618/618 610/610/610
f 618/618/618 619/619/619 610/610/610
f 610/610/610 619/619/619 611/611/611
f 619/619/619 620/620/620 611/611/611
f 611/611/611 620/620/620 612/612/612
f 620/620/620 621/621/621 612/612/612
f 612/612/612 621/621/621 613/613/613
f 621/621/621 622/622/622 613/613/613
f 631/631/631 632/632/632 623/623/623
f 632/632/632 633/633/633 624/624/624
f 633/633/633 634/634/634 625/625/625
f 634/634/634 635/635/635 626/626/626
f 635/635/635 636/636/636 627/627/627
f 636/636/636 637/637/637 628/628/628
f 637/637/637 638/638/638 629/629/629
f 638/638/638 639/639/639 630/630/630
f 649/649/649 648/648/648 640/640/640
f 650/650/650 649/649/649 641/641/641
f 651/651/651 650/650/650 642/642/642
f 652/652/652 651/651/651 643/643/643
f 653/653/653 652/652/652 644/644/644
f 654/654/654 653/653/653 645/645/645
f 655/655/655 654/654/654 646/646/646
f 656/656/656 655/655/655 647/647/647
o interceptor_canopy
usemtl glass
v 0.00018384777649771422 0.439999994635582 -0.5993636038270779
v 0.00018384777649771422 0.439999994635582 -0.6006363961729221
v -0.00018384777649771422 0.439999994635582 -0.6006363961729221
v -0.00018384777649771422 0.439999994635582 -0.5993636038270779
v 0.00018384777649771422 0.439999994635582 -0.5993636038270779
v 0.18384775519371033 0.20000000268220913 0.03639611005783083
v 0.18384775519371033 0.20000000268220913 -1.236396110057831
v -0.18384775519371033 0.20000000268220913 -1.236396110057831
v -0.18384775519371033 0.20000000268220913 0.03639611005783083
v 0.18384775519371033 0.20000000268220913 0.03639611005783083
v 0 0.439999994635582 -0.6
v 0 0.439999994635582 -0.6
v 0 0.439999994635582 -0.6
v 0 0.439999994635582 -0.6
v 0.00018384777649771422 0.439999994635582 -0.5993636038270779
v 0.00018384777649771422 0.439999994635582 -0.6006363961729221
v -0.00018384777649771422 0.439999994635582 -0.6006363961729221
v -0.00018384777649771422 0.439999994635582 -0.5993636038270779
v 0.00018384777649771422 0.439999994635582 -0.5993636038270779
v 0 0.20000000268220913 -0.6
v 0 0.20000000268220913 -0.6
v 0 0.20000000268220913 -0.6
v 0 0.20000000268220913 -0.6
v 0.18384775519371033 0.20000000268220913 0.03639611005783083
v 0.18384775519371033 0.20000000268220913 -1.236396110057831
v -0.18384775519371033 0.20000000268220913 -1.236396110057831
v -0.18384775519371033 0.20000000268220913 0.03639611005783083
v 0.18384775519371033 0.20000000268220913 0.03639611005783083
vt 0 1
vt 0.25 1
vt 0.5 1
vt 0.75 1
vt 1 1
vt 0 0
vt 0.25 0
vt 0.5 0
vt 0.75 0
vt 1 0
vt 0.5 0.5
vt 0.5 0.5
vt 0.5 0.5
vt 0.5 0.5
vt 1 0.5
vt 0.5 1
vt 0 0.5
vt 0.5 0
vt 1 0.5
vt 0.5 0.5
vt 0.5 0.5
vt 0.5 0.5
vt 0.5 0.5
vt 1 0.5
vt 0.5 0
vt 0 0.5
vt 0.5 1
vt 1 0.5
vn 0.5402653877516951 0.8268938162766256 0.15607667154635493
vn 0.5402653877516951 0.8268938162766256 -0.15607667154635493
vn -0.5402653877516951 0.8268938162766256 -0.15607667154635493
vn -0.5402653877516951 0.8268938162766256 0.15607667154635493
vn 0.5402653877516951 0.8268938162766256 0.15607667154635493
vn 0.5402653877516951 0.8268938162766256 0.15607667154635493
vn 0.5402653877516951 0.8268938162766256 -0.15607667154635493
vn -0.5402653877516951 0.8268938162766256 -0.15607667154635493
vn -0.5402653877516951 0.8268938162766256 0.15607667154635493
vn 0.5402653877516951 0.8268938162766256 0.15607667154635493
vn 0 1 0
vn 0 1 0
vn 0 1 0
vn 0 1 0
vn 0 1 0
vn 0 1 0
vn 0 1 0
vn 0 1 0
vn 0 1 0
vn 0 -1 0
vn 0 -1 0
vn 0 -1 0
vn 0 -1 0
vn 0 -1 0
vn 0 -1 0
vn 0 -1 0
vn 0 -1 0
vn 0 -1 0
f 657/657/657 662/662/662 658/658/658
f 662/662/662 663/663/663 658/658/658
f 658/658/658 663/663/663 659/659/659
f 663/663/663 664/664/664 659/659/659
f 659/659/659 664/664/664 660/660/660
f 664/664/664 665/665/665 660/660/660
f 660/660/660 665/665/665 661/661/661
f 665/665/665 666/666/666 661/661/661
f 671/671/671 672/672/672 667/667/667
f 672/672/672 673/673/673 668/668/668
f 673/673/673 674/674/674 669/669/669
f 674/674/674 675/675/675 670/670/670
f 681/681/681 680/680/680 676/676/676
f 682/682/682 681/681/681 677/677/677
f 683/683/683 682/682/682 678/678/678
f 684/684/684 683/683/683 679/679/679
o interceptor_railgun
usemtl plate
v -0.4000000008940697 0.11000000074505806 0.20000004768371582
v -0.4000000008940697 0.11000000074505806 -2.200000047683716
v -0.4000000008940697 0.009999999254941938 0.20000004768371582
v -0.4000000008940697 0.009999999254941938 -2.200000047683716
v -0.47999999910593033 0.11000000074505806 -2.200000047683716
v -0.47999999910593033 0.11000000074505806 0.20000004768371582
v -0.47999999910593033 0.009999999254941938 -2.200000047683716
v -0.47999999910593033 0.009999999254941938 0.20000004768371582
v -0.47999999910593033 0.11000000074505806 -2.200000047683716
v -0.4000000008940697 0.11000000074505806 -2.200000047683716
v -0.47999999910593033 0.11000000074505806 0.20000004768371582
v -0.4000000008940697 0.11000000074505806 0.20000004768371582
v -0.47999999910593033 0.009999999254941938 0.20000004768371582
v -0.4000000008940697 0.009999999254941938 0.20000004768371582
v -0.47999999910593033 0.009999999254941938 -2.200000047683716
v -0.4000000008940697 0.009999999254941938 -2.200000047683716
v -0.47999999910593033 0.11000000074505806 0.20000004768371582
v -0.4000000008940697 0.11000000074505806 0.20000004768371582
v -0.47999999910593033 0.009999999254941938 0.20000004768371582
v -0.4000000008940697 0.009999999254941938 0.20000004768371582
v -0.4000000008940697 0.11000000074505806 -2.200000047683716
v -0.47999999910593033 0.11000000074505806 -2.200000047683716
v -0.4000000008940697 0.009999999254941938 -2.200000047683716
v -0.47999999910593033 0.009999999254941938 -2.200000047683716
vt 0 1
vt 1 1
vt 0 0
vt 1 0
vt 0 1
vt 1 1
vt 0 0
vt 1 0
vt 0 1
vt 1 1
vt 0 0
vt 1 0
vt 0 1
vt 1 1
vt 0 0
vt 1 0
vt 0 1
vt 1 1
vt 0 0
vt 1 0
vt 0 1
vt 1 1
vt 0 0
vt 1 0
vn 1 0 0
vn 1 0 0
vn 1 0 0
vn 1 0 0
vn -1 0 0
vn -1 0 0
vn -1 0 0
vn -1 0 0
vn 0 1 0
vn 0 1 0
vn 0 1 0
vn 0 1 0
vn 0 -1 0
vn 0 -1 0
vn 0 -1 0
vn 0 -1 0
vn 0 0 1
vn 0 0 1
vn 0 0 1
vn 0 0 1
vn 0 0 -1
vn 0 0 -1
vn 0 0 -1
vn 0 0 -1
f 685/685/685 687/687/687 686/686/686
f 687/687/687 688/688/688 686/686/686
f 689/689/689 691/691/691 690/690/690
f 691/691/691 692/692/692 690/690/690
f 693/693/693 695/695/695 694/694/694
f 695/695/695 696/696/696 694/694/694
f 697/697/697 699/699/699 698/698/698
f 699/699/699 700/700/700 698/698/698
f 701/701/701 703/703/703 702/702/702
f 703/703/703 704/704/704 702/702/702
f 705/705/705 707/707/707 706/706/706
f 707/707/707 708/708/708 706/706/706
o interceptor_stripe
usemtl accent
v -0.629999999254942 0.24999999932944775 -0.5500000238418579
v -0.629999999254942 0.24999999932944775 -1.849999976158142
v -0.629999999254942 0.19000000067055225 -0.5500000238418579
v -0.629999999254942 0.19000000067055225 -1.849999976158142
v -0.7300000007450581 0.24999999932944775 -1.849999976158142
v -0.7300000007450581 0.24999999932944775 -0.5500000238418579
v -0.7300000007450581 0.19000000067055225 -1.849999976158142
v -0.7300000007450581 0.19000000067055225 -0.5500000238418579
v -0.7300000007450581 0.24999999932944775 -1.849999976158142
v -0.629999999254942 0.24999999932944775 -1.849999976158142
v -0.7300000007450581 0.24999999932944775 -0.5500000238418579
v -0.629999999254942 0.24999999932944775 -0.5500000238418579
v -0.7300000007450581 0.19000000067055225 -0.5500000238418579
v -0.629999999254942 0.19000000067055225 -0.5500000238418579
v -0.7300000007450581 0.19000000067055225 -1.849999976158142
v -0.629999999254942 0.19000000067055225 -1.849999976158142
v -0.7300000007450581 0.24999999932944775 -0.5500000238418579
v -0.629999999254942 0.24999999932944775 -0.5500000238418579
v -0.7300000007450581 0.19000000067055225 -0.5500000238418579
v -0.629999999254942 0.19000000067055225 -0.5500000238418579
v -0.629999999254942 0.24999999932944775 -1.849999976158142
v -0.7300000007450581 0.24999999932944775 -1.849999976158142
v -0.629999999254942 0.19000000067055225 -1.849999976158142
v -0.7300000007450581 0.19000000067055225 -1.849999976158142
vt 0 1
vt 1 1
vt 0 0
vt 1 0
vt 0 1
vt 1 1
vt 0 0
vt 1 0
vt 0 1
vt 1 1
vt 0 0
vt 1 0
vt 0 1
vt 1 1
vt 0 0
vt 1 0
vt 0 1
vt 1 1
vt 0 0
vt 1 0
vt 0 1
vt 1 1
vt 0 0
vt 1 0
vn 1 0 0
vn 1 0 0
vn 1 0 0
vn 1 0 0
vn -1 0 0
vn -1 0 0
vn -1 0 0
vn -1 0 0
vn 0 1 0
vn 0 1 0
vn 0 1 0
vn 0 1 0
vn 0 -1 0
vn 0 -1 0
vn 0 -1 0
vn 0 -1 0
vn 0 0 1
vn 0 0 1
vn 0 0 1
vn 0 0 1
vn 0 0 -1
vn 0 0 -1
vn 0 0 -1
vn 0 0 -1
f 709/709/709 711/711/711 710/710/710
f 711/711/711 712/712/712 710/710/710
f 713/713/713 715/715/715 714/714/714
f 715/715/715 716/716/716 714/714/714
f 717/717/717 719/719/719 718/718/718
f 719/719/719 720/720/720 718/718/718
f 721/721/721 723/723/723 722/722/722
f 723/723/723 724/724/724 722/722/722
f 725/725/725 727/727/727 726/726/726
f 727/727/727 728/728/728 726/726/726
f 729/729/729 731/731/731 730/730/730
f 731/731/731 732/732/732 730/730/730
o interceptor_railgun
usemtl plate
v 0.47999999910593033 0.11000000074505806 0.20000004768371582
v 0.47999999910593033 0.11000000074505806 -2.200000047683716
v 0.47999999910593033 0.009999999254941938 0.20000004768371582
v 0.47999999910593033 0.009999999254941938 -2.200000047683716
v 0.4000000008940697 0.11000000074505806 -2.200000047683716
v 0.4000000008940697 0.11000000074505806 0.20000004768371582
v 0.4000000008940697 0.009999999254941938 -2.200000047683716
v 0.4000000008940697 0.009999999254941938 0.20000004768371582
v 0.4000000008940697 0.11000000074505806 -2.200000047683716
v 0.47999999910593033 0.11000000074505806 -2.200000047683716
v 0.4000000008940697 0.11000000074505806 0.20000004768371582
v 0.47999999910593033 0.11000000074505806 0.20000004768371582
v 0.4000000008940697 0.009999999254941938 0.20000004768371582
v 0.47999999910593033 0.009999999254941938 0.20000004768371582
v 0.4000000008940697 0.009999999254941938 -2.200000047683716
v 0.47999999910593033 0.009999999254941938 -2.200000047683716
v 0.4000000008940697 0.11000000074505806 0.20000004768371582
v 0.47999999910593033 0.11000000074505806 0.20000004768371582
v 0.4000000008940697 0.009999999254941938 0.20000004768371582
v 0.47999999910593033 0.009999999254941938 0.20000004768371582
v 0.47999999910593033 0.11000000074505806 -2.200000047683716
v 0.4000000008940697 0.11000000074505806 -2.200000047683716
v 0.47999999910593033 0.009999999254941938 -2.200000047683716
v 0.4000000008940697 0.009999999254941938 -2.200000047683716
vt 0 1
vt 1 1
vt 0 0
vt 1 0
vt 0 1
vt 1 1
vt 0 0
vt 1 0
vt 0 1
vt 1 1
vt 0 0
vt 1 0
vt 0 1
vt 1 1
vt 0 0
vt 1 0
vt 0 1
vt 1 1
vt 0 0
vt 1 0
vt 0 1
vt 1 1
vt 0 0
vt 1 0
vn 1 0 0
vn 1 0 0
vn 1 0 0
vn 1 0 0
vn -1 0 0
vn -1 0 0
vn -1 0 0
vn -1 0 0
vn 0 1 0
vn 0 1 0
vn 0 1 0
vn 0 1 0
vn 0 -1 0
vn 0 -1 0
vn 0 -1 0
vn 0 -1 0
vn 0 0 1
vn 0 0 1
vn 0 0 1
vn 0 0 1
vn 0 0 -1
vn 0 0 -1
vn 0 0 -1
vn 0 0 -1
f 733/733/733 735/735/735 734/734/734
f 735/735/735 736/736/736 734/734/734
f 737/737/737 739/739/739 738/738/738
f 739/739/739 740/740/740 738/738/738
f 741/741/741 743/743/743 742/742/742
f 743/743/743 744/744/744 742/742/742
f 745/745/745 747/747/747 746/746/746
f 747/747/747 748/748/748 746/746/746
f 749/749/749 751/751/751 750/750/750
f 751/751/751 752/752/752 750/750/750
f 753/753/753 755/755/755 754/754/754
f 755/755/755 756/756/756 754/754/754
o interceptor_stripe
usemtl accent
v 0.7300000007450581 0.24999999932944775 -0.5500000238418579
v 0.7300000007450581 0.24999999932944775 -1.849999976158142
v 0.7300000007450581 0.19000000067055225 -0.5500000238418579
v 0.7300000007450581 0.19000000067055225 -1.849999976158142
v 0.629999999254942 0.24999999932944775 -1.849999976158142
v 0.629999999254942 0.24999999932944775 -0.5500000238418579
v 0.629999999254942 0.19000000067055225 -1.849999976158142
v 0.629999999254942 0.19000000067055225 -0.5500000238418579
v 0.629999999254942 0.24999999932944775 -1.849999976158142
v 0.7300000007450581 0.24999999932944775 -1.849999976158142
v 0.629999999254942 0.24999999932944775 -0.5500000238418579
v 0.7300000007450581 0.24999999932944775 -0.5500000238418579
v 0.629999999254942 0.19000000067055225 -0.5500000238418579
v 0.7300000007450581 0.19000000067055225 -0.5500000238418579
v 0.629999999254942 0.19000000067055225 -1.849999976158142
v 0.7300000007450581 0.19000000067055225 -1.849999976158142
v 0.629999999254942 0.24999999932944775 -0.5500000238418579
v 0.7300000007450581 0.24999999932944775 -0.5500000238418579
v 0.629999999254942 0.19000000067055225 -0.5500000238418579
v 0.7300000007450581 0.19000000067055225 -0.5500000238418579
v 0.7300000007450581 0.24999999932944775 -1.849999976158142
v 0.629999999254942 0.24999999932944775 -1.849999976158142
v 0.7300000007450581 0.19000000067055225 -1.849999976158142
v 0.629999999254942 0.19000000067055225 -1.849999976158142
vt 0 1
vt 1 1
vt 0 0
vt 1 0
vt 0 1
vt 1 1
vt 0 0
vt 1 0
vt 0 1
vt 1 1
vt 0 0
vt 1 0
vt 0 1
vt 1 1
vt 0 0
vt 1 0
vt 0 1
vt 1 1
vt 0 0
vt 1 0
vt 0 1
vt 1 1
vt 0 0
vt 1 0
vn 1 0 0
vn 1 0 0
vn 1 0 0
vn 1 0 0
vn -1 0 0
vn -1 0 0
vn -1 0 0
vn -1 0 0
vn 0 1 0
vn 0 1 0
vn 0 1 0
vn 0 1 0
vn 0 -1 0
vn 0 -1 0
vn 0 -1 0
vn 0 -1 0
vn 0 0 1
vn 0 0 1
vn 0 0 1
vn 0 0 1
vn 0 0 -1
vn 0 0 -1
vn 0 0 -1
vn 0 0 -1
f 757/757/757 759/759/759 758/758/758
f 759/759/759 760/760/760 758/758/758
f 761/761/761 763/763/763 762/762/762
f 763/763/763 764/764/764 762/762/762
f 765/765/765 767/767/767 766/766/766
f 767/767/767 768/768/768 766/766/766
f 769/769/769 771/771/771 770/770/770
f 771/771/771 772/772/772 770/770/770
f 773/773/773 775/775/775 774/774/774
f 775/775/775 776/776/776 774/774/774
f 777/777/777 779/779/779 778/778/778
f 779/779/779 780/780/780 778/778/778
