mtllib Stargate.mtl
o stargate_ring_fore_seg_0
usemtl hull
v 41.38953349228771 131.61076457837206 -50.52631538792659
v 41.38953349228771 131.61076457837206 -104.42105303312601
v 63.796044307968785 122.32968391305751 -50.52631538792659
v 63.796044307968785 122.32968391305751 -104.42105303312601
v 13.546291496344086 64.39123213132883 -104.42105303312601
v 13.546291496344086 64.39123213132883 -50.52631538792659
v 35.952802312025156 55.110151466014294 -104.42105303312601
v 35.952802312025156 55.110151466014294 -50.52631538792659
v 13.546291496344086 64.39123213132883 -104.42105303312601
v 41.38953349228771 131.61076457837206 -104.42105303312601
v 13.546291496344086 64.39123213132883 -50.52631538792659
v 41.38953349228771 131.61076457837206 -50.52631538792659
v 35.952802312025156 55.110151466014294 -50.52631538792659
v 63.796044307968785 122.32968391305751 -50.52631538792659
v 35.952802312025156 55.110151466014294 -104.42105303312601
v 63.796044307968785 122.32968391305751 -104.42105303312601
v 13.546291496344086 64.39123213132883 -50.52631538792659
v 41.38953349228771 131.61076457837206 -50.52631538792659
v 35.952802312025156 55.110151466014294 -50.52631538792659
v 63.796044307968785 122.32968391305751 -50.52631538792659
v 41.38953349228771 131.61076457837206 -104.42105303312601
v 13.546291496344086 64.39123213132883 -104.42105303312601
v 63.796044307968785 122.32968391305751 -104.42105303312601
v 35.952802312025156 55.110151466014294 -104.42105303312601
vt 0 1
vt 1 1
vt 0 0
vt 1 0
vt 0 1
vt 1 1
vt 0 0
vt 1 0
vt 0 1
vt 1 1
vt 0 0
vt 1 0
vt 0 1
vt 1 1
vt 0 0
vt 1 0
vt 0 1
vt 1 1
vt 0 0
vt 1 0
vt 0 1
vt 1 1
vt 0 0
vt 1 0
vn 0.38268343236508984 0.9238795325112867 0
vn 0.38268343236508984 0.9238795325112867 0
vn 0.38268343236508984 0.9238795325112867 0
vn 0.38268343236508984 0.9238795325112867 0
vn -0.38268343236508984 -0.9238795325112867 0
vn -0.38268343236508984 -0.9238795325112867 0
vn -0.38268343236508984 -0.9238795325112867 0
vn -0.38268343236508984 -0.9238795325112867 0
vn -0.9238795325112867 0.38268343236508984 0
vn -0.9238795325112867 0.38268343236508984 0
vn -0.9238795325112867 0.38268343236508984 0
vn -0.9238795325112867 0.38268343236508984 0
vn 0.9238795325112867 -0.38268343236508984 0
vn 0.9238795325112867 -0.38268343236508984 0
vn 0.9238795325112867 -0.38268343236508984 0
vn 0.9238795325112867 -0.38268343236508984 0
vn 0 0 0.9999999999999999
vn 0 0 0.9999999999999999
vn 0 0 0.9999999999999999
vn 0 0 0.9999999999999999
vn 0 0 -0.9999999999999999
vn 0 0 -0.9999999999999999
vn 0 0 -0.9999999999999999
vn 0 0 -0.9999999999999999
f 1/1/1 3/3/3 2/2/2
f 3/3/3 4/4/4 2/2/2
f 5/5/5 7/7/7 6/6/6
f 7/7/7 8/8/8 6/6/6
f 9/9/9 11/11/11 10/10/10
f 11/11/11 12/12/12 10/10/10
f 13/13/13 15/15/15 14/14/14
f 15/15/15 16/16/16 14/14/14
f 17/17/17 19/19/19 18/18/18
f 19/19/19 20/20/20 18/18/18
f 21/21/21 23/23/23 22/22/22
f 23/23/23 24/24/24 22/22/22
o stargate_ring_fore_stud_0
usemtl plate
v 43.19039332332558 125.39589300111501 -62.65263165925677
v 43.19039332332558 125.39589300111501 -92.29473676179583
v 58.128066272993465 119.20850627506886 -62.65263165925677
v 58.128066272993465 119.20850627506886 -92.29473676179583
v 31.589043260009475 97.38775633641933 -92.29473676179583
v 31.589043260009475 97.38775633641933 -62.65263165925677
v 46.52671620967736 91.20036961037317 -92.29473676179583
v 46.52671620967736 91.20036961037317 -62.65263165925677
v 31.589043260009475 97.38775633641933 -92.29473676179583
v 43.19039332332558 125.39589300111501 -92.29473676179583
v 31.589043260009475 97.38775633641933 -62.65263165925677
v 43.19039332332558 125.39589300111501 -62.65263165925677
v 46.52671620967736 91.20036961037317 -62.65263165925677
v 58.128066272993465 119.20850627506886 -62.65263165925677
v 46.52671620967736 91.20036961037317 -92.29473676179583
v 58.128066272993465 119.20850627506886 -92.29473676179583
v 31.589043260009475 97.38775633641933 -62.65263165925677
v 43.19039332332558 125.39589300111501 -62.65263165925677
v 46.52671620967736 91.20036961037317 -62.65263165925677
v 58.128066272993465 119.20850627506886 -62.65263165925677
v 43.19039332332558 125.39589300111501 -92.29473676179583
v 31.589043260009475 97.38775633641933 -92.29473676179583
v 58.128066272993465 119.20850627506886 -92.29473676179583
v 46.52671620967736 91.20036961037317 -92.29473676179583
vt 0 1
vt 1 1
vt 0 0
vt 1 0
vt 0 1
vt 1 1
vt 0 0
vt 1 0
vt 0 1
vt 1 1
vt 0 0
vt 1 0
vt 0 1
vt 1 1
vt 0 0
vt 1 0
vt 0 1
vt 1 1
vt 0 0
vt 1 0
vt 0 1
vt 1 1
vt 0 0
vt 1 0
vn 0.38268343236508984 0.9238795325112867 0
vn 0.38268343236508984 0.9238795325112867 0
vn 0.38268343236508984 0.9238795325112867 0
vn 0.38268343236508984 0.9238795325112867 0
vn -0.38268343236508984 -0.9238795325112867 0
vn -0.38268343236508984 -0.9238795325112867 0
vn -0.38268343236508984 -0.9238795325112867 0
vn -0.38268343236508984 -0.9238795325112867 0
vn -0.9238795325112867 0.38268343236508984 0
vn -0.9238795325112867 0.38268343236508984 0
vn -0.9238795325112867 0.38268343236508984 0
vn -0.9238795325112867 0.38268343236508984 0
vn 0.9238795325112867 -0.38268343236508984 0
vn 0.9238795325112867 -0.38268343236508984 0
vn 0.9238795325112867 -0.38268343236508984 0
vn 0.9238795325112867 -0.38268343236508984 0
vn 0 0 0.9999999999999999
vn 0 0 0.9999999999999999
vn 0 0 0.9999999999999999
vn 0 0 0.9999999999999999
vn 0 0 -0.9999999999999999
vn 0 0 -0.9999999999999999
vn 0 0 -0.9999999999999999
vn 0 0 -0.9999999999999999
f 25/25/25 27/27/27 26/26/26
f 27/27/27 28/28/28 26/26/26
f 29/29/29 31/31/31 30/30/30
f 31/31/31 32/32/32 30/30/30
f 33/33/33 35/35/35 34/34/34
f 35/35/35 36/36/36 34/34/34
f 37/37/37 39/39/39 38/38/38
f 39/39/39 40/40/40 38/38/38
f 41/41/41 43/43/43 42/42/42
f 43/43/43 44/44/44 42/42/42
f 45/45/45 47/47/47 46/46/46
f 47/47/47 48/48/48 46/46/46
o stargate_ring_fore_tip_0
usemtl thruster
v 33.08328205293552 89.11232174616019 -52.9515789072137
v 33.08328205293552 89.11232174616019 -71.81473688225995
v 39.61851391044942 86.40534007752522 -52.9515789072137
v 39.61851391044942 86.40534007752522 -71.81473688225995
v 25.3490481651734 70.4402293997593 -71.81473688225995
v 25.3490481651734 70.4402293997593 -52.9515789072137
v 31.884280022687303 67.73324773112434 -71.81473688225995
v 31.884280022687303 67.73324773112434 -52.9515789072137
v 25.3490481651734 70.4402293997593 -71.81473688225995
v 33.08328205293552 89.11232174616019 -71.81473688225995
v 25.3490481651734 70.4402293997593 -52.9515789072137
v 33.08328205293552 89.11232174616019 -52.9515789072137
v 31.884280022687303 67.73324773112434 -52.9515789072137
v 39.61851391044942 86.40534007752522 -52.9515789072137
v 31.884280022687303 67.73324773112434 -71.81473688225995
v 39.61851391044942 86.40534007752522 -71.81473688225995
v 25.3490481651734 70.4402293997593 -52.9515789072137
v 33.08328205293552 89.11232174616019 -52.9515789072137
v 31.884280022687303 67.73324773112434 -52.9515789072137
v 39.61851391044942 86.40534007752522 -52.9515789072137
v 33.08328205293552 89.11232174616019 -71.81473688225995
v 25.3490481651734 70.4402293997593 -71.81473688225995
v 39.61851391044942 86.40534007752522 -71.81473688225995
v 31.884280022687303 67.73324773112434 -71.81473688225995
vt 0 1
vt 1 1
vt 0 0
vt 1 0
vt 0 1
vt 1 1
vt 0 0
vt 1 0
vt 0 1
vt 1 1
vt 0 0
vt 1 0
vt 0 1
vt 1 1
vt 0 0
vt 1 0
vt 0 1
vt 1 1
vt 0 0
vt 1 0
vt 0 1
vt 1 1
vt 0 0
vt 1 0
vn 0.38268343236508984 0.9238795325112867 0
vn 0.38268343236508984 0.9238795325112867 0
vn 0.38268343236508984 0.9238795325112867 0
vn 0.38268343236508984 0.9238795325112867 0
vn -0.38268343236508984 -0.9238795325112867 0
vn -0.38268343236508984 -0.9238795325112867 0
vn -0.38268343236508984 -0.9238795325112867 0
vn -0.38268343236508984 -0.9238795325112867 0
vn -0.9238795325112867 0.38268343236508984 0
vn -0.9238795325112867 0.38268343236508984 0
vn -0.9238795325112867 0.38268343236508984 0
vn -0.9238795325112867 0.38268343236508984 0
vn 0.9238795325112867 -0.38268343236508984 0
vn 0.9238795325112867 -0.38268343236508984 0
vn 0.9238795325112867 -0.38268343236508984 0
vn 0.9238795325112867 -0.38268343236508984 0
vn 0 0 0.9999999999999999
vn 0 0 0.9999999999999999
vn 0 0 0.9999999999999999
vn 0 0 0.9999999999999999
vn 0 0 -0.9999999999999999
vn 0 0 -0.9999999999999999
vn 0 0 -0.9999999999999999
vn 0 0 -0.9999999999999999
f 49/49/49 51/51/51 50/50/50
f 51/51/51 52/52/52 50/50/50
f 53/53/53 55/55/55 54/54/54
f 55/55/55 56/56/56 54/54/54
f 57/57/57 59/59/59 58/58/58
f 59/59/59 60/60/60 58/58/58
f 61/61/61 63/63/63 62/62/62
f 63/63/63 64/64/64 62/62/62
f 65/65/65 67/67/67 66/66/66
f 67/67/67 68/68/68 66/66/66
f 69/69/69 71/71/71 70/70/70
f 71/71/71 72/72/72 70/70/70
o stargate_ring_fore_seg_1
usemtl hull
v 122.32968391305751 63.79604430796879 -50.52631538792659
v 122.32968391305751 63.79604430796879 -104.42105303312601
v 131.61076457837206 41.38953349228772 -50.52631538792659
v 131.61076457837206 41.38953349228772 -104.42105303312601
v 55.11015146601429 35.95280231202518 -104.42105303312601
v 55.11015146601429 35.95280231202518 -50.52631538792659
v 64.39123213132883 13.546291496344104 -104.42105303312601
v 64.39123213132883 13.546291496344104 -50.52631538792659
v 55.11015146601429 35.95280231202518 -104.42105303312601
v 122.32968391305751 63.79604430796879 -104.42105303312601
v 55.11015146601429 35.95280231202518 -50.52631538792659
v 122.32968391305751 63.79604430796879 -50.52631538792659
v 64.39123213132883 13.546291496344104 -50.52631538792659
v 131.61076457837206 41.38953349228772 -50.52631538792659
v 64.39123213132883 13.546291496344104 -104.42105303312601
v 131.61076457837206 41.38953349228772 -104.42105303312601
v 55.11015146601429 35.95280231202518 -50.52631538792659
v 122.32968391305751 63.79604430796879 -50.52631538792659
v 64.39123213132883 13.546291496344104 -50.52631538792659
v 131.61076457837206 41.38953349228772 -50.52631538792659
v 122.32968391305751 63.79604430796879 -104.42105303312601
v 55.11015146601429 35.95280231202518 -104.42105303312601
v 131.61076457837206 41.38953349228772 -104.42105303312601
v 64.39123213132883 13.546291496344104 -104.42105303312601
vt 0 1
vt 1 1
vt 0 0
vt 1 0
vt 0 1
vt 1 1
vt 0 0
vt 1 0
vt 0 1
vt 1 1
vt 0 0
vt 1 0
vt 0 1
vt 1 1
vt 0 0
vt 1 0
vt 0 1
vt 1 1
vt 0 0
vt 1 0
vt 0 1
vt 1 1
vt 0 0
vt 1 0
vn 0.9238795325112867 0.3826834323650896 0
vn 0.9238795325112867 0.3826834323650896 0
vn 0.9238795325112867 0.3826834323650896 0
vn 0.9238795325112867 0.3826834323650896 0
vn -0.9238795325112867 -0.3826834323650896 0
vn -0.9238795325112867 -0.3826834323650896 0
vn -0.9238795325112867 -0.3826834323650896 0
vn -0.9238795325112867 -0.3826834323650896 0
vn -0.3826834323650896 0.9238795325112867 0
vn -0.3826834323650896 0.9238795325112867 0
vn -0.3826834323650896 0.9238795325112867 0
vn -0.3826834323650896 0.9238795325112867 0
vn 0.3826834323650896 -0.9238795325112867 0
vn 0.3826834323650896 -0.9238795325112867 0
vn 0.3826834323650896 -0.9238795325112867 0
vn 0.3826834323650896 -0.9238795325112867 0
vn 0 0 1
vn 0 0 1
vn 0 0 1
vn 0 0 1
vn 0 0 -1
vn 0 0 -1
vn 0 0 -1
vn 0 0 -1
f 73/73/73 75/75/75 74/74/74
f 75/75/75 76/76/76 74/74/74
f 77/77/77 79/79/79 78/78/78
f 79/79/79 80/80/80 78/78/78
f 81/81/81 83/83/83 82/82/82
f 83/83/83 84/84/84 82/82/82
f 85/85/85 87/87/87 86/86/86
f 87/87/87 88/88/88 86/86/86
f 89/89/89 91/91/91 90/90/90
f 91/91/91 92/92/92 90/90/90
f 93/93/93 95/95/95 94/94/94
f 95/95/95 96/96/96 94/94/94
o stargate_ring_fore_tip_1
usemtl thruster
v 86.40534007752522 39.61851391044942 -52.9515789072137
v 86.40534007752522 39.61851391044942 -71.81473688225995
v 89.1123217461602 33.083282052935516 -52.9515789072137
v 89.1123217461602 33.083282052935516 -71.81473688225995
v 67.73324773112432 31.884280022687303 -71.81473688225995
v 67.73324773112432 31.884280022687303 -52.9515789072137
v 70.4402293997593 25.3490481651734 -71.81473688225995
v 70.4402293997593 25.3490481651734 -52.9515789072137
v 67.73324773112432 31.884280022687303 -71.81473688225995
v 86.40534007752522 39.61851391044942 -71.81473688225995
v 67.73324773112432 31.884280022687303 -52.9515789072137
v 86.40534007752522 39.61851391044942 -52.9515789072137
v 70.4402293997593 25.3490481651734 -52.9515789072137
v 89.1123217461602 33.083282052935516 -52.9515789072137
v 70.4402293997593 25.3490481651734 -71.81473688225995
v 89.1123217461602 33.083282052935516 -71.81473688225995
v 67.73324773112432 31.884280022687303 -52.9515789072137
v 86.40534007752522 39.61851391044942 -52.9515789072137
v 70.4402293997593 25.3490481651734 -52.9515789072137
v 89.1123217461602 33.083282052935516 -52.9515789072137
v 86.40534007752522 39.61851391044942 -71.81473688225995
v 67.73324773112432 31.884280022687303 -71.81473688225995
v 89.1123217461602 33.083282052935516 -71.81473688225995
v 70.4402293997593 25.3490481651734 -71.81473688225995
vt 0 1
vt 1 1
vt 0 0
vt 1 0
vt 0 1
vt 1 1
vt 0 0
vt 1 0
vt 0 1
vt 1 1
vt 0 0
vt 1 0
vt 0 1
vt 1 1
vt 0 0
vt 1 0
vt 0 1
vt 1 1
vt 0 0
vt 1 0
vt 0 1
vt 1 1
vt 0 0
vt 1 0
vn 0.9238795325112867 0.3826834323650896 0
vn 0.9238795325112867 0.3826834323650896 0
vn 0.9238795325112867 0.3826834323650896 0
vn 0.9238795325112867 0.3826834323650896 0
vn -0.9238795325112867 -0.3826834323650896 0
vn -0.9238795325112867 -0.3826834323650896 0
vn -0.9238795325112867 -0.3826834323650896 0
vn -0.9238795325112867 -0.3826834323650896 0
vn -0.3826834323650896 0.9238795325112867 0
vn -0.3826834323650896 0.9238795325112867 0
vn -0.3826834323650896 0.9238795325112867 0
vn -0.3826834323650896 0.9238795325112867 0
vn 0.3826834323650896 -0.9238795325112867 0
vn 0.3826834323650896 -0.9238795325112867 0
vn 0.3826834323650896 -0.9238795325112867 0
vn 0.3826834323650896 -0.9238795325112867 0
vn 0 0 1
vn 0 0 1
vn 0 0 1
vn 0 0 1
vn 0 0 -1
vn 0 0 -1
vn 0 0 -1
vn 0 0 -1
f 97/97/97 99/99/99 98/98/98
f 99/99/99 100/100/100 98/98/98
f 101/101/101 103/103/103 102/102/102
f 103/103/103 104/104/104 102/102/102
f 105/105/105 107/107/107 106/106/106
f 107/107/107 108/108/108 106/106/106
f 109/109/109 111/111/111 110/110/110
f 111/111/111 112/112/112 110/110/110
f 113/113/113 115/115/115 114/114/114
f 115/115/115 116/116/116 114/114/114
f 117/117/117 119/119/119 118/118/118
f 119/119/119 120/120/120 118/118/118
o stargate_ring_fore_seg_2
usemtl hull
v 131.61076457837206 -41.389533492287704 -50.52631538792659
v 131.61076457837206 -41.389533492287704 -104.42105303312601
v 122.32968391305751 -63.79604430796878 -50.52631538792659
v 122.32968391305751 -63.79604430796878 -104.42105303312601
v 64.39123213132883 -13.54629149634409 -104.42105303312601
v 64.39123213132883 -13.54629149634409 -50.52631538792659
v 55.11015146601429 -35.95280231202516 -104.42105303312601
v 55.11015146601429 -35.95280231202516 -50.52631538792659
v 64.39123213132883 -13.54629149634409 -104.42105303312601
v 131.61076457837206 -41.389533492287704 -104.42105303312601
v 64.39123213132883 -13.54629149634409 -50.52631538792659
v 131.61076457837206 -41.389533492287704 -50.52631538792659
v 55.11015146601429 -35.95280231202516 -50.52631538792659
v 122.32968391305751 -63.79604430796878 -50.52631538792659
v 55.11015146601429 -35.95280231202516 -104.42105303312601
v 122.32968391305751 -63.79604430796878 -104.42105303312601
v 64.39123213132883 -13.54629149634409 -50.52631538792659
v 131.61076457837206 -41.389533492287704 -50.52631538792659
v 55.11015146601429 -35.95280231202516 -50.52631538792659
v 122.32968391305751 -63.79604430796878 -50.52631538792659
v 131.61076457837206 -41.389533492287704 -104.42105303312601
v 64.39123213132883 -13.54629149634409 -104.42105303312601
v 122.32968391305751 -63.79604430796878 -104.42105303312601
v 55.11015146601429 -35.95280231202516 -104.42105303312601
vt 0 1
vt 1 1
vt 0 0
vt 1 0
vt 0 1
vt 1 1
vt 0 0
vt 1 0
vt 0 1
vt 1 1
vt 0 0
vt 1 0
vt 0 1
vt 1 1
vt 0 0
vt 1 0
vt 0 1
vt 1 1
vt 0 0
vt 1 0
vt 0 1
vt 1 1
vt 0 0
vt 1 0
vn 0.9238795325112867 -0.3826834323650896 0
vn 0.9238795325112867 -0.3826834323650896 0
vn 0.9238795325112867 -0.3826834323650896 0
vn 0.9238795325112867 -0.3826834323650896 0
vn -0.9238795325112867 0.3826834323650896 0
vn -0.9238795325112867 0.3826834323650896 0
vn -0.9238795325112867 0.3826834323650896 0
vn -0.9238795325112867 0.3826834323650896 0
vn 0.3826834323650896 0.9238795325112867 0
vn 0.3826834323650896 0.9238795325112867 0
vn 0.3826834323650896 0.9238795325112867 0
vn 0.3826834323650896 0.9238795325112867 0
vn -0.3826834323650896 -0.9238795325112867 0
vn -0.3826834323650896 -0.9238795325112867 0
vn -0.3826834323650896 -0.9238795325112867 0
vn -0.3826834323650896 -0.9238795325112867 0
vn 0 0 1
vn 0 0 1
vn 0 0 1
vn 0 0 1
vn 0 0 -1
vn 0 0 -1
vn 0 0 -1
vn 0 0 -1
f 121/121/121 123/123/123 122/122/122
f 123/123/123 124/124/124 122/122/122
f 125/125/125 127/127/127 126/126/126
f 127/127/127 128/128/128 126/126/126
f 129/129/129 131/131/131 130/130/130
f 131/131/131 132/132/132 130/130/130
f 133/133/133 135/135/135 134/134/134
f 135/135/135 136/136/136 134/134/134
f 137/137/137 139/139/139 138/138/138
f 139/139/139 140/140/140 138/138/138
f 141/141/141 143/143/143 142/142/142
f 143/143/143 144/144/144 142/142/142
o stargate_ring_fore_stud_2
usemtl plate
v 125.39589300111501 -43.190393323325566 -62.65263165925677
v 125.39589300111501 -43.190393323325566 -92.29473676179583
v 119.20850627506886 -58.12806627299346 -62.65263165925677
v 119.20850627506886 -58.12806627299346 -92.29473676179583
v 97.38775633641933 -31.58904326000947 -92.29473676179583
v 97.38775633641933 -31.58904326000947 -62.65263165925677
v 91.20036961037317 -46.52671620967736 -92.29473676179583
v 91.20036961037317 -46.52671620967736 -62.65263165925677
v 97.38775633641933 -31.58904326000947 -92.29473676179583
v 125.39589300111501 -43.190393323325566 -92.29473676179583
v 97.38775633641933 -31.58904326000947 -62.65263165925677
v 125.39589300111501 -43.190393323325566 -62.65263165925677
v 91.20036961037317 -46.52671620967736 -62.65263165925677
v 119.20850627506886 -58.12806627299346 -62.65263165925677
v 91.20036961037317 -46.52671620967736 -92.29473676179583
v 119.20850627506886 -58.12806627299346 -92.29473676179583
v 97.38775633641933 -31.58904326000947 -62.65263165925677
v 125.39589300111501 -43.190393323325566 -62.65263165925677
v 91.20036961037317 -46.52671620967736 -62.65263165925677
v 119.20850627506886 -58.12806627299346 -62.65263165925677
v 125.39589300111501 -43.190393323325566 -92.29473676179583
v 97.38775633641933 -31.58904326000947 -92.29473676179583
v 119.20850627506886 -58.12806627299346 -92.29473676179583
v 91.20036961037317 -46.52671620967736 -92.29473676179583
vt 0 1
vt 1 1
vt 0 0
vt 1 0
vt 0 1
vt 1 1
vt 0 0
vt 1 0
vt 0 1
vt 1 1
vt 0 0
vt 1 0
vt 0 1
vt 1 1
vt 0 0
vt 1 0
vt 0 1
vt 1 1
vt 0 0
vt 1 0
vt 0 1
vt 1 1
vt 0 0
vt 1 0
vn 0.9238795325112867 -0.3826834323650896 0
vn 0.9238795325112867 -0.3826834323650896 0
vn 0.9238795325112867 -0.3826834323650896 0
vn 0.9238795325112867 -0.3826834323650896 0
vn -0.9238795325112867 0.3826834323650896 0
vn -0.9238795325112867 0.3826834323650896 0
vn -0.9238795325112867 0.3826834323650896 0
vn -0.9238795325112867 0.3826834323650896 0
vn 0.3826834323650896 0.9238795325112867 0
vn 0.3826834323650896 0.9238795325112867 0
vn 0.3826834323650896 0.9238795325112867 0
vn 0.3826834323650896 0.9238795325112867 0
vn -0.3826834323650896 -0.9238795325112867 0
vn -0.3826834323650896 -0.9238795325112867 0
vn -0.3826834323650896 -0.9238795325112867 0
vn -0.3826834323650896 -0.9238795325112867 0
vn 0 0 1
vn 0 0 1
vn 0 0 1
vn 0 0 1
vn 0 0 -1
vn 0 0 -1
vn 0 0 -1
vn 0 0 -1
f 145/145/145 147/147/147 146/146/146
f 147/147/147 148/148/148 146/146/146
f 149/149/149 151/151/151 150/150/150
f 151/151/151 152/152/152 150/150/150
f 153/153/153 155/155/155 154/154/154
f 155/155/155 156/156/156 154/154/154
f 157/157/157 159/159/159 158/158/158
f 159/159/159 160/160/160 158/158/158
f 161/161/161 163/163/163 162/162/162
f 163/163/163 164/164/164 162/162/162
f 165/165/165 167/167/167 166/166/166
f 167/167/167 168/168/168 166/166/166
o stargate_ring_fore_tip_2
usemtl thruster
v 89.1123217461602 -33.08328205293551 -52.9515789072137
v 89.1123217461602 -33.08328205293551 -71.81473688225995
v 86.40534007752522 -39.618513910449416 -52.9515789072137
v 86.40534007752522 -39.618513910449416 -71.81473688225995
v 70.4402293997593 -25.349048165173393 -71.81473688225995
v 70.4402293997593 -25.349048165173393 -52.9515789072137
v 67.73324773112432 -31.884280022687296 -71.81473688225995
v 67.73324773112432 -31.884280022687296 -52.9515789072137
v 70.4402293997593 -25.349048165173393 -71.81473688225995
v 89.1123217461602 -33.08328205293551 -71.81473688225995
v 70.4402293997593 -25.349048165173393 -52.9515789072137
v 89.1123217461602 -33.08328205293551 -52.9515789072137
v 67.73324773112432 -31.884280022687296 -52.9515789072137
v 86.40534007752522 -39.618513910449416 -52.9515789072137
v 67.73324773112432 -31.884280022687296 -71.81473688225995
v 86.40534007752522 -39.618513910449416 -71.81473688225995
v 70.4402293997593 -25.349048165173393 -52.9515789072137
v 89.1123217461602 -33.08328205293551 -52.9515789072137
v 67.73324773112432 -31.884280022687296 -52.9515789072137
v 86.40534007752522 -39.618513910449416 -52.9515789072137
v 89.1123217461602 -33.08328205293551 -71.81473688225995
v 70.4402293997593 -25.349048165173393 -71.81473688225995
v 86.40534007752522 -39.618513910449416 -71.81473688225995
v 67.73324773112432 -31.884280022687296 -71.81473688225995
vt 0 1
vt 1 1
vt 0 0
vt 1 0
vt 0 1
vt 1 1
vt 0 0
vt 1 0
vt 0 1
vt 1 1
vt 0 0
vt 1 0
vt 0 1
vt 1 1
vt 0 0
vt 1 0
vt 0 1
vt 1 1
vt 0 0
vt 1 0
vt 0 1
vt 1 1
vt 0 0
vt 1 0
vn 0.9238795325112867 -0.3826834323650896 0
vn 0.9238795325112867 -0.3826834323650896 0
vn 0.9238795325112867 -0.3826834323650896 0
vn 0.9238795325112867 -0.3826834323650896 0
vn -0.9238795325112867 0.3826834323650896 0
vn -0.9238795325112867 0.3826834323650896 0
vn -0.9238795325112867 0.3826834323650896 0
vn -0.9238795325112867 0.3826834323650896 0
vn 0.3826834323650896 0.9238795325112867 0
vn 0.3826834323650896 0.9238795325112867 0
vn 0.3826834323650896 0.9238795325112867 0
vn 0.3826834323650896 0.9238795325112867 0
vn -0.3826834323650896 -0.9238795325112867 0
vn -0.3826834323650896 -0.9238795325112867 0
vn -0.3826834323650896 -0.9238795325112867 0
vn -0.3826834323650896 -0.9238795325112867 0
vn 0 0 1
vn 0 0 1
vn 0 0 1
vn 0 0 1
vn 0 0 -1
vn 0 0 -1
vn 0 0 -1
vn 0 0 -1
f 169/169/169 171/171/171 170/170/170
f 171/171/171 172/172/172 170/170/170
f 173/173/173 175/175/175 174/174/174
f 175/175/175 176/176/176 174/174/174
f 177/177/177 179/179/179 178/178/178
f 179/179/179 180/180/180 178/178/178
f 181/181/181 183/183/183 182/182/182
f 183/183/183 184/184/184 182/182/182
f 185/185/185 187/187/187 186/186/186
f 187/187/187 188/188/188 186/186/186
f 189/189/189 191/191/191 190/190/190
f 191/191/191 192/192/192 190/190/190
o stargate_ring_fore_seg_3
usemtl hull
v 63.7960443079688 -122.32968391305751 -50.52631538792659
v 63.7960443079688 -122.32968391305751 -104.42105303312601
v 41.38953349228773 -131.61076457837206 -50.52631538792659
v 41.38953349228773 -131.61076457837206 -104.42105303312601
v 35.95280231202518 -55.110151466014294 -104.42105303312601
v 35.95280231202518 -55.110151466014294 -50.52631538792659
v 13.546291496344107 -64.39123213132883 -104.42105303312601
v 13.546291496344107 -64.39123213132883 -50.52631538792659
v 35.95280231202518 -55.110151466014294 -104.42105303312601
v 63.7960443079688 -122.32968391305751 -104.42105303312601
v 35.95280231202518 -55.110151466014294 -50.52631538792659
v 63.7960443079688 -122.32968391305751 -50.52631538792659
v 13.546291496344107 -64.39123213132883 -50.52631538792659
v 41.38953349228773 -131.61076457837206 -50.52631538792659
v 13.546291496344107 -64.39123213132883 -104.42105303312601
v 41.38953349228773 -131.61076457837206 -104.42105303312601
v 35.95280231202518 -55.110151466014294 -50.52631538792659
v 63.7960443079688 -122.32968391305751 -50.52631538792659
v 13.546291496344107 -64.39123213132883 -50.52631538792659
v 41.38953349228773 -131.61076457837206 -50.52631538792659
v 63.7960443079688 -122.32968391305751 -104.42105303312601
v 35.95280231202518 -55.110151466014294 -104.42105303312601
v 41.38953349228773 -131.61076457837206 -104.42105303312601
v 13.546291496344107 -64.39123213132883 -104.42105303312601
vt 0 1
vt 1 1
vt 0 0
vt 1 0
vt 0 1
vt 1 1
vt 0 0
vt 1 0
vt 0 1
vt 1 1
vt 0 0
vt 1 0
vt 0 1
vt 1 1
vt 0 0
vt 1 0
vt 0 1
vt 1 1
vt 0 0
vt 1 0
vt 0 1
vt 1 1
vt 0 0
vt 1 0
vn 0.38268343236508984 -0.9238795325112867 0
vn 0.38268343236508984 -0.9238795325112867 0
vn 0.38268343236508984 -0.9238795325112867 0
vn 0.38268343236508984 -0.9238795325112867 0
vn -0.38268343236508984 0.9238795325112867 0
vn -0.38268343236508984 0.9238795325112867 0
vn -0.38268343236508984 0.9238795325112867 0
vn -0.38268343236508984 0.9238795325112867 0
vn 0.9238795325112867 0.38268343236508984 0
vn 0.9238795325112867 0.38268343236508984 0
vn 0.9238795325112867 0.38268343236508984 0
vn 0.9238795325112867 0.38268343236508984 0
vn -0.9238795325112867 -0.38268343236508984 0
vn -0.9238795325112867 -0.38268343236508984 0
vn -0.9238795325112867 -0.38268343236508984 0
vn -0.9238795325112867 -0.38268343236508984 0
vn 0 0 0.9999999999999999
vn 0 0 0.9999999999999999
vn 0 0 0.9999999999999999
vn 0 0 0.9999999999999999
vn 0 0 -0.9999999999999999
vn 0 0 -0.9999999999999999
vn 0 0 -0.9999999999999999
vn 0 0 -0.9999999999999999
f 193/193/193 195/195/195 194/194/194
f 195/195/195 196/196/196 194/194/194
f 197/197/197 199/199/199 198/198/198
f 199/199/199 200/200/200 198/198/198
f 201/201/201 203/203/203 202/202/202
f 203/203/203 204/204/204 202/202/202
f 205/205/205 207/207/207 206/206/206
f 207/207/207 208/208/208 206/206/206
f 209/209/209 211/211/211 210/210/210
f 211/211/211 212/212/212 210/210/210
f 213/213/213 215/215/215 214/214/214
f 215/215/215 216/216/216 214/214/214
o stargate_ring_fore_tip_3
usemtl thruster
v 39.61851391044943 -86.40534007752522 -52.9515789072137
v 39.61851391044943 -86.40534007752522 -71.81473688225995
v 33.08328205293553 -89.11232174616019 -52.9515789072137
v 33.08328205293553 -89.11232174616019 -71.81473688225995
v 31.88428002268731 -67.73324773112434 -71.81473688225995
v 31.88428002268731 -67.73324773112434 -52.9515789072137
v 25.349048165173407 -70.4402293997593 -71.81473688225995
v 25.349048165173407 -70.4402293997593 -52.9515789072137
v 31.88428002268731 -67.73324773112434 -71.81473688225995
v 39.61851391044943 -86.40534007752522 -71.81473688225995
v 31.88428002268731 -67.73324773112434 -52.9515789072137
v 39.61851391044943 -86.40534007752522 -52.9515789072137
v 25.349048165173407 -70.4402293997593 -52.9515789072137
v 33.08328205293553 -89.11232174616019 -52.9515789072137
v 25.349048165173407 -70.4402293997593 -71.81473688225995
v 33.08328205293553 -89.11232174616019 -71.81473688225995
v 31.88428002268731 -67.73324773112434 -52.9515789072137
v 39.61851391044943 -86.40534007752522 -52.9515789072137
v 25.349048165173407 -70.4402293997593 -52.9515789072137
v 33.08328205293553 -89.11232174616019 -52.9515789072137
v 39.61851391044943 -86.40534007752522 -71.81473688225995
v 31.88428002268731 -67.73324773112434 -71.81473688225995
v 33.08328205293553 -89.11232174616019 -71.81473688225995
v 25.349048165173407 -70.4402293997593 -71.81473688225995
vt 0 1
vt 1 1
vt 0 0
vt 1 0
vt 0 1
vt 1 1
vt 0 0
vt 1 0
vt 0 1
vt 1 1
vt 0 0
vt 1 0
vt 0 1
vt 1 1
vt 0 0
vt 1 0
vt 0 1
vt 1 1
vt 0 0
vt 1 0
vt 0 1
vt 1 1
vt 0 0
vt 1 0
vn 0.38268343236508984 -0.9238795325112867 0
vn 0.38268343236508984 -0.9238795325112867 0
vn 0.38268343236508984 -0.9238795325112867 0
vn 0.38268343236508984 -0.9238795325112867 0
vn -0.38268343236508984 0.9238795325112867 0
vn -0.38268343236508984 0.9238795325112867 0
vn -0.38268343236508984 0.9238795325112867 0
vn -0.38268343236508984 0.9238795325112867 0
vn 0.9238795325112867 0.38268343236508984 0
vn 0.9238795325112867 0.38268343236508984 0
vn 0.9238795325112867 0.38268343236508984 0
vn 0.9238795325112867 0.38268343236508984 0
vn -0.9238795325112867 -0.38268343236508984 0
vn -0.9238795325112867 -0.38268343236508984 0
vn -0.9238795325112867 -0.38268343236508984 0
vn -0.9238795325112867 -0.38268343236508984 0
vn 0 0 0.9999999999999999
vn 0 0 0.9999999999999999
vn 0 0 0.9999999999999999
vn 0 0 0.9999999999999999
vn 0 0 -0.9999999999999999
vn 0 0 -0.9999999999999999
vn 0 0 -0.9999999999999999
vn 0 0 -0.9999999999999999
f 217/217/217 219/219/219 218/218/218
f 219/219/219 220/220/220 218/218/218
f 221/221/221 223/223/223 222/222/222
f 223/223/223 224/224/224 222/222/222
f 225/225/225 227/227/227 226/226/226
f 227/227/227 228/228/228 226/226/226
f 229/229/229 231/231/231 230/230/230
f 231/231/231 232/232/232 230/230/230
f 233/233/233 235/235/235 234/234/234
f 235/235/235 236/236/236 234/234/234
f 237/237/237 239/239/239 238/238/238
f 239/239/239 240/240/240 238/238/238
o stargate_ring_fore_seg_4
usemtl hull
v -41.389533492287704 -131.61076457837208 -50.52631538792659
v -41.389533492287704 -131.61076457837208 -104.42105303312601
v -63.79604430796878 -122.32968391305752 -50.52631538792659
v -63.79604430796878 -122.32968391305752 -104.42105303312601
v -13.546291496344075 -64.39123213132885 -104.42105303312601
v -13.546291496344075 -64.39123213132885 -50.52631538792659
v -35.95280231202515 -55.1101514660143 -104.42105303312601
v -35.95280231202515 -55.1101514660143 -50.52631538792659
v -13.546291496344075 -64.39123213132885 -104.42105303312601
v -41.389533492287704 -131.61076457837208 -104.42105303312601
v -13.546291496344075 -64.39123213132885 -50.52631538792659
v -41.389533492287704 -131.61076457837208 -50.52631538792659
v -35.95280231202515 -55.1101514660143 -50.52631538792659
v -63.79604430796878 -122.32968391305752 -50.52631538792659
v -35.95280231202515 -55.1101514660143 -104.42105303312601
v -63.79604430796878 -122.32968391305752 -104.42105303312601
v -13.546291496344075 -64.39123213132885 -50.52631538792659
v -41.389533492287704 -131.61076457837208 -50.52631538792659
v -35.95280231202515 -55.1101514660143 -50.52631538792659
v -63.79604430796878 -122.32968391305752 -50.52631538792659
v -41.389533492287704 -131.61076457837208 -104.42105303312601
v -13.546291496344075 -64.39123213132885 -104.42105303312601
v -63.79604430796878 -122.32968391305752 -104.42105303312601
v -35.95280231202515 -55.1101514660143 -104.42105303312601
vt 0 1
vt 1 1
vt 0 0
vt 1 0
vt 0 1
vt 1 1
vt 0 0
vt 1 0
vt 0 1
vt 1 1
vt 0 0
vt 1 0
vt 0 1
vt 1 1
vt 0 0
vt 1 0
vt 0 1
vt 1 1
vt 0 0
vt 1 0
vt 0 1
vt 1 1
vt 0 0
vt 1 0
vn -0.3826834323650898 -0.9238795325112867 0
vn -0.3826834323650898 -0.9238795325112867 0
vn -0.3826834323650898 -0.9238795325112867 0
vn -0.3826834323650898 -0.9238795325112867 0
vn 0.3826834323650898 0.9238795325112867 0
vn 0.3826834323650898 0.9238795325112867 0
vn 0.3826834323650898 0.9238795325112867 0
vn 0.3826834323650898 0.9238795325112867 0
vn 0.9238795325112867 -0.3826834323650898 0
vn 0.9238795325112867 -0.3826834323650898 0
vn 0.9238795325112867 -0.3826834323650898 0
vn 0.9238795325112867 -0.3826834323650898 0
vn -0.9238795325112867 0.3826834323650898 0
vn -0.9238795325112867 0.3826834323650898 0
vn -0.9238795325112867 0.3826834323650898 0
vn -0.9238795325112867 0.3826834323650898 0
vn 0 0 0.9999999999999999
vn 0 0 0.9999999999999999
vn 0 0 0.9999999999999999
vn 0 0 0.9999999999999999
vn 0 0 -0.9999999999999999
vn 0 0 -0.9999999999999999
vn 0 0 -0.9999999999999999
vn 0 0 -0.9999999999999999
f 241/241/241 243/243/243 242/242/242
f 243/243/243 244/244/244 242/242/242
f 245/245/245 247/247/247 246/246/246
f 247/247/247 248/248/248 246/246/246
f 249/249/249 251/251/251 250/250/250
f 251/251/251 252/252/252 250/250/250
f 253/253/253 255/255/255 254/254/254
f 255/255/255 256/256/256 254/254/254
f 257/257/257 259/259/259 258/258/258
f 259/259/259 260/260/260 258/258/258
f 261/261/261 263/263/263 262/262/262
f 263/263/263 264/264/264 262/262/262
o stargate_ring_fore_stud_4
usemtl plate
v -43.19039332332556 -125.39589300111501 -62.65263165925677
v -43.19039332332556 -125.39589300111501 -92.29473676179583
v -58.12806627299345 -119.20850627506886 -62.65263165925677
v -58.12806627299345 -119.20850627506886 -92.29473676179583
v -31.589043260009458 -97.38775633641933 -92.29473676179583
v -31.589043260009458 -97.38775633641933 -62.65263165925677
v -46.52671620967735 -91.20036961037317 -92.29473676179583
v -46.52671620967735 -91.20036961037317 -62.65263165925677
v -31.589043260009458 -97.38775633641933 -92.29473676179583
v -43.19039332332556 -125.39589300111501 -92.29473676179583
v -31.589043260009458 -97.38775633641933 -62.65263165925677
v -43.19039332332556 -125.39589300111501 -62.65263165925677
v -46.52671620967735 -91.20036961037317 -62.65263165925677
v -58.12806627299345 -119.20850627506886 -62.65263165925677
v -46.52671620967735 -91.20036961037317 -92.29473676179583
v -58.12806627299345 -119.20850627506886 -92.29473676179583
v -31.589043260009458 -97.38775633641933 -62.65263165925677
v -43.19039332332556 -125.39589300111501 -62.65263165925677
v -46.52671620967735 -91.20036961037317 -62.65263165925677
v -58.12806627299345 -119.20850627506886 -62.65263165925677
v -43.19039332332556 -125.39589300111501 -92.29473676179583
v -31.589043260009458 -97.38775633641933 -92.29473676179583
v -58.12806627299345 -119.20850627506886 -92.29473676179583
v -46.52671620967735 -91.20036961037317 -92.29473676179583
vt 0 1
vt 1 1
vt 0 0
vt 1 0
vt 0 1
vt 1 1
vt 0 0
vt 1 0
vt 0 1
vt 1 1
vt 0 0
vt 1 0
vt 0 1
vt 1 1
vt 0 0
vt 1 0
vt 0 1
vt 1 1
vt 0 0
vt 1 0
vt 0 1
vt 1 1
vt 0 0
vt 1 0
vn -0.3826834323650898 -0.9238795325112867 0
vn -0.3826834323650898 -0.9238795325112867 0
vn -0.3826834323650898 -0.9238795325112867 0
vn -0.3826834323650898 -0.9238795325112867 0
vn 0.3826834323650898 0.9238795325112867 0
vn 0.3826834323650898 0.9238795325112867 0
vn 0.3826834323650898 0.9238795325112867 0
vn 0.3826834323650898 0.9238795325112867 0
vn 0.9238795325112867 -0.3826834323650898 0
vn 0.9238795325112867 -0.3826834323650898 0
vn 0.9238795325112867 -0.3826834323650898 0
vn 0.9238795325112867 -0.3826834323650898 0
vn -0.9238795325112867 0.3826834323650898 0
vn -0.9238795325112867 0.3826834323650898 0
vn -0.9238795325112867 0.3826834323650898 0
vn -0.9238795325112867 0.3826834323650898 0
vn 0 0 0.9999999999999999
vn 0 0 0.9999999999999999
vn 0 0 0.9999999999999999
vn 0 0 0.9999999999999999
vn 0 0 -0.9999999999999999
vn 0 0 -0.9999999999999999
vn 0 0 -0.9999999999999999
vn 0 0 -0.9999999999999999
f 265/265/265 267/267/267 266/266/266
f 267/267/267 268/268/268 266/266/266
f 269/269/269 271/271/271 270/270/270
f 271/271/271 272/272/272 270/270/270
f 273/273/273 275/275/275 274/274/274
f 275/275/275 276/276/276 274/274/274
f 277/277/277 279/279/279 278/278/278
f 279/279/279 280/280/280 278/278/278
f 281/281/281 283/283/283 282/282/282
f 283/283/283 284/284/284 282/282/282
f 285/285/285 287/287/287 286/286/286
f 287/287/287 288/288/288 286/286/286
o stargate_ring_fore_tip_4
usemtl thruster
v -33.083282052935516 -89.1123217461602 -52.9515789072137
v -33.083282052935516 -89.1123217461602 -71.81473688225995
v -39.618513910449416 -86.40534007752524 -52.9515789072137
v -39.618513910449416 -86.40534007752524 -71.81473688225995
v -25.349048165173393 -70.44022939975932 -71.81473688225995
v -25.349048165173393 -70.44022939975932 -52.9515789072137
v -31.884280022687296 -67.73324773112435 -71.81473688225995
v -31.884280022687296 -67.73324773112435 -52.9515789072137
v -25.349048165173393 -70.44022939975932 -71.81473688225995
v -33.083282052935516 -89.1123217461602 -71.81473688225995
v -25.349048165173393 -70.44022939975932 -52.9515789072137
v -33.083282052935516 -89.1123217461602 -52.9515789072137
v -31.884280022687296 -67.73324773112435 -52.9515789072137
v -39.618513910449416 -86.40534007752524 -52.9515789072137
v -31.884280022687296 -67.73324773112435 -71.81473688225995
v -39.618513910449416 -86.40534007752524 -71.81473688225995
v -25.349048165173393 -70.44022939975932 -52.9515789072137
v -33.083282052935516 -89.1123217461602 -52.9515789072137
v -31.884280022687296 -67.73324773112435 -52.9515789072137
v -39.618513910449416 -86.40534007752524 -52.9515789072137
v -33.083282052935516 -89.1123217461602 -71.81473688225995
v -25.349048165173393 -70.44022939975932 -71.81473688225995
v -39.618513910449416 -86.40534007752524 -71.81473688225995
v -31.884280022687296 -67.73324773112435 -71.81473688225995
vt 0 1
vt 1 1
vt 0 0
vt 1 0
vt 0 1
vt 1 1
vt 0 0
vt 1 0
vt 0 1
vt 1 1
vt 0 0
vt 1 0
vt 0 1
vt 1 1
vt 0 0
vt 1 0
vt 0 1
vt 1 1
vt 0 0
vt 1 0
vt 0 1
vt 1 1
vt 0 0
vt 1 0
vn -0.3826834323650898 -0.9238795325112867 0
vn -0.3826834323650898 -0.9238795325112867 0
vn -0.3826834323650898 -0.9238795325112867 0
vn -0.3826834323650898 -0.9238795325112867 0
vn 0.3826834323650898 0.9238795325112867 0
vn 0.3826834323650898 0.9238795325112867 0
vn 0.3826834323650898 0.9238795325112867 0
vn 0.3826834323650898 0.9238795325112867 0
vn 0.9238795325112867 -0.3826834323650898 0
vn 0.9238795325112867 -0.3826834323650898 0
vn 0.9238795325112867 -0.3826834323650898 0
vn 0.9238795325112867 -0.3826834323650898 0
vn -0.9238795325112867 0.3826834323650898 0
vn -0.9238795325112867 0.3826834323650898 0
vn -0.9238795325112867 0.3826834323650898 0
vn -0.9238795325112867 0.3826834323650898 0
vn 0 0 0.9999999999999999
vn 0 0 0.9999999999999999
vn 0 0 0.9999999999999999
vn 0 0 0.9999999999999999
vn 0 0 -0.9999999999999999
vn 0 0 -0.9999999999999999
vn 0 0 -0.9999999999999999
vn 0 0 -0.9999999999999999
f 289/289/289 291/291/291 290/290/290
f 291/291/291 292/292/292 290/290/290
f 293/293/293 295/295/295 294/294/294
f 295/295/295 296/296/296 294/294/294
f 297/297/297 299/299/299 298/298/298
f 299/299/299 300/300/300 298/298/298
f 301/301/301 303/303/303 302/302/302
f 303/303/303 304/304/304 302/302/302
f 305/305/305 307/307/307 306/306/306
f 307/307/307 308/308/308 306/306/306
f 309/309/309 311/311/311 310/310/310
f 311/311/311 312/312/312 310/310/310
o stargate_ring_fore_seg_5
usemtl hull
v -122.3296839130575 -63.79604430796886 -50.52631538792659
v -122.3296839130575 -63.79604430796886 -104.42105303312601
v -131.61076457837203 -41.38953349228779 -50.52631538792659
v -131.61076457837203 -41.38953349228779 -104.42105303312601
v -55.11015146601427 -35.952802312025206 -104.42105303312601
v -55.11015146601427 -35.952802312025206 -50.52631538792659
v -64.39123213132882 -13.546291496344132 -104.42105303312601
v -64.39123213132882 -13.546291496344132 -50.52631538792659
v -55.11015146601427 -35.952802312025206 -104.42105303312601
v -122.3296839130575 -63.79604430796886 -104.42105303312601
v -55.11015146601427 -35.952802312025206 -50.52631538792659
v -122.3296839130575 -63.79604430796886 -50.52631538792659
v -64.39123213132882 -13.546291496344132 -50.52631538792659
v -131.61076457837203 -41.38953349228779 -50.52631538792659
v -64.39123213132882 -13.546291496344132 -104.42105303312601
v -131.61076457837203 -41.38953349228779 -104.42105303312601
v -55.11015146601427 -35.952802312025206 -50.52631538792659
v -122.3296839130575 -63.79604430796886 -50.52631538792659
v -64.39123213132882 -13.546291496344132 -50.52631538792659
v -131.61076457837203 -41.38953349228779 -50.52631538792659
v -122.3296839130575 -63.79604430796886 -104.42105303312601
v -55.11015146601427 -35.952802312025206 -104.42105303312601
v -131.61076457837203 -41.38953349228779 -104.42105303312601
v -64.39123213132882 -13.546291496344132 -104.42105303312601
vt 0 1
vt 1 1
vt 0 0
vt 1 0
vt 0 1
vt 1 1
vt 0 0
vt 1 0
vt 0 1
vt 1 1
vt 0 0
vt 1 0
vt 0 1
vt 1 1
vt 0 0
vt 1 0
vt 0 1
vt 1 1
vt 0 0
vt 1 0
vt 0 1
vt 1 1
vt 0 0
vt 1 0
vn -0.9238795325112864 -0.3826834323650901 0
vn -0.9238795325112864 -0.3826834323650901 0
vn -0.9238795325112864 -0.3826834323650901 0
vn -0.9238795325112864 -0.3826834323650901 0
vn 0.9238795325112864 0.3826834323650901 0
vn 0.9238795325112864 0.3826834323650901 0
vn 0.9238795325112864 0.3826834323650901 0
vn 0.9238795325112864 0.3826834323650901 0
vn 0.3826834323650901 -0.9238795325112864 0
vn 0.3826834323650901 -0.9238795325112864 0
vn 0.3826834323650901 -0.9238795325112864 0
vn 0.3826834323650901 -0.9238795325112864 0
vn -0.3826834323650901 0.9238795325112864 0
vn -0.3826834323650901 0.9238795325112864 0
vn -0.3826834323650901 0.9238795325112864 0
vn -0.3826834323650901 0.9238795325112864 0
vn 0 0 0.9999999999999999
vn 0 0 0.9999999999999999
vn 0 0 0.9999999999999999
vn 0 0 0.9999999999999999
vn 0 0 -0.9999999999999999
vn 0 0 -0.9999999999999999
vn 0 0 -0.9999999999999999
vn 0 0 -0.9999999999999999
f 313/313/313 315/315/315 314/314/314
f 315/315/315 316/316/316 314/314/314
f 317/317/317 319/319/319 318/318/318
f 319/319/319 320/320/320 318/318/318
f 321/321/321 323/323/323 322/322/322
f 323/323/323 324/324/324 322/322/322
f 325/325/325 327/327/327 326/326/326
f 327/327/327 328/328/328 326/326/326
f 329/329/329 331/331/331 330/330/330
f 331/331/331 332/332/332 330/330/330
f 333/333/333 335/335/335 334/334/334
f 335/335/335 336/336/336 334/334/334
o stargate_ring_fore_tip_5
usemtl thruster
v -86.40534007752521 -39.618513910449465 -52.9515789072137
v -86.40534007752521 -39.618513910449465 -71.81473688225995
v -89.11232174616019 -33.083282052935566 -52.9515789072137
v -89.11232174616019 -33.083282052935566 -71.81473688225995
v -67.73324773112431 -31.884280022687342 -71.81473688225995
v -67.73324773112431 -31.884280022687342 -52.9515789072137
v -70.44022939975929 -25.34904816517344 -71.81473688225995
v -70.44022939975929 -25.34904816517344 -52.9515789072137
v -67.73324773112431 -31.884280022687342 -71.81473688225995
v -86.40534007752521 -39.618513910449465 -71.81473688225995
v -67.73324773112431 -31.884280022687342 -52.9515789072137
v -86.40534007752521 -39.618513910449465 -52.9515789072137
v -70.44022939975929 -25.34904816517344 -52.9515789072137
v -89.11232174616019 -33.083282052935566 -52.9515789072137
v -70.44022939975929 -25.34904816517344 -71.81473688225995
v -89.11232174616019 -33.083282052935566 -71.81473688225995
v -67.73324773112431 -31.884280022687342 -52.9515789072137
v -86.40534007752521 -39.618513910449465 -52.9515789072137
v -70.44022939975929 -25.34904816517344 -52.9515789072137
v -89.11232174616019 -33.083282052935566 -52.9515789072137
v -86.40534007752521 -39.618513910449465 -71.81473688225995
v -67.73324773112431 -31.884280022687342 -71.81473688225995
v -89.11232174616019 -33.083282052935566 -71.81473688225995
v -70.44022939975929 -25.34904816517344 -71.81473688225995
vt 0 1
vt 1 1
vt 0 0
vt 1 0
vt 0 1
vt 1 1
vt 0 0
vt 1 0
vt 0 1
vt 1 1
vt 0 0
vt 1 0
vt 0 1
vt 1 1
vt 0 0
vt 1 0
vt 0 1
vt 1 1
vt 0 0
vt 1 0
vt 0 1
vt 1 1
vt 0 0
vt 1 0
vn -0.9238795325112864 -0.3826834323650901 0
vn -0.9238795325112864 -0.3826834323650901 0
vn -0.9238795325112864 -0.3826834323650901 0
vn -0.9238795325112864 -0.3826834323650901 0
vn 0.9238795325112864 0.3826834323650901 0
vn 0.9238795325112864 0.3826834323650901 0
vn 0.9238795325112864 0.3826834323650901 0
vn 0.9238795325112864 0.3826834323650901 0
vn 0.3826834323650901 -0.9238795325112864 0
vn 0.3826834323650901 -0.9238795325112864 0
vn 0.3826834323650901 -0.9238795325112864 0
vn 0.3826834323650901 -0.9238795325112864 0
vn -0.3826834323650901 0.9238795325112864 0
vn -0.3826834323650901 0.9238795325112864 0
vn -0.3826834323650901 0.9238795325112864 0
vn -0.3826834323650901 0.9238795325112864 0
vn 0 0 0.9999999999999999
vn 0 0 0.9999999999999999
vn 0 0 0.9999999999999999
vn 0 0 0.9999999999999999
vn 0 0 -0.9999999999999999
vn 0 0 -0.9999999999999999
vn 0 0 -0.9999999999999999
vn 0 0 -0.9999999999999999
f 337/337/337 339/339/339 338/338/338
f 339/339/339 340/340/340 338/338/338
f 341/341/341 343/343/343 342/342/342
f 343/343/343 344/344/344 342/342/342
f 345/345/345 347/347/347 346/346/346
f 347/347/347 348/348/348 346/346/346
f 349/349/349 351/351/351 350/350/350
f 351/351/351 352/352/352 350/350/350
f 353/353/353 355/355/355 354/354/354
f 355/355/355 356/356/356 354/354/354
f 357/357/357 359/359/359 358/358/358
f 359/359/359 360/360/360 358/358/358
o stargate_ring_fore_seg_6
usemtl hull
v -131.61076457837206 41.38953349228775 -50.52631538792659
v -131.61076457837206 41.38953349228775 -104.42105303312601
v -122.32968391305751 63.79604430796882 -50.52631538792659
v -122.32968391305751 63.79604430796882 -104.42105303312601
v -64.39123213132883 13.546291496344104 -104.42105303312601
v -64.39123213132883 13.546291496344104 -50.52631538792659
v -55.11015146601429 35.95280231202518 -104.42105303312601
v -55.11015146601429 35.95280231202518 -50.52631538792659
v -64.39123213132883 13.546291496344104 -104.42105303312601
v -131.61076457837206 41.38953349228775 -104.42105303312601
v -64.39123213132883 13.546291496344104 -50.52631538792659
v -131.61076457837206 41.38953349228775 -50.52631538792659
v -55.11015146601429 35.95280231202518 -50.52631538792659
v -122.32968391305751 63.79604430796882 -50.52631538792659
v -55.11015146601429 35.95280231202518 -104.42105303312601
v -122.32968391305751 63.79604430796882 -104.42105303312601
v -64.39123213132883 13.546291496344104 -50.52631538792659
v -131.61076457837206 41.38953349228775 -50.52631538792659
v -55.11015146601429 35.95280231202518 -50.52631538792659
v -122.32968391305751 63.79604430796882 -50.52631538792659
v -131.61076457837206 41.38953349228775 -104.42105303312601
v -64.39123213132883 13.546291496344104 -104.42105303312601
v -122.32968391305751 63.79604430796882 -104.42105303312601
v -55.11015146601429 35.95280231202518 -104.42105303312601
vt 0 1
vt 1 1
vt 0 0
vt 1 0
vt 0 1
vt 1 1
vt 0 0
vt 1 0
vt 0 1
vt 1 1
vt 0 0
vt 1 0
vt 0 1
vt 1 1
vt 0 0
vt 1 0
vt 0 1
vt 1 1
vt 0 0
vt 1 0
vt 0 1
vt 1 1
vt 0 0
vt 1 0
vn -0.9238795325112865 0.38268343236509 0
vn -0.9238795325112865 0.38268343236509 0
vn -0.9238795325112865 0.38268343236509 0
vn -0.9238795325112865 0.38268343236509 0
vn 0.9238795325112865 -0.38268343236509 0
vn 0.9238795325112865 -0.38268343236509 0
vn 0.9238795325112865 -0.38268343236509 0
vn 0.9238795325112865 -0.38268343236509 0
vn -0.38268343236509 -0.9238795325112865 0
vn -0.38268343236509 -0.9238795325112865 0
vn -0.38268343236509 -0.9238795325112865 0
vn -0.38268343236509 -0.9238795325112865 0
vn 0.38268343236509 0.9238795325112865 0
vn 0.38268343236509 0.9238795325112865 0
vn 0.38268343236509 0.9238795325112865 0
vn 0.38268343236509 0.9238795325112865 0
vn 0 0 0.9999999999999999
vn 0 0 0.9999999999999999
vn 0 0 0.9999999999999999
vn 0 0 0.9999999999999999
vn 0 0 -0.9999999999999999
vn 0 0 -0.9999999999999999
vn 0 0 -0.9999999999999999
vn 0 0 -0.9999999999999999
f 361/361/361 363/363/363 362/362/362
f 363/363/363 364/364/364 362/362/362
f 365/365/365 367/367/367 366/366/366
f 367/367/367 368/368/368 366/366/366
f 369/369/369 371/371/371 370/370/370
f 371/371/371 372/372/372 370/370/370
f 373/373/373 375/375/375 374/374/374
f 375/375/375 376/376/376 374/374/374
f 377/377/377 379/379/379 378/378/378
f 379/379/379 380/380/380 378/378/378
f 381/381/381 383/383/383 382/382/382
f 383/383/383 384/384/384 382/382/382
o stargate_ring_fore_stud_6
usemtl plate
v -125.39589300111501 43.1903933233256 -62.65263165925677
v -125.39589300111501 43.1903933233256 -92.29473676179583
v -119.20850627506884 58.12806627299349 -62.65263165925677
v -119.20850627506884 58.12806627299349 -92.29473676179583
v -97.38775633641932 31.58904326000949 -92.29473676179583
v -97.38775633641932 31.58904326000949 -62.65263165925677
v -91.20036961037314 46.52671620967738 -92.29473676179583
v -91.20036961037314 46.52671620967738 -62.65263165925677
v -97.38775633641932 31.58904326000949 -92.29473676179583
v -125.39589300111501 43.1903933233256 -92.29473676179583
v -97.38775633641932 31.58904326000949 -62.65263165925677
v -125.39589300111501 43.1903933233256 -62.65263165925677
v -91.20036961037314 46.52671620967738 -62.65263165925677
v -119.20850627506884 58.12806627299349 -62.65263165925677
v -91.20036961037314 46.52671620967738 -92.29473676179583
v -119.20850627506884 58.12806627299349 -92.29473676179583
v -97.38775633641932 31.58904326000949 -62.65263165925677
v -125.39589300111501 43.1903933233256 -62.65263165925677
v -91.20036961037314 46.52671620967738 -62.65263165925677
v -119.20850627506884 58.12806627299349 -62.65263165925677
v -125.39589300111501 43.1903933233256 -92.29473676179583
v -97.38775633641932 31.58904326000949 -92.29473676179583
v -119.20850627506884 58.12806627299349 -92.29473676179583
v -91.20036961037314 46.52671620967738 -92.29473676179583
vt 0 1
vt 1 1
vt 0 0
vt 1 0
vt 0 1
vt 1 1
vt 0 0
vt 1 0
vt 0 1
vt 1 1
vt 0 0
vt 1 0
vt 0 1
vt 1 1
vt 0 0
vt 1 0
vt 0 1
vt 1 1
vt 0 0
vt 1 0
vt 0 1
vt 1 1
vt 0 0
vt 1 0
vn -0.9238795325112865 0.38268343236509 0
vn -0.9238795325112865 0.38268343236509 0
vn -0.9238795325112865 0.38268343236509 0
vn -0.9238795325112865 0.38268343236509 0
vn 0.9238795325112865 -0.38268343236509 0
vn 0.9238795325112865 -0.38268343236509 0
vn 0.9238795325112865 -0.38268343236509 0
vn 0.9238795325112865 -0.38268343236509 0
vn -0.38268343236509 -0.9238795325112865 0
vn -0.38268343236509 -0.9238795325112865 0
vn -0.38268343236509 -0.9238795325112865 0
vn -0.38268343236509 -0.9238795325112865 0
vn 0.38268343236509 0.9238795325112865 0
vn 0.38268343236509 0.9238795325112865 0
vn 0.38268343236509 0.9238795325112865 0
vn 0.38268343236509 0.9238795325112865 0
vn 0 0 0.9999999999999999
vn 0 0 0.9999999999999999
vn 0 0 0.9999999999999999
vn 0 0 0.9999999999999999
vn 0 0 -0.9999999999999999
vn 0 0 -0.9999999999999999
vn 0 0 -0.9999999999999999
vn 0 0 -0.9999999999999999
f 385/385/385 387/387/387 386/386/386
f 387/387/387 388/388/388 386/386/386
f 389/389/389 391/391/391 390/390/390
f 391/391/391 392/392/392 390/390/390
f 393/393/393 395/395/395 394/394/394
f 395/395/395 396/396/396 394/394/394
f 397/397/397 399/399/399 398/398/398
f 399/399/399 400/400/400 398/398/398
f 401/401/401 403/403/403 402/402/402
f 403/403/403 404/404/404 402/402/402
f 405/405/405 407/407/407 406/406/406
f 407/407/407 408/408/408 406/406/406
o stargate_ring_fore_tip_6
usemtl thruster
v -89.1123217461602 33.08328205293554 -52.9515789072137
v -89.1123217461602 33.08328205293554 -71.81473688225995
v -86.40534007752522 39.61851391044944 -52.9515789072137
v -86.40534007752522 39.61851391044944 -71.81473688225995
v -70.4402293997593 25.349048165173414 -71.81473688225995
v -70.4402293997593 25.349048165173414 -52.9515789072137
v -67.73324773112432 31.884280022687314 -71.81473688225995
v -67.73324773112432 31.884280022687314 -52.9515789072137
v -70.4402293997593 25.349048165173414 -71.81473688225995
v -89.1123217461602 33.08328205293554 -71.81473688225995
v -70.4402293997593 25.349048165173414 -52.9515789072137
v -89.1123217461602 33.08328205293554 -52.9515789072137
v -67.73324773112432 31.884280022687314 -52.9515789072137
v -86.40534007752522 39.61851391044944 -52.9515789072137
v -67.73324773112432 31.884280022687314 -71.81473688225995
v -86.40534007752522 39.61851391044944 -71.81473688225995
v -70.4402293997593 25.349048165173414 -52.9515789072137
v -89.1123217461602 33.08328205293554 -52.9515789072137
v -67.73324773112432 31.884280022687314 -52.9515789072137
v -86.40534007752522 39.61851391044944 -52.9515789072137
v -89.1123217461602 33.08328205293554 -71.81473688225995
v -70.4402293997593 25.349048165173414 -71.81473688225995
v -86.40534007752522 39.61851391044944 -71.81473688225995
v -67.73324773112432 31.884280022687314 -71.81473688225995
vt 0 1
vt 1 1
vt 0 0
vt 1 0
vt 0 1
vt 1 1
vt 0 0
vt 1 0
vt 0 1
vt 1 1
vt 0 0
vt 1 0
vt 0 1
vt 1 1
vt 0 0
vt 1 0
vt 0 1
vt 1 1
vt 0 0
vt 1 0
vt 0 1
vt 1 1
vt 0 0
vt 1 0
vn -0.9238795325112865 0.38268343236509 0
vn -0.9238795325112865 0.38268343236509 0
vn -0.9238795325112865 0.38268343236509 0
vn -0.9238795325112865 0.38268343236509 0
vn 0.9238795325112865 -0.38268343236509 0
vn 0.9238795325112865 -0.38268343236509 0
vn 0.9238795325112865 -0.38268343236509 0
vn 0.9238795325112865 -0.38268343236509 0
vn -0.38268343236509 -0.9238795325112865 0
vn -0.38268343236509 -0.9238795325112865 0
vn -0.38268343236509 -0.9238795325112865 0
vn -0.38268343236509 -0.9238795325112865 0
vn 0.38268343236509 0.9238795325112865 0
vn 0.38268343236509 0.9238795325112865 0
vn 0.38268343236509 0.9238795325112865 0
vn 0.38268343236509 0.9238795325112865 0
vn 0 0 0.9999999999999999
vn 0 0 0.9999999999999999
vn 0 0 0.9999999999999999
vn 0 0 0.9999999999999999
vn 0 0 -0.9999999999999999
vn 0 0 -0.9999999999999999
vn 0 0 -0.9999999999999999
vn 0 0 -0.9999999999999999
f 409/409/409 411/411/411 410/410/410
f 411/411/411 412/412/412 410/410/410
f 413/413/413 415/415/415 414/414/414
f 415/415/415 416/416/416 414/414/414
f 417/417/417 419/419/419 418/418/418
f 419/419/419 420/420/420 418/418/418
f 421/421/421 423/423/423 422/422/422
f 423/423/423 424/424/424 422/422/422
f 425/425/425 427/427/427 426/426/426
f 427/427/427 428/428/428 426/426/426
f 429/429/429 431/431/431 430/430/430
f 431/431/431 432/432/432 430/430/430
o stargate_ring_fore_seg_7
usemtl hull
v -63.79604430796887 122.32968391305748 -50.52631538792659
v -63.79604430796887 122.32968391305748 -104.42105303312601
v -41.3895334922878 131.61076457837203 -50.52631538792659
v -41.3895334922878 131.61076457837203 -104.42105303312601
v -35.95280231202519 55.11015146601427 -104.42105303312601
v -35.95280231202519 55.11015146601427 -50.52631538792659
v -13.546291496344125 64.39123213132883 -104.42105303312601
v -13.546291496344125 64.39123213132883 -50.52631538792659
v -35.95280231202519 55.11015146601427 -104.42105303312601
v -63.79604430796887 122.32968391305748 -104.42105303312601
v -35.95280231202519 55.11015146601427 -50.52631538792659
v -63.79604430796887 122.32968391305748 -50.52631538792659
v -13.546291496344125 64.39123213132883 -50.52631538792659
v -41.3895334922878 131.61076457837203 -50.52631538792659
v -13.546291496344125 64.39123213132883 -104.42105303312601
v -41.3895334922878 131.61076457837203 -104.42105303312601
v -35.95280231202519 55.11015146601427 -50.52631538792659
v -63.79604430796887 122.32968391305748 -50.52631538792659
v -13.546291496344125 64.39123213132883 -50.52631538792659
v -41.3895334922878 131.61076457837203 -50.52631538792659
v -63.79604430796887 122.32968391305748 -104.42105303312601
v -35.95280231202519 55.11015146601427 -104.42105303312601
v -41.3895334922878 131.61076457837203 -104.42105303312601
v -13.546291496344125 64.39123213132883 -104.42105303312601
vt 0 1
vt 1 1
vt 0 0
vt 1 0
vt 0 1
vt 1 1
vt 0 0
vt 1 0
vt 0 1
vt 1 1
vt 0 0
vt 1 0
vt 0 1
vt 1 1
vt 0 0
vt 1 0
vt 0 1
vt 1 1
vt 0 0
vt 1 0
vt 0 1
vt 1 1
vt 0 0
vt 1 0
vn -0.3826834323650904 0.9238795325112863 0
vn -0.3826834323650904 0.9238795325112863 0
vn -0.3826834323650904 0.9238795325112863 0
vn -0.3826834323650904 0.9238795325112863 0
vn 0.3826834323650904 -0.9238795325112863 0
vn 0.3826834323650904 -0.9238795325112863 0
vn 0.3826834323650904 -0.9238795325112863 0
vn 0.3826834323650904 -0.9238795325112863 0
vn -0.9238795325112863 -0.3826834323650904 0
vn -0.9238795325112863 -0.3826834323650904 0
vn -0.9238795325112863 -0.3826834323650904 0
vn -0.9238795325112863 -0.3826834323650904 0
vn 0.9238795325112863 0.3826834323650904 0
vn 0.9238795325112863 0.3826834323650904 0
vn 0.9238795325112863 0.3826834323650904 0
vn 0.9238795325112863 0.3826834323650904 0
vn 0 0 0.9999999999999999
vn 0 0 0.9999999999999999
vn 0 0 0.9999999999999999
vn 0 0 0.9999999999999999
vn 0 0 -0.9999999999999999
vn 0 0 -0.9999999999999999
vn 0 0 -0.9999999999999999
vn 0 0 -0.9999999999999999
f 433/433/433 435/435/435 434/434/434
f 435/435/435 436/436/436 434/434/434
f 437/437/437 439/439/439 438/438/438
f 439/439/439 440/440/440 438/438/438
f 441/441/441 443/443/443 442/442/442
f 443/443/443 444/444/444 442/442/442
f 445/445/445 447/447/447 446/446/446
f 447/447/447 448/448/448 446/446/446
f 449/449/449 451/451/451 450/450/450
f 451/451/451 452/452/452 450/450/450
f 453/453/453 455/455/455 454/454/454
f 455/455/455 456/456/456 454/454/454
o stargate_ring_fore_tip_7
usemtl thruster
v -39.61851391044948 86.40534007752521 -52.9515789072137
v -39.61851391044948 86.40534007752521 -71.81473688225995
v -33.08328205293558 89.11232174616018 -52.9515789072137
v -33.08328205293558 89.11232174616018 -71.81473688225995
v -31.884280022687346 67.73324773112432 -71.81473688225995
v -31.884280022687346 67.73324773112432 -52.9515789072137
v -25.349048165173443 70.44022939975929 -71.81473688225995
v -25.349048165173443 70.44022939975929 -52.9515789072137
v -31.884280022687346 67.73324773112432 -71.81473688225995
v -39.61851391044948 86.40534007752521 -71.81473688225995
v -31.884280022687346 67.73324773112432 -52.9515789072137
v -39.61851391044948 86.40534007752521 -52.9515789072137
v -25.349048165173443 70.44022939975929 -52.9515789072137
v -33.08328205293558 89.11232174616018 -52.9515789072137
v -25.349048165173443 70.44022939975929 -71.81473688225995
v -33.08328205293558 89.11232174616018 -71.81473688225995
v -31.884280022687346 67.73324773112432 -52.9515789072137
v -39.61851391044948 86.40534007752521 -52.9515789072137
v -25.349048165173443 70.44022939975929 -52.9515789072137
v -33.08328205293558 89.11232174616018 -52.9515789072137
v -39.61851391044948 86.40534007752521 -71.81473688225995
v -31.884280022687346 67.73324773112432 -71.81473688225995
v -33.08328205293558 89.11232174616018 -71.81473688225995
v -25.349048165173443 70.44022939975929 -71.81473688225995
vt 0 1
vt 1 1
vt 0 0
vt 1 0
vt 0 1
vt 1 1
vt 0 0
vt 1 0
vt 0 1
vt 1 1
vt 0 0
vt 1 0
vt 0 1
vt 1 1
vt 0 0
vt 1 0
vt 0 1
vt 1 1
vt 0 0
vt 1 0
vt 0 1
vt 1 1
vt 0 0
vt 1 0
vn -0.3826834323650904 0.9238795325112863 0
vn -0.3826834323650904 0.9238795325112863 0
vn -0.3826834323650904 0.9238795325112863 0
vn -0.3826834323650904 0.9238795325112863 0
vn 0.3826834323650904 -0.9238795325112863 0
vn 0.3826834323650904 -0.9238795325112863 0
vn 0.3826834323650904 -0.9238795325112863 0
vn 0.3826834323650904 -0.9238795325112863 0
vn -0.9238795325112863 -0.3826834323650904 0
vn -0.9238795325112863 -0.3826834323650904 0
vn -0.9238795325112863 -0.3826834323650904 0
vn -0.9238795325112863 -0.3826834323650904 0
vn 0.9238795325112863 0.3826834323650904 0
vn 0.9238795325112863 0.3826834323650904 0
vn 0.9238795325112863 0.3826834323650904 0
vn 0.9238795325112863 0.3826834323650904 0
vn 0 0 0.9999999999999999
vn 0 0 0.9999999999999999
vn 0 0 0.9999999999999999
vn 0 0 0.9999999999999999
vn 0 0 -0.9999999999999999
vn 0 0 -0.9999999999999999
vn 0 0 -0.9999999999999999
vn 0 0 -0.9999999999999999
f 457/457/457 459/459/459 458/458/458
f 459/459/459 460/460/460 458/458/458
f 461/461/461 463/463/463 462/462/462
f 463/463/463 464/464/464 462/462/462
f 465/465/465 467/467/467 466/466/466
f 467/467/467 468/468/468 466/466/466
f 469/469/469 471/471/471 470/470/470
f 471/471/471 472/472/472 470/470/470
f 473/473/473 475/475/475 474/474/474
f 475/475/475 476/476/476 474/474/474
f 477/477/477 479/479/479 478/478/478
f 479/479/479 480/480/480 478/478/478
o stargate_ring_fore_rim
usemtl accent
v 89.93724449268004 37.25322643133301 -104.42105263157893
v 37.25322458277079 89.93724002985601 -104.42105263157893
v -37.253226431333005 89.93724449268004 -104.42105263157893
v -89.93724002985601 37.25322458277079 -104.42105263157893
v -89.93724449268004 -37.253226431333 -104.42105263157893
v -37.25322458277079 -89.93724002985601 -104.42105263157893
v 37.253226431333 -89.93724449268004 -104.42105263157893
v 89.93724002985601 -37.25322458277079 -104.42105263157893
v 89.93724449268005 37.25322643133299 -104.42105263157893
v 87.75882846336727 36.350896967500724 -102.06315788469814
v 36.35089714071322 87.75882888153922 -102.06315788469814
v -36.35089696750072 87.75882846336727 -102.06315788469814
v -87.75882888153922 36.35089714071322 -102.06315788469814
v -87.75882846336727 -36.35089696750071 -102.06315788469814
v -36.35089714071322 -87.75882888153922 -102.06315788469814
v 36.35089696750071 -87.75882846336727 -102.06315788469814
v 87.75882888153922 -36.35089714071322 -102.06315788469814
v 87.75882846336728 36.3508969675007 -102.06315788469814
v 85.58041985367709 35.44857057697673 -104.42105263157893
v 35.448569698655646 85.5804177332224 -104.42105263157893
v -35.44857057697672 85.58041985367709 -104.42105263157893
v -85.5804177332224 35.448569698655646 -104.42105263157893
v -85.58041985367709 -35.44857057697672 -104.42105263157893
v -35.448569698655646 -85.5804177332224 -104.42105263157893
v 35.448570576976714 -85.58041985367709 -104.42105263157893
v 85.5804177332224 -35.448569698655646 -104.42105263157893
v 85.5804198536771 35.44857057697671 -104.42105263157893
v 87.75882846336727 36.350896967500724 -106.77894737845972
v 36.35089714071322 87.75882888153922 -106.77894737845972
v -36.35089696750072 87.75882846336727 -106.77894737845972
v -87.75882888153922 36.35089714071322 -106.77894737845972
v -87.75882846336727 -36.35089696750071 -106.77894737845972
v -36.35089714071322 -87.75882888153922 -106.77894737845972
v 36.35089696750071 -87.75882846336727 -106.77894737845972
v 87.75882888153922 -36.35089714071322 -106.77894737845972
v 87.75882846336728 36.3508969675007 -106.77894737845972
v 89.93724449268004 37.25322643133301 -104.42105263157893
v 37.25322458277079 89.93724002985601 -104.42105263157893
v -37.253226431333005 89.93724449268004 -104.42105263157893
v -89.93724002985601 37.25322458277079 -104.42105263157893
v -89.93724449268004 -37.253226431333 -104.42105263157893
v -37.25322458277079 -89.93724002985601 -104.42105263157893
v 37.253226431333 -89.93724449268004 -104.42105263157893
v 89.93724002985601 -37.25322458277079 -104.42105263157893
v 89.93724449268005 37.25322643133299 -104.42105263157893
vt 0 0
vt 0.125 0
vt 0.25 0
vt 0.375 0
vt 0.5 0
vt 0.625 0
vt 0.75 0
vt 0.875 0
vt 1 0
vt 0 0.25
vt 0.125 0.25
vt 0.25 0.25
vt 0.375 0.25
vt 0.5 0.25
vt 0.625 0.25
vt 0.75 0.25
vt 0.875 0.25
vt 1 0.25
vt 0 0.5
vt 0.125 0.5
vt 0.25 0.5
vt 0.375 0.5
vt 0.5 0.5
vt 0.625 0.5
vt 0.75 0.5
vt 0.875 0.5
vt 1 0.5
vt 0 0.75
vt 0.125 0.75
vt 0.25 0.75
vt 0.375 0.75
vt 0.5 0.75
vt 0.625 0.75
vt 0.75 0.75
vt 0.875 0.75
vt 1 0.75
vt 0 1
vt 0.125 1
vt 0.25 1
vt 0.375 1
vt 0.5 1
vt 0.625 1
vt 0.75 1
vt 0.875 1
vt 1 1
vn 0.9238795325112867 0.3826834323650896 0
vn 0.3826834323650898 0.9238795325112866 0
vn -0.38268343236508956 0.9238795325112867 0
vn -0.9238795325112866 0.3826834323650898 0
vn -0.9238795325112867 -0.3826834323650895 0
vn -0.3826834323650898 -0.9238795325112866 0
vn 0.38268343236508945 -0.9238795325112868 0
vn 0.9238795325112866 -0.3826834323650898 0
vn 0.9238795325112868 0.3826834323650894 0
vn 0 0 1
vn 0 0 1
vn 0 0 1
vn 0 0 1
vn 0 0 1
vn 0 0 1
vn 0 0 1
vn 0 0 1
vn 0 0 1
vn -0.9238795325112867 -0.3826834323650896 1.2246468525851676e-16
vn -0.3826834323650898 -0.9238795325112866 1.2246468735441058e-16
vn 0.38268343236508956 -0.9238795325112867 1.2246468525851676e-16
vn 0.9238795325112866 -0.3826834323650898 1.2246468735441058e-16
vn 0.9238795325112867 0.3826834323650895 1.2246468525851676e-16
vn 0.3826834323650898 0.9238795325112866 1.2246468735441058e-16
vn -0.38268343236508945 0.9238795325112868 1.2246468525851676e-16
vn -0.9238795325112866 0.3826834323650898 1.2246468735441058e-16
vn -0.9238795325112868 -0.3826834323650894 1.2246468525851676e-16
vn 0 0 -1
vn 0 0 -1
vn 0 0 -1
vn 0 0 -1
vn 0 0 -1
vn 0 0 -1
vn 0 0 -1
vn 0 0 -1
vn 0 0 -1
vn 0.9238795325112867 0.3826834323650896 -2.449293705170335e-16
vn 0.3826834323650898 0.9238795325112866 -2.4492937470882117e-16
vn -0.38268343236508956 0.9238795325112867 -2.449293705170335e-16
vn -0.9238795325112866 0.3826834323650898 -2.4492937470882117e-16
vn -0.9238795325112867 -0.3826834323650895 -2.449293705170335e-16
vn -0.3826834323650898 -0.9238795325112866 -2.4492937470882117e-16
vn 0.38268343236508945 -0.9238795325112868 -2.449293705170335e-16
vn 0.9238795325112866 -0.3826834323650898 -2.4492937470882117e-16
vn 0.9238795325112868 0.3826834323650894 -2.449293705170335e-16
f 490/490/490 481/481/481 491/491/491
f 481/481/481 482/482/482 491/491/491
f 491/491/491 482/482/482 492/492/492
f 482/482/482 483/483/483 492/492/492
f 492/492/492 483/483/483 493/493/493
f 483/483/483 484/484/484 493/493/493
f 493/493/493 484/484/484 494/494/494
f 484/484/484 485/485/485 494/494/494
f 494/494/494 485/485/485 495/495/495
f 485/485/485 486/486/486 495/495/495
f 495/495/495 486/486/486 496/496/496
f 486/486/486 487/487/487 496/496/496
f 496/496/496 487/487/487 497/497/497
f 487/487/487 488/488/488 497/497/497
f 497/497/497 488/488/488 498/498/498
f 488/488/488 489/489/489 498/498/498
f 499/499/499 490/490/490 500/500/500
f 490/490/490 491/491/491 500/500/500
f 500/500/500 491/491/491 501/501/501
f 491/491/491 492/492/492 501/501/501
f 501/501/501 492/492/492 502/502/502
f 492/492/492 493/493/493 502/502/502
f 502/502/502 493/493/493 503/503/503
f 493/493/493 494/494/494 503/503/503
f 503/503/503 494/494/494 504/504/504
f 494/494/494 495/495/495 504/504/504
f 504/504/504 495/495/495 505/505/505
f 495/495/495 496/496/496 505/505/505
f 505/505/505 496/496/496 506/506/506
f 496/496/496 497/497/497 506/506/506
f 506/506/506 497/497/497 507/507/507
f 497/497/497 498/498/498 507/507/507
f 508/508/508 499/499/499 509/509/509
f 499/499/499 500/500/500 509/509/509
f 509/509/509 500/500/500 510/510/510
f 500/500/500 501/501/501 510/510/510
f 510/510/510 501/501/501 511/511/511
f 501/501/501 502/502/502 511/511/511
f 511/511/511 502/502/502 512/512/512
f 502/502/502 503/503/503 512/512/512
f 512/512/512 503/503/503 513/513/513
f 503/503/503 504/504/504 513/513/513
f 513/513/513 504/504/504 514/514/514
f 504/504/504 505/505/505 514/514/514
f 514/514/514 505/505/505 515/515/515
f 505/505/505 506/506/506 515/515/515
f 515/515/515 506/506/506 516/516/516
f 506/506/506 507/507/507 516/516/516
f 517/517/517 508/508/508 518/518/518
f 508/508/508 509/509/509 518/518/518
f 518/518/518 509/509/509 519/519/519
f 509/509/509 510/510/510 519/519/519
f 519/519/519 510/510/510 520/520/520
f 510/510/510 511/511/511 520/520/520
f 520/520/520 511/511/511 521/521/521
f 511/511/511 512/512/512 521/521/521
f 521/521/521 512/512/512 522/522/522
f 512/512/512 513/513/513 522/522/522
f 522/522/522 513/513/513 523/523/523
f 513/513/513 514/514/514 523/523/523
f 523/523/523 514/514/514 524/524/524
f 514/514/514 515/515/515 524/524/524
f 524/524/524 515/515/515 525/525/525
f 515/515/515 516/516/516 525/525/525
o stargate_ring_fore_rim
usemtl accent
v 89.93724449268004 37.25322643133301 -50.52631578947367
v 37.25322458277079 89.93724002985601 -50.52631578947367
v -37.253226431333005 89.93724449268004 -50.52631578947367
v -89.93724002985601 37.25322458277079 -50.52631578947367
v -89.93724449268004 -37.253226431333 -50.52631578947367
v -37.25322458277079 -89.93724002985601 -50.52631578947367
v 37.253226431333 -89.93724449268004 -50.52631578947367
v 89.93724002985601 -37.25322458277079 -50.52631578947367
v 89.93724449268005 37.25322643133299 -50.52631578947367
v 87.75882846336727 36.350896967500724 -48.16842104259289
v 36.35089714071322 87.75882888153922 -48.16842104259289
v -36.35089696750072 87.75882846336727 -48.16842104259289
v -87.75882888153922 36.35089714071322 -48.16842104259289
v -87.75882846336727 -36.35089696750071 -48.16842104259289
v -36.35089714071322 -87.75882888153922 -48.16842104259289
v 36.35089696750071 -87.75882846336727 -48.16842104259289
v 87.75882888153922 -36.35089714071322 -48.16842104259289
v 87.75882846336728 36.3508969675007 -48.16842104259289
v 85.58041985367709 35.44857057697673 -50.52631578947367
v 35.448569698655646 85.5804177332224 -50.52631578947367
v -35.44857057697672 85.58041985367709 -50.52631578947367
v -85.5804177332224 35.448569698655646 -50.52631578947367
v -85.58041985367709 -35.44857057697672 -50.52631578947367
v -35.448569698655646 -85.5804177332224 -50.52631578947367
v 35.448570576976714 -85.58041985367709 -50.52631578947367
v 85.5804177332224 -35.448569698655646 -50.52631578947367
v 85.5804198536771 35.44857057697671 -50.52631578947367
v 87.75882846336727 36.350896967500724 -52.88421053635445
v 36.35089714071322 87.75882888153922 -52.88421053635445
v -36.35089696750072 87.75882846336727 -52.88421053635445
v -87.75882888153922 36.35089714071322 -52.88421053635445
v -87.75882846336727 -36.35089696750071 -52.88421053635445
v -36.35089714071322 -87.75882888153922 -52.88421053635445
v 36.35089696750071 -87.75882846336727 -52.88421053635445
v 87.75882888153922 -36.35089714071322 -52.88421053635445
v 87.75882846336728 36.3508969675007 -52.88421053635445
v 89.93724449268004 37.25322643133301 -50.52631578947367
v 37.25322458277079 89.93724002985601 -50.52631578947367
v -37.253226431333005 89.93724449268004 -50.52631578947367
v -89.93724002985601 37.25322458277079 -50.52631578947367
v -89.93724449268004 -37.253226431333 -50.52631578947367
v -37.25322458277079 -89.93724002985601 -50.52631578947367
v 37.253226431333 -89.93724449268004 -50.52631578947367
v 89.93724002985601 -37.25322458277079 -50.52631578947367
v 89.93724449268005 37.25322643133299 -50.52631578947367
vt 0 0
vt 0.125 0
vt 0.25 0
vt 0.375 0
vt 0.5 0
vt 0.625 0
vt 0.75 0
vt 0.875 0
vt 1 0
vt 0 0.25
vt 0.125 0.25
vt 0.25 0.25
vt 0.375 0.25
vt 0.5 0.25
vt 0.625 0.25
vt 0.75 0.25
vt 0.875 0.25
vt 1 0.25
vt 0 0.5
vt 0.125 0.5
vt 0.25 0.5
vt 0.375 0.5
vt 0.5 0.5
vt 0.625 0.5
vt 0.75 0.5
vt 0.875 0.5
vt 1 0.5
vt 0 0.75
vt 0.125 0.75
vt 0.25 0.75
vt 0.375 0.75
vt 0.5 0.75
vt 0.625 0.75
vt 0.75 0.75
vt 0.875 0.75
vt 1 0.75
vt 0 1
vt 0.125 1
vt 0.25 1
vt 0.375 1
vt 0.5 1
vt 0.625 1
vt 0.75 1
vt 0.875 1
vt 1 1
vn 0.9238795325112867 0.3826834323650896 0
vn 0.3826834323650898 0.9238795325112866 0
vn -0.38268343236508956 0.9238795325112867 0
vn -0.9238795325112866 0.3826834323650898 0
vn -0.9238795325112867 -0.3826834323650895 0
vn -0.3826834323650898 -0.9238795325112866 0
vn 0.38268343236508945 -0.9238795325112868 0
vn 0.9238795325112866 -0.3826834323650898 0
vn 0.9238795325112868 0.3826834323650894 0
vn 0 0 1
vn 0 0 1
vn 0 0 1
vn 0 0 1
vn 0 0 1
vn 0 0 1
vn 0 0 1
vn 0 0 1
vn 0 0 1
vn -0.9238795325112867 -0.3826834323650896 1.2246468525851676e-16
vn -0.3826834323650898 -0.9238795325112866 1.2246468735441058e-16
vn 0.38268343236508956 -0.9238795325112867 1.2246468525851676e-16
vn 0.9238795325112866 -0.3826834323650898 1.2246468735441058e-16
vn 0.9238795325112867 0.3826834323650895 1.2246468525851676e-16
vn 0.3826834323650898 0.9238795325112866 1.2246468735441058e-16
vn -0.38268343236508945 0.9238795325112868 1.2246468525851676e-16
vn -0.9238795325112866 0.3826834323650898 1.2246468735441058e-16
vn -0.9238795325112868 -0.3826834323650894 1.2246468525851676e-16
vn 0 0 -1
vn 0 0 -1
vn 0 0 -1
vn 0 0 -1
vn 0 0 -1
vn 0 0 -1
vn 0 0 -1
vn 0 0 -1
vn 0 0 -1
vn 0.9238795325112867 0.3826834323650896 -2.449293705170335e-16
vn 0.3826834323650898 0.9238795325112866 -2.4492937470882117e-16
vn -0.38268343236508956 0.9238795325112867 -2.449293705170335e-16
vn -0.9238795325112866 0.3826834323650898 -2.4492937470882117e-16
vn -0.9238795325112867 -0.3826834323650895 -2.449293705170335e-16
vn -0.3826834323650898 -0.9238795325112866 -2.4492937470882117e-16
vn 0.38268343236508945 -0.9238795325112868 -2.449293705170335e-16
vn 0.9238795325112866 -0.3826834323650898 -2.4492937470882117e-16
vn 0.9238795325112868 0.3826834323650894 -2.449293705170335e-16
f 535/535/535 526/526/526 536/536/536
f 526/526/526 527/527/527 536/536/536
f 536/536/536 527/527/527 537/537/537
f 527/527/527 528/528/528 537/537/537
f 537/537/537 528/528/528 538/538/538
f 528/528/528 529/529/529 538/538/538
f 538/538/538 529/529/529 539/539/539
f 529/529/529 530/530/530 539/539/539
f 539/539/539 530/530/530 540/540/540
f 530/530/530 531/531/531 540/540/540
f 540/540/540 531/531/531 541/541/541
f 531/531/531 532/532/532 541/541/541
f 541/541/541 532/532/532 542/542/542
f 532/532/532 533/533/533 542/542/542
f 542/542/542 533/533/533 543/543/543
f 533/533/533 534/534/534 543/543/543
f 544/544/544 535/535/535 545/545/545
f 535/535/535 536/536/536 545/545/545
f 545/545/545 536/536/536 546/546/546
f 536/536/536 537/537/537 546/546/546
f 546/546/546 537/537/537 547/547/547
f 537/537/537 538/538/538 547/547/547
f 547/547/547 538/538/538 548/548/548
f 538/538/538 539/539/539 548/548/548
f 548/548/548 539/539/539 549/549/549
f 539/539/539 540/540/540 549/549/549
f 549/549/549 540/540/540 550/550/550
f 540/540/540 541/541/541 550/550/550
f 550/550/550 541/541/541 551/551/551
f 541/541/541 542/542/542 551/551/551
f 551/551/551 542/542/542 552/552/552
f 542/542/542 543/543/543 552/552/552
f 553/553/553 544/544/544 554/554/554
f 544/544/544 545/545/545 554/554/554
f 554/554/554 545/545/545 555/555/555
f 545/545/545 546/546/546 555/555/555
f 555/555/555 546/546/546 556/556/556
f 546/546/546 547/547/547 556/556/556
f 556/556/556 547/547/547 557/557/557
f 547/547/547 548/548/548 557/557/557
f 557/557/557 548/548/548 558/558/558
f 548/548/548 549/549/549 558/558/558
f 558/558/558 549/549/549 559/559/559
f 549/549/549 550/550/550 559/559/559
f 559/559/559 550/550/550 560/560/560
f 550/550/550 551/551/551 560/560/560
f 560/560/560 551/551/551 561/561/561
f 551/551/551 552/552/552 561/561/561
f 562/562/562 553/553/553 563/563/563
f 553/553/553 554/554/554 563/563/563
f 563/563/563 554/554/554 564/564/564
f 554/554/554 555/555/555 564/564/564
f 564/564/564 555/555/555 565/565/565
f 555/555/555 556/556/556 565/565/565
f 565/565/565 556/556/556 566/566/566
f 556/556/556 557/557/557 566/566/566
f 566/566/566 557/557/557 567/567/567
f 557/557/557 558/558/558 567/567/567
f 567/567/567 558/558/558 568/568/568
f 558/558/558 559/559/559 568/568/568
f 568/568/568 559/559/559 569/569/569
f 559/559/559 560/560/560 569/569/569
f 569/569/569 560/560/560 570/570/570
f 560/560/560 561/561/561 570/570/570
o stargate_ring_fore_aperture
usemtl aperture
v 0 0 -83.94105263157893
v 76.55557676533802 31.710358171497603 -83.94105263157893
v 31.71035694148448 76.55557379582365 -83.94105263157893
v -31.7103581714976 76.55557676533802 -83.94105263157893
v -76.55557379582365 31.71035694148448 -83.94105263157893
v -76.55557676533802 -31.710358171497592 -83.94105263157893
v -31.71035694148448 -76.55557379582365 -83.94105263157893
v 31.71035817149759 -76.55557676533802 -83.94105263157893
v 76.55557379582365 -31.71035694148448 -83.94105263157893
v 76.55557676533803 31.710358171497585 -83.94105263157893
vt 0.5 0.5
vt 1 0.5
vt 0.8535534143447876 0.8535534143447876
vt 0.5 1
vt 0.1464466154575348 0.8535534143447876
vt 0 0.5
vt 0.1464466154575348 0.1464466154575348
vt 0.5 0
vt 0.8535534143447876 0.1464466154575348
vt 1 0.5
vn 0 0 1
vn 0 0 1
vn 0 0 1
vn 0 0 1
vn 0 0 1
vn 0 0 1
vn 0 0 1
vn 0 0 1
vn 0 0 1
vn 0 0 1
f 572/572/572 573/573/573 571/571/571
f 573/573/573 574/574/574 571/571/571
f 574/574/574 575/575/575 571/571/571
f 575/575/575 576/576/576 571/571/571
f 576/576/576 577/577/577 571/571/571
f 577/577/577 578/578/578 571/571/571
f 578/578/578 579/579/579 571/571/571
f 579/579/579 580/580/580 571/571/571
o stargate_ring_aft_seg_0
usemtl hull
v 30.35232447099588 96.51455942419737 85.8947360390111
v 30.35232447099588 96.51455942419737 42.10526396098889
v 46.78376499386641 89.70843391029754 85.8947360390111
v 46.78376499386641 89.70843391029754 42.10526396098889
v 9.933947929296377 47.22023785558579 42.10526396098889
v 9.933947929296377 47.22023785558579 85.8947360390111
v 26.365388452166904 40.414112341685964 42.10526396098889
v 26.365388452166904 40.414112341685964 85.8947360390111
v 9.933947929296377 47.22023785558579 42.10526396098889
v 30.35232447099588 96.51455942419737 42.10526396098889
v 9.933947929296377 47.22023785558579 85.8947360390111
v 30.35232447099588 96.51455942419737 85.8947360390111
v 26.365388452166904 40.414112341685964 85.8947360390111
v 46.78376499386641 89.70843391029754 85.8947360390111
v 26.365388452166904 40.414112341685964 42.10526396098889
v 46.78376499386641 89.70843391029754 42.10526396098889
v 9.933947929296377 47.22023785558579 85.8947360390111
v 30.35232447099588 96.51455942419737 85.8947360390111
v 26.365388452166904 40.414112341685964 85.8947360390111
v 46.78376499386641 89.70843391029754 85.8947360390111
v 30.35232447099588 96.51455942419737 42.10526396098889
v 9.933947929296377 47.22023785558579 42.10526396098889
v 46.78376499386641 89.70843391029754 42.10526396098889
v 26.365388452166904 40.414112341685964 42.10526396098889
vt 0 1
vt 1 1
vt 0 0
vt 1 0
vt 0 1
vt 1 1
vt 0 0
vt 1 0
vt 0 1
vt 1 1
vt 0 0
vt 1 0
vt 0 1
vt 1 1
vt 0 0
vt 1 0
vt 0 1
vt 1 1
vt 0 0
vt 1 0
vt 0 1
vt 1 1
vt 0 0
vt 1 0
vn 0.38268343236508984 0.9238795325112867 0
vn 0.38268343236508984 0.9238795325112867 0
vn 0.38268343236508984 0.9238795325112867 0
vn 0.38268343236508984 0.9238795325112867 0
vn -0.38268343236508984 -0.9238795325112867 0
vn -0.38268343236508984 -0.9238795325112867 0
vn -0.38268343236508984 -0.9238795325112867 0
vn -0.38268343236508984 -0.9238795325112867 0
vn -0.9238795325112867 0.38268343236508984 0
vn -0.9238795325112867 0.38268343236508984 0
vn -0.9238795325112867 0.38268343236508984 0
vn -0.9238795325112867 0.38268343236508984 0
vn 0.9238795325112867 -0.38268343236508984 0
vn 0.9238795325112867 -0.38268343236508984 0
vn 0.9238795325112867 -0.38268343236508984 0
vn 0.9238795325112867 -0.38268343236508984 0
vn 0 0 0.9999999999999999
vn 0 0 0.9999999999999999
vn 0 0 0.9999999999999999
vn 0 0 0.9999999999999999
vn 0 0 -0.9999999999999999
vn 0 0 -0.9999999999999999
vn 0 0 -0.9999999999999999
vn 0 0 -0.9999999999999999
f 581/581/581 583/583/583 582/582/582
f 583/583/583 584/584/584 582/582/582
f 585/585/585 587/587/587 586/586/586
f 587/587/587 588/588/588 586/586/586
f 589/589/589 591/591/591 590/590/590
f 591/591/591 592/592/592 590/590/590
f 593/593/593 595/595/595 594/594/594
f 595/595/595 596/596/596 594/594/594
f 597/597/597 599/599/599 598/598/598
f 599/599/599 600/600/600 598/598/598
f 601/601/601 603/603/603 602/602/602
f 603/603/603 604/604/604 602/602/602
o stargate_ring_aft_stud_0
usemtl plate
v 31.672955292746735 91.9569889193661 76.04210482145609
v 31.672955292746735 91.9569889193661 51.957895178543886
v 42.62724897466042 87.41957191009953 76.04210482145609
v 42.62724897466042 87.41957191009953 51.957895178543886
v 23.165298016208407 71.41768733832512 51.957895178543886
v 23.165298016208407 71.41768733832512 76.04210482145609
v 34.11959169812209 66.88027032905856 51.957895178543886
v 34.11959169812209 66.88027032905856 76.04210482145609
v 23.165298016208407 71.41768733832512 51.957895178543886
v 31.672955292746735 91.9569889193661 51.957895178543886
v 23.165298016208407 71.41768733832512 76.04210482145609
v 31.672955292746735 91.9569889193661 76.04210482145609
v 34.11959169812209 66.88027032905856 76.04210482145609
v 42.62724897466042 87.41957191009953 76.04210482145609
v 34.11959169812209 66.88027032905856 51.957895178543886
v 42.62724897466042 87.41957191009953 51.957895178543886
v 23.165298016208407 71.41768733832512 76.04210482145609
v 31.672955292746735 91.9569889193661 76.04210482145609
v 34.11959169812209 66.88027032905856 76.04210482145609
v 42.62724897466042 87.41957191009953 76.04210482145609
v 31.672955292746735 91.9569889193661 51.957895178543886
v 23.165298016208407 71.41768733832512 51.957895178543886
v 42.62724897466042 87.41957191009953 51.957895178543886
v 34.11959169812209 66.88027032905856 51.957895178543886
vt 0 1
vt 1 1
vt 0 0
vt 1 0
vt 0 1
vt 1 1
vt 0 0
vt 1 0
vt 0 1
vt 1 1
vt 0 0
vt 1 0
vt 0 1
vt 1 1
vt 0 0
vt 1 0
vt 0 1
vt 1 1
vt 0 0
vt 1 0
vt 0 1
vt 1 1
vt 0 0
vt 1 0
vn 0.38268343236508984 0.9238795325112867 0
vn 0.38268343236508984 0.9238795325112867 0
vn 0.38268343236508984 0.9238795325112867 0
vn 0.38268343236508984 0.9238795325112867 0
vn -0.38268343236508984 -0.9238795325112867 0
vn -0.38268343236508984 -0.9238795325112867 0
vn -0.38268343236508984 -0.9238795325112867 0
vn -0.38268343236508984 -0.9238795325112867 0
vn -0.9238795325112867 0.38268343236508984 0
vn -0.9238795325112867 0.38268343236508984 0
vn -0.9238795325112867 0.38268343236508984 0
vn -0.9238795325112867 0.38268343236508984 0
vn 0.9238795325112867 -0.38268343236508984 0
vn 0.9238795325112867 -0.38268343236508984 0
vn 0.9238795325112867 -0.38268343236508984 0
vn 0.9238795325112867 -0.38268343236508984 0
vn 0 0 0.9999999999999999
vn 0 0 0.9999999999999999
vn 0 0 0.9999999999999999
vn 0 0 0.9999999999999999
vn 0 0 -0.9999999999999999
vn 0 0 -0.9999999999999999
vn 0 0 -0.9999999999999999
vn 0 0 -0.9999999999999999
f 605/605/605 607/607/607 606/606/606
f 607/607/607 608/608/608 606/606/606
f 609/609/609 611/611/611 610/610/610
f 611/611/611 612/612/612 610/610/610
f 613/613/613 615/615/615 614/614/614
f 615/615/615 616/616/616 614/614/614
f 617/617/617 619/619/619 618/618/618
f 619/619/619 620/620/620 618/618/618
f 621/621/621 623/623/623 622/622/622
f 623/623/623 624/624/624 622/622/622
f 625/625/625 627/627/627 626/626/626
f 627/627/627 628/628/628 626/626/626
o stargate_ring_aft_tip_0
usemtl thruster
v 24.261073315601347 65.34903566364412 83.92421074716667
v 24.261073315601347 65.34903566364412 68.5978945159912
v 29.053576801438584 63.36391572208999 83.92421074716667
v 29.053576801438584 63.36391572208999 68.5978945159912
v 18.58930205401815 51.65616856125201 68.5978945159912
v 18.58930205401815 51.65616856125201 83.92421074716667
v 23.38180553985539 49.671048619697885 68.5978945159912
v 23.38180553985539 49.671048619697885 83.92421074716667
v 18.58930205401815 51.65616856125201 68.5978945159912
v 24.261073315601347 65.34903566364412 68.5978945159912
v 18.58930205401815 51.65616856125201 83.92421074716667
v 24.261073315601347 65.34903566364412 83.92421074716667
v 23.38180553985539 49.671048619697885 83.92421074716667
v 29.053576801438584 63.36391572208999 83.92421074716667
v 23.38180553985539 49.671048619697885 68.5978945159912
v 29.053576801438584 63.36391572208999 68.5978945159912
v 18.58930205401815 51.65616856125201 83.92421074716667
v 24.261073315601347 65.34903566364412 83.92421074716667
v 23.38180553985539 49.671048619697885 83.92421074716667
v 29.053576801438584 63.36391572208999 83.92421074716667
v 24.261073315601347 65.34903566364412 68.5978945159912
v 18.58930205401815 51.65616856125201 68.5978945159912
v 29.053576801438584 63.36391572208999 68.5978945159912
v 23.38180553985539 49.671048619697885 68.5978945159912
vt 0 1
vt 1 1
vt 0 0
vt 1 0
vt 0 1
vt 1 1
vt 0 0
vt 1 0
vt 0 1
vt 1 1
vt 0 0
vt 1 0
vt 0 1
vt 1 1
vt 0 0
vt 1 0
vt 0 1
vt 1 1
vt 0 0
vt 1 0
vt 0 1
vt 1 1
vt 0 0
vt 1 0
vn 0.38268343236508984 0.9238795325112867 0
vn 0.38268343236508984 0.9238795325112867 0
vn 0.38268343236508984 0.9238795325112867 0
vn 0.38268343236508984 0.9238795325112867 0
vn -0.38268343236508984 -0.9238795325112867 0
vn -0.38268343236508984 -0.9238795325112867 0
vn -0.38268343236508984 -0.9238795325112867 0
vn -0.38268343236508984 -0.9238795325112867 0
vn -0.9238795325112867 0.38268343236508984 0
vn -0.9238795325112867 0.38268343236508984 0
vn -0.9238795325112867 0.38268343236508984 0
vn -0.9238795325112867 0.38268343236508984 0
vn 0.9238795325112867 -0.38268343236508984 0
vn 0.9238795325112867 -0.38268343236508984 0
vn 0.9238795325112867 -0.38268343236508984 0
vn 0.9238795325112867 -0.38268343236508984 0
vn 0 0 0.9999999999999999
vn 0 0 0.9999999999999999
vn 0 0 0.9999999999999999
vn 0 0 0.9999999999999999
vn 0 0 -0.9999999999999999
vn 0 0 -0.9999999999999999
vn 0 0 -0.9999999999999999
vn 0 0 -0.9999999999999999
f 629/629/629 631/631/631 630/630/630
f 631/631/631 632/632/632 630/630/630
f 633/633/633 635/635/635 634/634/634
f 635/635/635 636/636/636 634/634/634
f 637/637/637 639/639/639 638/638/638
f 639/639/639 640/640/640 638/638/638
f 641/641/641 643/643/643 642/642/642
f 643/643/643 644/644/644 642/642/642
f 645/645/645 647/647/647 646/646/646
f 647/647/647 648/648/648 646/646/646
f 649/649/649 651/651/651 650/650/650
f 651/651/651 652/652/652 650/650/650
o stargate_ring_aft_seg_1
usemtl hull
v 89.70843391029754 46.78376499386641 85.8947360390111
v 89.70843391029754 46.78376499386641 42.10526396098889
v 96.51455942419739 30.35232447099588 85.8947360390111
v 96.51455942419739 30.35232447099588 42.10526396098889
v 40.41411234168596 26.36538845216691 42.10526396098889
v 40.41411234168596 26.36538845216691 85.8947360390111
v 47.22023785558579 9.933947929296384 42.10526396098889
v 47.22023785558579 9.933947929296384 85.8947360390111
v 40.41411234168596 26.36538845216691 42.10526396098889
v 89.70843391029754 46.78376499386641 42.10526396098889
v 40.41411234168596 26.36538845216691 85.8947360390111
v 89.70843391029754 46.78376499386641 85.8947360390111
v 47.22023785558579 9.933947929296384 85.8947360390111
v 96.51455942419739 30.35232447099588 85.8947360390111
v 47.22023785558579 9.933947929296384 42.10526396098889
v 96.51455942419739 30.35232447099588 42.10526396098889
v 40.41411234168596 26.36538845216691 85.8947360390111
v 89.70843391029754 46.78376499386641 85.8947360390111
v 47.22023785558579 9.933947929296384 85.8947360390111
v 96.51455942419739 30.35232447099588 85.8947360390111
v 89.70843391029754 46.78376499386641 42.10526396098889
v 40.41411234168596 26.36538845216691 42.10526396098889
v 96.51455942419739 30.35232447099588 42.10526396098889
v 47.22023785558579 9.933947929296384 42.10526396098889
vt 0 1
vt 1 1
vt 0 0
vt 1 0
vt 0 1
vt 1 1
vt 0 0
vt 1 0
vt 0 1
vt 1 1
vt 0 0
vt 1 0
vt 0 1
vt 1 1
vt 0 0
vt 1 0
vt 0 1
vt 1 1
vt 0 0
vt 1 0
vt 0 1
vt 1 1
vt 0 0
vt 1 0
vn 0.9238795325112867 0.3826834323650896 0
vn 0.9238795325112867 0.3826834323650896 0
vn 0.9238795325112867 0.3826834323650896 0
vn 0.9238795325112867 0.3826834323650896 0
vn -0.9238795325112867 -0.3826834323650896 0
vn -0.9238795325112867 -0.3826834323650896 0
vn -0.9238795325112867 -0.3826834323650896 0
vn -0.9238795325112867 -0.3826834323650896 0
vn -0.3826834323650896 0.9238795325112867 0
vn -0.3826834323650896 0.9238795325112867 0
vn -0.3826834323650896 0.9238795325112867 0
vn -0.3826834323650896 0.9238795325112867 0
vn 0.3826834323650896 -0.9238795325112867 0
vn 0.3826834323650896 -0.9238795325112867 0
vn 0.3826834323650896 -0.9238795325112867 0
vn 0.3826834323650896 -0.9238795325112867 0
vn 0 0 1
vn 0 0 1
vn 0 0 1
vn 0 0 1
vn 0 0 -1
vn 0 0 -1
vn 0 0 -1
vn 0 0 -1
f 653/653/653 655/655/655 654/654/654
f 655/655/655 656/656/656 654/654/654
f 657/657/657 659/659/659 658/658/658
f 659/659/659 660/660/660 658/658/658
f 661/661/661 663/663/663 662/662/662
f 663/663/663 664/664/664 662/662/662
f 665/665/665 667/667/667 666/666/666
f 667/667/667 668/668/668 666/666/666
f 669/669/669 671/671/671 670/670/670
f 671/671/671 672/672/672 670/670/670
f 673/673/673 675/675/675 674/674/674
f 675/675/675 676/676/676 674/674/674
o stargate_ring_aft_tip_1
usemtl thruster
v 63.36391572209 29.053576801438588 83.92421074716667
v 63.36391572209 29.053576801438588 68.5978945159912
v 65.34903566364412 24.26107331560135 83.92421074716667
v 65.34903566364412 24.26107331560135 68.5978945159912
v 49.671048619697885 23.381805539855392 68.5978945159912
v 49.671048619697885 23.381805539855392 83.92421074716667
v 51.656168561252 18.589302054018155 68.5978945159912
v 51.656168561252 18.589302054018155 83.92421074716667
v 49.671048619697885 23.381805539855392 68.5978945159912
v 63.36391572209 29.053576801438588 68.5978945159912
v 49.671048619697885 23.381805539855392 83.92421074716667
v 63.36391572209 29.053576801438588 83.92421074716667
v 51.656168561252 18.589302054018155 83.92421074716667
v 65.34903566364412 24.26107331560135 83.92421074716667
v 51.656168561252 18.589302054018155 68.5978945159912
v 65.34903566364412 24.26107331560135 68.5978945159912
v 49.671048619697885 23.381805539855392 83.92421074716667
v 63.36391572209 29.053576801438588 83.92421074716667
v 51.656168561252 18.589302054018155 83.92421074716667
v 65.34903566364412 24.26107331560135 83.92421074716667
v 63.36391572209 29.053576801438588 68.5978945159912
v 49.671048619697885 23.381805539855392 68.5978945159912
v 65.34903566364412 24.26107331560135 68.5978945159912
v 51.656168561252 18.589302054018155 68.5978945159912
vt 0 1
vt 1 1
vt 0 0
vt 1 0
vt 0 1
vt 1 1
vt 0 0
vt 1 0
vt 0 1
vt 1 1
vt 0 0
vt 1 0
vt 0 1
vt 1 1
vt 0 0
vt 1 0
vt 0 1
vt 1 1
vt 0 0
vt 1 0
vt 0 1
vt 1 1
vt 0 0
vt 1 0
vn 0.9238795325112867 0.3826834323650896 0
vn 0.9238795325112867 0.3826834323650896 0
vn 0.9238795325112867 0.3826834323650896 0
vn 0.9238795325112867 0.3826834323650896 0
vn -0.9238795325112867 -0.3826834323650896 0
vn -0.9238795325112867 -0.3826834323650896 0
vn -0.9238795325112867 -0.3826834323650896 0
vn -0.9238795325112867 -0.3826834323650896 0
vn -0.3826834323650896 0.9238795325112867 0
vn -0.3826834323650896 0.9238795325112867 0
vn -0.3826834323650896 0.9238795325112867 0
vn -0.3826834323650896 0.9238795325112867 0
vn 0.3826834323650896 -0.9238795325112867 0
vn 0.3826834323650896 -0.9238795325112867 0
vn 0.3826834323650896 -0.9238795325112867 0
vn 0.3826834323650896 -0.9238795325112867 0
vn 0 0 1
vn 0 0 1
vn 0 0 1
vn 0 0 1
vn 0 0 -1
vn 0 0 -1
vn 0 0 -1
vn 0 0 -1
f 677/677/677 679/679/679 678/678/678
f 679/679/679 680/680/680 678/678/678
f 681/681/681 683/683/683 682/682/682
f 683/683/683 684/684/684 682/682/682
f 685/685/685 687/687/687 686/686/686
f 687/687/687 688/688/688 686/686/686
f 689/689/689 691/691/691 690/690/690
f 691/691/691 692/692/692 690/690/690
f 693/693/693 695/695/695 694/694/694
f 695/695/695 696/696/696 694/694/694
f 697/697/697 699/699/699 698/698/698
f 699/699/699 700/700/700 698/698/698
o stargate_ring_aft_seg_2
usemtl hull
v 96.51455942419739 -30.35232447099587 85.8947360390111
v 96.51455942419739 -30.35232447099587 42.10526396098889
v 89.70843391029754 -46.7837649938664 85.8947360390111
v 89.70843391029754 -46.7837649938664 42.10526396098889
v 47.22023785558579 -9.933947929296373 42.10526396098889
v 47.22023785558579 -9.933947929296373 85.8947360390111
v 40.41411234168596 -26.3653884521669 42.10526396098889
v 40.41411234168596 -26.3653884521669 85.8947360390111
v 47.22023785558579 -9.933947929296373 42.10526396098889
v 96.51455942419739 -30.35232447099587 42.10526396098889
v 47.22023785558579 -9.933947929296373 85.8947360390111
v 96.51455942419739 -30.35232447099587 85.8947360390111
v 40.41411234168596 -26.3653884521669 85.8947360390111
v 89.70843391029754 -46.7837649938664 85.8947360390111
v 40.41411234168596 -26.3653884521669 42.10526396098889
v 89.70843391029754 -46.7837649938664 42.10526396098889
v 47.22023785558579 -9.933947929296373 85.8947360390111
v 96.51455942419739 -30.35232447099587 85.8947360390111
v 40.41411234168596 -26.3653884521669 85.8947360390111
v 89.70843391029754 -46.7837649938664 85.8947360390111
v 96.51455942419739 -30.35232447099587 42.10526396098889
v 47.22023785558579 -9.933947929296373 42.10526396098889
v 89.70843391029754 -46.7837649938664 42.10526396098889
v 40.41411234168596 -26.3653884521669 42.10526396098889
vt 0 1
vt 1 1
vt 0 0
vt 1 0
vt 0 1
vt 1 1
vt 0 0
vt 1 0
vt 0 1
vt 1 1
vt 0 0
vt 1 0
vt 0 1
vt 1 1
vt 0 0
vt 1 0
vt 0 1
vt 1 1
vt 0 0
vt 1 0
vt 0 1
vt 1 1
vt 0 0
vt 1 0
vn 0.9238795325112867 -0.3826834323650896 0
vn 0.9238795325112867 -0.3826834323650896 0
vn 0.9238795325112867 -0.3826834323650896 0
vn 0.9238795325112867 -0.3826834323650896 0
vn -0.9238795325112867 0.3826834323650896 0
vn -0.9238795325112867 0.3826834323650896 0
vn -0.9238795325112867 0.3826834323650896 0
vn -0.9238795325112867 0.3826834323650896 0
vn 0.3826834323650896 0.9238795325112867 0
vn 0.3826834323650896 0.9238795325112867 0
vn 0.3826834323650896 0.9238795325112867 0
vn 0.3826834323650896 0.9238795325112867 0
vn -0.3826834323650896 -0.9238795325112867 0
vn -0.3826834323650896 -0.9238795325112867 0
vn -0.3826834323650896 -0.9238795325112867 0
vn -0.3826834323650896 -0.9238795325112867 0
vn 0 0 1
vn 0 0 1
vn 0 0 1
vn 0 0 1
vn 0 0 -1
vn 0 0 -1
vn 0 0 -1
vn 0 0 -1
f 701/701/701 703/703/703 702/702/702
f 703/703/703 704/704/704 702/702/702
f 705/705/705 707/707/707 706/706/706
f 707/707/707 708/708/708 706/706/706
f 709/709/709 711/711/711 710/710/710
f 711/711/711 712/712/712 710/710/710
f 713/713/713 715/715/715 714/714/714
f 715/715/715 716/716/716 714/714/714
f 717/717/717 719/719/719 718/718/718
f 719/719/719 720/720/720 718/718/718
f 721/721/721 723/723/723 722/722/722
f 723/723/723 724/724/724 722/722/722
o stargate_ring_aft_stud_2
usemtl plate
v 91.9569889193661 -31.672955292746728 76.04210482145609
v 91.9569889193661 -31.672955292746728 51.957895178543886
v 87.41957191009955 -42.62724897466042 76.04210482145609
v 87.41957191009955 -42.62724897466042 51.957895178543886
v 71.41768733832511 -23.1652980162084 51.957895178543886
v 71.41768733832511 -23.1652980162084 76.04210482145609
v 66.88027032905856 -34.119591698122086 51.957895178543886
v 66.88027032905856 -34.119591698122086 76.04210482145609
v 71.41768733832511 -23.1652980162084 51.957895178543886
v 91.9569889193661 -31.672955292746728 51.957895178543886
v 71.41768733832511 -23.1652980162084 76.04210482145609
v 91.9569889193661 -31.672955292746728 76.04210482145609
v 66.88027032905856 -34.119591698122086 76.04210482145609
v 87.41957191009955 -42.62724897466042 76.04210482145609
v 66.88027032905856 -34.119591698122086 51.957895178543886
v 87.41957191009955 -42.62724897466042 51.957895178543886
v 71.41768733832511 -23.1652980162084 76.04210482145609
v 91.9569889193661 -31.672955292746728 76.04210482145609
v 66.88027032905856 -34.119591698122086 76.04210482145609
v 87.41957191009955 -42.62724897466042 76.04210482145609
v 91.9569889193661 -31.672955292746728 51.957895178543886
v 71.41768733832511 -23.1652980162084 51.957895178543886
v 87.41957191009955 -42.62724897466042 51.957895178543886
v 66.88027032905856 -34.119591698122086 51.957895178543886
vt 0 1
vt 1 1
vt 0 0
vt 1 0
vt 0 1
vt 1 1
vt 0 0
vt 1 0
vt 0 1
vt 1 1
vt 0 0
vt 1 0
vt 0 1
vt 1 1
vt 0 0
vt 1 0
vt 0 1
vt 1 1
vt 0 0
vt 1 0
vt 0 1
vt 1 1
vt 0 0
vt 1 0
vn 0.9238795325112867 -0.3826834323650896 0
vn 0.9238795325112867 -0.3826834323650896 0
vn 0.9238795325112867 -0.3826834323650896 0
vn 0.9238795325112867 -0.3826834323650896 0
vn -0.9238795325112867 0.3826834323650896 0
vn -0.9238795325112867 0.3826834323650896 0
vn -0.9238795325112867 0.3826834323650896 0
vn -0.9238795325112867 0.3826834323650896 0
vn 0.3826834323650896 0.9238795325112867 0
vn 0.3826834323650896 0.9238795325112867 0
vn 0.3826834323650896 0.9238795325112867 0
vn 0.3826834323650896 0.9238795325112867 0
vn -0.3826834323650896 -0.9238795325112867 0
vn -0.3826834323650896 -0.9238795325112867 0
vn -0.3826834323650896 -0.9238795325112867 0
vn -0.3826834323650896 -0.9238795325112867 0
vn 0 0 1
vn 0 0 1
vn 0 0 1
vn 0 0 1
vn 0 0 -1
vn 0 0 -1
vn 0 0 -1
vn 0 0 -1
f 725/725/725 727/727/727 726/726/726
f 727/727/727 728/728/728 726/726/726
f 729/729/729 731/731/731 730/730/730
f 731/731/731 732/732/732 730/730/730
f 733/733/733 735/735/735 734/734/734
f 735/735/735 736/736/736 734/734/734
f 737/737/737 739/739/739 738/738/738
f 739/739/739 740/740/740 738/738/738
f 741/741/741 743/743/743 742/742/742
f 743/743/743 744/744/744 742/742/742
f 745/745/745 747/747/747 746/746/746
f 747/747/747 748/748/748 746/746/746
o stargate_ring_aft_tip_2
usemtl thruster
v 65.34903566364412 -24.261073315601344 83.92421074716667
v 65.34903566364412 -24.261073315601344 68.5978945159912
v 63.36391572209 -29.05357680143858 83.92421074716667
v 63.36391572209 -29.05357680143858 68.5978945159912
v 51.656168561252 -18.589302054018148 68.5978945159912
v 51.656168561252 -18.589302054018148 83.92421074716667
v 49.671048619697885 -23.381805539855385 68.5978945159912
v 49.671048619697885 -23.381805539855385 83.92421074716667
v 51.656168561252 -18.589302054018148 68.5978945159912
v 65.34903566364412 -24.261073315601344 68.5978945159912
v 51.656168561252 -18.589302054018148 83.92421074716667
v 65.34903566364412 -24.261073315601344 83.92421074716667
v 49.671048619697885 -23.381805539855385 83.92421074716667
v 63.36391572209 -29.05357680143858 83.92421074716667
v 49.671048619697885 -23.381805539855385 68.5978945159912
v 63.36391572209 -29.05357680143858 68.5978945159912
v 51.656168561252 -18.589302054018148 83.92421074716667
v 65.34903566364412 -24.261073315601344 83.92421074716667
v 49.671048619697885 -23.381805539855385 83.92421074716667
v 63.36391572209 -29.05357680143858 83.92421074716667
v 65.34903566364412 -24.261073315601344 68.5978945159912
v 51.656168561252 -18.589302054018148 68.5978945159912
v 63.36391572209 -29.05357680143858 68.5978945159912
v 49.671048619697885 -23.381805539855385 68.5978945159912
vt 0 1
vt 1 1
vt 0 0
vt 1 0
vt 0 1
vt 1 1
vt 0 0
vt 1 0
vt 0 1
vt 1 1
vt 0 0
vt 1 0
vt 0 1
vt 1 1
vt 0 0
vt 1 0
vt 0 1
vt 1 1
vt 0 0
vt 1 0
vt 0 1
vt 1 1
vt 0 0
vt 1 0
vn 0.9238795325112867 -0.3826834323650896 0
vn 0.9238795325112867 -0.3826834323650896 0
vn 0.9238795325112867 -0.3826834323650896 0
vn 0.9238795325112867 -0.3826834323650896 0
vn -0.9238795325112867 0.3826834323650896 0
vn -0.9238795325112867 0.3826834323650896 0
vn -0.9238795325112867 0.3826834323650896 0
vn -0.9238795325112867 0.3826834323650896 0
vn 0.3826834323650896 0.9238795325112867 0
vn 0.3826834323650896 0.9238795325112867 0
vn 0.3826834323650896 0.9238795325112867 0
vn 0.3826834323650896 0.9238795325112867 0
vn -0.3826834323650896 -0.9238795325112867 0
vn -0.3826834323650896 -0.9238795325112867 0
vn -0.3826834323650896 -0.9238795325112867 0
vn -0.3826834323650896 -0.9238795325112867 0
vn 0 0 1
vn 0 0 1
vn 0 0 1
vn 0 0 1
vn 0 0 -1
vn 0 0 -1
vn 0 0 -1
vn 0 0 -1
f 749/749/749 751/751/751 750/750/750
f 751/751/751 752/752/752 750/750/750
f 753/753/753 755/755/755 754/754/754
f 755/755/755 756/756/756 754/754/754
f 757/757/757 759/759/759 758/758/758
f 759/759/759 760/760/760 758/758/758
f 761/761/761 763/763/763 762/762/762
f 763/763/763 764/764/764 762/762/762
f 765/765/765 767/767/767 766/766/766
f 767/767/767 768/768/768 766/766/766
f 769/769/769 771/771/771 770/770/770
f 771/771/771 772/772/772 770/770/770
o stargate_ring_aft_seg_3
usemtl hull
v 46.78376499386641 -89.70843391029754 85.8947360390111
v 46.78376499386641 -89.70843391029754 42.10526396098889
v 30.35232447099589 -96.51455942419737 85.8947360390111
v 30.35232447099589 -96.51455942419737 42.10526396098889
v 26.36538845216691 -40.414112341685964 42.10526396098889
v 26.36538845216691 -40.414112341685964 85.8947360390111
v 9.933947929296384 -47.22023785558579 42.10526396098889
v 9.933947929296384 -47.22023785558579 85.8947360390111
v 26.36538845216691 -40.414112341685964 42.10526396098889
v 46.78376499386641 -89.70843391029754 42.10526396098889
v 26.36538845216691 -40.414112341685964 85.8947360390111
v 46.78376499386641 -89.70843391029754 85.8947360390111
v 9.933947929296384 -47.22023785558579 85.8947360390111
v 30.35232447099589 -96.51455942419737 85.8947360390111
v 9.933947929296384 -47.22023785558579 42.10526396098889
v 30.35232447099589 -96.51455942419737 42.10526396098889
v 26.36538845216691 -40.414112341685964 85.8947360390111
v 46.78376499386641 -89.70843391029754 85.8947360390111
v 9.933947929296384 -47.22023785558579 85.8947360390111
v 30.35232447099589 -96.51455942419737 85.8947360390111
v 46.78376499386641 -89.70843391029754 42.10526396098889
v 26.36538845216691 -40.414112341685964 42.10526396098889
v 30.35232447099589 -96.51455942419737 42.10526396098889
v 9.933947929296384 -47.22023785558579 42.10526396098889
vt 0 1
vt 1 1
vt 0 0
vt 1 0
vt 0 1
vt 1 1
vt 0 0
vt 1 0
vt 0 1
vt 1 1
vt 0 0
vt 1 0
vt 0 1
vt 1 1
vt 0 0
vt 1 0
vt 0 1
vt 1 1
vt 0 0
vt 1 0
vt 0 1
vt 1 1
vt 0 0
vt 1 0
vn 0.38268343236508984 -0.9238795325112867 0
vn 0.38268343236508984 -0.9238795325112867 0
vn 0.38268343236508984 -0.9238795325112867 0
vn 0.38268343236508984 -0.9238795325112867 0
vn -0.38268343236508984 0.9238795325112867 0
vn -0.38268343236508984 0.9238795325112867 0
vn -0.38268343236508984 0.9238795325112867 0
vn -0.38268343236508984 0.9238795325112867 0
vn 0.9238795325112867 0.38268343236508984 0
vn 0.9238795325112867 0.38268343236508984 0
vn 0.9238795325112867 0.38268343236508984 0
vn 0.9238795325112867 0.38268343236508984 0
vn -0.9238795325112867 -0.38268343236508984 0
vn -0.9238795325112867 -0.38268343236508984 0
vn -0.9238795325112867 -0.38268343236508984 0
vn -0.9238795325112867 -0.38268343236508984 0
vn 0 0 0.9999999999999999
vn 0 0 0.9999999999999999
vn 0 0 0.9999999999999999
vn 0 0 0.9999999999999999
vn 0 0 -0.9999999999999999
vn 0 0 -0.9999999999999999
vn 0 0 -0.9999999999999999
vn 0 0 -0.9999999999999999
f 773/773/773 775/775/775 774/774/774
f 775/775/775 776/776/776 774/774/774
f 777/777/777 779/779/779 778/778/778
f 779/779/779 780/780/780 778/778/778
f 781/781/781 783/783/783 782/782/782
f 783/783/783 784/784/784 782/782/782
f 785/785/785 787/787/787 786/786/786
f 787/787/787 788/788/788 786/786/786
f 789/789/789 791/791/791 790/790/790
f 791/791/791 792/792/792 790/790/790
f 793/793/793 795/795/795 794/794/794
f 795/795/795 796/796/796 794/794/794
o stargate_ring_aft_tip_3
usemtl thruster
v 29.05357680143859 -63.36391572208999 83.92421074716667
v 29.05357680143859 -63.36391572208999 68.5978945159912
v 24.261073315601354 -65.34903566364412 83.92421074716667
v 24.261073315601354 -65.34903566364412 68.5978945159912
v 23.381805539855396 -49.671048619697885 68.5978945159912
v 23.381805539855396 -49.671048619697885 83.92421074716667
v 18.58930205401816 -51.65616856125201 68.5978945159912
v 18.58930205401816 -51.65616856125201 83.92421074716667
v 23.381805539855396 -49.671048619697885 68.5978945159912
v 29.05357680143859 -63.36391572208999 68.5978945159912
v 23.381805539855396 -49.671048619697885 83.92421074716667
v 29.05357680143859 -63.36391572208999 83.92421074716667
v 18.58930205401816 -51.65616856125201 83.92421074716667
v 24.261073315601354 -65.34903566364412 83.92421074716667
v 18.58930205401816 -51.65616856125201 68.5978945159912
v 24.261073315601354 -65.34903566364412 68.5978945159912
v 23.381805539855396 -49.671048619697885 83.92421074716667
v 29.05357680143859 -63.36391572208999 83.92421074716667
v 18.58930205401816 -51.65616856125201 83.92421074716667
v 24.261073315601354 -65.34903566364412 83.92421074716667
v 29.05357680143859 -63.36391572208999 68.5978945159912
v 23.381805539855396 -49.671048619697885 68.5978945159912
v 24.261073315601354 -65.34903566364412 68.5978945159912
v 18.58930205401816 -51.65616856125201 68.5978945159912
vt 0 1
vt 1 1
vt 0 0
vt 1 0
vt 0 1
vt 1 1
vt 0 0
vt 1 0
vt 0 1
vt 1 1
vt 0 0
vt 1 0
vt 0 1
vt 1 1
vt 0 0
vt 1 0
vt 0 1
vt 1 1
vt 0 0
vt 1 0
vt 0 1
vt 1 1
vt 0 0
vt 1 0
vn 0.38268343236508984 -0.9238795325112867 0
vn 0.38268343236508984 -0.9238795325112867 0
vn 0.38268343236508984 -0.9238795325112867 0
vn 0.38268343236508984 -0.9238795325112867 0
vn -0.38268343236508984 0.9238795325112867 0
vn -0.38268343236508984 0.9238795325112867 0
vn -0.38268343236508984 0.9238795325112867 0
vn -0.38268343236508984 0.9238795325112867 0
vn 0.9238795325112867 0.38268343236508984 0
vn 0.9238795325112867 0.38268343236508984 0
vn 0.9238795325112867 0.38268343236508984 0
vn 0.9238795325112867 0.38268343236508984 0
vn -0.9238795325112867 -0.38268343236508984 0
vn -0.9238795325112867 -0.38268343236508984 0
vn -0.9238795325112867 -0.38268343236508984 0
vn -0.9238795325112867 -0.38268343236508984 0
vn 0 0 0.9999999999999999
vn 0 0 0.9999999999999999
vn 0 0 0.9999999999999999
vn 0 0 0.9999999999999999
vn 0 0 -0.9999999999999999
vn 0 0 -0.9999999999999999
vn 0 0 -0.9999999999999999
vn 0 0 -0.9999999999999999
f 797/797/797 799/799/799 798/798/798
f 799/799/799 800/800/800 798/798/798
f 801/801/801 803/803/803 802/802/802
f 803/803/803 804/804/804 802/802/802
f 805/805/805 807/807/807 806/806/806
f 807/807/807 808/808/808 806/806/806
f 809/809/809 811/811/811 810/810/810
f 811/811/811 812/812/812 810/810/810
f 813/813/813 815/815/815 814/814/814
f 815/815/815 816/816/816 814/814/814
f 817/817/817 819/819/819 818/818/818
f 819/819/819 820/820/820 818/818/818
o stargate_ring_aft_seg_4
usemtl hull
v -30.352324470995868 -96.5145594241974 85.8947360390111
v -30.352324470995868 -96.5145594241974 42.10526396098889
v -46.7837649938664 -89.70843391029756 85.8947360390111
v -46.7837649938664 -89.70843391029756 42.10526396098889
v -9.933947929296366 -47.22023785558581 42.10526396098889
v -9.933947929296366 -47.22023785558581 85.8947360390111
v -26.365388452166897 -40.414112341685964 42.10526396098889
v -26.365388452166897 -40.414112341685964 85.8947360390111
v -9.933947929296366 -47.22023785558581 42.10526396098889
v -30.352324470995868 -96.5145594241974 42.10526396098889
v -9.933947929296366 -47.22023785558581 85.8947360390111
v -30.352324470995868 -96.5145594241974 85.8947360390111
v -26.365388452166897 -40.414112341685964 85.8947360390111
v -46.7837649938664 -89.70843391029756 85.8947360390111
v -26.365388452166897 -40.414112341685964 42.10526396098889
v -46.7837649938664 -89.70843391029756 42.10526396098889
v -9.933947929296366 -47.22023785558581 85.8947360390111
v -30.352324470995868 -96.5145594241974 85.8947360390111
v -26.365388452166897 -40.414112341685964 85.8947360390111
v -46.7837649938664 -89.70843391029756 85.8947360390111
v -30.352324470995868 -96.5145594241974 42.10526396098889
v -9.933947929296366 -47.22023785558581 42.10526396098889
v -46.7837649938664 -89.70843391029756 42.10526396098889
v -26.365388452166897 -40.414112341685964 42.10526396098889
vt 0 1
vt 1 1
vt 0 0
vt 1 0
vt 0 1
vt 1 1
vt 0 0
vt 1 0
vt 0 1
vt 1 1
vt 0 0
vt 1 0
vt 0 1
vt 1 1
vt 0 0
vt 1 0
vt 0 1
vt 1 1
vt 0 0
vt 1 0
vt 0 1
vt 1 1
vt 0 0
vt 1 0
vn -0.3826834323650898 -0.9238795325112867 0
vn -0.3826834323650898 -0.9238795325112867 0
vn -0.3826834323650898 -0.9238795325112867 0
vn -0.3826834323650898 -0.9238795325112867 0
vn 0.3826834323650898 0.9238795325112867 0
vn 0.3826834323650898 0.9238795325112867 0
vn 0.3826834323650898 0.9238795325112867 0
vn 0.3826834323650898 0.9238795325112867 0
vn 0.9238795325112867 -0.3826834323650898 0
vn 0.9238795325112867 -0.3826834323650898 0
vn 0.9238795325112867 -0.3826834323650898 0
vn 0.9238795325112867 -0.3826834323650898 0
vn -0.9238795325112867 0.3826834323650898 0
vn -0.9238795325112867 0.3826834323650898 0
vn -0.9238795325112867 0.3826834323650898 0
vn -0.9238795325112867 0.3826834323650898 0
vn 0 0 0.9999999999999999
vn 0 0 0.9999999999999999
vn 0 0 0.9999999999999999
vn 0 0 0.9999999999999999
vn 0 0 -0.9999999999999999
vn 0 0 -0.9999999999999999
vn 0 0 -0.9999999999999999
vn 0 0 -0.9999999999999999
f 821/821/821 823/823/823 822/822/822
f 823/823/823 824/824/824 822/822/822
f 825/825/825 827/827/827 826/826/826
f 827/827/827 828/828/828 826/826/826
f 829/829/829 831/831/831 830/830/830
f 831/831/831 832/832/832 830/830/830
f 833/833/833 835/835/835 834/834/834
f 835/835/835 836/836/836 834/834/834
f 837/837/837 839/839/839 838/838/838
f 839/839/839 840/840/840 838/838/838
f 841/841/841 843/843/843 842/842/842
f 843/843/843 844/844/844 842/842/842
o stargate_ring_aft_stud_4
usemtl plate
v -31.67295529274672 -91.95698891936611 76.04210482145609
v -31.67295529274672 -91.95698891936611 51.957895178543886
v -42.627248974660404 -87.41957191009956 76.04210482145609
v -42.627248974660404 -87.41957191009956 51.957895178543886
v -23.165298016208393 -71.41768733832512 51.957895178543886
v -23.165298016208393 -71.41768733832512 76.04210482145609
v -34.11959169812208 -66.88027032905858 51.957895178543886
v -34.11959169812208 -66.88027032905858 76.04210482145609
v -23.165298016208393 -71.41768733832512 51.957895178543886
v -31.67295529274672 -91.95698891936611 51.957895178543886
v -23.165298016208393 -71.41768733832512 76.04210482145609
v -31.67295529274672 -91.95698891936611 76.04210482145609
v -34.11959169812208 -66.88027032905858 76.04210482145609
v -42.627248974660404 -87.41957191009956 76.04210482145609
v -34.11959169812208 -66.88027032905858 51.957895178543886
v -42.627248974660404 -87.41957191009956 51.957895178543886
v -23.165298016208393 -71.41768733832512 76.04210482145609
v -31.67295529274672 -91.95698891936611 76.04210482145609
v -34.11959169812208 -66.88027032905858 76.04210482145609
v -42.627248974660404 -87.41957191009956 76.04210482145609
v -31.67295529274672 -91.95698891936611 51.957895178543886
v -23.165298016208393 -71.41768733832512 51.957895178543886
v -42.627248974660404 -87.41957191009956 51.957895178543886
v -34.11959169812208 -66.88027032905858 51.957895178543886
vt 0 1
vt 1 1
vt 0 0
vt 1 0
vt 0 1
vt 1 1
vt 0 0
vt 1 0
vt 0 1
vt 1 1
vt 0 0
vt 1 0
vt 0 1
vt 1 1
vt 0 0
vt 1 0
vt 0 1
vt 1 1
vt 0 0
vt 1 0
vt 0 1
vt 1 1
vt 0 0
vt 1 0
vn -0.3826834323650898 -0.9238795325112867 0
vn -0.3826834323650898 -0.9238795325112867 0
vn -0.3826834323650898 -0.9238795325112867 0
vn -0.3826834323650898 -0.9238795325112867 0
vn 0.3826834323650898 0.9238795325112867 0
vn 0.3826834323650898 0.9238795325112867 0
vn 0.3826834323650898 0.9238795325112867 0
vn 0.3826834323650898 0.9238795325112867 0
vn 0.9238795325112867 -0.3826834323650898 0
vn 0.9238795325112867 -0.3826834323650898 0
vn 0.9238795325112867 -0.3826834323650898 0
vn 0.9238795325112867 -0.3826834323650898 0
vn -0.9238795325112867 0.3826834323650898 0
vn -0.9238795325112867 0.3826834323650898 0
vn -0.9238795325112867 0.3826834323650898 0
vn -0.9238795325112867 0.3826834323650898 0
vn 0 0 0.9999999999999999
vn 0 0 0.9999999999999999
vn 0 0 0.9999999999999999
vn 0 0 0.9999999999999999
vn 0 0 -0.9999999999999999
vn 0 0 -0.9999999999999999
vn 0 0 -0.9999999999999999
vn 0 0 -0.9999999999999999
f 845/845/845 847/847/847 846/846/846
f 847/847/847 848/848/848 846/846/846
f 849/849/849 851/851/851 850/850/850
f 851/851/851 852/852/852 850/850/850
f 853/853/853 855/855/855 854/854/854
f 855/855/855 856/856/856 854/854/854
f 857/857/857 859/859/859 858/858/858
f 859/859/859 860/860/860 858/858/858
f 861/861/861 863/863/863 862/862/862
f 863/863/863 864/864/864 862/862/862
f 865/865/865 867/867/867 866/866/866
f 867/867/867 868/868/868 866/866/866
o stargate_ring_aft_tip_4
usemtl thruster
v -24.26107331560134 -65.34903566364412 83.92421074716667
v -24.26107331560134 -65.34903566364412 68.5978945159912
v -29.053576801438577 -63.36391572209 83.92421074716667
v -29.053576801438577 -63.36391572209 68.5978945159912
v -18.589302054018145 -51.65616856125202 68.5978945159912
v -18.589302054018145 -51.65616856125202 83.92421074716667
v -23.38180553985538 -49.67104861969789 68.5978945159912
v -23.38180553985538 -49.67104861969789 83.92421074716667
v -18.589302054018145 -51.65616856125202 68.5978945159912
v -24.26107331560134 -65.34903566364412 68.5978945159912
v -18.589302054018145 -51.65616856125202 83.92421074716667
v -24.26107331560134 -65.34903566364412 83.92421074716667
v -23.38180553985538 -49.67104861969789 83.92421074716667
v -29.053576801438577 -63.36391572209 83.92421074716667
v -23.38180553985538 -49.67104861969789 68.5978945159912
v -29.053576801438577 -63.36391572209 68.5978945159912
v -18.589302054018145 -51.65616856125202 83.92421074716667
v -24.26107331560134 -65.34903566364412 83.92421074716667
v -23.38180553985538 -49.67104861969789 83.92421074716667
v -29.053576801438577 -63.36391572209 83.92421074716667
v -24.26107331560134 -65.34903566364412 68.5978945159912
v -18.589302054018145 -51.65616856125202 68.5978945159912
v -29.053576801438577 -63.36391572209 68.5978945159912
v -23.38180553985538 -49.67104861969789 68.5978945159912
vt 0 1
vt 1 1
vt 0 0
vt 1 0
vt 0 1
vt 1 1
vt 0 0
vt 1 0
vt 0 1
vt 1 1
vt 0 0
vt 1 0
vt 0 1
vt 1 1
vt 0 0
vt 1 0
vt 0 1
vt 1 1
vt 0 0
vt 1 0
vt 0 1
vt 1 1
vt 0 0
vt 1 0
vn -0.3826834323650898 -0.9238795325112867 0
vn -0.3826834323650898 -0.9238795325112867 0
vn -0.3826834323650898 -0.9238795325112867 0
vn -0.3826834323650898 -0.9238795325112867 0
vn 0.3826834323650898 0.9238795325112867 0
vn 0.3826834323650898 0.9238795325112867 0
vn 0.3826834323650898 0.9238795325112867 0
vn 0.3826834323650898 0.9238795325112867 0
vn 0.9238795325112867 -0.3826834323650898 0
vn 0.9238795325112867 -0.3826834323650898 0
vn 0.9238795325112867 -0.3826834323650898 0
vn 0.9238795325112867 -0.3826834323650898 0
vn -0.9238795325112867 0.3826834323650898 0
vn -0.9238795325112867 0.3826834323650898 0
vn -0.9238795325112867 0.3826834323650898 0
vn -0.9238795325112867 0.3826834323650898 0
vn 0 0 0.9999999999999999
vn 0 0 0.9999999999999999
vn 0 0 0.9999999999999999
vn 0 0 0.9999999999999999
vn 0 0 -0.9999999999999999
vn 0 0 -0.9999999999999999
vn 0 0 -0.9999999999999999
vn 0 0 -0.9999999999999999
f 869/869/869 871/871/871 870/870/870
f 871/871/871 872/872/872 870/870/870
f 873/873/873 875/875/875 874/874/874
f 875/875/875 876/876/876 874/874/874
f 877/877/877 879/879/879 878/878/878
f 879/879/879 880/880/880 878/878/878
f 881/881/881 883/883/883 882/882/882
f 883/883/883 884/884/884 882/882/882
f 885/885/885 887/887/887 886/886/886
f 887/887/887 888/888/888 886/886/886
f 889/889/889 891/891/891 890/890/890
f 891/891/891 892/892/892 890/890/890
o stargate_ring_aft_seg_5
usemtl hull
v -89.70843391029753 -46.783764993866455 85.8947360390111
v -89.70843391029753 -46.783764993866455 42.10526396098889
v -96.51455942419737 -30.35232447099593 85.8947360390111
v -96.51455942419737 -30.35232447099593 42.10526396098889
v -40.414112341685936 -26.365388452166933 42.10526396098889
v -40.414112341685936 -26.365388452166933 85.8947360390111
v -47.22023785558578 -9.933947929296405 42.10526396098889
v -47.22023785558578 -9.933947929296405 85.8947360390111
v -40.414112341685936 -26.365388452166933 42.10526396098889
v -89.70843391029753 -46.783764993866455 42.10526396098889
v -40.414112341685936 -26.365388452166933 85.8947360390111
v -89.70843391029753 -46.783764993866455 85.8947360390111
v -47.22023785558578 -9.933947929296405 85.8947360390111
v -96.51455942419737 -30.35232447099593 85.8947360390111
v -47.22023785558578 -9.933947929296405 42.10526396098889
v -96.51455942419737 -30.35232447099593 42.10526396098889
v -40.414112341685936 -26.365388452166933 85.8947360390111
v -89.70843391029753 -46.783764993866455 85.8947360390111
v -47.22023785558578 -9.933947929296405 85.8947360390111
v -96.51455942419737 -30.35232447099593 85.8947360390111
v -89.70843391029753 -46.783764993866455 42.10526396098889
v -40.414112341685936 -26.365388452166933 42.10526396098889
v -96.51455942419737 -30.35232447099593 42.10526396098889
v -47.22023785558578 -9.933947929296405 42.10526396098889
vt 0 1
vt 1 1
vt 0 0
vt 1 0
vt 0 1
vt 1 1
vt 0 0
vt 1 0
vt 0 1
vt 1 1
vt 0 0
vt 1 0
vt 0 1
vt 1 1
vt 0 0
vt 1 0
vt 0 1
vt 1 1
vt 0 0
vt 1 0
vt 0 1
vt 1 1
vt 0 0
vt 1 0
vn -0.9238795325112864 -0.3826834323650901 0
vn -0.9238795325112864 -0.3826834323650901 0
vn -0.9238795325112864 -0.3826834323650901 0
vn -0.9238795325112864 -0.3826834323650901 0
vn 0.9238795325112864 0.3826834323650901 0
vn 0.9238795325112864 0.3826834323650901 0
vn 0.9238795325112864 0.3826834323650901 0
vn 0.9238795325112864 0.3826834323650901 0
vn 0.3826834323650901 -0.9238795325112864 0
vn 0.3826834323650901 -0.9238795325112864 0
vn 0.3826834323650901 -0.9238795325112864 0
vn 0.3826834323650901 -0.9238795325112864 0
vn -0.3826834323650901 0.9238795325112864 0
vn -0.3826834323650901 0.9238795325112864 0
vn -0.3826834323650901 0.9238795325112864 0
vn -0.3826834323650901 0.9238795325112864 0
vn 0 0 0.9999999999999999
vn 0 0 0.9999999999999999
vn 0 0 0.9999999999999999
vn 0 0 0.9999999999999999
vn 0 0 -0.9999999999999999
vn 0 0 -0.9999999999999999
vn 0 0 -0.9999999999999999
vn 0 0 -0.9999999999999999
f 893/893/893 895/895/895 894/894/894
f 895/895/895 896/896/896 894/894/894
f 897/897/897 899/899/899 898/898/898
f 899/899/899 900/900/900 898/898/898
f 901/901/901 903/903/903 902/902/902
f 903/903/903 904/904/904 902/902/902
f 905/905/905 907/907/907 906/906/906
f 907/907/907 908/908/908 906/906/906
f 909/909/909 911/911/911 910/910/910
f 911/911/911 912/912/912 910/910/910
f 913/913/913 915/915/915 914/914/914
f 915/915/915 916/916/916 914/914/914
o stargate_ring_aft_tip_5
usemtl thruster
v -63.363915722089985 -29.05357680143862 83.92421074716667
v -63.363915722089985 -29.05357680143862 68.5978945159912
v -65.3490356636441 -24.261073315601383 83.92421074716667
v -65.3490356636441 -24.261073315601383 68.5978945159912
v -49.67104861969788 -23.381805539855417 68.5978945159912
v -49.67104861969788 -23.381805539855417 83.92421074716667
v -51.656168561252 -18.58930205401818 68.5978945159912
v -51.656168561252 -18.58930205401818 83.92421074716667
v -49.67104861969788 -23.381805539855417 68.5978945159912
v -63.363915722089985 -29.05357680143862 68.5978945159912
v -49.67104861969788 -23.381805539855417 83.92421074716667
v -63.363915722089985 -29.05357680143862 83.92421074716667
v -51.656168561252 -18.58930205401818 83.92421074716667
v -65.3490356636441 -24.261073315601383 83.92421074716667
v -51.656168561252 -18.58930205401818 68.5978945159912
v -65.3490356636441 -24.261073315601383 68.5978945159912
v -49.67104861969788 -23.381805539855417 83.92421074716667
v -63.363915722089985 -29.05357680143862 83.92421074716667
v -51.656168561252 -18.58930205401818 83.92421074716667
v -65.3490356636441 -24.261073315601383 83.92421074716667
v -63.363915722089985 -29.05357680143862 68.5978945159912
v -49.67104861969788 -23.381805539855417 68.5978945159912
v -65.3490356636441 -24.261073315601383 68.5978945159912
v -51.656168561252 -18.58930205401818 68.5978945159912
vt 0 1
vt 1 1
vt 0 0
vt 1 0
vt 0 1
vt 1 1
vt 0 0
vt 1 0
vt 0 1
vt 1 1
vt 0 0
vt 1 0
vt 0 1
vt 1 1
vt 0 0
vt 1 0
vt 0 1
vt 1 1
vt 0 0
vt 1 0
vt 0 1
vt 1 1
vt 0 0
vt 1 0
vn -0.9238795325112864 -0.3826834323650901 0
vn -0.9238795325112864 -0.3826834323650901 0
vn -0.9238795325112864 -0.3826834323650901 0
vn -0.9238795325112864 -0.3826834323650901 0
vn 0.9238795325112864 0.3826834323650901 0
vn 0.9238795325112864 0.3826834323650901 0
vn 0.9238795325112864 0.3826834323650901 0
vn 0.9238795325112864 0.3826834323650901 0
vn 0.3826834323650901 -0.9238795325112864 0
vn 0.3826834323650901 -0.9238795325112864 0
vn 0.3826834323650901 -0.9238795325112864 0
vn 0.3826834323650901 -0.9238795325112864 0
vn -0.3826834323650901 0.9238795325112864 0
vn -0.3826834323650901 0.9238795325112864 0
vn -0.3826834323650901 0.9238795325112864 0
vn -0.3826834323650901 0.9238795325112864 0
vn 0 0 0.9999999999999999
vn 0 0 0.9999999999999999
vn 0 0 0.9999999999999999
vn 0 0 0.9999999999999999
vn 0 0 -0.9999999999999999
vn 0 0 -0.9999999999999999
vn 0 0 -0.9999999999999999
vn 0 0 -0.9999999999999999
f 917/917/917 919/919/919 918/918/918
f 919/919/919 920/920/920 918/918/918
f 921/921/921 923/923/923 922/922/922
f 923/923/923 924/924/924 922/922/922
f 925/925/925 927/927/927 926/926/926
f 927/927/927 928/928/928 926/926/926
f 929/929/929 931/931/931 930/930/930
f 931/931/931 932/932/932 930/930/930
f 933/933/933 935/935/935 934/934/934
f 935/935/935 936/936/936 934/934/934
f 937/937/937 939/939/939 938/938/938
f 939/939/939 940/940/940 938/938/938
o stargate_ring_aft_seg_6
usemtl hull
v -96.51455942419739 30.352324470995903 85.8947360390111
v -96.51455942419739 30.352324470995903 42.10526396098889
v -89.70843391029754 46.78376499386643 85.8947360390111
v -89.70843391029754 46.78376499386643 42.10526396098889
v -47.22023785558579 9.933947929296384 42.10526396098889
v -47.22023785558579 9.933947929296384 85.8947360390111
v -40.41411234168596 26.36538845216691 42.10526396098889
v -40.41411234168596 26.36538845216691 85.8947360390111
v -47.22023785558579 9.933947929296384 42.10526396098889
v -96.51455942419739 30.352324470995903 42.10526396098889
v -47.22023785558579 9.933947929296384 85.8947360390111
v -96.51455942419739 30.352324470995903 85.8947360390111
v -40.41411234168596 26.36538845216691 85.8947360390111
v -89.70843391029754 46.78376499386643 85.8947360390111
v -40.41411234168596 26.36538845216691 42.10526396098889
v -89.70843391029754 46.78376499386643 42.10526396098889
v -47.22023785558579 9.933947929296384 85.8947360390111
v -96.51455942419739 30.352324470995903 85.8947360390111
v -40.41411234168596 26.36538845216691 85.8947360390111
v -89.70843391029754 46.78376499386643 85.8947360390111
v -96.51455942419739 30.352324470995903 42.10526396098889
v -47.22023785558579 9.933947929296384 42.10526396098889
v -89.70843391029754 46.78376499386643 42.10526396098889
v -40.41411234168596 26.36538845216691 42.10526396098889
vt 0 1
vt 1 1
vt 0 0
vt 1 0
vt 0 1
vt 1 1
vt 0 0
vt 1 0
vt 0 1
vt 1 1
vt 0 0
vt 1 0
vt 0 1
vt 1 1
vt 0 0
vt 1 0
vt 0 1
vt 1 1
vt 0 0
vt 1 0
vt 0 1
vt 1 1
vt 0 0
vt 1 0
vn -0.9238795325112865 0.38268343236509 0
vn -0.9238795325112865 0.38268343236509 0
vn -0.9238795325112865 0.38268343236509 0
vn -0.9238795325112865 0.38268343236509 0
vn 0.9238795325112865 -0.38268343236509 0
vn 0.9238795325112865 -0.38268343236509 0
vn 0.9238795325112865 -0.38268343236509 0
vn 0.9238795325112865 -0.38268343236509 0
vn -0.38268343236509 -0.9238795325112865 0
vn -0.38268343236509 -0.9238795325112865 0
vn -0.38268343236509 -0.9238795325112865 0
vn -0.38268343236509 -0.9238795325112865 0
vn 0.38268343236509 0.9238795325112865 0
vn 0.38268343236509 0.9238795325112865 0
vn 0.38268343236509 0.9238795325112865 0
vn 0.38268343236509 0.9238795325112865 0
vn 0 0 0.9999999999999999
vn 0 0 0.9999999999999999
vn 0 0 0.9999999999999999
vn 0 0 0.9999999999999999
vn 0 0 -0.9999999999999999
vn 0 0 -0.9999999999999999
vn 0 0 -0.9999999999999999
vn 0 0 -0.9999999999999999
f 941/941/941 943/943/943 942/942/942
f 943/943/943 944/944/944 942/942/942
f 945/945/945 947/947/947 946/946/946
f 947/947/947 948/948/948 946/946/946
f 949/949/949 951/951/951 950/950/950
f 951/951/951 952/952/952 950/950/950
f 953/953/953 955/955/955 954/954/954
f 955/955/955 956/956/956 954/954/954
f 957/957/957 959/959/959 958/958/958
f 959/959/959 960/960/960 958/958/958
f 961/961/961 963/963/963 962/962/962
f 963/963/963 964/964/964 962/962/962
o stargate_ring_aft_stud_6
usemtl plate
v -91.9569889193661 31.672955292746753 76.04210482145609
v -91.9569889193661 31.672955292746753 51.957895178543886
v -87.41957191009953 42.62724897466044 76.04210482145609
v -87.41957191009953 42.62724897466044 51.957895178543886
v -71.41768733832512 23.165298016208418 51.957895178543886
v -71.41768733832512 23.165298016208418 76.04210482145609
v -66.88027032905856 34.1195916981221 51.957895178543886
v -66.88027032905856 34.1195916981221 76.04210482145609
v -71.41768733832512 23.165298016208418 51.957895178543886
v -91.9569889193661 31.672955292746753 51.957895178543886
v -71.41768733832512 23.165298016208418 76.04210482145609
v -91.9569889193661 31.672955292746753 76.04210482145609
v -66.88027032905856 34.1195916981221 76.04210482145609
v -87.41957191009953 42.62724897466044 76.04210482145609
v -66.88027032905856 34.1195916981221 51.957895178543886
v -87.41957191009953 42.62724897466044 51.957895178543886
v -71.41768733832512 23.165298016208418 76.04210482145609
v -91.9569889193661 31.672955292746753 76.04210482145609
v -66.88027032905856 34.1195916981221 76.04210482145609
v -87.41957191009953 42.62724897466044 76.04210482145609
v -91.9569889193661 31.672955292746753 51.957895178543886
v -71.41768733832512 23.165298016208418 51.957895178543886
v -87.41957191009953 42.62724897466044 51.957895178543886
v -66.88027032905856 34.1195916981221 51.957895178543886
vt 0 1
vt 1 1
vt 0 0
vt 1 0
vt 0 1
vt 1 1
vt 0 0
vt 1 0
vt 0 1
vt 1 1
vt 0 0
vt 1 0
vt 0 1
vt 1 1
vt 0 0
vt 1 0
vt 0 1
vt 1 1
vt 0 0
vt 1 0
vt 0 1
vt 1 1
vt 0 0
vt 1 0
vn -0.9238795325112865 0.38268343236509 0
vn -0.9238795325112865 0.38268343236509 0
vn -0.9238795325112865 0.38268343236509 0
vn -0.9238795325112865 0.38268343236509 0
vn 0.9238795325112865 -0.38268343236509 0
vn 0.9238795325112865 -0.38268343236509 0
vn 0.9238795325112865 -0.38268343236509 0
vn 0.9238795325112865 -0.38268343236509 0
vn -0.38268343236509 -0.9238795325112865 0
vn -0.38268343236509 -0.9238795325112865 0
vn -0.38268343236509 -0.9238795325112865 0
vn -0.38268343236509 -0.9238795325112865 0
vn 0.38268343236509 0.9238795325112865 0
vn 0.38268343236509 0.9238795325112865 0
vn 0.38268343236509 0.9238795325112865 0
vn 0.38268343236509 0.9238795325112865 0
vn 0 0 0.9999999999999999
vn 0 0 0.9999999999999999
vn 0 0 0.9999999999999999
vn 0 0 0.9999999999999999
vn 0 0 -0.9999999999999999
vn 0 0 -0.9999999999999999
vn 0 0 -0.9999999999999999
vn 0 0 -0.9999999999999999
f 965/965/965 967/967/967 966/966/966
f 967/967/967 968/968/968 966/966/966
f 969/969/969 971/971/971 970/970/970
f 971/971/971 972/972/972 970/970/970
f 973/973/973 975/975/975 974/974/974
f 975/975/975 976/976/976 974/974/974
f 977/977/977 979/979/979 978/978/978
f 979/979/979 980/980/980 978/978/978
f 981/981/981 983/983/983 982/982/982
f 983/983/983 984/984/984 982/982/982
f 985/985/985 987/987/987 986/986/986
f 987/987/987 988/988/988 986/986/986
o stargate_ring_aft_tip_6
usemtl thruster
v -65.3490356636441 24.261073315601365 83.92421074716667
v -65.3490356636441 24.261073315601365 68.5978945159912
v -63.363915722089985 29.053576801438602 83.92421074716667
v -63.363915722089985 29.053576801438602 68.5978945159912
v -51.656168561252 18.589302054018162 68.5978945159912
v -51.656168561252 18.589302054018162 83.92421074716667
v -49.67104861969788 23.3818055398554 68.5978945159912
v -49.67104861969788 23.3818055398554 83.92421074716667
v -51.656168561252 18.589302054018162 68.5978945159912
v -65.3490356636441 24.261073315601365 68.5978945159912
v -51.656168561252 18.589302054018162 83.92421074716667
v -65.3490356636441 24.261073315601365 83.92421074716667
v -49.67104861969788 23.3818055398554 83.92421074716667
v -63.363915722089985 29.053576801438602 83.92421074716667
v -49.67104861969788 23.3818055398554 68.5978945159912
v -63.363915722089985 29.053576801438602 68.5978945159912
v -51.656168561252 18.589302054018162 83.92421074716667
v -65.3490356636441 24.261073315601365 83.92421074716667
v -49.67104861969788 23.3818055398554 83.92421074716667
v -63.363915722089985 29.053576801438602 83.92421074716667
v -65.3490356636441 24.261073315601365 68.5978945159912
v -51.656168561252 18.589302054018162 68.5978945159912
v -63.363915722089985 29.053576801438602 68.5978945159912
v -49.67104861969788 23.3818055398554 68.5978945159912
vt 0 1
vt 1 1
vt 0 0
vt 1 0
vt 0 1
vt 1 1
vt 0 0
vt 1 0
vt 0 1
vt 1 1
vt 0 0
vt 1 0
vt 0 1
vt 1 1
vt 0 0
vt 1 0
vt 0 1
vt 1 1
vt 0 0
vt 1 0
vt 0 1
vt 1 1
vt 0 0
vt 1 0
vn -0.9238795325112865 0.38268343236509 0
vn -0.9238795325112865 0.38268343236509 0
vn -0.9238795325112865 0.38268343236509 0
vn -0.9238795325112865 0.38268343236509 0
vn 0.9238795325112865 -0.38268343236509 0
vn 0.9238795325112865 -0.38268343236509 0
vn 0.9238795325112865 -0.38268343236509 0
vn 0.9238795325112865 -0.38268343236509 0
vn -0.38268343236509 -0.9238795325112865 0
vn -0.38268343236509 -0.9238795325112865 0
vn -0.38268343236509 -0.9238795325112865 0
vn -0.38268343236509 -0.9238795325112865 0
vn 0.38268343236509 0.9238795325112865 0
vn 0.38268343236509 0.9238795325112865 0
vn 0.38268343236509 0.9238795325112865 0
vn 0.38268343236509 0.9238795325112865 0
vn 0 0 0.9999999999999999
vn 0 0 0.9999999999999999
vn 0 0 0.9999999999999999
vn 0 0 0.9999999999999999
vn 0 0 -0.9999999999999999
vn 0 0 -0.9999999999999999
vn 0 0 -0.9999999999999999
vn 0 0 -0.9999999999999999
f 989/989/989 991/991/991 990/990/990
f 991/991/991 992/992/992 990/990/990
f 993/993/993 995/995/995 994/994/994
f 995/995/995 996/996/996 994/994/994
f 997/997/997 999/999/999 998/998/998
f 999/999/999 1000/1000/1000 998/998/998
f 1001/1001/1001 1003/1003/1003 1002/1002/1002
f 1003/1003/1003 1004/1004/1004 1002/1002/1002
f 1005/1005/1005 1007/1007/1007 1006/1006/1006
f 1007/1007/1007 1008/1008/1008 1006/1006/1006
f 1009/1009/1009 1011/1011/1011 1010/1010/1010
f 1011/1011/1011 1012/1012/1012 1010/1010/1010
o stargate_ring_aft_seg_7
usemtl hull
v -46.78376499386647 89.70843391029752 85.8947360390111
v -46.78376499386647 89.70843391029752 42.10526396098889
v -30.352324470995946 96.51455942419736 85.8947360390111
v -30.352324470995946 96.51455942419736 42.10526396098889
v -26.365388452166926 40.41411234168594 42.10526396098889
v -26.365388452166926 40.41411234168594 85.8947360390111
v -9.933947929296405 47.22023785558579 42.10526396098889
v -9.933947929296405 47.22023785558579 85.8947360390111
v -26.365388452166926 40.41411234168594 42.10526396098889
v -46.78376499386647 89.70843391029752 42.10526396098889
v -26.365388452166926 40.41411234168594 85.8947360390111
v -46.78376499386647 89.70843391029752 85.8947360390111
v -9.933947929296405 47.22023785558579 85.8947360390111
v -30.352324470995946 96.51455942419736 85.8947360390111
v -9.933947929296405 47.22023785558579 42.10526396098889
v -30.352324470995946 96.51455942419736 42.10526396098889
v -26.365388452166926 40.41411234168594 85.8947360390111
v -46.78376499386647 89.70843391029752 85.8947360390111
v -9.933947929296405 47.22023785558579 85.8947360390111
v -30.352324470995946 96.51455942419736 85.8947360390111
v -46.78376499386647 89.70843391029752 42.10526396098889
v -26.365388452166926 40.41411234168594 42.10526396098889
v -30.352324470995946 96.51455942419736 42.10526396098889
v -9.933947929296405 47.22023785558579 42.10526396098889
vt 0 1
vt 1 1
vt 0 0
vt 1 0
vt 0 1
vt 1 1
vt 0 0
vt 1 0
vt 0 1
vt 1 1
vt 0 0
vt 1 0
vt 0 1
vt 1 1
vt 0 0
vt 1 0
vt 0 1
vt 1 1
vt 0 0
vt 1 0
vt 0 1
vt 1 1
vt 0 0
vt 1 0
vn -0.3826834323650904 0.9238795325112863 0
vn -0.3826834323650904 0.9238795325112863 0
vn -0.3826834323650904 0.9238795325112863 0
vn -0.3826834323650904 0.9238795325112863 0
vn 0.3826834323650904 -0.9238795325112863 0
vn 0.3826834323650904 -0.9238795325112863 0
vn 0.3826834323650904 -0.9238795325112863 0
vn 0.3826834323650904 -0.9238795325112863 0
vn -0.9238795325112863 -0.3826834323650904 0
vn -0.9238795325112863 -0.3826834323650904 0
vn -0.9238795325112863 -0.3826834323650904 0
vn -0.9238795325112863 -0.3826834323650904 0
vn 0.9238795325112863 0.3826834323650904 0
vn 0.9238795325112863 0.3826834323650904 0
vn 0.9238795325112863 0.3826834323650904 0
vn 0.9238795325112863 0.3826834323650904 0
vn 0 0 0.9999999999999999
vn 0 0 0.9999999999999999
vn 0 0 0.9999999999999999
vn 0 0 0.9999999999999999
vn 0 0 -0.9999999999999999
vn 0 0 -0.9999999999999999
vn 0 0 -0.9999999999999999
vn 0 0 -0.9999999999999999
f 1013/1013/1013 1015/1015/1015 1014/1014/1014
f 1015/1015/1015 1016/1016/1016 1014/1014/1014
f 1017/1017/1017 1019/1019/1019 1018/1018/1018
f 1019/1019/1019 1020/1020/1020 1018/1018/1018
f 1021/1021/1021 1023/1023/1023 1022/1022/1022
f 1023/1023/1023 1024/1024/1024 1022/1022/1022
f 1025/1025/1025 1027/1027/1027 1026/1026/1026
f 1027/1027/1027 1028/1028/1028 1026/1026/1026
f 1029/1029/1029 1031/1031/1031 1030/1030/1030
f 1031/1031/1031 1032/1032/1032 1030/1030/1030
f 1033/1033/1033 1035/1035/1035 1034/1034/1034
f 1035/1035/1035 1036/1036/1036 1034/1034/1034
o stargate_ring_aft_tip_7
usemtl thruster
v -29.053576801438624 63.363915722089985 83.92421074716667
v -29.053576801438624 63.363915722089985 68.5978945159912
v -24.261073315601386 65.3490356636441 83.92421074716667
v -24.261073315601386 65.3490356636441 68.5978945159912
v -23.38180553985542 49.671048619697885 68.5978945159912
v -23.38180553985542 49.671048619697885 83.92421074716667
v -18.589302054018184 51.656168561252 68.5978945159912
v -18.589302054018184 51.656168561252 83.92421074716667
v -23.38180553985542 49.671048619697885 68.5978945159912
v -29.053576801438624 63.363915722089985 68.5978945159912
v -23.38180553985542 49.671048619697885 83.92421074716667
v -29.053576801438624 63.363915722089985 83.92421074716667
v -18.589302054018184 51.656168561252 83.92421074716667
v -24.261073315601386 65.3490356636441 83.92421074716667
v -18.589302054018184 51.656168561252 68.5978945159912
v -24.261073315601386 65.3490356636441 68.5978945159912
v -23.38180553985542 49.671048619697885 83.92421074716667
v -29.053576801438624 63.363915722089985 83.92421074716667
v -18.589302054018184 51.656168561252 83.92421074716667
v -24.261073315601386 65.3490356636441 83.92421074716667
v -29.053576801438624 63.363915722089985 68.5978945159912
v -23.38180553985542 49.671048619697885 68.5978945159912
v -24.261073315601386 65.3490356636441 68.5978945159912
v -18.589302054018184 51.656168561252 68.5978945159912
vt 0 1
vt 1 1
vt 0 0
vt 1 0
vt 0 1
vt 1 1
vt 0 0
vt 1 0
vt 0 1
vt 1 1
vt 0 0
vt 1 0
vt 0 1
vt 1 1
vt 0 0
vt 1 0
vt 0 1
vt 1 1
vt 0 0
vt 1 0
vt 0 1
vt 1 1
vt 0 0
vt 1 0
vn -0.3826834323650904 0.9238795325112863 0
vn -0.3826834323650904 0.9238795325112863 0
vn -0.3826834323650904 0.9238795325112863 0
vn -0.3826834323650904 0.9238795325112863 0
vn 0.3826834323650904 -0.9238795325112863 0
vn 0.3826834323650904 -0.9238795325112863 0
vn 0.3826834323650904 -0.9238795325112863 0
vn 0.3826834323650904 -0.9238795325112863 0
vn -0.9238795325112863 -0.3826834323650904 0
vn -0.9238795325112863 -0.3826834323650904 0
vn -0.9238795325112863 -0.3826834323650904 0
vn -0.9238795325112863 -0.3826834323650904 0
vn 0.9238795325112863 0.3826834323650904 0
vn 0.9238795325112863 0.3826834323650904 0
vn 0.9238795325112863 0.3826834323650904 0
vn 0.9238795325112863 0.3826834323650904 0
vn 0 0 0.9999999999999999
vn 0 0 0.9999999999999999
vn 0 0 0.9999999999999999
vn 0 0 0.9999999999999999
vn 0 0 -0.9999999999999999
vn 0 0 -0.9999999999999999
vn 0 0 -0.9999999999999999
vn 0 0 -0.9999999999999999
f 1037/1037/1037 1039/1039/1039 1038/1038/1038
f 1039/1039/1039 1040/1040/1040 1038/1038/1038
f 1041/1041/1041 1043/1043/1043 1042/1042/1042
f 1043/1043/1043 1044/1044/1044 1042/1042/1042
f 1045/1045/1045 1047/1047/1047 1046/1046/1046
f 1047/1047/1047 1048/1048/1048 1046/1046/1046
f 1049/1049/1049 1051/1051/1051 1050/1050/1050
f 1051/1051/1051 1052/1052/1052 1050/1050/1050
f 1053/1053/1053 1055/1055/1055 1054/1054/1054
f 1055/1055/1055 1056/1056/1056 1054/1054/1054
f 1057/1057/1057 1059/1059/1059 1058/1058/1058
f 1059/1059/1059 1060/1060/1060 1058/1058/1058
o stargate_ring_aft_rim
usemtl accent
v 66.53488677329156 27.559652472455614 42.105263157894726
v 27.559652881176792 66.53488776003175 42.105263157894726
v -27.55965247245561 66.53488677329156 42.105263157894726
v -66.53488776003175 27.559652881176792 42.105263157894726
v -66.53488677329156 -27.559652472455607 42.105263157894726
v -27.559652881176792 -66.53488776003175 42.105263157894726
v 27.559652472455603 -66.53488677329156 42.105263157894726
v 66.53488776003175 -27.559652881176792 42.105263157894726
v 66.53488677329156 27.559652472455596 42.105263157894726
v 64.35647816360137 26.657326081931622 44.46315790477551
v 26.657325439119216 64.35647661171492 44.46315790477551
v -26.65732608193162 64.35647816360137 44.46315790477551
v -64.35647661171492 26.657325439119216 44.46315790477551
v -64.35647816360137 -26.657326081931615 44.46315790477551
v -26.657325439119216 -64.35647661171492 44.46315790477551
v 26.65732608193161 -64.35647816360137 44.46315790477551
v 64.35647661171492 -26.657325439119216 44.46315790477551
v 64.35647816360137 26.657326081931608 44.46315790477551
v 62.1780658440999 25.75499815475348 42.105263157894726
v 25.754997997061647 62.17806546339811 42.105263157894726
v -25.754998154753476 62.1780658440999 42.105263157894726
v -62.17806546339811 25.754997997061647 42.105263157894726
v -62.1780658440999 -25.754998154753473 42.105263157894726
v -25.754997997061647 -62.17806546339811 42.105263157894726
v 25.75499815475347 -62.178065844099905 42.105263157894726
v 62.17806546339811 -25.754997997061647 42.105263157894726
v 62.178065844099905 25.754998154753466 42.105263157894726
v 64.35647816360137 26.657326081931622 39.747368411013944
v 26.657325439119216 64.35647661171492 39.747368411013944
v -26.65732608193162 64.35647816360137 39.747368411013944
v -64.35647661171492 26.657325439119216 39.747368411013944
v -64.35647816360137 -26.657326081931615 39.747368411013944
v -26.657325439119216 -64.35647661171492 39.747368411013944
v 26.65732608193161 -64.35647816360137 39.747368411013944
v 64.35647661171492 -26.657325439119216 39.747368411013944
v 64.35647816360137 26.657326081931608 39.747368411013944
v 66.53488677329156 27.559652472455614 42.105263157894726
v 27.559652881176792 66.53488776003175 42.105263157894726
v -27.55965247245561 66.53488677329156 42.105263157894726
v -66.53488776003175 27.559652881176792 42.105263157894726
v -66.53488677329156 -27.559652472455607 42.105263157894726
v -27.559652881176792 -66.53488776003175 42.105263157894726
v 27.559652472455603 -66.53488677329156 42.105263157894726
v 66.53488776003175 -27.559652881176792 42.105263157894726
v 66.53488677329156 27.559652472455596 42.105263157894726
vt 0 0
vt 0.125 0
vt 0.25 0
vt 0.375 0
vt 0.5 0
vt 0.625 0
vt 0.75 0
vt 0.875 0
vt 1 0
vt 0 0.25
vt 0.125 0.25
vt 0.25 0.25
vt 0.375 0.25
vt 0.5 0.25
vt 0.625 0.25
vt 0.75 0.25
vt 0.875 0.25
vt 1 0.25
vt 0 0.5
vt 0.125 0.5
vt 0.25 0.5
vt 0.375 0.5
vt 0.5 0.5
vt 0.625 0.5
vt 0.75 0.5
vt 0.875 0.5
vt 1 0.5
vt 0 0.75
vt 0.125 0.75
vt 0.25 0.75
vt 0.375 0.75
vt 0.5 0.75
vt 0.625 0.75
vt 0.75 0.75
vt 0.875 0.75
vt 1 0.75
vt 0 1
vt 0.125 1
vt 0.25 1
vt 0.375 1
vt 0.5 1
vt 0.625 1
vt 0.75 1
vt 0.875 1
vt 1 1
vn 0.9238795325112867 0.3826834323650896 0
vn 0.3826834323650898 0.9238795325112866 0
vn -0.38268343236508956 0.9238795325112867 0
vn -0.9238795325112866 0.3826834323650898 0
vn -0.9238795325112867 -0.3826834323650895 0
vn -0.3826834323650898 -0.9238795325112866 0
vn 0.38268343236508945 -0.9238795325112868 0
vn 0.9238795325112866 -0.3826834323650898 0
vn 0.9238795325112868 0.3826834323650894 0
vn 0 0 1
vn 0 0 1
vn 0 0 1
vn 0 0 1
vn 0 0 1
vn 0 0 1
vn 0 0 1
vn 0 0 1
vn 0 0 1
vn -0.9238795325112867 -0.3826834323650896 1.2246468525851676e-16
vn -0.3826834323650898 -0.9238795325112866 1.2246468735441058e-16
vn 0.38268343236508956 -0.9238795325112867 1.2246468525851676e-16
vn 0.9238795325112866 -0.3826834323650898 1.2246468735441058e-16
vn 0.9238795325112867 0.3826834323650895 1.2246468525851676e-16
vn 0.3826834323650898 0.9238795325112866 1.2246468735441058e-16
vn -0.38268343236508945 0.9238795325112868 1.2246468525851676e-16
vn -0.9238795325112866 0.3826834323650898 1.2246468735441058e-16
vn -0.9238795325112868 -0.3826834323650894 1.2246468525851676e-16
vn 0 0 -1
vn 0 0 -1
vn 0 0 -1
vn 0 0 -1
vn 0 0 -1
vn 0 0 -1
vn 0 0 -1
vn 0 0 -1
vn 0 0 -1
vn 0.9238795325112867 0.3826834323650896 -2.449293705170335e-16
vn 0.3826834323650898 0.9238795325112866 -2.4492937470882117e-16
vn -0.38268343236508956 0.9238795325112867 -2.449293705170335e-16
vn -0.9238795325112866 0.3826834323650898 -2.4492937470882117e-16
vn -0.9238795325112867 -0.3826834323650895 -2.449293705170335e-16
vn -0.3826834323650898 -0.9238795325112866 -2.4492937470882117e-16
vn 0.38268343236508945 -0.9238795325112868 -2.449293705170335e-16
vn 0.9238795325112866 -0.3826834323650898 -2.4492937470882117e-16
vn 0.9238795325112868 0.3826834323650894 -2.449293705170335e-16
f 1070/1070/1070 1061/1061/1061 1071/1071/1071
f 1061/1061/1061 1062/1062/1062 1071/1071/1071
f 1071/1071/1071 1062/1062/1062 1072/1072/1072
f 1062/1062/1062 1063/1063/1063 1072/1072/1072
f 1072/1072/1072 1063/1063/1063 1073/1073/1073
f 1063/1063/1063 1064/1064/1064 1073/1073/1073
f 1073/1073/1073 1064/1064/1064 1074/1074/1074
f 1064/1064/1064 1065/1065/1065 1074/1074/1074
f 1074/1074/1074 1065/1065/1065 1075/1075/1075
f 1065/1065/1065 1066/1066/1066 1075/1075/1075
f 1075/1075/1075 1066/1066/1066 1076/1076/1076
f 1066/1066/1066 1067/1067/1067 1076/1076/1076
f 1076/1076/1076 1067/1067/1067 1077/1077/1077
f 1067/1067/1067 1068/1068/1068 1077/1077/1077
f 1077/1077/1077 1068/1068/1068 1078/1078/1078
f 1068/1068/1068 1069/1069/1069 1078/1078/1078
f 1079/1079/1079 1070/1070/1070 1080/1080/1080
f 1070/1070/1070 1071/1071/1071 1080/1080/1080
f 1080/1080/1080 1071/1071/1071 1081/1081/1081
f 1071/1071/1071 1072/1072/1072 1081/1081/1081
f 1081/1081/1081 1072/1072/1072 1082/1082/1082
f 1072/1072/1072 1073/1073/1073 1082/1082/1082
f 1082/1082/1082 1073/1073/1073 1083/1083/1083
f 1073/1073/1073 1074/1074/1074 1083/1083/1083
f 1083/1083/1083 1074/1074/1074 1084/1084/1084
f 1074/1074/1074 1075/1075/1075 1084/1084/1084
f 1084/1084/1084 1075/1075/1075 1085/1085/1085
f 1075/1075/1075 1076/1076/1076 1085/1085/1085
f 1085/1085/1085 1076/1076/1076 1086/1086/1086
f 1076/1076/1076 1077/1077/1077 1086/1086/1086
f 1086/1086/1086 1077/1077/1077 1087/1087/1087
f 1077/1077/1077 1078/1078/1078 1087/1087/1087
f 1088/1088/1088 1079/1079/1079 1089/1089/1089
f 1079/1079/1079 1080/1080/1080 1089/1089/1089
f 1089/1089/1089 1080/1080/1080 1090/1090/1090
f 1080/1080/1080 1081/1081/1081 1090/1090/1090
f 1090/1090/1090 1081/1081/1081 1091/1091/1091
f 1081/1081/1081 1082/1082/1082 1091/1091/1091
f 1091/1091/1091 1082/1082/1082 1092/1092/1092
f 1082/1082/1082 1083/1083/1083 1092/1092/1092
f 1092/1092/1092 1083/1083/1083 1093/1093/1093
f 1083/1083/1083 1084/1084/1084 1093/1093/1093
f 1093/1093/1093 1084/1084/1084 1094/1094/1094
f 1084/1084/1084 1085/1085/1085 1094/1094/1094
f 1094/1094/1094 1085/1085/1085 1095/1095/1095
f 1085/1085/1085 1086/1086/1086 1095/1095/1095
f 1095/1095/1095 1086/1086/1086 1096/1096/1096
f 1086/1086/1086 1087/1087/1087 1096/1096/1096
f 1097/1097/1097 1088/1088/1088 1098/1098/1098
f 1088/1088/1088 1089/1089/1089 1098/1098/1098
f 1098/1098/1098 1089/1089/1089 1099/1099/1099
f 1089/1089/1089 1090/1090/1090 1099/1099/1099
f 1099/1099/1099 1090/1090/1090 1100/1100/1100
f 1090/1090/1090 1091/1091/1091 1100/1100/1100
f 1100/1100/1100 1091/1091/1091 1101/1101/1101
f 1091/1091/1091 1092/1092/1092 1101/1101/1101
f 1101/1101/1101 1092/1092/1092 1102/1102/1102
f 1092/1092/1092 1093/1093/1093 1102/1102/1102
f 1102/1102/1102 1093/1093/1093 1103/1103/1103
f 1093/1093/1093 1094/1094/1094 1103/1103/1103
f 1103/1103/1103 1094/1094/1094 1104/1104/1104
f 1094/1094/1094 1095/1095/1095 1104/1104/1104
f 1104/1104/1104 1095/1095/1095 1105/1105/1105
f 1095/1095/1095 1096/1096/1096 1105/1105/1105
o stargate_ring_aft_rim
usemtl accent
v 66.53488677329156 27.559652472455614 85.89473684210526
v 27.559652881176792 66.53488776003175 85.89473684210526
v -27.55965247245561 66.53488677329156 85.89473684210526
v -66.53488776003175 27.559652881176792 85.89473684210526
v -66.53488677329156 -27.559652472455607 85.89473684210526
v -27.559652881176792 -66.53488776003175 85.89473684210526
v 27.559652472455603 -66.53488677329156 85.89473684210526
v 66.53488776003175 -27.559652881176792 85.89473684210526
v 66.53488677329156 27.559652472455596 85.89473684210526
v 64.35647816360137 26.657326081931622 88.25263158898605
v 26.657325439119216 64.35647661171492 88.25263158898605
v -26.65732608193162 64.35647816360137 88.25263158898605
v -64.35647661171492 26.657325439119216 88.25263158898605
v -64.35647816360137 -26.657326081931615 88.25263158898605
v -26.657325439119216 -64.35647661171492 88.25263158898605
v 26.65732608193161 -64.35647816360137 88.25263158898605
v 64.35647661171492 -26.657325439119216 88.25263158898605
v 64.35647816360137 26.657326081931608 88.25263158898605
v 62.1780658440999 25.75499815475348 85.89473684210526
v 25.754997997061647 62.17806546339811 85.89473684210526
v -25.754998154753476 62.1780658440999 85.89473684210526
v -62.17806546339811 25.754997997061647 85.89473684210526
v -62.1780658440999 -25.754998154753473 85.89473684210526
v -25.754997997061647 -62.17806546339811 85.89473684210526
v 25.75499815475347 -62.178065844099905 85.89473684210526
v 62.17806546339811 -25.754997997061647 85.89473684210526
v 62.178065844099905 25.754998154753466 85.89473684210526
v 64.35647816360137 26.657326081931622 83.53684209522447
v 26.657325439119216 64.35647661171492 83.53684209522447
v -26.65732608193162 64.35647816360137 83.53684209522447
v -64.35647661171492 26.657325439119216 83.53684209522447
v -64.35647816360137 -26.657326081931615 83.53684209522447
v -26.657325439119216 -64.35647661171492 83.53684209522447
v 26.65732608193161 -64.35647816360137 83.53684209522447
v 64.35647661171492 -26.657325439119216 83.53684209522447
v 64.35647816360137 26.657326081931608 83.53684209522447
v 66.53488677329156 27.559652472455614 85.89473684210526
v 27.559652881176792 66.53488776003175 85.89473684210526
v -27.55965247245561 66.53488677329156 85.89473684210526
v -66.53488776003175 27.559652881176792 85.89473684210526
v -66.53488677329156 -27.559652472455607 85.89473684210526
v -27.559652881176792 -66.53488776003175 85.89473684210526
v 27.559652472455603 -66.53488677329156 85.89473684210526
v 66.53488776003175 -27.559652881176792 85.89473684210526
v 66.53488677329156 27.559652472455596 85.89473684210526
vt 0 0
vt 0.125 0
vt 0.25 0
vt 0.375 0
vt 0.5 0
vt 0.625 0
vt 0.75 0
vt 0.875 0
vt 1 0
vt 0 0.25
vt 0.125 0.25
vt 0.25 0.25
vt 0.375 0.25
vt 0.5 0.25
vt 0.625 0.25
vt 0.75 0.25
vt 0.875 0.25
vt 1 0.25
vt 0 0.5
vt 0.125 0.5
vt 0.25 0.5
vt 0.375 0.5
vt 0.5 0.5
vt 0.625 0.5
vt 0.75 0.5
vt 0.875 0.5
vt 1 0.5
vt 0 0.75
vt 0.125 0.75
vt 0.25 0.75
vt 0.375 0.75
vt 0.5 0.75
vt 0.625 0.75
vt 0.75 0.75
vt 0.875 0.75
vt 1 0.75
vt 0 1
vt 0.125 1
vt 0.25 1
vt 0.375 1
vt 0.5 1
vt 0.625 1
vt 0.75 1
vt 0.875 1
vt 1 1
vn 0.9238795325112867 0.3826834323650896 0
vn 0.3826834323650898 0.9238795325112866 0
vn -0.38268343236508956 0.9238795325112867 0
vn -0.9238795325112866 0.3826834323650898 0
vn -0.9238795325112867 -0.3826834323650895 0
vn -0.3826834323650898 -0.9238795325112866 0
vn 0.38268343236508945 -0.9238795325112868 0
vn 0.9238795325112866 -0.3826834323650898 0
vn 0.9238795325112868 0.3826834323650894 0
vn 0 0 1
vn 0 0 1
vn 0 0 1
vn 0 0 1
vn 0 0 1
vn 0 0 1
vn 0 0 1
vn 0 0 1
vn 0 0 1
vn -0.9238795325112867 -0.3826834323650896 1.2246468525851676e-16
vn -0.3826834323650898 -0.9238795325112866 1.2246468735441058e-16
vn 0.38268343236508956 -0.9238795325112867 1.2246468525851676e-16
vn 0.9238795325112866 -0.3826834323650898 1.2246468735441058e-16
vn 0.9238795325112867 0.3826834323650895 1.2246468525851676e-16
vn 0.3826834323650898 0.9238795325112866 1.2246468735441058e-16
vn -0.38268343236508945 0.9238795325112868 1.2246468525851676e-16
vn -0.9238795325112866 0.3826834323650898 1.2246468735441058e-16
vn -0.9238795325112868 -0.3826834323650894 1.2246468525851676e-16
vn 0 0 -1
vn 0 0 -1
vn 0 0 -1
vn 0 0 -1
vn 0 0 -1
vn 0 0 -1
vn 0 0 -1
vn 0 0 -1
vn 0 0 -1
vn 0.9238795325112867 0.3826834323650896 -2.449293705170335e-16
vn 0.3826834323650898 0.9238795325112866 -2.4492937470882117e-16
vn -0.38268343236508956 0.9238795325112867 -2.449293705170335e-16
vn -0.9238795325112866 0.3826834323650898 -2.4492937470882117e-16
vn -0.9238795325112867 -0.3826834323650895 -2.449293705170335e-16
vn -0.3826834323650898 -0.9238795325112866 -2.4492937470882117e-16
vn 0.38268343236508945 -0.9238795325112868 -2.449293705170335e-16
vn 0.9238795325112866 -0.3826834323650898 -2.4492937470882117e-16
vn 0.9238795325112868 0.3826834323650894 -2.449293705170335e-16
f 1115/1115/1115 1106/1106/1106 1116/1116/1116
f 1106/1106/1106 1107/1107/1107 1116/1116/1116
f 1116/1116/1116 1107/1107/1107 1117/1117/1117
f 1107/1107/1107 1108/1108/1108 1117/1117/1117
f 1117/1117/1117 1108/1108/1108 1118/1118/1118
f 1108/1108/1108 1109/1109/1109 1118/1118/1118
f 1118/1118/1118 1109/1109/1109 1119/1119/1119
f 1109/1109/1109 1110/1110/1110 1119/1119/1119
f 1119/1119/1119 1110/1110/1110 1120/1120/1120
f 1110/1110/1110 1111/1111/1111 1120/1120/1120
f 1120/1120/1120 1111/1111/1111 1121/1121/1121
f 1111/1111/1111 1112/1112/1112 1121/1121/1121
f 1121/1121/1121 1112/1112/1112 1122/1122/1122
f 1112/1112/1112 1113/1113/1113 1122/1122/1122
f 1122/1122/1122 1113/1113/1113 1123/1123/1123
f 1113/1113/1113 1114/1114/1114 1123/1123/1123
f 1124/1124/1124 1115/1115/1115 1125/1125/1125
f 1115/1115/1115 1116/1116/1116 1125/1125/1125
f 1125/1125/1125 1116/1116/1116 1126/1126/1126
f 1116/1116/1116 1117/1117/1117 1126/1126/1126
f 1126/1126/1126 1117/1117/1117 1127/1127/1127
f 1117/1117/1117 1118/1118/1118 1127/1127/1127
f 1127/1127/1127 1118/1118/1118 1128/1128/1128
f 1118/1118/1118 1119/1119/1119 1128/1128/1128
f 1128/1128/1128 1119/1119/1119 1129/1129/1129
f 1119/1119/1119 1120/1120/1120 1129/1129/1129
f 1129/1129/1129 1120/1120/1120 1130/1130/1130
f 1120/1120/1120 1121/1121/1121 1130/1130/1130
f 1130/1130/1130 1121/1121/1121 1131/1131/1131
f 1121/1121/1121 1122/1122/1122 1131/1131/1131
f 1131/1131/1131 1122/1122/1122 1132/1132/1132
f 1122/1122/1122 1123/1123/1123 1132/1132/1132
f 1133/1133/1133 1124/1124/1124 1134/1134/1134
f 1124/1124/1124 1125/1125/1125 1134/1134/1134
f 1134/1134/1134 1125/1125/1125 1135/1135/1135
f 1125/1125/1125 1126/1126/1126 1135/1135/1135
f 1135/1135/1135 1126/1126/1126 1136/1136/1136
f 1126/1126/1126 1127/1127/1127 1136/1136/1136
f 1136/1136/1136 1127/1127/1127 1137/1137/1137
f 1127/1127/1127 1128/1128/1128 1137/1137/1137
f 1137/1137/1137 1128/1128/1128 1138/1138/1138
f 1128/1128/1128 1129/1129/1129 1138/1138/1138
f 1138/1138/1138 1129/1129/1129 1139/1139/1139
f 1129/1129/1129 1130/1130/1130 1139/1139/1139
f 1139/1139/1139 1130/1130/1130 1140/1140/1140
f 1130/1130/1130 1131/1131/1131 1140/1140/1140
f 1140/1140/1140 1131/1131/1131 1141/1141/1141
f 1131/1131/1131 1132/1132/1132 1141/1141/1141
f 1142/1142/1142 1133/1133/1133 1143/1143/1143
f 1133/1133/1133 1134/1134/1134 1143/1143/1143
f 1143/1143/1143 1134/1134/1134 1144/1144/1144
f 1134/1134/1134 1135/1135/1135 1144/1144/1144
f 1144/1144/1144 1135/1135/1135 1145/1145/1145
f 1135/1135/1135 1136/1136/1136 1145/1145/1145
f 1145/1145/1145 1136/1136/1136 1146/1146/1146
f 1136/1136/1136 1137/1137/1137 1146/1146/1146
f 1146/1146/1146 1137/1137/1137 1147/1147/1147
f 1137/1137/1137 1138/1138/1138 1147/1147/1147
f 1147/1147/1147 1138/1138/1138 1148/1148/1148
f 1138/1138/1138 1139/1139/1139 1148/1148/1148
f 1148/1148/1148 1139/1139/1139 1149/1149/1149
f 1139/1139/1139 1140/1140/1140 1149/1149/1149
f 1149/1149/1149 1140/1140/1140 1150/1150/1150
f 1140/1140/1140 1141/1141/1141 1150/1150/1150
o stargate_ring_aft_aperture
usemtl aperture
v 0 0 58.745263157894726
v 56.14075604726046 23.25426255665463 58.745263157894726
v 23.25426132245719 56.14075306764425 58.745263157894726
v -23.254262556654627 56.14075604726046 58.745263157894726
v -56.14075306764425 23.25426132245719 58.745263157894726
v -56.14075604726046 -23.254262556654623 58.745263157894726
v -23.25426132245719 -56.14075306764425 58.745263157894726
v 23.25426255665462 -56.14075604726047 58.745263157894726
v 56.14075306764425 -23.25426132245719 58.745263157894726
v 56.14075604726047 23.254262556654616 58.745263157894726
vt 0.5 0.5
vt 1 0.5
vt 0.8535534143447876 0.8535534143447876
vt 0.5 1
vt 0.1464466154575348 0.8535534143447876
vt 0 0.5
vt 0.1464466154575348 0.1464466154575348
vt 0.5 0
vt 0.8535534143447876 0.1464466154575348
vt 1 0.5
vn 0 0 1
vn 0 0 1
vn 0 0 1
vn 0 0 1
vn 0 0 1
vn 0 0 1
vn 0 0 1
vn 0 0 1
vn 0 0 1
vn 0 0 1
f 1152/1152/1152 1153/1153/1153 1151/1151/1151
f 1153/1153/1153 1154/1154/1154 1151/1151/1151
f 1154/1154/1154 1155/1155/1155 1151/1151/1151
f 1155/1155/1155 1156/1156/1156 1151/1151/1151
f 1156/1156/1156 1157/1157/1157 1151/1151/1151
f 1157/1157/1157 1158/1158/1158 1151/1151/1151
f 1158/1158/1158 1159/1159/1159 1151/1151/1151
f 1159/1159/1159 1160/1160/1160 1151/1151/1151
o stargate_spine
usemtl hull
v 21.8947360390111 121.26315829628392 114.52631257709703
v 21.8947360390111 121.26315829628392 -127.99999678762336
v 21.8947360390111 84.21052591424238 114.52631257709703
v 21.8947360390111 84.21052591424238 -127.99999678762336
v -21.8947360390111 121.26315829628392 -127.99999678762336
v -21.8947360390111 121.26315829628392 114.52631257709703
v -21.8947360390111 84.21052591424238 -127.99999678762336
v -21.8947360390111 84.21052591424238 114.52631257709703
v -21.8947360390111 121.26315829628392 -127.99999678762336
v 21.8947360390111 121.26315829628392 -127.99999678762336
v -21.8947360390111 121.26315829628392 114.52631257709703
v 21.8947360390111 121.26315829628392 114.52631257709703
v -21.8947360390111 84.21052591424238 114.52631257709703
v 21.8947360390111 84.21052591424238 114.52631257709703
v -21.8947360390111 84.21052591424238 -127.99999678762336
v 21.8947360390111 84.21052591424238 -127.99999678762336
v -21.8947360390111 121.26315829628392 114.52631257709703
v 21.8947360390111 121.26315829628392 114.52631257709703
v -21.8947360390111 84.21052591424238 114.52631257709703
v 21.8947360390111 84.21052591424238 114.52631257709703
v 21.8947360390111 121.26315829628392 -127.99999678762336
v -21.8947360390111 121.26315829628392 -127.99999678762336
v 21.8947360390111 84.21052591424238 -127.99999678762336
v -21.8947360390111 84.21052591424238 -127.99999678762336
vt 0 1
vt 1 1
vt 0 0
vt 1 0
vt 0 1
vt 1 1
vt 0 0
vt 1 0
vt 0 1
vt 1 1
vt 0 0
vt 1 0
vt 0 1
vt 1 1
vt 0 0
vt 1 0
vt 0 1
vt 1 1
vt 0 0
vt 1 0
vt 0 1
vt 1 1
vt 0 0
vt 1 0
vn 1 0 0
vn 1 0 0
vn 1 0 0
vn 1 0 0
vn -1 0 0
vn -1 0 0
vn -1 0 0
vn -1 0 0
vn 0 1 0
vn 0 1 0
vn 0 1 0
vn 0 1 0
vn 0 -1 0
vn 0 -1 0
vn 0 -1 0
vn 0 -1 0
vn 0 0 1
vn 0 0 1
vn 0 0 1
vn 0 0 1
vn 0 0 -1
vn 0 0 -1
vn 0 0 -1
vn 0 0 -1
f 1161/1161/1161 1163/1163/1163 1162/1162/1162
f 1163/1163/1163 1164/1164/1164 1162/1162/1162
f 1165/1165/1165 1167/1167/1167 1166/1166/1166
f 1167/1167/1167 1168/1168/1168 1166/1166/1166
f 1169/1169/1169 1171/1171/1171 1170/1170/1170
f 1171/1171/1171 1172/1172/1172 1170/1170/1170
f 1173/1173/1173 1175/1175/1175 1174/1174/1174
f 1175/1175/1175 1176/1176/1176 1174/1174/1174
f 1177/1177/1177 1179/1179/1179 1178/1178/1178
f 1179/1179/1179 1180/1180/1180 1178/1178/1178
f 1181/1181/1181 1183/1183/1183 1182/1182/1182
f 1183/1183/1183 1184/1184/1184 1182/1182/1182
o stargate_spine_keel
usemtl plate
v 13.473684411299855 92.6315793489155 84.21052470960115
v 13.473684411299855 92.6315793489155 -104.42105102539062
v 13.473684411299855 72.42105223003188 84.21052470960115
v 13.473684411299855 72.42105223003188 -104.42105102539062
v -13.473684411299855 92.6315793489155 -104.42105102539062
v -13.473684411299855 92.6315793489155 84.21052470960115
v -13.473684411299855 72.42105223003188 -104.42105102539062
v -13.473684411299855 72.42105223003188 84.21052470960115
v -13.473684411299855 92.6315793489155 -104.42105102539062
v 13.473684411299855 92.6315793489155 -104.42105102539062
v -13.473684411299855 92.6315793489155 84.21052470960115
v 13.473684411299855 92.6315793489155 84.21052470960115
v -13.473684411299855 72.42105223003188 84.21052470960115
v 13.473684411299855 72.42105223003188 84.21052470960115
v -13.473684411299855 72.42105223003188 -104.42105102539062
v 13.473684411299855 72.42105223003188 -104.42105102539062
v -13.473684411299855 92.6315793489155 84.21052470960115
v 13.473684411299855 92.6315793489155 84.21052470960115
v -13.473684411299855 72.42105223003188 84.21052470960115
v 13.473684411299855 72.42105223003188 84.21052470960115
v 13.473684411299855 92.6315793489155 -104.42105102539062
v -13.473684411299855 92.6315793489155 -104.42105102539062
v 13.473684411299855 72.42105223003188 -104.42105102539062
v -13.473684411299855 72.42105223003188 -104.42105102539062
vt 0 1
vt 1 1
vt 0 0
vt 1 0
vt 0 1
vt 1 1
vt 0 0
vt 1 0
vt 0 1
vt 1 1
vt 0 0
vt 1 0
vt 0 1
vt 1 1
vt 0 0
vt 1 0
vt 0 1
vt 1 1
vt 0 0
vt 1 0
vt 0 1
vt 1 1
vt 0 0
vt 1 0
vn 1 0 0
vn 1 0 0
vn 1 0 0
vn 1 0 0
vn -1 0 0
vn -1 0 0
vn -1 0 0
vn -1 0 0
vn 0 1 0
vn 0 1 0
vn 0 1 0
vn 0 1 0
vn 0 -1 0
vn 0 -1 0
vn 0 -1 0
vn 0 -1 0
vn 0 0 1
vn 0 0 1
vn 0 0 1
vn 0 0 1
vn 0 0 -1
vn 0 0 -1
vn 0 0 -1
vn 0 0 -1
f 1185/1185/1185 1187/1187/1187 1186/1186/1186
f 1187/1187/1187 1188/1188/1188 1186/1186/1186
f 1189/1189/1189 1191/1191/1191 1190/1190/1190
f 1191/1191/1191 1192/1192/1192 1190/1190/1190
f 1193/1193/1193 1195/1195/1195 1194/1194/1194
f 1195/1195/1195 1196/1196/1196 1194/1194/1194
f 1197/1197/1197 1199/1199/1199 1198/1198/1198
f 1199/1199/1199 1200/1200/1200 1198/1198/1198
f 1201/1201/1201 1203/1203/1203 1202/1202/1202
f 1203/1203/1203 1204/1204/1204 1202/1202/1202
f 1205/1205/1205 1207/1207/1207 1206/1206/1206
f 1207/1207/1207 1208/1208/1208 1206/1206/1206
o stargate_machinery_0
usemtl plate
v 26.105262354800573 143.15789473684208 -72.42105263157893
v 26.105262354800573 143.15789473684208 -122.94736842105263
v 26.105262354800573 109.4736842105263 -72.42105263157893
v 26.105262354800573 109.4736842105263 -122.94736842105263
v -26.105262354800573 143.15789473684208 -122.94736842105263
v -26.105262354800573 143.15789473684208 -72.42105263157893
v -26.105262354800573 109.4736842105263 -122.94736842105263
v -26.105262354800573 109.4736842105263 -72.42105263157893
v -26.105262354800573 143.15789473684208 -122.94736842105263
v 26.105262354800573 143.15789473684208 -122.94736842105263
v -26.105262354800573 143.15789473684208 -72.42105263157893
v 26.105262354800573 143.15789473684208 -72.42105263157893
v -26.105262354800573 109.4736842105263 -72.42105263157893
v 26.105262354800573 109.4736842105263 -72.42105263157893
v -26.105262354800573 109.4736842105263 -122.94736842105263
v 26.105262354800573 109.4736842105263 -122.94736842105263
v -26.105262354800573 143.15789473684208 -72.42105263157893
v 26.105262354800573 143.15789473684208 -72.42105263157893
v -26.105262354800573 109.4736842105263 -72.42105263157893
v 26.105262354800573 109.4736842105263 -72.42105263157893
v 26.105262354800573 143.15789473684208 -122.94736842105263
v -26.105262354800573 143.15789473684208 -122.94736842105263
v 26.105262354800573 109.4736842105263 -122.94736842105263
v -26.105262354800573 109.4736842105263 -122.94736842105263
vt 0 1
vt 1 1
vt 0 0
vt 1 0
vt 0 1
vt 1 1
vt 0 0
vt 1 0
vt 0 1
vt 1 1
vt 0 0
vt 1 0
vt 0 1
vt 1 1
vt 0 0
vt 1 0
vt 0 1
vt 1 1
vt 0 0
vt 1 0
vt 0 1
vt 1 1
vt 0 0
vt 1 0
vn 1 0 0
vn 1 0 0
vn 1 0 0
vn 1 0 0
vn -1 0 0
vn -1 0 0
vn -1 0 0
vn -1 0 0
vn 0 1 0
vn 0 1 0
vn 0 1 0
vn 0 1 0
vn 0 -1 0
vn 0 -1 0
vn 0 -1 0
vn 0 -1 0
vn 0 0 1
vn 0 0 1
vn 0 0 1
vn 0 0 1
vn 0 0 -1
vn 0 0 -1
vn 0 0 -1
vn 0 0 -1
f 1209/1209/1209 1211/1211/1211 1210/1210/1210
f 1211/1211/1211 1212/1212/1212 1210/1210/1210
f 1213/1213/1213 1215/1215/1215 1214/1214/1214
f 1215/1215/1215 1216/1216/1216 1214/1214/1214
f 1217/1217/1217 1219/1219/1219 1218/1218/1218
f 1219/1219/1219 1220/1220/1220 1218/1218/1218
f 1221/1221/1221 1223/1223/1223 1222/1222/1222
f 1223/1223/1223 1224/1224/1224 1222/1222/1222
f 1225/1225/1225 1227/1227/1227 1226/1226/1226
f 1227/1227/1227 1228/1228/1228 1226/1226/1226
f 1229/1229/1229 1231/1231/1231 1230/1230/1230
f 1231/1231/1231 1232/1232/1232 1230/1230/1230
o stargate_machinery_1
usemtl plate
v 20.210527118883633 138.10526355944182 -25.263157493189762
v 20.210527118883633 138.10526355944182 -62.31578987523129
v 20.210527118883633 109.47368380897925 -25.263157493189762
v 20.210527118883633 109.47368380897925 -62.31578987523129
v -20.210527118883633 138.10526355944182 -62.31578987523129
v -20.210527118883633 138.10526355944182 -25.263157493189762
v -20.210527118883633 109.47368380897925 -62.31578987523129
v -20.210527118883633 109.47368380897925 -25.263157493189762
v -20.210527118883633 138.10526355944182 -62.31578987523129
v 20.210527118883633 138.10526355944182 -62.31578987523129
v -20.210527118883633 138.10526355944182 -25.263157493189762
v 20.210527118883633 138.10526355944182 -25.263157493189762
v -20.210527118883633 109.47368380897925 -25.263157493189762
v 20.210527118883633 109.47368380897925 -25.263157493189762
v -20.210527118883633 109.47368380897925 -62.31578987523129
v 20.210527118883633 109.47368380897925 -62.31578987523129
v -20.210527118883633 138.10526355944182 -25.263157493189762
v 20.210527118883633 138.10526355944182 -25.263157493189762
v -20.210527118883633 109.47368380897925 -25.263157493189762
v 20.210527118883633 109.47368380897925 -25.263157493189762
v 20.210527118883633 138.10526355944182 -62.31578987523129
v -20.210527118883633 138.10526355944182 -62.31578987523129
v 20.210527118883633 109.47368380897925 -62.31578987523129
v -20.210527118883633 109.47368380897925 -62.31578987523129
vt 0 1
vt 1 1
vt 0 0
vt 1 0
vt 0 1
vt 1 1
vt 0 0
vt 1 0
vt 0 1
vt 1 1
vt 0 0
vt 1 0
vt 0 1
vt 1 1
vt 0 0
vt 1 0
vt 0 1
vt 1 1
vt 0 0
vt 1 0
vt 0 1
vt 1 1
vt 0 0
vt 1 0
vn 1 0 0
vn 1 0 0
vn 1 0 0
vn 1 0 0
vn -1 0 0
vn -1 0 0
vn -1 0 0
vn -1 0 0
vn 0 1 0
vn 0 1 0
vn 0 1 0
vn 0 1 0
vn 0 -1 0
vn 0 -1 0
vn 0 -1 0
vn 0 -1 0
vn 0 0 1
vn 0 0 1
vn 0 0 1
vn 0 0 1
vn 0 0 -1
vn 0 0 -1
vn 0 0 -1
vn 0 0 -1
f 1233/1233/1233 1235/1235/1235 1234/1234/1234
f 1235/1235/1235 1236/1236/1236 1234/1234/1234
f 1237/1237/1237 1239/1239/1239 1238/1238/1238
f 1239/1239/1239 1240/1240/1240 1238/1238/1238
f 1241/1241/1241 1243/1243/1243 1242/1242/1242
f 1243/1243/1243 1244/1244/1244 1242/1242/1242
f 1245/1245/1245 1247/1247/1247 1246/1246/1246
f 1247/1247/1247 1248/1248/1248 1246/1246/1246
f 1249/1249/1249 1251/1251/1251 1250/1250/1250
f 1251/1251/1251 1252/1252/1252 1250/1250/1250
f 1253/1253/1253 1255/1255/1255 1254/1254/1254
f 1255/1255/1255 1256/1256/1256 1254/1254/1254
o stargate_machinery_2
usemtl plate
v 29.473684210526315 148.2105259142424 42.10526396098889
v 29.473684210526315 148.2105259142424 -15.157895539936266
v 29.473684210526315 109.47368461207338 42.10526396098889
v 29.473684210526315 109.47368461207338 -15.157895539936266
v -29.473684210526315 148.2105259142424 -15.157895539936266
v -29.473684210526315 148.2105259142424 42.10526396098889
v -29.473684210526315 109.47368461207338 -15.157895539936266
v -29.473684210526315 109.47368461207338 42.10526396098889
v -29.473684210526315 148.2105259142424 -15.157895539936266
v 29.473684210526315 148.2105259142424 -15.157895539936266
v -29.473684210526315 148.2105259142424 42.10526396098889
v 29.473684210526315 148.2105259142424 42.10526396098889
v -29.473684210526315 109.47368461207338 42.10526396098889
v 29.473684210526315 109.47368461207338 42.10526396098889
v -29.473684210526315 109.47368461207338 -15.157895539936266
v 29.473684210526315 109.47368461207338 -15.157895539936266
v -29.473684210526315 148.2105259142424 42.10526396098889
v 29.473684210526315 148.2105259142424 42.10526396098889
v -29.473684210526315 109.47368461207338 42.10526396098889
v 29.473684210526315 109.47368461207338 42.10526396098889
v 29.473684210526315 148.2105259142424 -15.157895539936266
v -29.473684210526315 148.2105259142424 -15.157895539936266
v 29.473684210526315 109.47368461207338 -15.157895539936266
v -29.473684210526315 109.47368461207338 -15.157895539936266
vt 0 1
vt 1 1
vt 0 0
vt 1 0
vt 0 1
vt 1 1
vt 0 0
vt 1 0
vt 0 1
vt 1 1
vt 0 0
vt 1 0
vt 0 1
vt 1 1
vt 0 0
vt 1 0
vt 0 1
vt 1 1
vt 0 0
vt 1 0
vt 0 1
vt 1 1
vt 0 0
vt 1 0
vn 1 0 0
vn 1 0 0
vn 1 0 0
vn 1 0 0
vn -1 0 0
vn -1 0 0
vn -1 0 0
vn -1 0 0
vn 0 1 0
vn 0 1 0
vn 0 1 0
vn 0 1 0
vn 0 -1 0
vn 0 -1 0
vn 0 -1 0
vn 0 -1 0
vn 0 0 1
vn 0 0 1
vn 0 0 1
vn 0 0 1
vn 0 0 -1
vn 0 0 -1
vn 0 0 -1
vn 0 0 -1
f 1257/1257/1257 1259/1259/1259 1258/1258/1258
f 1259/1259/1259 1260/1260/1260 1258/1258/1258
f 1261/1261/1261 1263/1263/1263 1262/1262/1262
f 1263/1263/1263 1264/1264/1264 1262/1262/1262
f 1265/1265/1265 1267/1267/1267 1266/1266/1266
f 1267/1267/1267 1268/1268/1268 1266/1266/1266
f 1269/1269/1269 1271/1271/1271 1270/1270/1270
f 1271/1271/1271 1272/1272/1272 1270/1270/1270
f 1273/1273/1273 1275/1275/1275 1274/1274/1274
f 1275/1275/1275 1276/1276/1276 1274/1274/1274
f 1277/1277/1277 1279/1279/1279 1278/1278/1278
f 1279/1279/1279 1280/1280/1280 1278/1278/1278
o stargate_machinery_3
usemtl plate
v 17.684209723221628 136.42105283235247 84.21052631578947
v 17.684209723221628 136.42105283235247 50.526315789473685
v 17.684209723221628 109.47368400975276 84.21052631578947
v 17.684209723221628 109.47368400975276 50.526315789473685
v -17.684209723221628 136.42105283235247 50.526315789473685
v -17.684209723221628 136.42105283235247 84.21052631578947
v -17.684209723221628 109.47368400975276 50.526315789473685
v -17.684209723221628 109.47368400975276 84.21052631578947
v -17.684209723221628 136.42105283235247 50.526315789473685
v 17.684209723221628 136.42105283235247 50.526315789473685
v -17.684209723221628 136.42105283235247 84.21052631578947
v 17.684209723221628 136.42105283235247 84.21052631578947
v -17.684209723221628 109.47368400975276 84.21052631578947
v 17.684209723221628 109.47368400975276 84.21052631578947
v -17.684209723221628 109.47368400975276 50.526315789473685
v 17.684209723221628 109.47368400975276 50.526315789473685
v -17.684209723221628 136.42105283235247 84.21052631578947
v 17.684209723221628 136.42105283235247 84.21052631578947
v -17.684209723221628 109.47368400975276 84.21052631578947
v 17.684209723221628 109.47368400975276 84.21052631578947
v 17.684209723221628 136.42105283235247 50.526315789473685
v -17.684209723221628 136.42105283235247 50.526315789473685
v 17.684209723221628 109.47368400975276 50.526315789473685
v -17.684209723221628 109.47368400975276 50.526315789473685
vt 0 1
vt 1 1
vt 0 0
vt 1 0
vt 0 1
vt 1 1
vt 0 0
vt 1 0
vt 0 1
vt 1 1
vt 0 0
vt 1 0
vt 0 1
vt 1 1
vt 0 0
vt 1 0
vt 0 1
vt 1 1
vt 0 0
vt 1 0
vt 0 1
vt 1 1
vt 0 0
vt 1 0
vn 1 0 0
vn 1 0 0
vn 1 0 0
vn 1 0 0
vn -1 0 0
vn -1 0 0
vn -1 0 0
vn -1 0 0
vn 0 1 0
vn 0 1 0
vn 0 1 0
vn 0 1 0
vn 0 -1 0
vn 0 -1 0
vn 0 -1 0
vn 0 -1 0
vn 0 0 1
vn 0 0 1
vn 0 0 1
vn 0 0 1
vn 0 0 -1
vn 0 0 -1
vn 0 0 -1
vn 0 0 -1
f 1281/1281/1281 1283/1283/1283 1282/1282/1282
f 1283/1283/1283 1284/1284/1284 1282/1282/1282
f 1285/1285/1285 1287/1287/1287 1286/1286/1286
f 1287/1287/1287 1288/1288/1288 1286/1286/1286
f 1289/1289/1289 1291/1291/1291 1290/1290/1290
f 1291/1291/1291 1292/1292/1292 1290/1290/1290
f 1293/1293/1293 1295/1295/1295 1294/1294/1294
f 1295/1295/1295 1296/1296/1296 1294/1294/1294
f 1297/1297/1297 1299/1299/1299 1298/1298/1298
f 1299/1299/1299 1300/1300/1300 1298/1298/1298
f 1301/1301/1301 1303/1303/1303 1302/1302/1302
f 1303/1303/1303 1304/1304/1304 1302/1302/1302
o stargate_tank_0
usemtl hull
v -28.63157975046258 67.36842105263158 -57.26315789473685
v -28.631579750462578 79.27758768985146 -62.19609652067486
v -28.631579750462578 84.21052631578948 -74.10526315789474
v -28.631579750462578 79.27758768985146 -86.01442979511462
v -28.63157975046258 67.36842105263159 -90.94736842105263
v -28.631579750462585 55.459254415411706 -86.01442979511462
v -28.631579750462585 50.526315789473685 -74.10526315789474
v -28.631579750462585 55.459254415411706 -62.19609652067486
v -28.63157975046258 67.36842105263158 -57.26315789473685
v 28.63157975046258 67.36842105263158 -57.26315789473685
v 28.631579750462585 79.27758768985144 -62.19609652067486
v 28.631579750462585 84.21052631578947 -74.10526315789474
v 28.631579750462585 79.27758768985144 -86.01442979511462
v 28.63157975046258 67.36842105263158 -90.94736842105263
v 28.631579750462578 55.45925441541169 -86.01442979511462
v 28.631579750462578 50.52631578947367 -74.10526315789474
v 28.631579750462578 55.45925441541169 -62.19609652067486
v 28.63157975046258 67.36842105263156 -57.26315789473685
v -28.63157975046258 67.36842105263158 -74.10526315789474
v -28.63157975046258 67.36842105263158 -74.10526315789474
v -28.63157975046258 67.36842105263158 -74.10526315789474
v -28.63157975046258 67.36842105263158 -74.10526315789474
v -28.63157975046258 67.36842105263158 -74.10526315789474
v -28.63157975046258 67.36842105263158 -74.10526315789474
v -28.63157975046258 67.36842105263158 -74.10526315789474
v -28.63157975046258 67.36842105263158 -74.10526315789474
v -28.63157975046258 67.36842105263158 -57.26315789473685
v -28.631579750462578 79.27758768985146 -62.19609652067486
v -28.631579750462578 84.21052631578948 -74.10526315789474
v -28.631579750462578 79.27758768985146 -86.01442979511462
v -28.63157975046258 67.36842105263159 -90.94736842105263
v -28.631579750462585 55.459254415411706 -86.01442979511462
v -28.631579750462585 50.526315789473685 -74.10526315789474
v -28.631579750462585 55.459254415411706 -62.19609652067486
v -28.63157975046258 67.36842105263158 -57.26315789473685
v 28.63157975046258 67.36842105263158 -74.10526315789474
v 28.63157975046258 67.36842105263158 -74.10526315789474
v 28.63157975046258 67.36842105263158 -74.10526315789474
v 28.63157975046258 67.36842105263158 -74.10526315789474
v 28.63157975046258 67.36842105263158 -74.10526315789474
v 28.63157975046258 67.36842105263158 -74.10526315789474
v 28.63157975046258 67.36842105263158 -74.10526315789474
v 28.63157975046258 67.36842105263158 -74.10526315789474
v 28.63157975046258 67.36842105263158 -57.26315789473685
v 28.631579750462585 79.27758768985144 -62.19609652067486
v 28.631579750462585 84.21052631578947 -74.10526315789474
v 28.631579750462585 79.27758768985144 -86.01442979511462
v 28.63157975046258 67.36842105263158 -90.94736842105263
v 28.631579750462578 55.45925441541169 -86.01442979511462
v 28.631579750462578 50.52631578947367 -74.10526315789474
v 28.631579750462578 55.45925441541169 -62.19609652067486
v 28.63157975046258 67.36842105263156 -57.26315789473685
vt 0 1
vt 0.125 1
vt 0.25 1
vt 0.375 1
vt 0.5 1
vt 0.625 1
vt 0.75 1
vt 0.875 1
vt 1 1
vt 0 0
vt 0.125 0
vt 0.25 0
vt 0.375 0
vt 0.5 0
vt 0.625 0
vt 0.75 0
vt 0.875 0
vt 1 0
vt 0.5 0.5
vt 0.5 0.5
vt 0.5 0.5
vt 0.5 0.5
vt 0.5 0.5
vt 0.5 0.5
vt 0.5 0.5
vt 0.5 0.5
vt 1 0.5
vt 0.8535534143447876 0.8535534143447876
vt 0.5 1
vt 0.1464466154575348 0.8535534143447876
vt 0 0.5
vt 0.1464466154575348 0.1464466154575348
vt 0.5 0
vt 0.8535534143447876 0.1464466154575348
vt 1 0.5
vt 0.5 0.5
vt 0.5 0.5
vt 0.5 0.5
vt 0.5 0.5
vt 0.5 0.5
vt 0.5 0.5
vt 0.5 0.5
vt 0.5 0.5
vt 1 0.5
vt 0.8535534143447876 0.1464466154575348
vt 0.5 0
vt 0.1464466154575348 0.1464466154575348
vt 0 0.5
vt 0.1464466154575348 0.8535534143447876
vt 0.5 1
vt 0.8535534143447876 0.8535534143447876
vt 1 0.5
vn 0 0 1
vn 1.5700924586837752e-16 0.7071067811865476 0.7071067811865476
vn 2.220446049250313e-16 1 6.123234262925839e-17
vn 1.5700924586837752e-16 0.7071067811865476 -0.7071067811865476
vn 2.7192622655495665e-32 1.2246468525851679e-16 -1
vn -1.5700924586837752e-16 -0.7071067811865476 -0.7071067811865476
vn -2.220446049250313e-16 -1 -1.8369701465288538e-16
vn -1.5700924586837752e-16 -0.7071067811865476 0.7071067811865476
vn -5.438524531099133e-32 -2.4492937051703357e-16 1
vn 0 0 1
vn 1.5700924586837752e-16 0.7071067811865476 0.7071067811865476
vn 2.220446049250313e-16 1 6.123234262925839e-17
vn 1.5700924586837752e-16 0.7071067811865476 -0.7071067811865476
vn 2.7192622655495665e-32 1.2246468525851679e-16 -1
vn -1.5700924586837752e-16 -0.7071067811865476 -0.7071067811865476
vn -2.220446049250313e-16 -1 -1.8369701465288538e-16
vn -1.5700924586837752e-16 -0.7071067811865476 0.7071067811865476
vn -5.438524531099133e-32 -2.4492937051703357e-16 1
vn -1 2.220446049250313e-16 0
vn -1 2.220446049250313e-16 0
vn -1 2.220446049250313e-16 0
vn -1 2.220446049250313e-16 0
vn -1 2.220446049250313e-16 0
vn -1 2.220446049250313e-16 0
vn -1 2.220446049250313e-16 0
vn -1 2.220446049250313e-16 0
vn -1 2.220446049250313e-16 0
vn -1 2.220446049250313e-16 0
vn -1 2.220446049250313e-16 0
vn -1 2.220446049250313e-16 0
vn -1 2.220446049250313e-16 0
vn -1 2.220446049250313e-16 0
vn -1 2.220446049250313e-16 0
vn -1 2.220446049250313e-16 0
vn -1 2.220446049250313e-16 0
vn 1 -2.220446049250313e-16 0
vn 1 -2.220446049250313e-16 0
vn 1 -2.220446049250313e-16 0
vn 1 -2.220446049250313e-16 0
vn 1 -2.220446049250313e-16 0
vn 1 -2.220446049250313e-16 0
vn 1 -2.220446049250313e-16 0
vn 1 -2.220446049250313e-16 0
vn 1 -2.220446049250313e-16 0
vn 1 -2.220446049250313e-16 0
vn 1 -2.220446049250313e-16 0
vn 1 -2.220446049250313e-16 0
vn 1 -2.220446049250313e-16 0
vn 1 -2.220446049250313e-16 0
vn 1 -2.220446049250313e-16 0
vn 1 -2.220446049250313e-16 0
vn 1 -2.220446049250313e-16 0
f 1305/1305/1305 1314/1314/1314 1306/1306/1306
f 1314/1314/1314 1315/1315/1315 1306/1306/1306
f 1306/1306/1306 1315/1315/1315 1307/1307/1307
f 1315/1315/1315 1316/1316/1316 1307/1307/1307
f 1307/1307/1307 1316/1316/1316 1308/1308/1308
f 1316/1316/1316 1317/1317/1317 1308/1308/1308
f 1308/1308/1308 1317/1317/1317 1309/1309/1309
f 1317/1317/1317 1318/1318/1318 1309/1309/1309
f 1309/1309/1309 1318/1318/1318 1310/1310/1310
f 1318/1318/1318 1319/1319/1319 1310/1310/1310
f 1310/1310/1310 1319/1319/1319 1311/1311/1311
f 1319/1319/1319 1320/1320/1320 1311/1311/1311
f 1311/1311/1311 1320/1320/1320 1312/1312/1312
f 1320/1320/1320 1321/1321/1321 1312/1312/1312
f 1312/1312/1312 1321/1321/1321 1313/1313/1313
f 1321/1321/1321 1322/1322/1322 1313/1313/1313
f 1331/1331/1331 1332/1332/1332 1323/1323/1323
f 1332/1332/1332 1333/1333/1333 1324/1324/1324
f 1333/1333/1333 1334/1334/1334 1325/1325/1325
f 1334/1334/1334 1335/1335/1335 1326/1326/1326
f 1335/1335/1335 1336/1336/1336 1327/1327/1327
f 1336/1336/1336 1337/1337/1337 1328/1328/1328
f 1337/1337/1337 1338/1338/1338 1329/1329/1329
f 1338/1338/1338 1339/1339/1339 1330/1330/1330
f 1349/1349/1349 1348/1348/1348 1340/1340/1340
f 1350/1350/1350 1349/1349/1349 1341/1341/1341
f 1351/1351/1351 1350/1350/1350 1342/1342/1342
f 1352/1352/1352 1351/1351/1351 1343/1343/1343
f 1353/1353/1353 1352/1352/1352 1344/1344/1344
f 1354/1354/1354 1353/1353/1353 1345/1345/1345
f 1355/1355/1355 1354/1354/1354 1346/1346/1346
f 1356/1356/1356 1355/1355/1355 1347/1347/1347
o stargate_tank_1
usemtl hull
v -28.63157975046258 67.36842105263158 13.473685013620475
v -28.631579750462578 81.65942141884253 7.55415826094778
v -28.631579750462578 87.57894817151521 -6.736842105263157
v -28.631579750462578 81.65942141884253 -21.027842471474095
v -28.63157975046258 67.36842105263159 -26.94736922414679
v -28.631579750462585 53.077420686420645 -21.027842471474095
v -28.631579750462585 47.15789393374795 -6.736842105263161
v -28.631579750462585 53.077420686420645 7.55415826094778
v -28.63157975046258 67.36842105263158 13.473685013620475
v 28.63157975046258 67.36842105263158 13.473685013620475
v 28.631579750462585 81.6594214188425 7.55415826094778
v 28.631579750462585 87.57894817151521 -6.736842105263157
v 28.631579750462585 81.6594214188425 -21.027842471474095
v 28.63157975046258 67.36842105263158 -26.94736922414679
v 28.631579750462578 53.07742068642063 -21.027842471474095
v 28.631579750462578 47.157893933747935 -6.736842105263161
v 28.631579750462578 53.07742068642063 7.55415826094778
v 28.63157975046258 67.36842105263156 13.473685013620475
v -28.63157975046258 67.36842105263158 -6.7368421052631575
v -28.63157975046258 67.36842105263158 -6.7368421052631575
v -28.63157975046258 67.36842105263158 -6.7368421052631575
v -28.63157975046258 67.36842105263158 -6.7368421052631575
v -28.63157975046258 67.36842105263158 -6.7368421052631575
v -28.63157975046258 67.36842105263158 -6.7368421052631575
v -28.63157975046258 67.36842105263158 -6.7368421052631575
v -28.63157975046258 67.36842105263158 -6.7368421052631575
v -28.63157975046258 67.36842105263158 13.473685013620475
v -28.631579750462578 81.65942141884253 7.55415826094778
v -28.631579750462578 87.57894817151521 -6.736842105263157
v -28.631579750462578 81.65942141884253 -21.027842471474095
v -28.63157975046258 67.36842105263159 -26.94736922414679
v -28.631579750462585 53.077420686420645 -21.027842471474095
v -28.631579750462585 47.15789393374795 -6.736842105263161
v -28.631579750462585 53.077420686420645 7.55415826094778
v -28.63157975046258 67.36842105263158 13.473685013620475
v 28.63157975046258 67.36842105263158 -6.7368421052631575
v 28.63157975046258 67.36842105263158 -6.7368421052631575
v 28.63157975046258 67.36842105263158 -6.7368421052631575
v 28.63157975046258 67.36842105263158 -6.7368421052631575
v 28.63157975046258 67.36842105263158 -6.7368421052631575
v 28.63157975046258 67.36842105263158 -6.7368421052631575
v 28.63157975046258 67.36842105263158 -6.7368421052631575
v 28.63157975046258 67.36842105263158 -6.7368421052631575
v 28.63157975046258 67.36842105263158 13.473685013620475
v 28.631579750462585 81.6594214188425 7.55415826094778
v 28.631579750462585 87.57894817151521 -6.736842105263157
v 28.631579750462585 81.6594214188425 -21.027842471474095
v 28.63157975046258 67.36842105263158 -26.94736922414679
v 28.631579750462578 53.07742068642063 -21.027842471474095
v 28.631579750462578 47.157893933747935 -6.736842105263161
v 28.631579750462578 53.07742068642063 7.55415826094778
v 28.63157975046258 67.36842105263156 13.473685013620475
vt 0 1
vt 0.125 1
vt 0.25 1
vt 0.375 1
vt 0.5 1
vt 0.625 1
vt 0.75 1
vt 0.875 1
vt 1 1
vt 0 0
vt 0.125 0
vt 0.25 0
vt 0.375 0
vt 0.5 0
vt 0.625 0
vt 0.75 0
vt 0.875 0
vt 1 0
vt 0.5 0.5
vt 0.5 0.5
vt 0.5 0.5
vt 0.5 0.5
vt 0.5 0.5
vt 0.5 0.5
vt 0.5 0.5
vt 0.5 0.5
vt 1 0.5
vt 0.8535534143447876 0.8535534143447876
vt 0.5 1
vt 0.1464466154575348 0.8535534143447876
vt 0 0.5
vt 0.1464466154575348 0.1464466154575348
vt 0.5 0
vt 0.8535534143447876 0.1464466154575348
vt 1 0.5
vt 0.5 0.5
vt 0.5 0.5
vt 0.5 0.5
vt 0.5 0.5
vt 0.5 0.5
vt 0.5 0.5
vt 0.5 0.5
vt 0.5 0.5
vt 1 0.5
vt 0.8535534143447876 0.1464466154575348
vt 0.5 0
vt 0.1464466154575348 0.1464466154575348
vt 0 0.5
vt 0.1464466154575348 0.8535534143447876
vt 0.5 1
vt 0.8535534143447876 0.8535534143447876
vt 1 0.5
vn 0 0 1
vn 1.5700924586837752e-16 0.7071067811865476 0.7071067811865476
vn 2.220446049250313e-16 1 6.123234262925839e-17
vn 1.5700924586837752e-16 0.7071067811865476 -0.7071067811865476
vn 2.7192622655495665e-32 1.2246468525851679e-16 -1
vn -1.5700924586837752e-16 -0.7071067811865476 -0.7071067811865476
vn -2.220446049250313e-16 -1 -1.8369701465288538e-16
vn -1.5700924586837752e-16 -0.7071067811865476 0.7071067811865476
vn -5.438524531099133e-32 -2.4492937051703357e-16 1
vn 0 0 1
vn 1.5700924586837752e-16 0.7071067811865476 0.7071067811865476
vn 2.220446049250313e-16 1 6.123234262925839e-17
vn 1.5700924586837752e-16 0.7071067811865476 -0.7071067811865476
vn 2.7192622655495665e-32 1.2246468525851679e-16 -1
vn -1.5700924586837752e-16 -0.7071067811865476 -0.7071067811865476
vn -2.220446049250313e-16 -1 -1.8369701465288538e-16
vn -1.5700924586837752e-16 -0.7071067811865476 0.7071067811865476
vn -5.438524531099133e-32 -2.4492937051703357e-16 1
vn -1 2.220446049250313e-16 0
vn -1 2.220446049250313e-16 0
vn -1 2.220446049250313e-16 0
vn -1 2.220446049250313e-16 0
vn -1 2.220446049250313e-16 0
vn -1 2.220446049250313e-16 0
vn -1 2.220446049250313e-16 0
vn -1 2.220446049250313e-16 0
vn -1 2.220446049250313e-16 0
vn -1 2.220446049250313e-16 0
vn -1 2.220446049250313e-16 0
vn -1 2.220446049250313e-16 0
vn -1 2.220446049250313e-16 0
vn -1 2.220446049250313e-16 0
vn -1 2.220446049250313e-16 0
vn -1 2.220446049250313e-16 0
vn -1 2.220446049250313e-16 0
vn 1 -2.220446049250313e-16 0
vn 1 -2.220446049250313e-16 0
vn 1 -2.220446049250313e-16 0
vn 1 -2.220446049250313e-16 0
vn 1 -2.220446049250313e-16 0
vn 1 -2.220446049250313e-16 0
vn 1 -2.220446049250313e-16 0
vn 1 -2.220446049250313e-16 0
vn 1 -2.220446049250313e-16 0
vn 1 -2.220446049250313e-16 0
vn 1 -2.220446049250313e-16 0
vn 1 -2.220446049250313e-16 0
vn 1 -2.220446049250313e-16 0
vn 1 -2.220446049250313e-16 0
vn 1 -2.220446049250313e-16 0
vn 1 -2.220446049250313e-16 0
vn 1 -2.220446049250313e-16 0
f 1357/1357/1357 1366/1366/1366 1358/1358/1358
f 1366/1366/1366 1367/1367/1367 1358/1358/1358
f 1358/1358/1358 1367/1367/1367 1359/1359/1359
f 1367/1367/1367 1368/1368/1368 1359/1359/1359
f 1359/1359/1359 1368/1368/1368 1360/1360/1360
f 1368/1368/1368 1369/1369/1369 1360/1360/1360
f 1360/1360/1360 1369/1369/1369 1361/1361/1361
f 1369/1369/1369 1370/1370/1370 1361/1361/1361
f 1361/1361/1361 1370/1370/1370 1362/1362/1362
f 1370/1370/1370 1371/1371/1371 1362/1362/1362
f 1362/1362/1362 1371/1371/1371 1363/1363/1363
f 1371/1371/1371 1372/1372/1372 1363/1363/1363
f 1363/1363/1363 1372/1372/1372 1364/1364/1364
f 1372/1372/1372 1373/1373/1373 1364/1364/1364
f 1364/1364/1364 1373/1373/1373 1365/1365/1365
f 1373/1373/1373 1374/1374/1374 1365/1365/1365
f 1383/1383/1383 1384/1384/1384 1375/1375/1375
f 1384/1384/1384 1385/1385/1385 1376/1376/1376
f 1385/1385/1385 1386/1386/1386 1377/1377/1377
f 1386/1386/1386 1387/1387/1387 1378/1378/1378
f 1387/1387/1387 1388/1388/1388 1379/1379/1379
f 1388/1388/1388 1389/1389/1389 1380/1380/1380
f 1389/1389/1389 1390/1390/1390 1381/1381/1381
f 1390/1390/1390 1391/1391/1391 1382/1382/1382
f 1401/1401/1401 1400/1400/1400 1392/1392/1392
f 1402/1402/1402 1401/1401/1401 1393/1393/1393
f 1403/1403/1403 1402/1402/1402 1394/1394/1394
f 1404/1404/1404 1403/1403/1403 1395/1395/1395
f 1405/1405/1405 1404/1404/1404 1396/1396/1396
f 1406/1406/1406 1405/1405/1405 1397/1397/1397
f 1407/1407/1407 1406/1406/1406 1398/1398/1398
f 1408/1408/1408 1407/1407/1407 1399/1399/1399
o stargate_tank_2
usemtl hull
v -28.63157975046258 67.36842105263158 62.31578907213713
v -28.631579750462578 78.08667132728979 57.876145011500306
v -28.631579750462578 82.5263153879266 47.1578947368421
v -28.631579750462578 78.08667132728979 36.4396444621839
v -28.63157975046258 67.36842105263159 32.00000040154708
v -28.631579750462585 56.65017077797338 36.4396444621839
v -28.631579750462585 52.210526717336556 47.1578947368421
v -28.631579750462585 56.65017077797338 57.876145011500306
v -28.63157975046258 67.36842105263158 62.31578907213713
v 28.63157975046258 67.36842105263158 62.31578907213713
v 28.631579750462585 78.08667132728976 57.876145011500306
v 28.631579750462585 82.52631538792659 47.1578947368421
v 28.631579750462585 78.08667132728976 36.4396444621839
v 28.63157975046258 67.36842105263158 32.00000040154708
v 28.631579750462578 56.650170777973365 36.4396444621839
v 28.631579750462578 52.21052671733654 47.1578947368421
v 28.631579750462578 56.650170777973365 57.876145011500306
v 28.63157975046258 67.36842105263156 62.31578907213713
v -28.63157975046258 67.36842105263158 47.1578947368421
v -28.63157975046258 67.36842105263158 47.1578947368421
v -28.63157975046258 67.36842105263158 47.1578947368421
v -28.63157975046258 67.36842105263158 47.1578947368421
v -28.63157975046258 67.36842105263158 47.1578947368421
v -28.63157975046258 67.36842105263158 47.1578947368421
v -28.63157975046258 67.36842105263158 47.1578947368421
v -28.63157975046258 67.36842105263158 47.1578947368421
v -28.63157975046258 67.36842105263158 62.31578907213713
v -28.631579750462578 78.08667132728979 57.876145011500306
v -28.631579750462578 82.5263153879266 47.1578947368421
v -28.631579750462578 78.08667132728979 36.4396444621839
v -28.63157975046258 67.36842105263159 32.00000040154708
v -28.631579750462585 56.65017077797338 36.4396444621839
v -28.631579750462585 52.210526717336556 47.1578947368421
v -28.631579750462585 56.65017077797338 57.876145011500306
v -28.63157975046258 67.36842105263158 62.31578907213713
v 28.63157975046258 67.36842105263158 47.1578947368421
v 28.63157975046258 67.36842105263158 47.1578947368421
v 28.63157975046258 67.36842105263158 47.1578947368421
v 28.63157975046258 67.36842105263158 47.1578947368421
v 28.63157975046258 67.36842105263158 47.1578947368421
v 28.63157975046258 67.36842105263158 47.1578947368421
v 28.63157975046258 67.36842105263158 47.1578947368421
v 28.63157975046258 67.36842105263158 47.1578947368421
v 28.63157975046258 67.36842105263158 62.31578907213713
v 28.631579750462585 78.08667132728976 57.876145011500306
v 28.631579750462585 82.52631538792659 47.1578947368421
v 28.631579750462585 78.08667132728976 36.4396444621839
v 28.63157975046258 67.36842105263158 32.00000040154708
v 28.631579750462578 56.650170777973365 36.4396444621839
v 28.631579750462578 52.21052671733654 47.1578947368421
v 28.631579750462578 56.650170777973365 57.876145011500306
v 28.63157975046258 67.36842105263156 62.31578907213713
vt 0 1
vt 0.125 1
vt 0.25 1
vt 0.375 1
vt 0.5 1
vt 0.625 1
vt 0.75 1
vt 0.875 1
vt 1 1
vt 0 0
vt 0.125 0
vt 0.25 0
vt 0.375 0
vt 0.5 0
vt 0.625 0
vt 0.75 0
vt 0.875 0
vt 1 0
vt 0.5 0.5
vt 0.5 0.5
vt 0.5 0.5
vt 0.5 0.5
vt 0.5 0.5
vt 0.5 0.5
vt 0.5 0.5
vt 0.5 0.5
vt 1 0.5
vt 0.8535534143447876 0.8535534143447876
vt 0.5 1
vt 0.1464466154575348 0.8535534143447876
vt 0 0.5
vt 0.1464466154575348 0.1464466154575348
vt 0.5 0
vt 0.8535534143447876 0.1464466154575348
vt 1 0.5
vt 0.5 0.5
vt 0.5 0.5
vt 0.5 0.5
vt 0.5 0.5
vt 0.5 0.5
vt 0.5 0.5
vt 0.5 0.5
vt 0.5 0.5
vt 1 0.5
vt 0.8535534143447876 0.1464466154575348
vt 0.5 0
vt 0.1464466154575348 0.1464466154575348
vt 0 0.5
vt 0.1464466154575348 0.8535534143447876
vt 0.5 1
vt 0.8535534143447876 0.8535534143447876
vt 1 0.5
vn 0 0 1
vn 1.5700924586837752e-16 0.7071067811865476 0.7071067811865476
vn 2.220446049250313e-16 1 6.123234262925839e-17
vn 1.5700924586837752e-16 0.7071067811865476 -0.7071067811865476
vn 2.7192622655495665e-32 1.2246468525851679e-16 -1
vn -1.5700924586837752e-16 -0.7071067811865476 -0.7071067811865476
vn -2.220446049250313e-16 -1 -1.8369701465288538e-16
vn -1.5700924586837752e-16 -0.7071067811865476 0.7071067811865476
vn -5.438524531099133e-32 -2.4492937051703357e-16 1
vn 0 0 1
vn 1.5700924586837752e-16 0.7071067811865476 0.7071067811865476
vn 2.220446049250313e-16 1 6.123234262925839e-17
vn 1.5700924586837752e-16 0.7071067811865476 -0.7071067811865476
vn 2.7192622655495665e-32 1.2246468525851679e-16 -1
vn -1.5700924586837752e-16 -0.7071067811865476 -0.7071067811865476
vn -2.220446049250313e-16 -1 -1.8369701465288538e-16
vn -1.5700924586837752e-16 -0.7071067811865476 0.7071067811865476
vn -5.438524531099133e-32 -2.4492937051703357e-16 1
vn -1 2.220446049250313e-16 0
vn -1 2.220446049250313e-16 0
vn -1 2.220446049250313e-16 0
vn -1 2.220446049250313e-16 0
vn -1 2.220446049250313e-16 0
vn -1 2.220446049250313e-16 0
vn -1 2.220446049250313e-16 0
vn -1 2.220446049250313e-16 0
vn -1 2.220446049250313e-16 0
vn -1 2.220446049250313e-16 0
vn -1 2.220446049250313e-16 0
vn -1 2.220446049250313e-16 0
vn -1 2.220446049250313e-16 0
vn -1 2.220446049250313e-16 0
vn -1 2.220446049250313e-16 0
vn -1 2.220446049250313e-16 0
vn -1 2.220446049250313e-16 0
vn 1 -2.220446049250313e-16 0
vn 1 -2.220446049250313e-16 0
vn 1 -2.220446049250313e-16 0
vn 1 -2.220446049250313e-16 0
vn 1 -2.220446049250313e-16 0
vn 1 -2.220446049250313e-16 0
vn 1 -2.220446049250313e-16 0
vn 1 -2.220446049250313e-16 0
vn 1 -2.220446049250313e-16 0
vn 1 -2.220446049250313e-16 0
vn 1 -2.220446049250313e-16 0
vn 1 -2.220446049250313e-16 0
vn 1 -2.220446049250313e-16 0
vn 1 -2.220446049250313e-16 0
vn 1 -2.220446049250313e-16 0
vn 1 -2.220446049250313e-16 0
vn 1 -2.220446049250313e-16 0
f 1409/1409/1409 1418/1418/1418 1410/1410/1410
f 1418/1418/1418 1419/1419/1419 1410/1410/1410
f 1410/1410/1410 1419/1419/1419 1411/1411/1411
f 1419/1419/1419 1420/1420/1420 1411/1411/1411
f 1411/1411/1411 1420/1420/1420 1412/1412/1412
f 1420/1420/1420 1421/1421/1421 1412/1412/1412
f 1412/1412/1412 1421/1421/1421 1413/1413/1413
f 1421/1421/1421 1422/1422/1422 1413/1413/1413
f 1413/1413/1413 1422/1422/1422 1414/1414/1414
f 1422/1422/1422 1423/1423/1423 1414/1414/1414
f 1414/1414/1414 1423/1423/1423 1415/1415/1415
f 1423/1423/1423 1424/1424/1424 1415/1415/1415
f 1415/1415/1415 1424/1424/1424 1416/1416/1416
f 1424/1424/1424 1425/1425/1425 1416/1416/1416
f 1416/1416/1416 1425/1425/1425 1417/1417/1417
f 1425/1425/1425 1426/1426/1426 1417/1417/1417
f 1435/1435/1435 1436/1436/1436 1427/1427/1427
f 1436/1436/1436 1437/1437/1437 1428/1428/1428
f 1437/1437/1437 1438/1438/1438 1429/1429/1429
f 1438/1438/1438 1439/1439/1439 1430/1430/1430
f 1439/1439/1439 1440/1440/1440 1431/1431/1431
f 1440/1440/1440 1441/1441/1441 1432/1432/1432
f 1441/1441/1441 1442/1442/1442 1433/1433/1433
f 1442/1442/1442 1443/1443/1443 1434/1434/1434
f 1453/1453/1453 1452/1452/1452 1444/1444/1444
f 1454/1454/1454 1453/1453/1453 1445/1445/1445
f 1455/1455/1455 1454/1454/1454 1446/1446/1446
f 1456/1456/1456 1455/1455/1455 1447/1447/1447
f 1457/1457/1457 1456/1456/1456 1448/1448/1448
f 1458/1458/1458 1457/1457/1457 1449/1449/1449
f 1459/1459/1459 1458/1458/1458 1450/1450/1450
f 1460/1460/1460 1459/1459/1459 1451/1451/1451
o stargate_spine_band
usemtl accent
v 22.56842161479749 122.9473683984656 43.78947529039885
v 22.56842161479749 122.9473683984656 -70.73684371145148
v 22.56842161479749 120.92631581206071 43.78947529039885
v 22.56842161479749 120.92631581206071 -70.73684371145148
v -22.56842161479749 122.9473683984656 -70.73684371145148
v -22.56842161479749 122.9473683984656 43.78947529039885
v -22.56842161479749 120.92631581206071 -70.73684371145148
v -22.56842161479749 120.92631581206071 43.78947529039885
v -22.56842161479749 122.9473683984656 -70.73684371145148
v 22.56842161479749 122.9473683984656 -70.73684371145148
v -22.56842161479749 122.9473683984656 43.78947529039885
v 22.56842161479749 122.9473683984656 43.78947529039885
v -22.56842161479749 120.92631581206071 43.78947529039885
v 22.56842161479749 120.92631581206071 43.78947529039885
v -22.56842161479749 120.92631581206071 -70.73684371145148
v 22.56842161479749 120.92631581206071 -70.73684371145148
v -22.56842161479749 122.9473683984656 43.78947529039885
v 22.56842161479749 122.9473683984656 43.78947529039885
v -22.56842161479749 120.92631581206071 43.78947529039885
v 22.56842161479749 120.92631581206071 43.78947529039885
v 22.56842161479749 122.9473683984656 -70.73684371145148
v -22.56842161479749 122.9473683984656 -70.73684371145148
v 22.56842161479749 120.92631581206071 -70.73684371145148
v -22.56842161479749 120.92631581206071 -70.73684371145148
vt 0 1
vt 1 1
vt 0 0
vt 1 0
vt 0 1
vt 1 1
vt 0 0
vt 1 0
vt 0 1
vt 1 1
vt 0 0
vt 1 0
vt 0 1
vt 1 1
vt 0 0
vt 1 0
vt 0 1
vt 1 1
vt 0 0
vt 1 0
vt 0 1
vt 1 1
vt 0 0
vt 1 0
vn 1 0 0
vn 1 0 0
vn 1 0 0
vn 1 0 0
vn -1 0 0
vn -1 0 0
vn -1 0 0
vn -1 0 0
vn 0 1 0
vn 0 1 0
vn 0 1 0
vn 0 1 0
vn 0 -1 0
vn 0 -1 0
vn 0 -1 0
vn 0 -1 0
vn 0 0 1
vn 0 0 1
vn 0 0 1
vn 0 0 1
vn 0 0 -1
vn 0 0 -1
vn 0 0 -1
vn 0 0 -1
f 1461/1461/1461 1463/1463/1463 1462/1462/1462
f 1463/1463/1463 1464/1464/1464 1462/1462/1462
f 1465/1465/1465 1467/1467/1467 1466/1466/1466
f 1467/1467/1467 1468/1468/1468 1466/1466/1466
f 1469/1469/1469 1471/1471/1471 1470/1470/1470
f 1471/1471/1471 1472/1472/1472 1470/1470/1470
f 1473/1473/1473 1475/1475/1475 1474/1474/1474
f 1475/1475/1475 1476/1476/1476 1474/1474/1474
f 1477/1477/1477 1479/1479/1479 1478/1478/1478
f 1479/1479/1479 1480/1480/1480 1478/1478/1478
f 1481/1481/1481 1483/1483/1483 1482/1482/1482
f 1483/1483/1483 1484/1484/1484 1482/1482/1482
o stargate_keel
usemtl hull
v 11.789473483436986 -67.36842125340513 84.21052792197779
v 11.789473483436986 -67.36842125340513 -97.68421213250411
v 11.789473483436986 -90.94736822027909 84.21052792197779
v 11.789473483436986 -90.94736822027909 -97.68421213250411
v -11.789473483436986 -67.36842125340513 -97.68421213250411
v -11.789473483436986 -67.36842125340513 84.21052792197779
v -11.789473483436986 -90.94736822027909 -97.68421213250411
v -11.789473483436986 -90.94736822027909 84.21052792197779
v -11.789473483436986 -67.36842125340513 -97.68421213250411
v 11.789473483436986 -67.36842125340513 -97.68421213250411
v -11.789473483436986 -67.36842125340513 84.21052792197779
v 11.789473483436986 -67.36842125340513 84.21052792197779
v -11.789473483436986 -90.94736822027909 84.21052792197779
v 11.789473483436986 -90.94736822027909 84.21052792197779
v -11.789473483436986 -90.94736822027909 -97.68421213250411
v 11.789473483436986 -90.94736822027909 -97.68421213250411
v -11.789473483436986 -67.36842125340513 84.21052792197779
v 11.789473483436986 -67.36842125340513 84.21052792197779
v -11.789473483436986 -90.94736822027909 84.21052792197779
v 11.789473483436986 -90.94736822027909 84.21052792197779
v 11.789473483436986 -67.36842125340513 -97.68421213250411
v -11.789473483436986 -67.36842125340513 -97.68421213250411
v 11.789473483436986 -90.94736822027909 -97.68421213250411
v -11.789473483436986 -90.94736822027909 -97.68421213250411
vt 0 1
vt 1 1
vt 0 0
vt 1 0
vt 0 1
vt 1 1
vt 0 0
vt 1 0
vt 0 1
vt 1 1
vt 0 0
vt 1 0
vt 0 1
vt 1 1
vt 0 0
vt 1 0
vt 0 1
vt 1 1
vt 0 0
vt 1 0
vt 0 1
vt 1 1
vt 0 0
vt 1 0
vn 1 0 0
vn 1 0 0
vn 1 0 0
vn 1 0 0
vn -1 0 0
vn -1 0 0
vn -1 0 0
vn -1 0 0
vn 0 1 0
vn 0 1 0
vn 0 1 0
vn 0 1 0
vn 0 -1 0
vn 0 -1 0
vn 0 -1 0
vn 0 -1 0
vn 0 0 1
vn 0 0 1
vn 0 0 1
vn 0 0 1
vn 0 0 -1
vn 0 0 -1
vn 0 0 -1
vn 0 0 -1
f 1485/1485/1485 1487/1487/1487 1486/1486/1486
f 1487/1487/1487 1488/1488/1488 1486/1486/1486
f 1489/1489/1489 1491/1491/1491 1490/1490/1490
f 1491/1491/1491 1492/1492/1492 1490/1490/1490
f 1493/1493/1493 1495/1495/1495 1494/1494/1494
f 1495/1495/1495 1496/1496/1496 1494/1494/1494
f 1497/1497/1497 1499/1499/1499 1498/1498/1498
f 1499/1499/1499 1500/1500/1500 1498/1498/1498
f 1501/1501/1501 1503/1503/1503 1502/1502/1502
f 1503/1503/1503 1504/1504/1504 1502/1502/1502
f 1505/1505/1505 1507/1507/1507 1506/1506/1506
f 1507/1507/1507 1508/1508/1508 1506/1506/1506
o stargate_keel_pod
usemtl plate
v 18.526316191020765 -67.36842145417866 16.842105664704974
v 18.526316191020765 -67.36842145417866 -37.052631980494446
v 18.526316191020765 -97.68421012476871 16.842105664704974
v 18.526316191020765 -97.68421012476871 -37.052631980494446
v -18.526316191020765 -67.36842145417866 -37.052631980494446
v -18.526316191020765 -67.36842145417866 16.842105664704974
v -18.526316191020765 -97.68421012476871 -37.052631980494446
v -18.526316191020765 -97.68421012476871 16.842105664704974
v -18.526316191020765 -67.36842145417866 -37.052631980494446
v 18.526316191020765 -67.36842145417866 -37.052631980494446
v -18.526316191020765 -67.36842145417866 16.842105664704974
v 18.526316191020765 -67.36842145417866 16.842105664704974
v -18.526316191020765 -97.68421012476871 16.842105664704974
v 18.526316191020765 -97.68421012476871 16.842105664704974
v -18.526316191020765 -97.68421012476871 -37.052631980494446
v 18.526316191020765 -97.68421012476871 -37.052631980494446
v -18.526316191020765 -67.36842145417866 16.842105664704974
v 18.526316191020765 -67.36842145417866 16.842105664704974
v -18.526316191020765 -97.68421012476871 16.842105664704974
v 18.526316191020765 -97.68421012476871 16.842105664704974
v 18.526316191020765 -67.36842145417866 -37.052631980494446
v -18.526316191020765 -67.36842145417866 -37.052631980494446
v 18.526316191020765 -97.68421012476871 -37.052631980494446
v -18.526316191020765 -97.68421012476871 -37.052631980494446
vt 0 1
vt 1 1
vt 0 0
vt 1 0
vt 0 1
vt 1 1
vt 0 0
vt 1 0
vt 0 1
vt 1 1
vt 0 0
vt 1 0
vt 0 1
vt 1 1
vt 0 0
vt 1 0
vt 0 1
vt 1 1
vt 0 0
vt 1 0
vt 0 1
vt 1 1
vt 0 0
vt 1 0
vn 1 0 0
vn 1 0 0
vn 1 0 0
vn 1 0 0
vn -1 0 0
vn -1 0 0
vn -1 0 0
vn -1 0 0
vn 0 1 0
vn 0 1 0
vn 0 1 0
vn 0 1 0
vn 0 -1 0
vn 0 -1 0
vn 0 -1 0
vn 0 -1 0
vn 0 0 1
vn 0 0 1
vn 0 0 1
vn 0 0 1
vn 0 0 -1
vn 0 0 -1
vn 0 0 -1
vn 0 0 -1
f 1509/1509/1509 1511/1511/1511 1510/1510/1510
f 1511/1511/1511 1512/1512/1512 1510/1510/1510
f 1513/1513/1513 1515/1515/1515 1514/1514/1514
f 1515/1515/1515 1516/1516/1516 1514/1514/1514
f 1517/1517/1517 1519/1519/1519 1518/1518/1518
f 1519/1519/1519 1520/1520/1520 1518/1518/1518
f 1521/1521/1521 1523/1523/1523 1522/1522/1522
f 1523/1523/1523 1524/1524/1524 1522/1522/1522
f 1525/1525/1525 1527/1527/1527 1526/1526/1526
f 1527/1527/1527 1528/1528/1528 1526/1526/1526
f 1529/1529/1529 1531/1531/1531 1530/1530/1530
f 1531/1531/1531 1532/1532/1532 1530/1530/1530
o stargate_spire_main
usemtl plate
v 0 232.42105102539062 14.147368405994616
v 0.6736841954683003 232.42105102539062 13.473684210526315
v 8.250252062629874e-17 232.42105102539062 12.800000015058014
v -0.6736841954683003 232.42105102539062 13.473684210526315
v -1.6500504125259747e-16 232.42105102539062 14.147368405994616
v 0 144.8421068693462 18.863157774272718
v 5.389473563746402 144.8421068693462 13.473684210526315
v 6.600201650103899e-16 144.8421068693462 8.084210646779912
v -5.389473563746402 144.8421068693462 13.473684210526313
v -1.3200403300207798e-15 144.8421068693462 18.863157774272718
v 0 232.42105102539062 13.473684210526315
v 0 232.42105102539062 13.473684210526315
v 0 232.42105102539062 13.473684210526315
v 0 232.42105102539062 13.473684210526315
v 0 232.42105102539062 14.147368405994616
v 0.6736841954683003 232.42105102539062 13.473684210526315
v 8.250252062629874e-17 232.42105102539062 12.800000015058014
v -0.6736841954683003 232.42105102539062 13.473684210526315
v -1.6500504125259747e-16 232.42105102539062 14.147368405994616
v 0 144.8421068693462 13.473684210526315
v 0 144.8421068693462 13.473684210526315
v 0 144.8421068693462 13.473684210526315
v 0 144.8421068693462 13.473684210526315
v 0 144.8421068693462 18.863157774272718
v 5.389473563746402 144.8421068693462 13.473684210526315
v 6.600201650103899e-16 144.8421068693462 8.084210646779912
v -5.389473563746402 144.8421068693462 13.473684210526313
v -1.3200403300207798e-15 144.8421068693462 18.863157774272718
vt 0 1
vt 0.25 1
vt 0.5 1
vt 0.75 1
vt 1 1
vt 0 0
vt 0.25 0
vt 0.5 0
vt 0.75 0
vt 1 0
vt 0.5 0.5
vt 0.5 0.5
vt 0.5 0.5
vt 0.5 0.5
vt 1 0.5
vt 0.5 1
vt 0 0.5
vt 0.5 0
vt 1 0.5
vt 0.5 0.5
vt 0.5 0.5
vt 0.5 0.5
vt 0.5 0.5
vt 1 0.5
vt 0.5 0
vt 0 0.5
vt 0.5 1
vt 1 0.5
vn 0 0.05376826150704693 0.9985534407604381
vn 0.9985534407604381 0.05376826150704693 6.114376064749578e-17
vn 1.2228752129499156e-16 0.05376826150704693 -0.9985534407604381
vn -0.9985534407604381 0.05376826150704693 -1.8343129517737695e-16
vn -2.445750425899831e-16 0.05376826150704693 0.9985534407604381
vn 0 0.05376826150704693 0.9985534407604381
vn 0.9985534407604381 0.05376826150704693 6.114376064749578e-17
vn 1.2228752129499156e-16 0.05376826150704693 -0.9985534407604381
vn -0.9985534407604381 0.05376826150704693 -1.8343129517737695e-16
vn -2.445750425899831e-16 0.05376826150704693 0.9985534407604381
vn 0 1 0
vn 0 1 0
vn 0 1 0
vn 0 1 0
vn 0 1 0
vn 0 1 0
vn 0 1 0
vn 0 1 0
vn 0 1 0
vn 0 -1 0
vn 0 -1 0
vn 0 -1 0
vn 0 -1 0
vn 0 -1 0
vn 0 -1 0
vn 0 -1 0
vn 0 -1 0
vn 0 -1 0
f 1533/1533/1533 1538/1538/1538 1534/1534/1534
f 1538/1538/1538 1539/1539/1539 1534/1534/1534
f 1534/1534/1534 1539/1539/1539 1535/1535/1535
f 1539/1539/1539 1540/1540/1540 1535/1535/1535
f 1535/1535/1535 1540/1540/1540 1536/1536/1536
f 1540/1540/1540 1541/1541/1541 1536/1536/1536
f 1536/1536/1536 1541/1541/1541 1537/1537/1537
f 1541/1541/1541 1542/1542/1542 1537/1537/1537
f 1547/1547/1547 1548/1548/1548 1543/1543/1543
f 1548/1548/1548 1549/1549/1549 1544/1544/1544
f 1549/1549/1549 1550/1550/1550 1545/1545/1545
f 1550/1550/1550 1551/1551/1551 1546/1546/1546
f 1557/1557/1557 1556/1556/1556 1552/1552/1552
f 1558/1558/1558 1557/1557/1557 1553/1553/1553
f 1559/1559/1559 1558/1558/1558 1554/1554/1554
f 1560/1560/1560 1559/1559/1559 1555/1555/1555
o stargate_spire_fore
usemtl plate
v 0 192.00000080309414 -76.800000015058
v 0.6736841954683003 192.00000080309414 -77.4736842105263
v 8.250252062629874e-17 192.00000080309414 -78.1473684059946
v -0.6736841954683003 192.00000080309414 -77.4736842105263
v -1.6500504125259747e-16 192.00000080309414 -76.800000015058
v 0 134.73684130216898 -72.0842106467799
v 5.389473563746402 134.73684130216898 -77.4736842105263
v 6.600201650103899e-16 134.73684130216898 -82.86315777427271
v -5.389473563746402 134.73684130216898 -77.4736842105263
v -1.3200403300207798e-15 134.73684130216898 -72.0842106467799
v 0 192.00000080309414 -77.4736842105263
v 0 192.00000080309414 -77.4736842105263
v 0 192.00000080309414 -77.4736842105263
v 0 192.00000080309414 -77.4736842105263
v 0 192.00000080309414 -76.800000015058
v 0.6736841954683003 192.00000080309414 -77.4736842105263
v 8.250252062629874e-17 192.00000080309414 -78.1473684059946
v -0.6736841954683003 192.00000080309414 -77.4736842105263
v -1.6500504125259747e-16 192.00000080309414 -76.800000015058
v 0 134.73684130216898 -77.4736842105263
v 0 134.73684130216898 -77.4736842105263
v 0 134.73684130216898 -77.4736842105263
v 0 134.73684130216898 -77.4736842105263
v 0 134.73684130216898 -72.0842106467799
v 5.389473563746402 134.73684130216898 -77.4736842105263
v 6.600201650103899e-16 134.73684130216898 -82.86315777427271
v -5.389473563746402 134.73684130216898 -77.4736842105263
v -1.3200403300207798e-15 134.73684130216898 -72.0842106467799
vt 0 1
vt 0.25 1
vt 0.5 1
vt 0.75 1
vt 1 1
vt 0 0
vt 0.25 0
vt 0.5 0
vt 0.75 0
vt 1 0
vt 0.5 0.5
vt 0.5 0.5
vt 0.5 0.5
vt 0.5 0.5
vt 1 0.5
vt 0.5 1
vt 0 0.5
vt 0.5 0
vt 1 0.5
vt 0.5 0.5
vt 0.5 0.5
vt 0.5 0.5
vt 0.5 0.5
vt 1 0.5
vt 0.5 0
vt 0 0.5
vt 0.5 1
vt 1 0.5
vn 0 0.08207509741339701 0.9966261477527976
vn 0.9966261477527976 0.08207509741339701 6.102575317202388e-17
vn 1.2205150634404776e-16 0.08207509741339701 -0.9966261477527976
vn -0.9966261477527976 0.08207509741339701 -1.8307725289862669e-16
vn -2.441030126880955e-16 0.08207509741339701 0.9966261477527976
vn 0 0.08207509741339701 0.9966261477527976
vn 0.9966261477527976 0.08207509741339701 6.102575317202388e-17
vn 1.2205150634404776e-16 0.08207509741339701 -0.9966261477527976
vn -0.9966261477527976 0.08207509741339701 -1.8307725289862669e-16
vn -2.441030126880955e-16 0.08207509741339701 0.9966261477527976
vn 0 1 0
vn 0 1 0
vn 0 1 0
vn 0 1 0
vn 0 1 0
vn 0 1 0
vn 0 1 0
vn 0 1 0
vn 0 1 0
vn 0 -1 0
vn 0 -1 0
vn 0 -1 0
vn 0 -1 0
vn 0 -1 0
vn 0 -1 0
vn 0 -1 0
vn 0 -1 0
vn 0 -1 0
f 1561/1561/1561 1566/1566/1566 1562/1562/1562
f 1566/1566/1566 1567/1567/1567 1562/1562/1562
f 1562/1562/1562 1567/1567/1567 1563/1563/1563
f 1567/1567/1567 1568/1568/1568 1563/1563/1563
f 1563/1563/1563 1568/1568/1568 1564/1564/1564
f 1568/1568/1568 1569/1569/1569 1564/1564/1564
f 1564/1564/1564 1569/1569/1569 1565/1565/1565
f 1569/1569/1569 1570/1570/1570 1565/1565/1565
f 1575/1575/1575 1576/1576/1576 1571/1571/1571
f 1576/1576/1576 1577/1577/1577 1572/1572/1572
f 1577/1577/1577 1578/1578/1578 1573/1573/1573
f 1578/1578/1578 1579/1579/1579 1574/1574/1574
f 1585/1585/1585 1584/1584/1584 1580/1580/1580
f 1586/1586/1586 1585/1585/1585 1581/1581/1581
f 1587/1587/1587 1586/1586/1586 1582/1582/1582
f 1588/1588/1588 1587/1587/1587 1583/1583/1583
o stargate_spire_aft
usemtl plate
v 0 168.4210518284848 68.04210524809987
v 0.6736841954683003 168.4210518284848 67.36842105263158
v 8.250252062629874e-17 168.4210518284848 66.69473685716328
v -0.6736841954683003 168.4210518284848 67.36842105263158
v -1.6500504125259747e-16 168.4210518284848 68.04210524809987
v 0 124.6315797504626 72.75789461637798
v 5.389473563746402 124.6315797504626 67.36842105263158
v 6.600201650103899e-16 124.6315797504626 61.978947488885176
v -5.389473563746402 124.6315797504626 67.36842105263158
v -1.3200403300207798e-15 124.6315797504626 72.75789461637798
v 0 168.4210518284848 67.36842105263158
v 0 168.4210518284848 67.36842105263158
v 0 168.4210518284848 67.36842105263158
v 0 168.4210518284848 67.36842105263158
v 0 168.4210518284848 68.04210524809987
v 0.6736841954683003 168.4210518284848 67.36842105263158
v 8.250252062629874e-17 168.4210518284848 66.69473685716328
v -0.6736841954683003 168.4210518284848 67.36842105263158
v -1.6500504125259747e-16 168.4210518284848 68.04210524809987
v 0 124.6315797504626 67.36842105263158
v 0 124.6315797504626 67.36842105263158
v 0 124.6315797504626 67.36842105263158
v 0 124.6315797504626 67.36842105263158
v 0 124.6315797504626 72.75789461637798
v 5.389473563746402 124.6315797504626 67.36842105263158
v 6.600201650103899e-16 124.6315797504626 61.978947488885176
v -5.389473563746402 124.6315797504626 67.36842105263158
v -1.3200403300207798e-15 124.6315797504626 72.75789461637798
vt 0 1
vt 0.25 1
vt 0.5 1
vt 0.75 1
vt 1 1
vt 0 0
vt 0.25 0
vt 0.5 0
vt 0.75 0
vt 1 0
vt 0.5 0.5
vt 0.5 0.5
vt 0.5 0.5
vt 0.5 0.5
vt 1 0.5
vt 0.5 1
vt 0 0.5
vt 0.5 0
vt 1 0.5
vt 0.5 0.5
vt 0.5 0.5
vt 0.5 0.5
vt 0.5 0.5
vt 1 0.5
vt 0.5 0
vt 0 0.5
vt 0.5 1
vt 1 0.5
vn 0 0.10707320357249778 0.994251139841802
vn 0.994251139841802 0.10707320357249778 6.088032150980841e-17
vn 1.2176064301961682e-16 0.10707320357249778 -0.994251139841802
vn -0.994251139841802 0.10707320357249778 -1.8264097776431514e-16
vn -2.4352128603923365e-16 0.10707320357249778 0.994251139841802
vn 0 0.10707320357249778 0.994251139841802
vn 0.994251139841802 0.10707320357249778 6.088032150980841e-17
vn 1.2176064301961682e-16 0.10707320357249778 -0.994251139841802
vn -0.994251139841802 0.10707320357249778 -1.8264097776431514e-16
vn -2.4352128603923365e-16 0.10707320357249778 0.994251139841802
vn 0 1 0
vn 0 1 0
vn 0 1 0
vn 0 1 0
vn 0 1 0
vn 0 1 0
vn 0 1 0
vn 0 1 0
vn 0 1 0
vn 0 -1 0
vn 0 -1 0
vn 0 -1 0
vn 0 -1 0
vn 0 -1 0
vn 0 -1 0
vn 0 -1 0
vn 0 -1 0
vn 0 -1 0
f 1589/1589/1589 1594/1594/1594 1590/1590/1590
f 1594/1594/1594 1595/1595/1595 1590/1590/1590
f 1590/1590/1590 1595/1595/1595 1591/1591/1591
f 1595/1595/1595 1596/1596/1596 1591/1591/1591
f 1591/1591/1591 1596/1596/1596 1592/1592/1592
f 1596/1596/1596 1597/1597/1597 1592/1592/1592
f 1592/1592/1592 1597/1597/1597 1593/1593/1593
f 1597/1597/1597 1598/1598/1598 1593/1593/1593
f 1603/1603/1603 1604/1604/1604 1599/1599/1599
f 1604/1604/1604 1605/1605/1605 1600/1600/1600
f 1605/1605/1605 1606/1606/1606 1601/1601/1601
f 1606/1606/1606 1607/1607/1607 1602/1602/1602
f 1613/1613/1613 1612/1612/1612 1608/1608/1608
f 1614/1614/1614 1613/1613/1613 1609/1609/1609
f 1615/1615/1615 1614/1614/1614 1610/1610/1610
f 1616/1616/1616 1615/1615/1615 1611/1611/1611
o stargate_spire_lamp
usemtl thruster
v 2.0210525864049007 227.70526311272067 15.494736796931216
v 2.0210525864049007 227.70526311272067 11.452631624121414
v 2.0210525864049007 223.6631579399109 15.494736796931216
v 2.0210525864049007 223.6631579399109 11.452631624121414
v -2.0210525864049007 227.70526311272067 11.452631624121414
v -2.0210525864049007 227.70526311272067 15.494736796931216
v -2.0210525864049007 223.6631579399109 11.452631624121414
v -2.0210525864049007 223.6631579399109 15.494736796931216
v -2.0210525864049007 227.70526311272067 11.452631624121414
v 2.0210525864049007 227.70526311272067 11.452631624121414
v -2.0210525864049007 227.70526311272067 15.494736796931216
v 2.0210525864049007 227.70526311272067 15.494736796931216
v -2.0210525864049007 223.6631579399109 15.494736796931216
v 2.0210525864049007 223.6631579399109 15.494736796931216
v -2.0210525864049007 223.6631579399109 11.452631624121414
v 2.0210525864049007 223.6631579399109 11.452631624121414
v -2.0210525864049007 227.70526311272067 15.494736796931216
v 2.0210525864049007 227.70526311272067 15.494736796931216
v -2.0210525864049007 223.6631579399109 15.494736796931216
v 2.0210525864049007 223.6631579399109 15.494736796931216
v 2.0210525864049007 227.70526311272067 11.452631624121414
v -2.0210525864049007 227.70526311272067 11.452631624121414
v 2.0210525864049007 223.6631579399109 11.452631624121414
v -2.0210525864049007 223.6631579399109 11.452631624121414
vt 0 1
vt 1 1
vt 0 0
vt 1 0
vt 0 1
vt 1 1
vt 0 0
vt 1 0
vt 0 1
vt 1 1
vt 0 0
vt 1 0
vt 0 1
vt 1 1
vt 0 0
vt 1 0
vt 0 1
vt 1 1
vt 0 0
vt 1 0
vt 0 1
vt 1 1
vt 0 0
vt 1 0
vn 1 0 0
vn 1 0 0
vn 1 0 0
vn 1 0 0
vn -1 0 0
vn -1 0 0
vn -1 0 0
vn -1 0 0
vn 0 1 0
vn 0 1 0
vn 0 1 0
vn 0 1 0
vn 0 -1 0
vn 0 -1 0
vn 0 -1 0
vn 0 -1 0
vn 0 0 1
vn 0 0 1
vn 0 0 1
vn 0 0 1
vn 0 0 -1
vn 0 0 -1
vn 0 0 -1
vn 0 0 -1
f 1617/1617/1617 1619/1619/1619 1618/1618/1618
f 1619/1619/1619 1620/1620/1620 1618/1618/1618
f 1621/1621/1621 1623/1623/1623 1622/1622/1622
f 1623/1623/1623 1624/1624/1624 1622/1622/1622
f 1625/1625/1625 1627/1627/1627 1626/1626/1626
f 1627/1627/1627 1628/1628/1628 1626/1626/1626
f 1629/1629/1629 1631/1631/1631 1630/1630/1630
f 1631/1631/1631 1632/1632/1632 1630/1630/1630
f 1633/1633/1633 1635/1635/1635 1634/1634/1634
f 1635/1635/1635 1636/1636/1636 1634/1634/1634
f 1637/1637/1637 1639/1639/1639 1638/1638/1638
f 1639/1639/1639 1640/1640/1640 1638/1638/1638
o stargate_vspike_fore
usemtl plate
v -3.918869708096195e-15 -165.0526311774003 -76.800000015058
v -0.6736841954683042 -165.0526311774003 -77.4736842105263
v -4.0013722287224936e-15 -165.0526311774003 -78.1473684059946
v 0.6736841954682964 -165.0526311774003 -77.4736842105263
v -3.753864666843598e-15 -165.0526311774003 -76.800000015058
v 3.918869708096195e-15 -101.05263198049445 -72.0842106467799
v -5.389473563746399 -101.05263198049445 -77.4736842105263
v 3.258849543085805e-15 -101.05263198049445 -82.86315777427271
v 5.389473563746406 -101.05263198049445 -77.4736842105263
v 5.238910038116975e-15 -101.05263198049445 -72.0842106467799
v -3.918869708096195e-15 -165.0526311774003 -77.4736842105263
v -3.918869708096195e-15 -165.0526311774003 -77.4736842105263
v -3.918869708096195e-15 -165.0526311774003 -77.4736842105263
v -3.918869708096195e-15 -165.0526311774003 -77.4736842105263
v -3.918869708096195e-15 -165.0526311774003 -76.800000015058
v -0.6736841954683042 -165.0526311774003 -77.4736842105263
v -4.0013722287224936e-15 -165.0526311774003 -78.1473684059946
v 0.6736841954682964 -165.0526311774003 -77.4736842105263
v -3.753864666843598e-15 -165.0526311774003 -76.800000015058
v 3.918869708096195e-15 -101.05263198049445 -77.4736842105263
v 3.918869708096195e-15 -101.05263198049445 -77.4736842105263
v 3.918869708096195e-15 -101.05263198049445 -77.4736842105263
v 3.918869708096195e-15 -101.05263198049445 -77.4736842105263
v 3.918869708096195e-15 -101.05263198049445 -72.0842106467799
v -5.389473563746399 -101.05263198049445 -77.4736842105263
v 3.258849543085805e-15 -101.05263198049445 -82.86315777427271
v 5.389473563746406 -101.05263198049445 -77.4736842105263
v 5.238910038116975e-15 -101.05263198049445 -72.0842106467799
vt 0 1
vt 0.25 1
vt 0.5 1
vt 0.75 1
vt 1 1
vt 0 0
vt 0.25 0
vt 0.5 0
vt 0.75 0
vt 1 0
vt 0.5 0.5
vt 0.5 0.5
vt 0.5 0.5
vt 0.5 0.5
vt 1 0.5
vt 0.5 1
vt 0 0.5
vt 0.5 0
vt 1 0.5
vt 0.5 0.5
vt 0.5 0.5
vt 0.5 0.5
vt 0.5 0.5
vt 1 0.5
vt 0.5 0
vt 0 0.5
vt 0.5 1
vt 1 0.5
vn -8.999316232609444e-18 -0.07348499370492065 0.9972963229152044
vn -0.9972963229152044 -0.07348499370492052 6.106678675605895e-17
vn -1.3113288974472734e-16 -0.07348499370492065 -0.9972963229152044
vn 0.9972963229152044 -0.07348499370492076 -1.8320036026817687e-16
vn 2.3526783079162633e-16 -0.07348499370492065 0.9972963229152044
vn -8.999316232609444e-18 -0.07348499370492065 0.9972963229152044
vn -0.9972963229152044 -0.07348499370492052 6.106678675605895e-17
vn -1.3113288974472734e-16 -0.07348499370492065 -0.9972963229152044
vn 0.9972963229152044 -0.07348499370492076 -1.8320036026817687e-16
vn 2.3526783079162633e-16 -0.07348499370492065 0.9972963229152044
vn -1.224646799147353e-16 -1 0
vn -1.224646799147353e-16 -1 0
vn -1.224646799147353e-16 -1 0
vn -1.224646799147353e-16 -1 0
vn -1.224646799147353e-16 -1 0
vn -1.224646799147353e-16 -1 0
vn -1.224646799147353e-16 -1 0
vn -1.224646799147353e-16 -1 0
vn -1.224646799147353e-16 -1 0
vn 1.224646799147353e-16 1 0
vn 1.224646799147353e-16 1 0
vn 1.224646799147353e-16 1 0
vn 1.224646799147353e-16 1 0
vn 1.224646799147353e-16 1 0
vn 1.224646799147353e-16 1 0
vn 1.224646799147353e-16 1 0
vn 1.224646799147353e-16 1 0
vn 1.224646799147353e-16 1 0
f 1641/1641/1641 1646/1646/1646 1642/1642/1642
f 1646/1646/1646 1647/1647/1647 1642/1642/1642
f 1642/1642/1642 1647/1647/1647 1643/1643/1643
f 1647/1647/1647 1648/1648/1648 1643/1643/1643
f 1643/1643/1643 1648/1648/1648 1644/1644/1644
f 1648/1648/1648 1649/1649/1649 1644/1644/1644
f 1644/1644/1644 1649/1649/1649 1645/1645/1645
f 1649/1649/1649 1650/1650/1650 1645/1645/1645
f 1655/1655/1655 1656/1656/1656 1651/1651/1651
f 1656/1656/1656 1657/1657/1657 1652/1652/1652
f 1657/1657/1657 1658/1658/1658 1653/1653/1653
f 1658/1658/1658 1659/1659/1659 1654/1654/1654
f 1665/1665/1665 1664/1664/1664 1660/1660/1660
f 1666/1666/1666 1665/1665/1665 1661/1661/1661
f 1667/1667/1667 1666/1666/1666 1662/1662/1662
f 1668/1668/1668 1667/1667/1667 1663/1663/1663
o stargate_vspike_aft
usemtl plate
v -2.88758819302474e-15 -138.10526275634766 64.6736841954683
v -0.6736841954683032 -138.10526275634766 63.99999999999999
v -2.9700907136510388e-15 -138.10526275634766 63.326315804531696
v 0.6736841954682974 -138.10526275634766 63.99999999999999
v -2.7225831517721425e-15 -138.10526275634766 64.6736841954683
v 2.88758819302474e-15 -90.94736882259971 69.38947356374639
v -5.3894735637463995 -90.94736882259971 63.99999999999999
v 2.22756802801435e-15 -90.94736882259971 58.61052643625359
v 5.389473563746405 -90.94736882259971 63.99999999999999
v 4.20762852304552e-15 -90.94736882259971 69.38947356374639
v -2.88758819302474e-15 -138.10526275634766 63.99999999999999
v -2.88758819302474e-15 -138.10526275634766 63.99999999999999
v -2.88758819302474e-15 -138.10526275634766 63.99999999999999
v -2.88758819302474e-15 -138.10526275634766 63.99999999999999
v -2.88758819302474e-15 -138.10526275634766 64.6736841954683
v -0.6736841954683032 -138.10526275634766 63.99999999999999
v -2.9700907136510388e-15 -138.10526275634766 63.326315804531696
v 0.6736841954682974 -138.10526275634766 63.99999999999999
v -2.7225831517721425e-15 -138.10526275634766 64.6736841954683
v 2.88758819302474e-15 -90.94736882259971 63.99999999999999
v 2.88758819302474e-15 -90.94736882259971 63.99999999999999
v 2.88758819302474e-15 -90.94736882259971 63.99999999999999
v 2.88758819302474e-15 -90.94736882259971 63.99999999999999
v 2.88758819302474e-15 -90.94736882259971 69.38947356374639
v -5.3894735637463995 -90.94736882259971 63.99999999999999
v 2.22756802801435e-15 -90.94736882259971 58.61052643625359
v 5.389473563746405 -90.94736882259971 63.99999999999999
v 4.20762852304552e-15 -90.94736882259971 69.38947356374639
vt 0 1
vt 0.25 1
vt 0.5 1
vt 0.75 1
vt 1 1
vt 0 0
vt 0.25 0
vt 0.5 0
vt 0.75 0
vt 1 0
vt 0.5 0.5
vt 0.5 0.5
vt 0.5 0.5
vt 0.5 0.5
vt 1 0.5
vt 0.5 1
vt 0 0.5
vt 0.5 0
vt 1 0.5
vt 0.5 0.5
vt 0.5 0.5
vt 0.5 0.5
vt 0.5 0.5
vt 1 0.5
vt 0.5 0
vt 0 0.5
vt 0.5 1
vt 1 0.5
vn -1.2185690919552596e-17 -0.09950371754563643 0.9950371903575254
vn -0.9950371903575254 -0.09950371754563632 6.092845585248962e-17
vn -1.340426026245318e-16 -0.09950371754563643 -0.9950371903575254
vn 0.9950371903575254 -0.09950371754563656 -1.8278536755746882e-16
vn 2.3152813249040585e-16 -0.09950371754563643 0.9950371903575254
vn -1.2185690919552596e-17 -0.09950371754563643 0.9950371903575254
vn -0.9950371903575254 -0.09950371754563632 6.092845585248962e-17
vn -1.340426026245318e-16 -0.09950371754563643 -0.9950371903575254
vn 0.9950371903575254 -0.09950371754563656 -1.8278536755746882e-16
vn 2.3152813249040585e-16 -0.09950371754563643 0.9950371903575254
vn -1.224646799147353e-16 -1 0
vn -1.224646799147353e-16 -1 0
vn -1.224646799147353e-16 -1 0
vn -1.224646799147353e-16 -1 0
vn -1.224646799147353e-16 -1 0
vn -1.224646799147353e-16 -1 0
vn -1.224646799147353e-16 -1 0
vn -1.224646799147353e-16 -1 0
vn -1.224646799147353e-16 -1 0
vn 1.224646799147353e-16 1 0
vn 1.224646799147353e-16 1 0
vn 1.224646799147353e-16 1 0
vn 1.224646799147353e-16 1 0
vn 1.224646799147353e-16 1 0
vn 1.224646799147353e-16 1 0
vn 1.224646799147353e-16 1 0
vn 1.224646799147353e-16 1 0
vn 1.224646799147353e-16 1 0
f 1669/1669/1669 1674/1674/1674 1670/1670/1670
f 1674/1674/1674 1675/1675/1675 1670/1670/1670
f 1670/1670/1670 1675/1675/1675 1671/1671/1671
f 1675/1675/1675 1676/1676/1676 1671/1671/1671
f 1671/1671/1671 1676/1676/1676 1672/1672/1672
f 1676/1676/1676 1677/1677/1677 1672/1672/1672
f 1672/1672/1672 1677/1677/1677 1673/1673/1673
f 1677/1677/1677 1678/1678/1678 1673/1673/1673
f 1683/1683/1683 1684/1684/1684 1679/1679/1679
f 1684/1684/1684 1685/1685/1685 1680/1680/1680
f 1685/1685/1685 1686/1686/1686 1681/1681/1681
f 1686/1686/1686 1687/1687/1687 1682/1682/1682
f 1693/1693/1693 1692/1692/1692 1688/1688/1688
f 1694/1694/1694 1693/1693/1693 1689/1689/1689
f 1695/1695/1695 1694/1694/1694 1690/1690/1690
f 1696/1696/1696 1695/1695/1695 1691/1691/1691
o stargate_conduit
usemtl plate
v -79.15789463645532 37.052631679334134 70.73684049907484
v -79.15789463645532 37.052631679334134 -84.21052470960115
v -79.15789463645532 23.57894726803428 70.73684049907484
v -79.15789463645532 23.57894726803428 -84.21052470960115
v -92.63157904775517 37.052631679334134 -84.21052470960115
v -92.63157904775517 37.052631679334134 70.73684049907484
v -92.63157904775517 23.57894726803428 -84.21052470960115
v -92.63157904775517 23.57894726803428 70.73684049907484
v -92.63157904775517 37.052631679334134 -84.21052470960115
v -79.15789463645532 37.052631679334134 -84.21052470960115
v -92.63157904775517 37.052631679334134 70.73684049907484
v -79.15789463645532 37.052631679334134 70.73684049907484
v -92.63157904775517 23.57894726803428 70.73684049907484
v -79.15789463645532 23.57894726803428 70.73684049907484
v -92.63157904775517 23.57894726803428 -84.21052470960115
v -79.15789463645532 23.57894726803428 -84.21052470960115
v -92.63157904775517 37.052631679334134 70.73684049907484
v -79.15789463645532 37.052631679334134 70.73684049907484
v -92.63157904775517 23.57894726803428 70.73684049907484
v -79.15789463645532 23.57894726803428 70.73684049907484
v -79.15789463645532 37.052631679334134 -84.21052470960115
v -92.63157904775517 37.052631679334134 -84.21052470960115
v -79.15789463645532 23.57894726803428 -84.21052470960115
v -92.63157904775517 23.57894726803428 -84.21052470960115
vt 0 1
vt 1 1
vt 0 0
vt 1 0
vt 0 1
vt 1 1
vt 0 0
vt 1 0
vt 0 1
vt 1 1
vt 0 0
vt 1 0
vt 0 1
vt 1 1
vt 0 0
vt 1 0
vt 0 1
vt 1 1
vt 0 0
vt 1 0
vt 0 1
vt 1 1
vt 0 0
vt 1 0
vn 1 0 0
vn 1 0 0
vn 1 0 0
vn 1 0 0
vn -1 0 0
vn -1 0 0
vn -1 0 0
vn -1 0 0
vn 0 1 0
vn 0 1 0
vn 0 1 0
vn 0 1 0
vn 0 -1 0
vn 0 -1 0
vn 0 -1 0
vn 0 -1 0
vn 0 0 1
vn 0 0 1
vn 0 0 1
vn 0 0 1
vn 0 0 -1
vn 0 0 -1
vn 0 0 -1
vn 0 0 -1
f 1697/1697/1697 1699/1699/1699 1698/1698/1698
f 1699/1699/1699 1700/1700/1700 1698/1698/1698
f 1701/1701/1701 1703/1703/1703 1702/1702/1702
f 1703/1703/1703 1704/1704/1704 1702/1702/1702
f 1705/1705/1705 1707/1707/1707 1706/1706/1706
f 1707/1707/1707 1708/1708/1708 1706/1706/1706
f 1709/1709/1709 1711/1711/1711 1710/1710/1710
f 1711/1711/1711 1712/1712/1712 1710/1710/1710
f 1713/1713/1713 1715/1715/1715 1714/1714/1714
f 1715/1715/1715 1716/1716/1716 1714/1714/1714
f 1717/1717/1717 1719/1719/1719 1718/1718/1718
f 1719/1719/1719 1720/1720/1720 1718/1718/1718
o stargate_conduit_band
usemtl accent
v -78.48421056647048 39.410526293202444 13.473685013620475
v -78.48421056647048 39.410526293202444 -26.94736922414679
v -78.48421056647048 37.38947370679754 13.473685013620475
v -78.48421056647048 37.38947370679754 -26.94736922414679
v -93.30526311774001 39.410526293202444 -26.94736922414679
v -93.30526311774001 39.410526293202444 13.473685013620475
v -93.30526311774001 37.38947370679754 -26.94736922414679
v -93.30526311774001 37.38947370679754 13.473685013620475
v -93.30526311774001 39.410526293202444 -26.94736922414679
v -78.48421056647048 39.410526293202444 -26.94736922414679
v -93.30526311774001 39.410526293202444 13.473685013620475
v -78.48421056647048 39.410526293202444 13.473685013620475
v -93.30526311774001 37.38947370679754 13.473685013620475
v -78.48421056647048 37.38947370679754 13.473685013620475
v -93.30526311774001 37.38947370679754 -26.94736922414679
v -78.48421056647048 37.38947370679754 -26.94736922414679
v -93.30526311774001 39.410526293202444 13.473685013620475
v -78.48421056647048 39.410526293202444 13.473685013620475
v -93.30526311774001 37.38947370679754 13.473685013620475
v -78.48421056647048 37.38947370679754 13.473685013620475
v -78.48421056647048 39.410526293202444 -26.94736922414679
v -93.30526311774001 39.410526293202444 -26.94736922414679
v -78.48421056647048 37.38947370679754 -26.94736922414679
v -93.30526311774001 37.38947370679754 -26.94736922414679
vt 0 1
vt 1 1
vt 0 0
vt 1 0
vt 0 1
vt 1 1
vt 0 0
vt 1 0
vt 0 1
vt 1 1
vt 0 0
vt 1 0
vt 0 1
vt 1 1
vt 0 0
vt 1 0
vt 0 1
vt 1 1
vt 0 0
vt 1 0
vt 0 1
vt 1 1
vt 0 0
vt 1 0
vn 1 0 0
vn 1 0 0
vn 1 0 0
vn 1 0 0
vn -1 0 0
vn -1 0 0
vn -1 0 0
vn -1 0 0
vn 0 1 0
vn 0 1 0
vn 0 1 0
vn 0 1 0
vn 0 -1 0
vn 0 -1 0
vn 0 -1 0
vn 0 -1 0
vn 0 0 1
vn 0 0 1
vn 0 0 1
vn 0 0 1
vn 0 0 -1
vn 0 0 -1
vn 0 0 -1
vn 0 0 -1
f 1721/1721/1721 1723/1723/1723 1722/1722/1722
f 1723/1723/1723 1724/1724/1724 1722/1722/1722
f 1725/1725/1725 1727/1727/1727 1726/1726/1726
f 1727/1727/1727 1728/1728/1728 1726/1726/1726
f 1729/1729/1729 1731/1731/1731 1730/1730/1730
f 1731/1731/1731 1732/1732/1732 1730/1730/1730
f 1733/1733/1733 1735/1735/1735 1734/1734/1734
f 1735/1735/1735 1736/1736/1736 1734/1734/1734
f 1737/1737/1737 1739/1739/1739 1738/1738/1738
f 1739/1739/1739 1740/1740/1740 1738/1738/1738
f 1741/1741/1741 1743/1743/1743 1742/1742/1742
f 1743/1743/1743 1744/1744/1744 1742/1742/1742
o stargate_conduit_pod
usemtl hull
v -75.78947388498406 38.736842506810234 -58.94736801950553
v -75.78947388498406 38.736842506810234 -96.00000040154707
v -75.78947388498406 18.5263153879266 -58.94736801950553
v -75.78947388498406 18.5263153879266 -96.00000040154707
v -99.36842085185805 38.736842506810234 -96.00000040154707
v -99.36842085185805 38.736842506810234 -58.94736801950553
v -99.36842085185805 18.5263153879266 -96.00000040154707
v -99.36842085185805 18.5263153879266 -58.94736801950553
v -99.36842085185805 38.736842506810234 -96.00000040154707
v -75.78947388498406 38.736842506810234 -96.00000040154707
v -99.36842085185805 38.736842506810234 -58.94736801950553
v -75.78947388498406 38.736842506810234 -58.94736801950553
v -99.36842085185805 18.5263153879266 -58.94736801950553
v -75.78947388498406 18.5263153879266 -58.94736801950553
v -99.36842085185805 18.5263153879266 -96.00000040154707
v -75.78947388498406 18.5263153879266 -96.00000040154707
v -99.36842085185805 38.736842506810234 -58.94736801950553
v -75.78947388498406 38.736842506810234 -58.94736801950553
v -99.36842085185805 18.5263153879266 -58.94736801950553
v -75.78947388498406 18.5263153879266 -58.94736801950553
v -75.78947388498406 38.736842506810234 -96.00000040154707
v -99.36842085185805 38.736842506810234 -96.00000040154707
v -75.78947388498406 18.5263153879266 -96.00000040154707
v -99.36842085185805 18.5263153879266 -96.00000040154707
vt 0 1
vt 1 1
vt 0 0
vt 1 0
vt 0 1
vt 1 1
vt 0 0
vt 1 0
vt 0 1
vt 1 1
vt 0 0
vt 1 0
vt 0 1
vt 1 1
vt 0 0
vt 1 0
vt 0 1
vt 1 1
vt 0 0
vt 1 0
vt 0 1
vt 1 1
vt 0 0
vt 1 0
vn 1 0 0
vn 1 0 0
vn 1 0 0
vn 1 0 0
vn -1 0 0
vn -1 0 0
vn -1 0 0
vn -1 0 0
vn 0 1 0
vn 0 1 0
vn 0 1 0
vn 0 1 0
vn 0 -1 0
vn 0 -1 0
vn 0 -1 0
vn 0 -1 0
vn 0 0 1
vn 0 0 1
vn 0 0 1
vn 0 0 1
vn 0 0 -1
vn 0 0 -1
vn 0 0 -1
vn 0 0 -1
f 1745/1745/1745 1747/1747/1747 1746/1746/1746
f 1747/1747/1747 1748/1748/1748 1746/1746/1746
f 1749/1749/1749 1751/1751/1751 1750/1750/1750
f 1751/1751/1751 1752/1752/1752 1750/1750/1750
f 1753/1753/1753 1755/1755/1755 1754/1754/1754
f 1755/1755/1755 1756/1756/1756 1754/1754/1754
f 1757/1757/1757 1759/1759/1759 1758/1758/1758
f 1759/1759/1759 1760/1760/1760 1758/1758/1758
f 1761/1761/1761 1763/1763/1763 1762/1762/1762
f 1763/1763/1763 1764/1764/1764 1762/1762/1762
f 1765/1765/1765 1767/1767/1767 1766/1766/1766
f 1767/1767/1767 1768/1768/1768 1766/1766/1766
o stargate_conduit
usemtl plate
v 92.63157904775517 37.052631679334134 70.73684049907484
v 92.63157904775517 37.052631679334134 -84.21052470960115
v 92.63157904775517 23.57894726803428 70.73684049907484
v 92.63157904775517 23.57894726803428 -84.21052470960115
v 79.15789463645532 37.052631679334134 -84.21052470960115
v 79.15789463645532 37.052631679334134 70.73684049907484
v 79.15789463645532 23.57894726803428 -84.21052470960115
v 79.15789463645532 23.57894726803428 70.73684049907484
v 79.15789463645532 37.052631679334134 -84.21052470960115
v 92.63157904775517 37.052631679334134 -84.21052470960115
v 79.15789463645532 37.052631679334134 70.73684049907484
v 92.63157904775517 37.052631679334134 70.73684049907484
v 79.15789463645532 23.57894726803428 70.73684049907484
v 92.63157904775517 23.57894726803428 70.73684049907484
v 79.15789463645532 23.57894726803428 -84.21052470960115
v 92.63157904775517 23.57894726803428 -84.21052470960115
v 79.15789463645532 37.052631679334134 70.73684049907484
v 92.63157904775517 37.052631679334134 70.73684049907484
v 79.15789463645532 23.57894726803428 70.73684049907484
v 92.63157904775517 23.57894726803428 70.73684049907484
v 92.63157904775517 37.052631679334134 -84.21052470960115
v 79.15789463645532 37.052631679334134 -84.21052470960115
v 92.63157904775517 23.57894726803428 -84.21052470960115
v 79.15789463645532 23.57894726803428 -84.21052470960115
vt 0 1
vt 1 1
vt 0 0
vt 1 0
vt 0 1
vt 1 1
vt 0 0
vt 1 0
vt 0 1
vt 1 1
vt 0 0
vt 1 0
vt 0 1
vt 1 1
vt 0 0
vt 1 0
vt 0 1
vt 1 1
vt 0 0
vt 1 0
vt 0 1
vt 1 1
vt 0 0
vt 1 0
vn 1 0 0
vn 1 0 0
vn 1 0 0
vn 1 0 0
vn -1 0 0
vn -1 0 0
vn -1 0 0
vn -1 0 0
vn 0 1 0
vn 0 1 0
vn 0 1 0
vn 0 1 0
vn 0 -1 0
vn 0 -1 0
vn 0 -1 0
vn 0 -1 0
vn 0 0 1
vn 0 0 1
vn 0 0 1
vn 0 0 1
vn 0 0 -1
vn 0 0 -1
vn 0 0 -1
vn 0 0 -1
f 1769/1769/1769 1771/1771/1771 1770/1770/1770
f 1771/1771/1771 1772/1772/1772 1770/1770/1770
f 1773/1773/1773 1775/1775/1775 1774/1774/1774
f 1775/1775/1775 1776/1776/1776 1774/1774/1774
f 1777/1777/1777 1779/1779/1779 1778/1778/1778
f 1779/1779/1779 1780/1780/1780 1778/1778/1778
f 1781/1781/1781 1783/1783/1783 1782/1782/1782
f 1783/1783/1783 1784/1784/1784 1782/1782/1782
f 1785/1785/1785 1787/1787/1787 1786/1786/1786
f 1787/1787/1787 1788/1788/1788 1786/1786/1786
f 1789/1789/1789 1791/1791/1791 1790/1790/1790
f 1791/1791/1791 1792/1792/1792 1790/1790/1790
o stargate_conduit_band
usemtl accent
v 93.30526311774001 39.410526293202444 13.473685013620475
v 93.30526311774001 39.410526293202444 -26.94736922414679
v 93.30526311774001 37.38947370679754 13.473685013620475
v 93.30526311774001 37.38947370679754 -26.94736922414679
v 78.48421056647048 39.410526293202444 -26.94736922414679
v 78.48421056647048 39.410526293202444 13.473685013620475
v 78.48421056647048 37.38947370679754 -26.94736922414679
v 78.48421056647048 37.38947370679754 13.473685013620475
v 78.48421056647048 39.410526293202444 -26.94736922414679
v 93.30526311774001 39.410526293202444 -26.94736922414679
v 78.48421056647048 39.410526293202444 13.473685013620475
v 93.30526311774001 39.410526293202444 13.473685013620475
v 78.48421056647048 37.38947370679754 13.473685013620475
v 93.30526311774001 37.38947370679754 13.473685013620475
v 78.48421056647048 37.38947370679754 -26.94736922414679
v 93.30526311774001 37.38947370679754 -26.94736922414679
v 78.48421056647048 39.410526293202444 13.473685013620475
v 93.30526311774001 39.410526293202444 13.473685013620475
v 78.48421056647048 37.38947370679754 13.473685013620475
v 93.30526311774001 37.38947370679754 13.473685013620475
v 93.30526311774001 39.410526293202444 -26.94736922414679
v 78.48421056647048 39.410526293202444 -26.94736922414679
v 93.30526311774001 37.38947370679754 -26.94736922414679
v 78.48421056647048 37.38947370679754 -26.94736922414679
vt 0 1
vt 1 1
vt 0 0
vt 1 0
vt 0 1
vt 1 1
vt 0 0
vt 1 0
vt 0 1
vt 1 1
vt 0 0
vt 1 0
vt 0 1
vt 1 1
vt 0 0
vt 1 0
vt 0 1
vt 1 1
vt 0 0
vt 1 0
vt 0 1
vt 1 1
vt 0 0
vt 1 0
vn 1 0 0
vn 1 0 0
vn 1 0 0
vn 1 0 0
vn -1 0 0
vn -1 0 0
vn -1 0 0
vn -1 0 0
vn 0 1 0
vn 0 1 0
vn 0 1 0
vn 0 1 0
vn 0 -1 0
vn 0 -1 0
vn 0 -1 0
vn 0 -1 0
vn 0 0 1
vn 0 0 1
vn 0 0 1
vn 0 0 1
vn 0 0 -1
vn 0 0 -1
vn 0 0 -1
vn 0 0 -1
f 1793/1793/1793 1795/1795/1795 1794/1794/1794
f 1795/1795/1795 1796/1796/1796 1794/1794/1794
f 1797/1797/1797 1799/1799/1799 1798/1798/1798
f 1799/1799/1799 1800/1800/1800 1798/1798/1798
f 1801/1801/1801 1803/1803/1803 1802/1802/1802
f 1803/1803/1803 1804/1804/1804 1802/1802/1802
f 1805/1805/1805 1807/1807/1807 1806/1806/1806
f 1807/1807/1807 1808/1808/1808 1806/1806/1806
f 1809/1809/1809 1811/1811/1811 1810/1810/1810
f 1811/1811/1811 1812/1812/1812 1810/1810/1810
f 1813/1813/1813 1815/1815/1815 1814/1814/1814
f 1815/1815/1815 1816/1816/1816 1814/1814/1814
o stargate_conduit_pod
usemtl hull
v 99.36842085185805 38.736842506810234 -58.94736801950553
v 99.36842085185805 38.736842506810234 -96.00000040154707
v 99.36842085185805 18.5263153879266 -58.94736801950553
v 99.36842085185805 18.5263153879266 -96.00000040154707
v 75.78947388498406 38.736842506810234 -96.00000040154707
v 75.78947388498406 38.736842506810234 -58.94736801950553
v 75.78947388498406 18.5263153879266 -96.00000040154707
v 75.78947388498406 18.5263153879266 -58.94736801950553
v 75.78947388498406 38.736842506810234 -96.00000040154707
v 99.36842085185805 38.736842506810234 -96.00000040154707
v 75.78947388498406 38.736842506810234 -58.94736801950553
v 99.36842085185805 38.736842506810234 -58.94736801950553
v 75.78947388498406 18.5263153879266 -58.94736801950553
v 99.36842085185805 18.5263153879266 -58.94736801950553
v 75.78947388498406 18.5263153879266 -96.00000040154707
v 99.36842085185805 18.5263153879266 -96.00000040154707
v 75.78947388498406 38.736842506810234 -58.94736801950553
v 99.36842085185805 38.736842506810234 -58.94736801950553
v 75.78947388498406 18.5263153879266 -58.94736801950553
v 99.36842085185805 18.5263153879266 -58.94736801950553
v 99.36842085185805 38.736842506810234 -96.00000040154707
v 75.78947388498406 38.736842506810234 -96.00000040154707
v 99.36842085185805 18.5263153879266 -96.00000040154707
v 75.78947388498406 18.5263153879266 -96.00000040154707
vt 0 1
vt 1 1
vt 0 0
vt 1 0
vt 0 1
vt 1 1
vt 0 0
vt 1 0
vt 0 1
vt 1 1
vt 0 0
vt 1 0
vt 0 1
vt 1 1
vt 0 0
vt 1 0
vt 0 1
vt 1 1
vt 0 0
vt 1 0
vt 0 1
vt 1 1
vt 0 0
vt 1 0
vn 1 0 0
vn 1 0 0
vn 1 0 0
vn 1 0 0
vn -1 0 0
vn -1 0 0
vn -1 0 0
vn -1 0 0
vn 0 1 0
vn 0 1 0
vn 0 1 0
vn 0 1 0
vn 0 -1 0
vn 0 -1 0
vn 0 -1 0
vn 0 -1 0
vn 0 0 1
vn 0 0 1
vn 0 0 1
vn 0 0 1
vn 0 0 -1
vn 0 0 -1
vn 0 0 -1
vn 0 0 -1
f 1817/1817/1817 1819/1819/1819 1818/1818/1818
f 1819/1819/1819 1820/1820/1820 1818/1818/1818
f 1821/1821/1821 1823/1823/1823 1822/1822/1822
f 1823/1823/1823 1824/1824/1824 1822/1822/1822
f 1825/1825/1825 1827/1827/1827 1826/1826/1826
f 1827/1827/1827 1828/1828/1828 1826/1826/1826
f 1829/1829/1829 1831/1831/1831 1830/1830/1830
f 1831/1831/1831 1832/1832/1832 1830/1830/1830
f 1833/1833/1833 1835/1835/1835 1834/1834/1834
f 1835/1835/1835 1836/1836/1836 1834/1834/1834
f 1837/1837/1837 1839/1839/1839 1838/1838/1838
f 1839/1839/1839 1840/1840/1840 1838/1838/1838
o stargate_control
usemtl hull
v -26.947368621826165 113.68421072708932 69.05263117740029
v -26.947368621826165 113.68421072708932 38.736842506810234
v -26.947368621826165 95.15789453606857 69.05263117740029
v -26.947368621826165 95.15789453606857 38.736842506810234
v -50.526315588700136 113.68421072708932 38.736842506810234
v -50.526315588700136 113.68421072708932 69.05263117740029
v -50.526315588700136 95.15789453606857 38.736842506810234
v -50.526315588700136 95.15789453606857 69.05263117740029
v -50.526315588700136 113.68421072708932 38.736842506810234
v -26.947368621826165 113.68421072708932 38.736842506810234
v -50.526315588700136 113.68421072708932 69.05263117740029
v -26.947368621826165 113.68421072708932 69.05263117740029
v -50.526315588700136 95.15789453606857 69.05263117740029
v -26.947368621826165 95.15789453606857 69.05263117740029
v -50.526315588700136 95.15789453606857 38.736842506810234
v -26.947368621826165 95.15789453606857 38.736842506810234
v -50.526315588700136 113.68421072708932 69.05263117740029
v -26.947368621826165 113.68421072708932 69.05263117740029
v -50.526315588700136 95.15789453606857 69.05263117740029
v -26.947368621826165 95.15789453606857 69.05263117740029
v -26.947368621826165 113.68421072708932 38.736842506810234
v -50.526315588700136 113.68421072708932 38.736842506810234
v -26.947368621826165 95.15789453606857 38.736842506810234
v -50.526315588700136 95.15789453606857 38.736842506810234
vt 0 1
vt 1 1
vt 0 0
vt 1 0
vt 0 1
vt 1 1
vt 0 0
vt 1 0
vt 0 1
vt 1 1
vt 0 0
vt 1 0
vt 0 1
vt 1 1
vt 0 0
vt 1 0
vt 0 1
vt 1 1
vt 0 0
vt 1 0
vt 0 1
vt 1 1
vt 0 0
vt 1 0
vn 1 0 0
vn 1 0 0
vn 1 0 0
vn 1 0 0
vn -1 0 0
vn -1 0 0
vn -1 0 0
vn -1 0 0
vn 0 1 0
vn 0 1 0
vn 0 1 0
vn 0 1 0
vn 0 -1 0
vn 0 -1 0
vn 0 -1 0
vn 0 -1 0
vn 0 0 1
vn 0 0 1
vn 0 0 1
vn 0 0 1
vn 0 0 -1
vn 0 0 -1
vn 0 0 -1
vn 0 0 -1
f 1841/1841/1841 1843/1843/1843 1842/1842/1842
f 1843/1843/1843 1844/1844/1844 1842/1842/1842
f 1845/1845/1845 1847/1847/1847 1846/1846/1846
f 1847/1847/1847 1848/1848/1848 1846/1846/1846
f 1849/1849/1849 1851/1851/1851 1850/1850/1850
f 1851/1851/1851 1852/1852/1852 1850/1850/1850
f 1853/1853/1853 1855/1855/1855 1854/1854/1854
f 1855/1855/1855 1856/1856/1856 1854/1854/1854
f 1857/1857/1857 1859/1859/1859 1858/1858/1858
f 1859/1859/1859 1860/1860/1860 1858/1858/1858
f 1861/1861/1861 1863/1863/1863 1862/1862/1862
f 1863/1863/1863 1864/1864/1864 1862/1862/1862
o stargate_control_glass
usemtl glass
v -26.610525833932968 111.15789478703549 75.78947368421052
v -26.610525833932968 111.15789478703549 58.94736842105263
v -26.610525833932968 104.42105258138555 75.78947368421052
v -26.610525833932968 104.42105258138555 58.94736842105263
v -50.86315837659333 111.15789478703549 58.94736842105263
v -50.86315837659333 111.15789478703549 75.78947368421052
v -50.86315837659333 104.42105258138555 58.94736842105263
v -50.86315837659333 104.42105258138555 75.78947368421052
v -50.86315837659333 111.15789478703549 58.94736842105263
v -26.610525833932968 111.15789478703549 58.94736842105263
v -50.86315837659333 111.15789478703549 75.78947368421052
v -26.610525833932968 111.15789478703549 75.78947368421052
v -50.86315837659333 104.42105258138555 75.78947368421052
v -26.610525833932968 104.42105258138555 75.78947368421052
v -50.86315837659333 104.42105258138555 58.94736842105263
v -26.610525833932968 104.42105258138555 58.94736842105263
v -50.86315837659333 111.15789478703549 75.78947368421052
v -26.610525833932968 111.15789478703549 75.78947368421052
v -50.86315837659333 104.42105258138555 75.78947368421052
v -26.610525833932968 104.42105258138555 75.78947368421052
v -26.610525833932968 111.15789478703549 58.94736842105263
v -50.86315837659333 111.15789478703549 58.94736842105263
v -26.610525833932968 104.42105258138555 58.94736842105263
v -50.86315837659333 104.42105258138555 58.94736842105263
vt 0 1
vt 1 1
vt 0 0
vt 1 0
vt 0 1
vt 1 1
vt 0 0
vt 1 0
vt 0 1
vt 1 1
vt 0 0
vt 1 0
vt 0 1
vt 1 1
vt 0 0
vt 1 0
vt 0 1
vt 1 1
vt 0 0
vt 1 0
vt 0 1
vt 1 1
vt 0 0
vt 1 0
vn 1 0 0
vn 1 0 0
vn 1 0 0
vn 1 0 0
vn -1 0 0
vn -1 0 0
vn -1 0 0
vn -1 0 0
vn 0 1 0
vn 0 1 0
vn 0 1 0
vn 0 1 0
vn 0 -1 0
vn 0 -1 0
vn 0 -1 0
vn 0 -1 0
vn 0 0 1
vn 0 0 1
vn 0 0 1
vn 0 0 1
vn 0 0 -1
vn 0 0 -1
vn 0 0 -1
vn 0 0 -1
f 1865/1865/1865 1867/1867/1867 1866/1866/1866
f 1867/1867/1867 1868/1868/1868 1866/1866/1866
f 1869/1869/1869 1871/1871/1871 1870/1870/1870
f 1871/1871/1871 1872/1872/1872 1870/1870/1870
f 1873/1873/1873 1875/1875/1875 1874/1874/1874
f 1875/1875/1875 1876/1876/1876 1874/1874/1874
f 1877/1877/1877 1879/1879/1879 1878/1878/1878
f 1879/1879/1879 1880/1880/1880 1878/1878/1878
f 1881/1881/1881 1883/1883/1883 1882/1882/1882
f 1883/1883/1883 1884/1884/1884 1882/1882/1882
f 1885/1885/1885 1887/1887/1887 1886/1886/1886
f 1887/1887/1887 1888/1888/1888 1886/1886/1886
