mtllib Battleship.mtl
o battleship_hull
usemtl hull
v -15.32142835003989 -5.617857319968087 -27.857142857142854
v 0 -5.617857319968087 -38.07142768587384
v 15.32142835003989 -5.617857319968087 -27.857142857142854
v -19.499999114445277 -5.617857319968087 24.14285625730242
v -20.89285714285714 -5.617857319968087 -3.714285769632884
v -15.32142835003989 -5.617857319968087 -27.857142857142854
v 0 -5.617857319968087 20.428571871348787
v -9.749999557222639 -5.617857319968087 29.71428615706307
v -19.499999114445277 -5.617857319968087 24.14285625730242
v 19.499999114445277 -5.617857319968087 24.14285625730242
v 9.749999557222639 -5.617857319968087 29.71428615706307
v 0 -5.617857319968087 20.428571871348787
v 15.32142835003989 -5.617857319968087 -27.857142857142854
v 20.89285714285714 -5.617857319968087 -3.714285769632884
v 19.499999114445277 -5.617857319968087 24.14285625730242
v -19.499999114445277 -5.617857319968087 24.14285625730242
v -15.32142835003989 -5.617857319968087 -27.857142857142854
v 15.32142835003989 -5.617857319968087 -27.857142857142854
v 15.32142835003989 -5.617857319968087 -27.857142857142854
v 19.499999114445277 -5.617857319968087 24.14285625730242
v 0 -5.617857319968087 20.428571871348787
v 0 -5.617857319968087 20.428571871348787
v -19.499999114445277 -5.617857319968087 24.14285625730242
v 15.32142835003989 -5.617857319968087 -27.857142857142854
v 15.32142835003989 4.132143067462104 -27.857142857142854
v 0 4.132143067462104 -38.07142768587384
v -15.32142835003989 4.132143067462104 -27.857142857142854
v -15.32142835003989 4.132143067462104 -27.857142857142854
v -20.89285714285714 4.132143067462104 -3.714285769632884
v -19.499999114445277 4.132143067462104 24.14285625730242
v -19.499999114445277 4.132143067462104 24.14285625730242
v -9.749999557222639 4.132143067462104 29.71428615706307
v 0 4.132143067462104 20.428571871348787
v 0 4.132143067462104 20.428571871348787
v 9.749999557222639 4.132143067462104 29.71428615706307
v 19.499999114445277 4.132143067462104 24.14285625730242
v 19.499999114445277 4.132143067462104 24.14285625730242
v 20.89285714285714 4.132143067462104 -3.714285769632884
v 15.32142835003989 4.132143067462104 -27.857142857142854
v 15.32142835003989 4.132143067462104 -27.857142857142854
v -15.32142835003989 4.132143067462104 -27.857142857142854
v -19.499999114445277 4.132143067462104 24.14285625730242
v 0 4.132143067462104 20.428571871348787
v 19.499999114445277 4.132143067462104 24.14285625730242
v 15.32142835003989 4.132143067462104 -27.857142857142854
v 15.32142835003989 4.132143067462104 -27.857142857142854
v -19.499999114445277 4.132143067462104 24.14285625730242
v 0 4.132143067462104 20.428571871348787
v -15.32142835003989 -5.617857319968087 -27.857142857142854
v -20.89285714285714 -5.617857319968087 -3.714285769632884
v -15.97893280642373 -4.874999778611319 -28.31160954066685
v -20.89285714285714 -5.617857319968087 -3.714285769632884
v -21.639953170503887 -4.874999778611319 -3.7805169607911786
v -15.97893280642373 -4.874999778611319 -28.31160954066685
v -15.97893280642373 -4.874999778611319 -28.31160954066685
v -21.639953170503887 -4.874999778611319 -3.7805169607911786
v -15.97893280642373 3.3892855261053354 -28.31160954066685
v -21.639953170503887 -4.874999778611319 -3.7805169607911786
v -21.639953170503887 3.3892855261053354 -3.7805169607911786
v -15.97893280642373 3.3892855261053354 -28.31160954066685
v -15.97893280642373 3.3892855261053354 -28.31160954066685
v -21.639953170503887 3.3892855261053354 -3.7805169607911786
v -15.32142835003989 4.132143067462104 -27.857142857142854
v -21.639953170503887 3.3892855261053354 -3.7805169607911786
v -20.89285714285714 4.132143067462104 -3.714285769632884
v -15.32142835003989 4.132143067462104 -27.857142857142854
v -20.89285714285714 -5.617857319968087 -3.714285769632884
v -19.499999114445277 -5.617857319968087 24.14285625730242
v -21.639953170503887 -4.874999778611319 -3.7805169607911786
v -19.499999114445277 -5.617857319968087 24.14285625730242
v -20.221624374389645 -4.874999778611319 24.58608746528625
v -21.639953170503887 -4.874999778611319 -3.7805169607911786
v -21.639953170503887 -4.874999778611319 -3.7805169607911786
v -20.221624374389645 -4.874999778611319 24.58608746528625
v -21.639953170503887 3.3892855261053354 -3.7805169607911786
v -20.221624374389645 -4.874999778611319 24.58608746528625
v -20.221624374389645 3.3892855261053354 24.58608746528625
v -21.639953170503887 3.3892855261053354 -3.7805169607911786
v -21.639953170503887 3.3892855261053354 -3.7805169607911786
v -20.221624374389645 3.3892855261053354 24.58608746528625
v -20.89285714285714 4.132143067462104 -3.714285769632884
v -20.221624374389645 3.3892855261053354 24.58608746528625
v -19.499999114445277 4.132143067462104 24.14285625730242
v -20.89285714285714 4.132143067462104 -3.714285769632884
v -19.499999114445277 -5.617857319968087 24.14285625730242
v -9.749999557222639 -5.617857319968087 29.71428615706307
v -20.221624374389645 -4.874999778611319 24.58608746528625
v -9.749999557222639 -5.617857319968087 29.71428615706307
v -9.638264690126691 -4.874999778611319 30.633722203118456
v -20.221624374389645 -4.874999778611319 24.58608746528625
v -20.221624374389645 -4.874999778611319 24.58608746528625
v -9.638264690126691 -4.874999778611319 30.633722203118456
v -20.221624374389645 3.3892855261053354 24.58608746528625
v -9.638264690126691 -4.874999778611319 30.633722203118456
v -9.638264690126691 3.3892855261053354 30.633722203118456
v -20.221624374389645 3.3892855261053354 24.58608746528625
v -20.221624374389645 3.3892855261053354 24.58608746528625
v -9.638264690126691 3.3892855261053354 30.633722203118456
v -19.499999114445277 4.132143067462104 24.14285625730242
v -9.638264690126691 3.3892855261053354 30.633722203118456
v -9.749999557222639 4.132143067462104 29.71428615706307
v -19.499999114445277 4.132143067462104 24.14285625730242
v -9.749999557222639 -5.617857319968087 29.71428615706307
v 0 -5.617857319968087 20.428571871348787
v -9.638264690126691 -4.874999778611319 30.633722203118456
v 0 -5.617857319968087 20.428571871348787
v 0 -4.874999778611319 21.45442281450544
v -9.638264690126691 -4.874999778611319 30.633722203118456
v -9.638264690126691 -4.874999778611319 30.633722203118456
v 0 -4.874999778611319 21.45442281450544
v -9.638264690126691 3.3892855261053354 30.633722203118456
v 0 -4.874999778611319 21.45442281450544
v 0 3.3892855261053354 21.45442281450544
v -9.638264690126691 3.3892855261053354 30.633722203118456
v -9.638264690126691 3.3892855261053354 30.633722203118456
v 0 3.3892855261053354 21.45442281450544
v -9.749999557222639 4.132143067462104 29.71428615706307
v 0 3.3892855261053354 21.45442281450544
v 0 4.132143067462104 20.428571871348787
v -9.749999557222639 4.132143067462104 29.71428615706307
v 0 -5.617857319968087 20.428571871348787
v 9.749999557222639 -5.617857319968087 29.71428615706307
v 0 -4.874999778611319 21.45442281450544
v 9.749999557222639 -5.617857319968087 29.71428615706307
v 9.638264690126691 -4.874999778611319 30.633722203118456
v 0 -4.874999778611319 21.45442281450544
v 0 -4.874999778611319 21.45442281450544
v 9.638264690126691 -4.874999778611319 30.633722203118456
v 0 3.3892855261053354 21.45442281450544
v 9.638264690126691 -4.874999778611319 30.633722203118456
v 9.638264690126691 3.3892855261053354 30.633722203118456
v 0 3.3892855261053354 21.45442281450544
v 0 3.3892855261053354 21.45442281450544
v 9.638264690126691 3.3892855261053354 30.633722203118456
v 0 4.132143067462104 20.428571871348787
v 9.638264690126691 3.3892855261053354 30.633722203118456
v 9.749999557222639 4.132143067462104 29.71428615706307
v 0 4.132143067462104 20.428571871348787
v 9.749999557222639 -5.617857319968087 29.71428615706307
v 19.499999114445277 -5.617857319968087 24.14285625730242
v 9.638264690126691 -4.874999778611319 30.633722203118456
v 19.499999114445277 -5.617857319968087 24.14285625730242
v 20.221624374389645 -4.874999778611319 24.58608746528625
v 9.638264690126691 -4.874999778611319 30.633722203118456
v 9.638264690126691 -4.874999778611319 30.633722203118456
v 20.221624374389645 -4.874999778611319 24.58608746528625
v 9.638264690126691 3.3892855261053354 30.633722203118456
v 20.221624374389645 -4.874999778611319 24.58608746528625
v 20.221624374389645 3.3892855261053354 24.58608746528625
v 9.638264690126691 3.3892855261053354 30.633722203118456
v 9.638264690126691 3.3892855261053354 30.633722203118456
v 20.221624374389645 3.3892855261053354 24.58608746528625
v 9.749999557222639 4.132143067462104 29.71428615706307
v 20.221624374389645 3.3892855261053354 24.58608746528625
v 19.499999114445277 4.132143067462104 24.14285625730242
v 9.749999557222639 4.132143067462104 29.71428615706307
v 19.499999114445277 -5.617857319968087 24.14285625730242
v 20.89285714285714 -5.617857319968087 -3.714285769632884
v 20.221624374389645 -4.874999778611319 24.58608746528625
v 20.89285714285714 -5.617857319968087 -3.714285769632884
v 21.639953170503887 -4.874999778611319 -3.7805169607911786
v 20.221624374389645 -4.874999778611319 24.58608746528625
v 20.221624374389645 -4.874999778611319 24.58608746528625
v 21.639953170503887 -4.874999778611319 -3.7805169607911786
v 20.221624374389645 3.3892855261053354 24.58608746528625
v 21.639953170503887 -4.874999778611319 -3.7805169607911786
v 21.639953170503887 3.3892855261053354 -3.7805169607911786
v 20.221624374389645 3.3892855261053354 24.58608746528625
v 20.221624374389645 3.3892855261053354 24.58608746528625
v 21.639953170503887 3.3892855261053354 -3.7805169607911786
v 19.499999114445277 4.132143067462104 24.14285625730242
v 21.639953170503887 3.3892855261053354 -3.7805169607911786
v 20.89285714285714 4.132143067462104 -3.714285769632884
v 19.499999114445277 4.132143067462104 24.14285625730242
v 20.89285714285714 -5.617857319968087 -3.714285769632884
v 15.32142835003989 -5.617857319968087 -27.857142857142854
v 21.639953170503887 -4.874999778611319 -3.7805169607911786
v 15.32142835003989 -5.617857319968087 -27.857142857142854
v 15.97893280642373 -4.874999778611319 -28.31160954066685
v 21.639953170503887 -4.874999778611319 -3.7805169607911786
v 21.639953170503887 -4.874999778611319 -3.7805169607911786
v 15.97893280642373 -4.874999778611319 -28.31160954066685
v 21.639953170503887 3.3892855261053354 -3.7805169607911786
v 15.97893280642373 -4.874999778611319 -28.31160954066685
v 15.97893280642373 3.3892855261053354 -28.31160954066685
v 21.639953170503887 3.3892855261053354 -3.7805169607911786
v 21.639953170503887 3.3892855261053354 -3.7805169607911786
v 15.97893280642373 3.3892855261053354 -28.31160954066685
v 20.89285714285714 4.132143067462104 -3.714285769632884
v 15.97893280642373 3.3892855261053354 -28.31160954066685
v 15.32142835003989 4.132143067462104 -27.857142857142854
v 20.89285714285714 4.132143067462104 -3.714285769632884
v 15.32142835003989 -5.617857319968087 -27.857142857142854
v 0 -5.617857319968087 -38.07142768587384
v 15.97893280642373 -4.874999778611319 -28.31160954066685
v 0 -5.617857319968087 -38.07142768587384
v 0 -4.874999778611319 -38.96423067365374
v 15.97893280642373 -4.874999778611319 -28.31160954066685
v 15.97893280642373 -4.874999778611319 -28.31160954066685
v 0 -4.874999778611319 -38.96423067365374
v 15.97893280642373 3.3892855261053354 -28.31160954066685
v 0 -4.874999778611319 -38.96423067365374
v 0 3.3892855261053354 -38.96423067365374
v 15.97893280642373 3.3892855261053354 -28.31160954066685
v 15.97893280642373 3.3892855261053354 -28.31160954066685
v 0 3.3892855261053354 -38.96423067365374
v 15.32142835003989 4.132143067462104 -27.857142857142854
v 0 3.3892855261053354 -38.96423067365374
v 0 4.132143067462104 -38.07142768587384
v 15.32142835003989 4.132143067462104 -27.857142857142854
v 0 -5.617857319968087 -38.07142768587384
v -15.32142835003989 -5.617857319968087 -27.857142857142854
v 0 -4.874999778611319 -38.96423067365374
v -15.32142835003989 -5.617857319968087 -27.857142857142854
v -15.97893280642373 -4.874999778611319 -28.31160954066685
v 0 -4.874999778611319 -38.96423067365374
v 0 -4.874999778611319 -38.96423067365374
v -15.97893280642373 -4.874999778611319 -28.31160954066685
v 0 3.3892855261053354 -38.96423067365374
v -15.97893280642373 -4.874999778611319 -28.31160954066685
v -15.97893280642373 3.3892855261053354 -28.31160954066685
v 0 3.3892855261053354 -38.96423067365374
v 0 3.3892855261053354 -38.96423067365374
v -15.97893280642373 3.3892855261053354 -28.31160954066685
v 0 4.132143067462104 -38.07142768587384
v -15.97893280642373 3.3892855261053354 -28.31160954066685
v -15.32142835003989 4.132143067462104 -27.857142857142854
v 0 4.132143067462104 -38.07142768587384
vt -1.649999976158142 3
vt 0 4.099999904632568
vt 1.649999976158142 3
vt -2.0999999046325684 -2.5999999046325684
vt -2.25 0.4000000059604645
vt -1.649999976158142 3
vt 0 -2.200000047683716
vt -1.0499999523162842 -3.200000047683716
vt -2.0999999046325684 -2.5999999046325684
vt 2.0999999046325684 -2.5999999046325684
vt 1.0499999523162842 -3.200000047683716
vt 0 -2.200000047683716
vt 1.649999976158142 3
vt 2.25 0.4000000059604645
vt 2.0999999046325684 -2.5999999046325684
vt -2.0999999046325684 -2.5999999046325684
vt -1.649999976158142 3
vt 1.649999976158142 3
vt 1.649999976158142 3
vt 2.0999999046325684 -2.5999999046325684
vt 0 -2.200000047683716
vt 0 -2.200000047683716
vt -2.0999999046325684 -2.5999999046325684
vt 1.649999976158142 3
vt 1.649999976158142 3
vt 0 4.099999904632568
vt -1.649999976158142 3
vt -1.649999976158142 3
vt -2.25 0.4000000059604645
vt -2.0999999046325684 -2.5999999046325684
vt -2.0999999046325684 -2.5999999046325684
vt -1.0499999523162842 -3.200000047683716
vt 0 -2.200000047683716
vt 0 -2.200000047683716
vt 1.0499999523162842 -3.200000047683716
vt 2.0999999046325684 -2.5999999046325684
vt 2.0999999046325684 -2.5999999046325684
vt 2.25 0.4000000059604645
vt 1.649999976158142 3
vt 1.649999976158142 3
vt -1.649999976158142 3
vt -2.0999999046325684 -2.5999999046325684
vt 0 -2.200000047683716
vt 2.0999999046325684 -2.5999999046325684
vt 1.649999976158142 3
vt 1.649999976158142 3
vt -2.0999999046325684 -2.5999999046325684
vt 0 -2.200000047683716
vt 3 1.0800000429153442
vt 0.4000000059604645 1.0800000429153442
vt 3.0489425659179688 1
vt 0.4000000059604645 1.0800000429153442
vt 0.4071325957775116 1
vt 3.0489425659179688 1
vt 3.0489425659179688 1
vt 0.4071325957775116 1
vt 3.0489425659179688 0.10999999940395355
vt 0.4071325957775116 1
vt 0.4071325957775116 0.10999999940395355
vt 3.0489425659179688 0.10999999940395355
vt 3.0489425659179688 0.10999999940395355
vt 0.4071325957775116 0.10999999940395355
vt 3 0.029999999329447746
vt 0.4071325957775116 0.10999999940395355
vt 0.4000000059604645 0.029999999329447746
vt 3 0.029999999329447746
vt 0.4000000059604645 1.0800000429153442
vt -2.5999999046325684 1.0800000429153442
vt 0.4071325957775116 1
vt -2.5999999046325684 1.0800000429153442
vt -2.6477324962615967 1
vt 0.4071325957775116 1
vt 0.4071325957775116 1
vt -2.6477324962615967 1
vt 0.4071325957775116 0.10999999940395355
vt -2.6477324962615967 1
vt -2.6477324962615967 0.10999999940395355
vt 0.4071325957775116 0.10999999940395355
vt 0.4071325957775116 0.10999999940395355
vt -2.6477324962615967 0.10999999940395355
vt 0.4000000059604645 0.029999999329447746
vt -2.6477324962615967 0.10999999940395355
vt -2.5999999046325684 0.029999999329447746
vt 0.4000000059604645 0.029999999329447746
vt -2.0999999046325684 1.0800000429153442
vt -1.0499999523162842 1.0800000429153442
vt -2.177713394165039 1
vt -1.0499999523162842 1.0800000429153442
vt -1.0379669666290283 1
vt -2.177713394165039 1
vt -2.177713394165039 1
vt -1.0379669666290283 1
vt -2.177713394165039 0.10999999940395355
vt -1.0379669666290283 1
vt -1.0379669666290283 0.10999999940395355
vt -2.177713394165039 0.10999999940395355
vt -2.177713394165039 0.10999999940395355
vt -1.0379669666290283 0.10999999940395355
vt -2.0999999046325684 0.029999999329447746
vt -1.0379669666290283 0.10999999940395355
vt -1.0499999523162842 0.029999999329447746
vt -2.0999999046325684 0.029999999329447746
vt -1.0499999523162842 1.0800000429153442
vt 0 1.0800000429153442
vt -1.0379669666290283 1
vt 0 1.0800000429153442
vt 0 1
vt -1.0379669666290283 1
vt -1.0379669666290283 1
vt 0 1
vt -1.0379669666290283 0.10999999940395355
vt 0 1
vt 0 0.10999999940395355
vt -1.0379669666290283 0.10999999940395355
vt -1.0379669666290283 0.10999999940395355
vt 0 0.10999999940395355
vt -1.0499999523162842 0.029999999329447746
vt 0 0.10999999940395355
vt 0 0.029999999329447746
vt -1.0499999523162842 0.029999999329447746
vt 0 1.0800000429153442
vt 1.0499999523162842 1.0800000429153442
vt 0 1
vt 1.0499999523162842 1.0800000429153442
vt 1.0379669666290283 1
vt 0 1
vt 0 1
vt 1.0379669666290283 1
vt 0 0.10999999940395355
vt 1.0379669666290283 1
vt 1.0379669666290283 0.10999999940395355
vt 0 0.10999999940395355
vt 0 0.10999999940395355
vt 1.0379669666290283 0.10999999940395355
vt 0 0.029999999329447746
vt 1.0379669666290283 0.10999999940395355
vt 1.0499999523162842 0.029999999329447746
vt 0 0.029999999329447746
vt 1.0499999523162842 1.0800000429153442
vt 2.0999999046325684 1.0800000429153442
vt 1.0379669666290283 1
vt 2.0999999046325684 1.0800000429153442
vt 2.177713394165039 1
vt 1.0379669666290283 1
vt 1.0379669666290283 1
vt 2.177713394165039 1
vt 1.0379669666290283 0.10999999940395355
vt 2.177713394165039 1
vt 2.177713394165039 0.10999999940395355
vt 1.0379669666290283 0.10999999940395355
vt 1.0379669666290283 0.10999999940395355
vt 2.177713394165039 0.10999999940395355
vt 1.0499999523162842 0.029999999329447746
vt 2.177713394165039 0.10999999940395355
vt 2.0999999046325684 0.029999999329447746
vt 1.0499999523162842 0.029999999329447746
vt -2.5999999046325684 1.0800000429153442
vt 0.4000000059604645 1.0800000429153442
vt -2.6477324962615967 1
vt 0.4000000059604645 1.0800000429153442
vt 0.4071325957775116 1
vt -2.6477324962615967 1
vt -2.6477324962615967 1
vt 0.4071325957775116 1
vt -2.6477324962615967 0.10999999940395355
vt 0.4071325957775116 1
vt 0.4071325957775116 0.10999999940395355
vt -2.6477324962615967 0.10999999940395355
vt -2.6477324962615967 0.10999999940395355
vt 0.4071325957775116 0.10999999940395355
vt -2.5999999046325684 0.029999999329447746
vt 0.4071325957775116 0.10999999940395355
vt 0.4000000059604645 0.029999999329447746
vt -2.5999999046325684 0.029999999329447746
vt 0.4000000059604645 1.0800000429153442
vt 3 1.0800000429153442
vt 0.4071325957775116 1
vt 3 1.0800000429153442
vt 3.0489425659179688 1
vt 0.4071325957775116 1
vt 0.4071325957775116 1
vt 3.0489425659179688 1
vt 0.4071325957775116 0.10999999940395355
vt 3.0489425659179688 1
vt 3.0489425659179688 0.10999999940395355
vt 0.4071325957775116 0.10999999940395355
vt 0.4071325957775116 0.10999999940395355
vt 3.0489425659179688 0.10999999940395355
vt 0.4000000059604645 0.029999999329447746
vt 3.0489425659179688 0.10999999940395355
vt 3 0.029999999329447746
vt 0.4000000059604645 0.029999999329447746
vt 1.649999976158142 1.0800000429153442
vt 0 1.0800000429153442
vt 1.7208081483840942 1
vt 0 1.0800000429153442
vt 0 1
vt 1.7208081483840942 1
vt 1.7208081483840942 1
vt 0 1
vt 1.7208081483840942 0.10999999940395355
vt 0 1
vt 0 0.10999999940395355
vt 1.7208081483840942 0.10999999940395355
vt 1.7208081483840942 0.10999999940395355
vt 0 0.10999999940395355
vt 1.649999976158142 0.029999999329447746
vt 0 0.10999999940395355
vt 0 0.029999999329447746
vt 1.649999976158142 0.029999999329447746
vt 0 1.0800000429153442
vt -1.649999976158142 1.0800000429153442
vt 0 1
vt -1.649999976158142 1.0800000429153442
vt -1.7208081483840942 1
vt 0 1
vt 0 1
vt -1.7208081483840942 1
vt 0 0.10999999940395355
vt -1.7208081483840942 1
vt -1.7208081483840942 0.10999999940395355
vt 0 0.10999999940395355
vt 0 0.10999999940395355
vt -1.7208081483840942 0.10999999940395355
vt 0 0.029999999329447746
vt -1.7208081483840942 0.10999999940395355
vt -1.649999976158142 0.029999999329447746
vt 0 0.029999999329447746
vn 0 -1 -6.12323426292584e-17
vn 0 -1 -6.12323426292584e-17
vn 0 -1 -6.12323426292584e-17
vn 0 -1 -6.12323426292584e-17
vn 0 -1 -6.12323426292584e-17
vn 0 -1 -6.12323426292584e-17
vn 0 -1 -6.12323426292584e-17
vn 0 -1 -6.12323426292584e-17
vn 0 -1 -6.12323426292584e-17
vn 0 -1 -6.12323426292584e-17
vn 0 -1 -6.12323426292584e-17
vn 0 -1 -6.12323426292584e-17
vn 0 -1 -6.12323426292584e-17
vn 0 -1 -6.12323426292584e-17
vn 0 -1 -6.12323426292584e-17
vn 0 -1 -6.12323426292584e-17
vn 0 -1 -6.12323426292584e-17
vn 0 -1 -6.12323426292584e-17
vn 0 -1 -6.12323426292584e-17
vn 0 -1 -6.12323426292584e-17
vn 0 -1 -6.12323426292584e-17
vn 0 -1 -6.12323426292584e-17
vn 0 -1 -6.12323426292584e-17
vn 0 -1 -6.12323426292584e-17
vn 0 1 6.12323426292584e-17
vn 0 1 6.12323426292584e-17
vn 0 1 6.12323426292584e-17
vn 0 1 6.12323426292584e-17
vn 0 1 6.12323426292584e-17
vn 0 1 6.12323426292584e-17
vn 0 1 6.12323426292584e-17
vn 0 1 6.12323426292584e-17
vn 0 1 6.12323426292584e-17
vn 0 1 6.12323426292584e-17
vn 0 1 6.12323426292584e-17
vn 0 1 6.12323426292584e-17
vn 0 1 6.12323426292584e-17
vn 0 1 6.12323426292584e-17
vn 0 1 6.12323426292584e-17
vn 0 1 6.12323426292584e-17
vn 0 1 6.12323426292584e-17
vn 0 1 6.12323426292584e-17
vn 0 1 6.12323426292584e-17
vn 0 1 6.12323426292584e-17
vn 0 1 6.12323426292584e-17
vn 0 1 6.12323426292584e-17
vn 0 1 6.12323426292584e-17
vn 0 1 6.12323426292584e-17
vn -0.6889983419801576 -0.7071070675389816 -0.15899962196500908
vn -0.6889983419801576 -0.7071070675389816 -0.15899962196500908
vn -0.6889983419801576 -0.7071070675389816 -0.15899962196500908
vn -0.6889989356685816 -0.7071064690725382 -0.158999710827817
vn -0.6889989356685816 -0.7071064690725382 -0.158999710827817
vn -0.6889989356685816 -0.7071064690725382 -0.158999710827817
vn -0.9743912037312004 1.3768671673521062e-17 -0.22485947187357325
vn -0.9743912037312004 1.3768671673521062e-17 -0.22485947187357325
vn -0.9743912037312004 1.3768671673521062e-17 -0.22485947187357325
vn -0.9743912037312004 1.3768671673521062e-17 -0.22485947187357325
vn -0.9743912037312004 1.3768671673521062e-17 -0.22485947187357325
vn -0.9743912037312004 1.3768671673521062e-17 -0.22485947187357325
vn -0.6889985801085592 0.707106828822598 -0.1589996517003674
vn -0.6889985801085592 0.707106828822598 -0.1589996517003674
vn -0.6889985801085592 0.707106828822598 -0.1589996517003674
vn -0.6889991069187944 0.7071062824961056 -0.15899979848930978
vn -0.6889991069187944 0.7071062824961056 -0.15899979848930978
vn -0.6889991069187944 0.7071062824961056 -0.15899979848930978
vn -0.7062248594279688 -0.7071064717296744 0.03531126681325637
vn -0.7062248594279688 -0.7071064717296744 0.03531126681325637
vn -0.7062248594279688 -0.7071064717296744 0.03531126681325637
vn -0.7062237589903116 -0.7071075766293929 0.03531114995155598
vn -0.7062237589903116 -0.7071075766293929 0.03531114995155598
vn -0.7062237589903116 -0.7071075766293929 0.03531114995155598
vn -0.9987523415162034 -3.057793859627376e-18 0.04993756417668868
vn -0.9987523415162034 -3.057793859627376e-18 0.04993756417668868
vn -0.9987523415162034 -3.057793859627376e-18 0.04993756417668868
vn -0.9987523415162034 -3.057793859627376e-18 0.04993756417668868
vn -0.9987523415162034 -3.057793859627376e-18 0.04993756417668868
vn -0.9987523415162034 -3.057793859627376e-18 0.04993756417668868
vn -0.7062250694375143 0.7071062644712585 0.035311216964032215
vn -0.7062250694375143 0.7071062644712585 0.035311216964032215
vn -0.7062250694375143 0.7071062644712585 0.035311216964032215
vn -0.7062239660087695 0.7071073664506337 0.03531121841700612
vn -0.7062239660087695 0.7071073664506337 0.03531121841700612
vn -0.7062239660087695 0.7071073664506337 0.03531121841700612
vn -0.35082287456263656 -0.7071076208831519 0.6139398367695137
vn -0.35082287456263656 -0.7071076208831519 0.6139398367695137
vn -0.35082287456263656 -0.7071076208831519 0.6139398367695137
vn -0.3508230450060848 -0.7071071867793478 0.6139402393536811
vn -0.3508230450060848 -0.7071071867793478 0.6139402393536811
vn -0.3508230450060848 -0.7071071867793478 0.6139402393536811
vn -0.49613899612748924 -5.316455630332695e-17 0.8682431091126537
vn -0.49613899612748924 -5.316455630332695e-17 0.8682431091126537
vn -0.49613899612748924 -5.316455630332695e-17 0.8682431091126537
vn -0.49613899612748924 -5.316455630332695e-17 0.8682431091126537
vn -0.49613899612748924 -5.316455630332695e-17 0.8682431091126537
vn -0.49613899612748924 -5.316455630332695e-17 0.8682431091126537
vn -0.3508229198380305 0.7071074131876324 0.6139400501119096
vn -0.3508229198380305 0.7071074131876324 0.6139400501119096
vn -0.3508229198380305 0.7071074131876324 0.6139400501119096
vn -0.35082315538801256 0.7071069901732888 0.6139404027197354
vn -0.35082315538801256 0.7071069901732888 0.6139404027197354
vn -0.35082315538801256 0.7071069901732888 0.6139404027197354
vn 0.4876598983867147 -0.7071067647438859 0.5120428173101288
vn 0.4876598983867147 -0.7071067647438859 0.5120428173101288
vn 0.4876598983867147 -0.7071067647438859 0.5120428173101288
vn 0.4876596869354963 -0.7071069990517646 0.5120426951241287
vn 0.4876596869354963 -0.7071069990517646 0.5120426951241287
vn 0.4876596869354963 -0.7071069990517646 0.5120426951241287
vn 0.6896551322284961 -4.434066315827685e-17 0.7241379693061921
vn 0.6896551322284961 -4.434066315827685e-17 0.7241379693061921
vn 0.6896551322284961 -4.434066315827685e-17 0.7241379693061921
vn 0.6896551322284961 -4.434066315827685e-17 0.7241379693061921
vn 0.6896551322284961 -4.434066315827685e-17 0.7241379693061921
vn 0.6896551322284961 -4.434066315827685e-17 0.7241379693061921
vn 0.4876600040945747 0.7071065499615883 0.5120430132400005
vn 0.4876600040945747 0.7071065499615883 0.5120430132400005
vn 0.4876600040945747 0.7071065499615883 0.5120430132400005
vn 0.4876598529567785 0.7071067852972127 0.512042832193572
vn 0.4876598529567785 0.7071067852972127 0.512042832193572
vn 0.4876598529567785 0.7071067852972127 0.512042832193572
vn -0.4876597245339025 -0.7071070103560931 0.512042643705372
vn -0.4876597245339025 -0.7071070103560931 0.512042643705372
vn -0.4876597245339025 -0.7071070103560931 0.512042643705372
vn -0.48765983807333535 -0.7071067637162202 0.5120428761706015
vn -0.48765983807333535 -0.7071067637162202 0.5120428761706015
vn -0.48765983807333535 -0.7071067637162202 0.5120428761706015
vn -0.6896551322284961 -4.434066315827685e-17 0.7241379693061921
vn -0.6896551322284961 -4.434066315827685e-17 0.7241379693061921
vn -0.6896551322284961 -4.434066315827685e-17 0.7241379693061921
vn -0.6896551322284961 -4.434066315827685e-17 0.7241379693061921
vn -0.6896551322284961 -4.434066315827685e-17 0.7241379693061921
vn -0.6896551322284961 -4.434066315827685e-17 0.7241379693061921
vn -0.4876598096884832 0.7071068253761962 0.5120428180543006
vn -0.4876598096884832 0.7071068253761962 0.5120428180543006
vn -0.4876598096884832 0.7071068253761962 0.5120428180543006
vn -0.48766002680953907 0.7071065396849252 0.5120430057982739
vn -0.48766002680953907 0.7071065396849252 0.5120430057982739
vn -0.48766002680953907 0.7071065396849252 0.5120430057982739
vn 0.35082311011268963 -0.7071071978689124 0.6139401893774625
vn 0.35082311011268963 -0.7071071978689124 0.6139401893774625
vn 0.35082311011268963 -0.7071071978689124 0.6139401893774625
vn 0.35082283559038974 -0.7071076024005387 0.6139398803267956
vn 0.35082283559038974 -0.7071076024005387 0.6139398803267956
vn 0.35082283559038974 -0.7071076024005387 0.6139398803267956
vn 0.49613899612748924 -5.316455630332695e-17 0.8682431091126537
vn 0.49613899612748924 -5.316455630332695e-17 0.8682431091126537
vn 0.49613899612748924 -5.316455630332695e-17 0.8682431091126537
vn 0.49613899612748924 -5.316455630332695e-17 0.8682431091126537
vn 0.49613899612748924 -5.316455630332695e-17 0.8682431091126537
vn 0.49613899612748924 -5.316455630332695e-17 0.8682431091126537
vn 0.3508231031193215 0.7071070049593824 0.6139404155576516
vn 0.3508231031193215 0.7071070049593824 0.6139404155576516
vn 0.3508231031193215 0.7071070049593824 0.6139404155576516
vn 0.3508229588102817 0.7071074316702457 0.6139400065546375
vn 0.3508229588102817 0.7071074316702457 0.6139400065546375
vn 0.3508229588102817 0.7071074316702457 0.6139400065546375
vn 0.7062237276272054 -0.707107604906275 0.03531121096827628
vn 0.7062237276272054 -0.707107604906275 0.03531121096827628
vn 0.7062237276272054 -0.707107604906275 0.03531121096827628
vn 0.70622486091437 -0.7071064732179312 0.03531120728293152
vn 0.70622486091437 -0.7071064732179312 0.03531120728293152
vn 0.70622486091437 -0.7071064732179312 0.03531120728293152
vn 0.9987523415162034 -3.057793859627376e-18 0.04993756417668868
vn 0.9987523415162034 -3.057793859627376e-18 0.04993756417668868
vn 0.9987523415162034 -3.057793859627376e-18 0.04993756417668868
vn 0.9987523415162034 -3.057793859627376e-18 0.04993756417668868
vn 0.9987523415162034 -3.057793859627376e-18 0.04993756417668868
vn 0.9987523415162034 -3.057793859627376e-18 0.04993756417668868
vn 0.706223967402267 0.7071073678458742 0.03531116260732635
vn 0.706223967402267 0.7071073678458742 0.03531116260732635
vn 0.706223967402267 0.7071073678458742 0.03531116260732635
vn 0.7062250977162507 0.7071062331806351 0.0353112779826124
vn 0.7062250977162507 0.7071062331806351 0.0353112779826124
vn 0.7062250977162507 0.7071062331806351 0.0353112779826124
vn 0.6889989307712862 -0.7071064640465372 -0.15899975440115532
vn 0.6889989307712862 -0.7071064640465372 -0.15899975440115532
vn 0.6889989307712862 -0.7071064640465372 -0.15899975440115532
vn 0.6889983765542183 -0.7071070418505286 -0.1589995863863994
vn 0.6889983765542183 -0.7071070418505286 -0.1589995863863994
vn 0.6889983765542183 -0.7071070418505286 -0.1589995863863994
vn 0.9743912037312004 1.3768671673521062e-17 -0.22485947187357325
vn 0.9743912037312004 1.3768671673521062e-17 -0.22485947187357325
vn 0.9743912037312004 1.3768671673521062e-17 -0.22485947187357325
vn 0.9743912037312004 1.3768671673521062e-17 -0.22485947187357325
vn 0.9743912037312004 1.3768671673521062e-17 -0.22485947187357325
vn 0.9743912037312004 1.3768671673521062e-17 -0.22485947187357325
vn 0.68899911018366 0.7071062858467732 -0.15899976944041821
vn 0.68899911018366 0.7071062858467732 -0.15899976944041821
vn 0.68899911018366 0.7071062858467732 -0.15899976944041821
vn 0.6889985181278212 0.7071068859887009 -0.15899966605319937
vn 0.6889985181278212 0.7071068859887009 -0.15899966605319937
vn 0.6889985181278212 0.7071068859887009 -0.15899966605319937
vn 0.3922322906965078 -0.7071066947795446 -0.5883484956494052
vn 0.3922322906965078 -0.7071066947795446 -0.5883484956494052
vn 0.3922322906965078 -0.7071066947795446 -0.5883484956494052
vn 0.39223227923407866 -0.7071067278422529 -0.5883484635546027
vn 0.39223227923407866 -0.7071067278422529 -0.5883484635546027
vn 0.39223227923407866 -0.7071067278422529 -0.5883484635546027
vn 0.5547001824703114 5.0948385353135694e-17 -0.8320503035077886
vn 0.5547001824703114 5.0948385353135694e-17 -0.8320503035077886
vn 0.5547001824703114 5.0948385353135694e-17 -0.8320503035077886
vn 0.5547001824703114 5.0948385353135694e-17 -0.8320503035077886
vn 0.5547001824703114 5.0948385353135694e-17 -0.8320503035077886
vn 0.5547001824703114 5.0948385353135694e-17 -0.8320503035077886
vn 0.39223238843276204 0.7071065309814433 -0.5883486273526267
vn 0.39223238843276204 0.7071065309814433 -0.5883486273526267
vn 0.39223238843276204 0.7071065309814433 -0.5883486273526267
vn 0.3922323746778348 0.7071065061844117 -0.5883486663248769
vn 0.3922323746778348 0.7071065061844117 -0.5883486663248769
vn 0.3922323746778348 0.7071065061844117 -0.5883486663248769
vn -0.3922322906965078 -0.7071066947795446 -0.5883484956494052
vn -0.3922322906965078 -0.7071066947795446 -0.5883484956494052
vn -0.3922322906965078 -0.7071066947795446 -0.5883484956494052
vn -0.39223227923407866 -0.7071067278422529 -0.5883484635546027
vn -0.39223227923407866 -0.7071067278422529 -0.5883484635546027
vn -0.39223227923407866 -0.7071067278422529 -0.5883484635546027
vn -0.5547001824703114 5.0948385353135694e-17 -0.8320503035077886
vn -0.5547001824703114 5.0948385353135694e-17 -0.8320503035077886
vn -0.5547001824703114 5.0948385353135694e-17 -0.8320503035077886
vn -0.5547001824703114 5.0948385353135694e-17 -0.8320503035077886
vn -0.5547001824703114 5.0948385353135694e-17 -0.8320503035077886
vn -0.5547001824703114 5.0948385353135694e-17 -0.8320503035077886
vn -0.39223238843276204 0.7071065309814433 -0.5883486273526267
vn -0.39223238843276204 0.7071065309814433 -0.5883486273526267
vn -0.39223238843276204 0.7071065309814433 -0.5883486273526267
vn -0.3922323746778348 0.7071065061844117 -0.5883486663248769
vn -0.3922323746778348 0.7071065061844117 -0.5883486663248769
vn -0.3922323746778348 0.7071065061844117 -0.5883486663248769
f 1/1/1 2/2/2 3/3/3
f 4/4/4 5/5/5 6/6/6
f 7/7/7 8/8/8 9/9/9
f 10/10/10 11/11/11 12/12/12
f 13/13/13 14/14/14 15/15/15
f 16/16/16 17/17/17 18/18/18
f 19/19/19 20/20/20 21/21/21
f 22/22/22 23/23/23 24/24/24
f 25/25/25 26/26/26 27/27/27
f 28/28/28 29/29/29 30/30/30
f 31/31/31 32/32/32 33/33/33
f 34/34/34 35/35/35 36/36/36
f 37/37/37 38/38/38 39/39/39
f 40/40/40 41/41/41 42/42/42
f 43/43/43 44/44/44 45/45/45
f 46/46/46 47/47/47 48/48/48
f 49/49/49 50/50/50 51/51/51
f 52/52/52 53/53/53 54/54/54
f 55/55/55 56/56/56 57/57/57
f 58/58/58 59/59/59 60/60/60
f 61/61/61 62/62/62 63/63/63
f 64/64/64 65/65/65 66/66/66
f 67/67/67 68/68/68 69/69/69
f 70/70/70 71/71/71 72/72/72
f 73/73/73 74/74/74 75/75/75
f 76/76/76 77/77/77 78/78/78
f 79/79/79 80/80/80 81/81/81
f 82/82/82 83/83/83 84/84/84
f 85/85/85 86/86/86 87/87/87
f 88/88/88 89/89/89 90/90/90
f 91/91/91 92/92/92 93/93/93
f 94/94/94 95/95/95 96/96/96
f 97/97/97 98/98/98 99/99/99
f 100/100/100 101/101/101 102/102/102
f 103/103/103 104/104/104 105/105/105
f 106/106/106 107/107/107 108/108/108
f 109/109/109 110/110/110 111/111/111
f 112/112/112 113/113/113 114/114/114
f 115/115/115 116/116/116 117/117/117
f 118/118/118 119/119/119 120/120/120
f 121/121/121 122/122/122 123/123/123
f 124/124/124 125/125/125 126/126/126
f 127/127/127 128/128/128 129/129/129
f 130/130/130 131/131/131 132/132/132
f 133/133/133 134/134/134 135/135/135
f 136/136/136 137/137/137 138/138/138
f 139/139/139 140/140/140 141/141/141
f 142/142/142 143/143/143 144/144/144
f 145/145/145 146/146/146 147/147/147
f 148/148/148 149/149/149 150/150/150
f 151/151/151 152/152/152 153/153/153
f 154/154/154 155/155/155 156/156/156
f 157/157/157 158/158/158 159/159/159
f 160/160/160 161/161/161 162/162/162
f 163/163/163 164/164/164 165/165/165
f 166/166/166 167/167/167 168/168/168
f 169/169/169 170/170/170 171/171/171
f 172/172/172 173/173/173 174/174/174
f 175/175/175 176/176/176 177/177/177
f 178/178/178 179/179/179 180/180/180
f 181/181/181 182/182/182 183/183/183
f 184/184/184 185/185/185 186/186/186
f 187/187/187 188/188/188 189/189/189
f 190/190/190 191/191/191 192/192/192
f 193/193/193 194/194/194 195/195/195
f 196/196/196 197/197/197 198/198/198
f 199/199/199 200/200/200 201/201/201
f 202/202/202 203/203/203 204/204/204
f 205/205/205 206/206/206 207/207/207
f 208/208/208 209/209/209 210/210/210
f 211/211/211 212/212/212 213/213/213
f 214/214/214 215/215/215 216/216/216
f 217/217/217 218/218/218 219/219/219
f 220/220/220 221/221/221 222/222/222
f 223/223/223 224/224/224 225/225/225
f 226/226/226 227/227/227 228/228/228
o battleship_spine
usemtl plate
v -12.563571844782146 4.132142779656819 -22.84285749707903
v 0 4.132142779656819 -31.218571322304857
v 12.563571844782146 4.132142779656819 -22.84285749707903
v -15.99000002656664 4.132142779656819 19.797142573765345
v -17.13214312280927 4.132142779656819 -3.045714369841984
v -12.563571844782146 4.132142779656819 -22.84285749707903
v 0 4.132142779656819 16.75142875739506
v -7.99500001328332 4.132142779656819 24.36571495873587
v -15.99000002656664 4.132142779656819 19.797142573765345
v 15.99000002656664 4.132142779656819 19.797142573765345
v 7.99500001328332 4.132142779656819 24.36571495873587
v 0 4.132142779656819 16.75142875739506
v 12.563571844782146 4.132142779656819 -22.84285749707903
v 17.13214312280927 4.132142779656819 -3.045714369841984
v 15.99000002656664 4.132142779656819 19.797142573765345
v -15.99000002656664 4.132142779656819 19.797142573765345
v -12.563571844782146 4.132142779656819 -22.84285749707903
v 12.563571844782146 4.132142779656819 -22.84285749707903
v 12.563571844782146 4.132142779656819 -22.84285749707903
v 15.99000002656664 4.132142779656819 19.797142573765345
v 0 4.132142779656819 16.75142875739506
v 0 4.132142779656819 16.75142875739506
v -15.99000002656664 4.132142779656819 19.797142573765345
v 12.563571844782146 4.132142779656819 -22.84285749707903
v 12.563571844782146 11.560714318922587 -22.84285749707903
v 0 11.560714318922587 -31.218571322304857
v -12.563571844782146 11.560714318922587 -22.84285749707903
v -12.563571844782146 11.560714318922587 -22.84285749707903
v -17.13214312280927 11.560714318922587 -3.045714369841984
v -15.99000002656664 11.560714318922587 19.797142573765345
v -15.99000002656664 11.560714318922587 19.797142573765345
v -7.99500001328332 11.560714318922587 24.36571495873587
v 0 11.560714318922587 16.75142875739506
v 0 11.560714318922587 16.75142875739506
v 7.99500001328332 11.560714318922587 24.36571495873587
v 15.99000002656664 11.560714318922587 19.797142573765345
v 15.99000002656664 11.560714318922587 19.797142573765345
v 17.13214312280927 11.560714318922587 -3.045714369841984
v 12.563571844782146 11.560714318922587 -22.84285749707903
v 12.563571844782146 11.560714318922587 -22.84285749707903
v -12.563571844782146 11.560714318922587 -22.84285749707903
v -15.99000002656664 11.560714318922587 19.797142573765345
v 0 11.560714318922587 16.75142875739506
v 15.99000002656664 11.560714318922587 19.797142573765345
v 12.563571844782146 11.560714318922587 -22.84285749707903
v 12.563571844782146 11.560714318922587 -22.84285749707903
v -15.99000002656664 11.560714318922587 19.797142573765345
v 0 11.560714318922587 16.75142875739506
v -12.563571844782146 4.132142779656819 -22.84285749707903
v -17.13214312280927 4.132142779656819 -3.045714369841984
v -13.056699633598326 4.6892856589385445 -23.183707509722026
v -17.13214312280927 4.132142779656819 -3.045714369841984
v -17.692465697016033 4.6892856589385445 -3.09538762484278
v -13.056699633598326 4.6892856589385445 -23.183707509722026
v -13.056699633598326 4.6892856589385445 -23.183707509722026
v -17.692465697016033 4.6892856589385445 -3.09538762484278
v -13.056699633598326 11.003571439640861 -23.183707509722026
v -17.692465697016033 4.6892856589385445 -3.09538762484278
v -17.692465697016033 11.003571439640861 -3.09538762484278
v -13.056699633598326 11.003571439640861 -23.183707509722026
v -13.056699633598326 11.003571439640861 -23.183707509722026
v -17.692465697016033 11.003571439640861 -3.09538762484278
v -12.563571844782146 11.560714318922587 -22.84285749707903
v -17.692465697016033 11.003571439640861 -3.09538762484278
v -17.13214312280927 11.560714318922587 -3.045714369841984
v -12.563571844782146 11.560714318922587 -22.84285749707903
v -17.13214312280927 4.132142779656819 -3.045714369841984
v -15.99000002656664 4.132142779656819 19.797142573765345
v -17.692465697016033 4.6892856589385445 -3.09538762484278
v -15.99000002656664 4.132142779656819 19.797142573765345
v -16.531217864581514 4.6892856589385445 20.12956653322492
v -17.692465697016033 4.6892856589385445 -3.09538762484278
v -17.692465697016033 4.6892856589385445 -3.09538762484278
v -16.531217864581514 4.6892856589385445 20.12956653322492
v -17.692465697016033 11.003571439640861 -3.09538762484278
v -16.531217864581514 4.6892856589385445 20.12956653322492
v -16.531217864581514 11.003571439640861 20.12956653322492
v -17.692465697016033 11.003571439640861 -3.09538762484278
v -17.692465697016033 11.003571439640861 -3.09538762484278
v -16.531217864581514 11.003571439640861 20.12956653322492
v -17.13214312280927 11.560714318922587 -3.045714369841984
v -16.531217864581514 11.003571439640861 20.12956653322492
v -15.99000002656664 11.560714318922587 19.797142573765345
v -17.13214312280927 11.560714318922587 -3.045714369841984
v -15.99000002656664 4.132142779656819 19.797142573765345
v -7.99500001328332 4.132142779656819 24.36571495873587
v -16.531217864581514 4.6892856589385445 20.12956653322492
v -7.99500001328332 4.132142779656819 24.36571495873587
v -7.911198309489658 4.6892856589385445 25.055289779390606
v -16.531217864581514 4.6892856589385445 20.12956653322492
v -16.531217864581514 4.6892856589385445 20.12956653322492
v -7.911198309489658 4.6892856589385445 25.055289779390606
v -16.531217864581514 11.003571439640861 20.12956653322492
v -7.911198309489658 4.6892856589385445 25.055289779390606
v -7.911198309489658 11.003571439640861 25.055289779390606
v -16.531217864581514 11.003571439640861 20.12956653322492
v -16.531217864581514 11.003571439640861 20.12956653322492
v -7.911198309489658 11.003571439640861 25.055289779390606
v -15.99000002656664 11.560714318922587 19.797142573765345
v -7.911198309489658 11.003571439640861 25.055289779390606
v -7.99500001328332 11.560714318922587 24.36571495873587
v -15.99000002656664 11.560714318922587 19.797142573765345
v -7.99500001328332 4.132142779656819 24.36571495873587
v 0 4.132142779656819 16.75142875739506
v -7.911198309489658 4.6892856589385445 25.055289779390606
v 0 4.132142779656819 16.75142875739506
v 0 4.6892856589385445 17.52081641129085
v -7.911198309489658 4.6892856589385445 25.055289779390606
v -7.911198309489658 4.6892856589385445 25.055289779390606
v 0 4.6892856589385445 17.52081641129085
v -7.911198309489658 11.003571439640861 25.055289779390606
v 0 4.6892856589385445 17.52081641129085
v 0 11.003571439640861 17.52081641129085
v -7.911198309489658 11.003571439640861 25.055289779390606
v -7.911198309489658 11.003571439640861 25.055289779390606
v 0 11.003571439640861 17.52081641129085
v -7.99500001328332 11.560714318922587 24.36571495873587
v 0 11.003571439640861 17.52081641129085
v 0 11.560714318922587 16.75142875739506
v -7.99500001328332 11.560714318922587 24.36571495873587
v 0 4.132142779656819 16.75142875739506
v 7.99500001328332 4.132142779656819 24.36571495873587
v 0 4.6892856589385445 17.52081641129085
v 7.99500001328332 4.132142779656819 24.36571495873587
v 7.911198309489658 4.6892856589385445 25.055289779390606
v 0 4.6892856589385445 17.52081641129085
v 0 4.6892856589385445 17.52081641129085
v 7.911198309489658 4.6892856589385445 25.055289779390606
v 0 11.003571439640861 17.52081641129085
v 7.911198309489658 4.6892856589385445 25.055289779390606
v 7.911198309489658 11.003571439640861 25.055289779390606
v 0 11.003571439640861 17.52081641129085
v 0 11.003571439640861 17.52081641129085
v 7.911198309489658 11.003571439640861 25.055289779390606
v 0 11.560714318922587 16.75142875739506
v 7.911198309489658 11.003571439640861 25.055289779390606
v 7.99500001328332 11.560714318922587 24.36571495873587
v 0 11.560714318922587 16.75142875739506
v 7.99500001328332 4.132142779656819 24.36571495873587
v 15.99000002656664 4.132142779656819 19.797142573765345
v 7.911198309489658 4.6892856589385445 25.055289779390606
v 15.99000002656664 4.132142779656819 19.797142573765345
v 16.531217864581514 4.6892856589385445 20.12956653322492
v 7.911198309489658 4.6892856589385445 25.055289779390606
v 7.911198309489658 4.6892856589385445 25.055289779390606
v 16.531217864581514 4.6892856589385445 20.12956653322492
v 7.911198309489658 11.003571439640861 25.055289779390606
v 16.531217864581514 4.6892856589385445 20.12956653322492
v 16.531217864581514 11.003571439640861 20.12956653322492
v 7.911198309489658 11.003571439640861 25.055289779390606
v 7.911198309489658 11.003571439640861 25.055289779390606
v 16.531217864581514 11.003571439640861 20.12956653322492
v 7.99500001328332 11.560714318922587 24.36571495873587
v 16.531217864581514 11.003571439640861 20.12956653322492
v 15.99000002656664 11.560714318922587 19.797142573765345
v 7.99500001328332 11.560714318922587 24.36571495873587
v 15.99000002656664 4.132142779656819 19.797142573765345
v 17.13214312280927 4.132142779656819 -3.045714369841984
v 16.531217864581514 4.6892856589385445 20.12956653322492
v 17.13214312280927 4.132142779656819 -3.045714369841984
v 17.692465697016033 4.6892856589385445 -3.09538762484278
v 16.531217864581514 4.6892856589385445 20.12956653322492
v 16.531217864581514 4.6892856589385445 20.12956653322492
v 17.692465697016033 4.6892856589385445 -3.09538762484278
v 16.531217864581514 11.003571439640861 20.12956653322492
v 17.692465697016033 4.6892856589385445 -3.09538762484278
v 17.692465697016033 11.003571439640861 -3.09538762484278
v 16.531217864581514 11.003571439640861 20.12956653322492
v 16.531217864581514 11.003571439640861 20.12956653322492
v 17.692465697016033 11.003571439640861 -3.09538762484278
v 15.99000002656664 11.560714318922587 19.797142573765345
v 17.692465697016033 11.003571439640861 -3.09538762484278
v 17.13214312280927 11.560714318922587 -3.045714369841984
v 15.99000002656664 11.560714318922587 19.797142573765345
v 17.13214312280927 4.132142779656819 -3.045714369841984
v 12.563571844782146 4.132142779656819 -22.84285749707903
v 17.692465697016033 4.6892856589385445 -3.09538762484278
v 12.563571844782146 4.132142779656819 -22.84285749707903
v 13.056699633598326 4.6892856589385445 -23.183707509722026
v 17.692465697016033 4.6892856589385445 -3.09538762484278
v 17.692465697016033 4.6892856589385445 -3.09538762484278
v 13.056699633598326 4.6892856589385445 -23.183707509722026
v 17.692465697016033 11.003571439640861 -3.09538762484278
v 13.056699633598326 4.6892856589385445 -23.183707509722026
v 13.056699633598326 11.003571439640861 -23.183707509722026
v 17.692465697016033 11.003571439640861 -3.09538762484278
v 17.692465697016033 11.003571439640861 -3.09538762484278
v 13.056699633598326 11.003571439640861 -23.183707509722026
v 17.13214312280927 11.560714318922587 -3.045714369841984
v 13.056699633598326 11.003571439640861 -23.183707509722026
v 12.563571844782146 11.560714318922587 -22.84285749707903
v 17.13214312280927 11.560714318922587 -3.045714369841984
v 12.563571844782146 4.132142779656819 -22.84285749707903
v 0 4.132142779656819 -31.218571322304857
v 13.056699633598326 4.6892856589385445 -23.183707509722026
v 0 4.132142779656819 -31.218571322304857
v -1.2371056283594225e-16 4.6892856589385445 -31.888174670083178
v 13.056699633598326 4.6892856589385445 -23.183707509722026
v 13.056699633598326 4.6892856589385445 -23.183707509722026
v -1.2371056283594225e-16 4.6892856589385445 -31.888174670083178
v 13.056699633598326 11.003571439640861 -23.183707509722026
v -1.2371056283594225e-16 4.6892856589385445 -31.888174670083178
v -1.2371056283594225e-16 11.003571439640861 -31.888174670083178
v 13.056699633598326 11.003571439640861 -23.183707509722026
v 13.056699633598326 11.003571439640861 -23.183707509722026
v -1.2371056283594225e-16 11.003571439640861 -31.888174670083178
v 12.563571844782146 11.560714318922587 -22.84285749707903
v -1.2371056283594225e-16 11.003571439640861 -31.888174670083178
v 0 11.560714318922587 -31.218571322304857
v 12.563571844782146 11.560714318922587 -22.84285749707903
v 0 4.132142779656819 -31.218571322304857
v -12.563571844782146 4.132142779656819 -22.84285749707903
v -1.2371056283594225e-16 4.6892856589385445 -31.888174670083178
v -12.563571844782146 4.132142779656819 -22.84285749707903
v -13.056699633598326 4.6892856589385445 -23.183707509722026
v -1.2371056283594225e-16 4.6892856589385445 -31.888174670083178
v -1.2371056283594225e-16 4.6892856589385445 -31.888174670083178
v -13.056699633598326 4.6892856589385445 -23.183707509722026
v -1.2371056283594225e-16 11.003571439640861 -31.888174670083178
v -13.056699633598326 4.6892856589385445 -23.183707509722026
v -13.056699633598326 11.003571439640861 -23.183707509722026
v -1.2371056283594225e-16 11.003571439640861 -31.888174670083178
v -1.2371056283594225e-16 11.003571439640861 -31.888174670083178
v -13.056699633598326 11.003571439640861 -23.183707509722026
v 0 11.560714318922587 -31.218571322304857
v -13.056699633598326 11.003571439640861 -23.183707509722026
v -12.563571844782146 11.560714318922587 -22.84285749707903
v 0 11.560714318922587 -31.218571322304857
vt -1.3530000448226929 2.4600000381469727
vt 0 3.361999988555908
vt 1.3530000448226929 2.4600000381469727
vt -1.722000002861023 -2.131999969482422
vt -1.8450000286102295 0.328000009059906
vt -1.3530000448226929 2.4600000381469727
vt 0 -1.8040000200271606
vt -0.8610000014305115 -2.624000072479248
vt -1.722000002861023 -2.131999969482422
vt 1.722000002861023 -2.131999969482422
vt 0.8610000014305115 -2.624000072479248
vt 0 -1.8040000200271606
vt 1.3530000448226929 2.4600000381469727
vt 1.8450000286102295 0.328000009059906
vt 1.722000002861023 -2.131999969482422
vt -1.722000002861023 -2.131999969482422
vt -1.3530000448226929 2.4600000381469727
vt 1.3530000448226929 2.4600000381469727
vt 1.3530000448226929 2.4600000381469727
vt 1.722000002861023 -2.131999969482422
vt 0 -1.8040000200271606
vt 0 -1.8040000200271606
vt -1.722000002861023 -2.131999969482422
vt 1.3530000448226929 2.4600000381469727
vt 1.3530000448226929 2.4600000381469727
vt 0 3.361999988555908
vt -1.3530000448226929 2.4600000381469727
vt -1.3530000448226929 2.4600000381469727
vt -1.8450000286102295 0.328000009059906
vt -1.722000002861023 -2.131999969482422
vt -1.722000002861023 -2.131999969482422
vt -0.8610000014305115 -2.624000072479248
vt 0 -1.8040000200271606
vt 0 -1.8040000200271606
vt 0.8610000014305115 -2.624000072479248
vt 1.722000002861023 -2.131999969482422
vt 1.722000002861023 -2.131999969482422
vt 1.8450000286102295 0.328000009059906
vt 1.3530000448226929 2.4600000381469727
vt 1.3530000448226929 2.4600000381469727
vt -1.3530000448226929 2.4600000381469727
vt -1.722000002861023 -2.131999969482422
vt 0 -1.8040000200271606
vt 1.722000002861023 -2.131999969482422
vt 1.3530000448226929 2.4600000381469727
vt 1.3530000448226929 2.4600000381469727
vt -1.722000002861023 -2.131999969482422
vt 0 -1.8040000200271606
vt 2.4600000381469727 1.059999942779541
vt 0.328000009059906 1.059999942779541
vt 2.496706962585449 1
vt 0.328000009059906 1.059999942779541
vt 0.33334943652153015 1
vt 2.496706962585449 1
vt 2.496706962585449 1
vt 0.33334943652153015 1
vt 2.496706962585449 0.3199999928474426
vt 0.33334943652153015 1
vt 0.33334943652153015 0.3199999928474426
vt 2.496706962585449 0.3199999928474426
vt 2.496706962585449 0.3199999928474426
vt 0.33334943652153015 0.3199999928474426
vt 2.4600000381469727 0.25999999046325684
vt 0.33334943652153015 0.3199999928474426
vt 0.328000009059906 0.25999999046325684
vt 2.4600000381469727 0.25999999046325684
vt 0.328000009059906 1.059999942779541
vt -2.131999969482422 1.059999942779541
vt 0.33334943652153015 1
vt -2.131999969482422 1.059999942779541
vt -2.167799472808838 1
vt 0.33334943652153015 1
vt 0.33334943652153015 1
vt -2.167799472808838 1
vt 0.33334943652153015 0.3199999928474426
vt -2.167799472808838 1
vt -2.167799472808838 0.3199999928474426
vt 0.33334943652153015 0.3199999928474426
vt 0.33334943652153015 0.3199999928474426
vt -2.167799472808838 0.3199999928474426
vt 0.328000009059906 0.25999999046325684
vt -2.167799472808838 0.3199999928474426
vt -2.131999969482422 0.25999999046325684
vt 0.328000009059906 0.25999999046325684
vt -1.722000002861023 1.059999942779541
vt -0.8610000014305115 1.059999942779541
vt -1.7802850008010864 1
vt -0.8610000014305115 1.059999942779541
vt -0.8519752025604248 1
vt -1.7802850008010864 1
vt -1.7802850008010864 1
vt -0.8519752025604248 1
vt -1.7802850008010864 0.3199999928474426
vt -0.8519752025604248 1
vt -0.8519752025604248 0.3199999928474426
vt -1.7802850008010864 0.3199999928474426
vt -1.7802850008010864 0.3199999928474426
vt -0.8519752025604248 0.3199999928474426
vt -1.722000002861023 0.25999999046325684
vt -0.8519752025604248 0.3199999928474426
vt -0.8610000014305115 0.25999999046325684
vt -1.722000002861023 0.25999999046325684
vt -0.8610000014305115 1.059999942779541
vt 0 1.059999942779541
vt -0.8519752025604248 1
vt 0 1.059999942779541
vt 0 1
vt -0.8519752025604248 1
vt -0.8519752025604248 1
vt 0 1
vt -0.8519752025604248 0.3199999928474426
vt 0 1
vt 0 0.3199999928474426
vt -0.8519752025604248 0.3199999928474426
vt -0.8519752025604248 0.3199999928474426
vt 0 0.3199999928474426
vt -0.8610000014305115 0.25999999046325684
vt 0 0.3199999928474426
vt 0 0.25999999046325684
vt -0.8610000014305115 0.25999999046325684
vt 0 1.059999942779541
vt 0.8610000014305115 1.059999942779541
vt 0 1
vt 0.8610000014305115 1.059999942779541
vt 0.8519752025604248 1
vt 0 1
vt 0 1
vt 0.8519752025604248 1
vt 0 0.3199999928474426
vt 0.8519752025604248 1
vt 0.8519752025604248 0.3199999928474426
vt 0 0.3199999928474426
vt 0 0.3199999928474426
vt 0.8519752025604248 0.3199999928474426
vt 0 0.25999999046325684
vt 0.8519752025604248 0.3199999928474426
vt 0.8610000014305115 0.25999999046325684
vt 0 0.25999999046325684
vt 0.8610000014305115 1.059999942779541
vt 1.722000002861023 1.059999942779541
vt 0.8519752025604248 1
vt 1.722000002861023 1.059999942779541
vt 1.7802850008010864 1
vt 0.8519752025604248 1
vt 0.8519752025604248 1
vt 1.7802850008010864 1
vt 0.8519752025604248 0.3199999928474426
vt 1.7802850008010864 1
vt 1.7802850008010864 0.3199999928474426
vt 0.8519752025604248 0.3199999928474426
vt 0.8519752025604248 0.3199999928474426
vt 1.7802850008010864 0.3199999928474426
vt 0.8610000014305115 0.25999999046325684
vt 1.7802850008010864 0.3199999928474426
vt 1.722000002861023 0.25999999046325684
vt 0.8610000014305115 0.25999999046325684
vt -2.131999969482422 1.059999942779541
vt 0.328000009059906 1.059999942779541
vt -2.167799472808838 1
vt 0.328000009059906 1.059999942779541
vt 0.33334943652153015 1
vt -2.167799472808838 1
vt -2.167799472808838 1
vt 0.33334943652153015 1
vt -2.167799472808838 0.3199999928474426
vt 0.33334943652153015 1
vt 0.33334943652153015 0.3199999928474426
vt -2.167799472808838 0.3199999928474426
vt -2.167799472808838 0.3199999928474426
vt 0.33334943652153015 0.3199999928474426
vt -2.131999969482422 0.25999999046325684
vt 0.33334943652153015 0.3199999928474426
vt 0.328000009059906 0.25999999046325684
vt -2.131999969482422 0.25999999046325684
vt 0.328000009059906 1.059999942779541
vt 2.4600000381469727 1.059999942779541
vt 0.33334943652153015 1
vt 2.4600000381469727 1.059999942779541
vt 2.496706962585449 1
vt 0.33334943652153015 1
vt 0.33334943652153015 1
vt 2.496706962585449 1
vt 0.33334943652153015 0.3199999928474426
vt 2.496706962585449 1
vt 2.496706962585449 0.3199999928474426
vt 0.33334943652153015 0.3199999928474426
vt 0.33334943652153015 0.3199999928474426
vt 2.496706962585449 0.3199999928474426
vt 0.328000009059906 0.25999999046325684
vt 2.496706962585449 0.3199999928474426
vt 2.4600000381469727 0.25999999046325684
vt 0.328000009059906 0.25999999046325684
vt 1.3530000448226929 1.059999942779541
vt 0 1.059999942779541
vt 1.4061061143875122 1
vt 0 1.059999942779541
vt -1.3322675997716858e-17 1
vt 1.4061061143875122 1
vt 1.4061061143875122 1
vt -1.3322675997716858e-17 1
vt 1.4061061143875122 0.3199999928474426
vt -1.3322675997716858e-17 1
vt -1.3322675997716858e-17 0.3199999928474426
vt 1.4061061143875122 0.3199999928474426
vt 1.4061061143875122 0.3199999928474426
vt -1.3322675997716858e-17 0.3199999928474426
vt 1.3530000448226929 0.25999999046325684
vt -1.3322675997716858e-17 0.3199999928474426
vt 0 0.25999999046325684
vt 1.3530000448226929 0.25999999046325684
vt 0 1.059999942779541
vt -1.3530000448226929 1.059999942779541
vt -1.3322675997716858e-17 1
vt -1.3530000448226929 1.059999942779541
vt -1.4061061143875122 1
vt -1.3322675997716858e-17 1
vt -1.3322675997716858e-17 1
vt -1.4061061143875122 1
vt -1.3322675997716858e-17 0.3199999928474426
vt -1.4061061143875122 1
vt -1.4061061143875122 0.3199999928474426
vt -1.3322675997716858e-17 0.3199999928474426
vt -1.3322675997716858e-17 0.3199999928474426
vt -1.4061061143875122 0.3199999928474426
vt 0 0.25999999046325684
vt -1.4061061143875122 0.3199999928474426
vt -1.3530000448226929 0.25999999046325684
vt 0 0.25999999046325684
vn 0 -1 -6.12323426292584e-17
vn 0 -1 -6.12323426292584e-17
vn 0 -1 -6.12323426292584e-17
vn 0 -1 -6.12323426292584e-17
vn 0 -1 -6.12323426292584e-17
vn 0 -1 -6.12323426292584e-17
vn 0 -1 -6.12323426292584e-17
vn 0 -1 -6.12323426292584e-17
vn 0 -1 -6.12323426292584e-17
vn 0 -1 -6.12323426292584e-17
vn 0 -1 -6.12323426292584e-17
vn 0 -1 -6.12323426292584e-17
vn 0 -1 -6.12323426292584e-17
vn 0 -1 -6.12323426292584e-17
vn 0 -1 -6.12323426292584e-17
vn 0 -1 -6.12323426292584e-17
vn 0 -1 -6.12323426292584e-17
vn 0 -1 -6.12323426292584e-17
vn 0 -1 -6.12323426292584e-17
vn 0 -1 -6.12323426292584e-17
vn 0 -1 -6.12323426292584e-17
vn 0 -1 -6.12323426292584e-17
vn 0 -1 -6.12323426292584e-17
vn 0 -1 -6.12323426292584e-17
vn 0 1 6.12323426292584e-17
vn 0 1 6.12323426292584e-17
vn 0 1 6.12323426292584e-17
vn 0 1 6.12323426292584e-17
vn 0 1 6.12323426292584e-17
vn 0 1 6.12323426292584e-17
vn 0 1 6.12323426292584e-17
vn 0 1 6.12323426292584e-17
vn 0 1 6.12323426292584e-17
vn 0 1 6.12323426292584e-17
vn 0 1 6.12323426292584e-17
vn 0 1 6.12323426292584e-17
vn 0 1 6.12323426292584e-17
vn 0 1 6.12323426292584e-17
vn 0 1 6.12323426292584e-17
vn 0 1 6.12323426292584e-17
vn 0 1 6.12323426292584e-17
vn 0 1 6.12323426292584e-17
vn 0 1 6.12323426292584e-17
vn 0 1 6.12323426292584e-17
vn 0 1 6.12323426292584e-17
vn 0 1 6.12323426292584e-17
vn 0 1 6.12323426292584e-17
vn 0 1 6.12323426292584e-17
vn -0.6889986975402997 -0.7071067077890425 -0.1589996810924862
vn -0.6889986975402997 -0.7071067077890425 -0.1589996810924862
vn -0.6889986975402997 -0.7071067077890425 -0.1589996810924862
vn -0.6889986388244321 -0.707106768305823 -0.15899966639642743
vn -0.6889986388244321 -0.707106768305823 -0.15899966639642743
vn -0.6889986388244321 -0.707106768305823 -0.15899966639642743
vn -0.9743911972014787 1.3768673235613768e-17 -0.22485950016903627
vn -0.9743911972014787 1.3768673235613768e-17 -0.22485950016903627
vn -0.9743911972014787 1.3768673235613768e-17 -0.22485950016903627
vn -0.9743911972014787 1.3768673235613768e-17 -0.22485950016903627
vn -0.9743911972014787 1.3768673235613768e-17 -0.22485950016903627
vn -0.9743911972014787 1.3768673235613768e-17 -0.22485950016903627
vn -0.6889986959078689 0.7071067061137087 -0.15899969561693256
vn -0.6889986959078689 0.7071067061137087 -0.15899969561693256
vn -0.6889986959078689 0.7071067061137087 -0.15899969561693256
vn -0.6889985784761291 0.7071068271472644 -0.15899966622481396
vn -0.6889985784761291 0.7071068271472644 -0.15899966622481396
vn -0.6889985784761291 0.7071068271472644 -0.15899966622481396
vn -0.706224502413445 -0.707106829971655 0.035311233316310926
vn -0.706224502413445 -0.707106829971655 0.035311233316310926
vn -0.706224502413445 -0.707106829971655 0.035311233316310926
vn -0.7062243833156634 -0.7071069492925921 0.03531122587130572
vn -0.7062243833156634 -0.7071069492925921 0.03531122587130572
vn -0.7062243833156634 -0.7071069492925921 0.03531122587130572
vn -0.9987523385434046 -3.0577975728385073e-18 0.04993762363269265
vn -0.9987523385434046 -3.0577975728385073e-18 0.04993762363269265
vn -0.9987523385434046 -3.0577975728385073e-18 0.04993762363269265
vn -0.9987523385434046 -3.0577975728385073e-18 0.04993762363269265
vn -0.9987523385434046 -3.0577975728385073e-18 0.04993762363269265
vn -0.9987523385434046 -3.0577975728385073e-18 0.04993762363269265
vn -0.706224502506345 0.707106830064671 0.03531122959566562
vn -0.706224502506345 0.707106830064671 0.03531122959566562
vn -0.706224502506345 0.707106830064671 0.03531122959566562
vn -0.706224502506345 0.707106830064671 0.03531122959566562
vn -0.706224502506345 0.707106830064671 0.03531122959566562
vn -0.706224502506345 0.707106830064671 0.03531122959566562
vn -0.35082286172474125 -0.7071075950074914 0.6139398739078481
vn -0.35082286172474125 -0.7071075950074914 0.6139398739078481
vn -0.35082286172474125 -0.7071075950074914 0.6139398739078481
vn -0.3508235188529959 -0.7071058694501385 0.6139414858182864
vn -0.3508235188529959 -0.7071058694501385 0.6139414858182864
vn -0.3508235188529959 -0.7071058694501385 0.6139414858182864
vn -0.49613873936901154 -5.3164564264252694e-17 0.868243255831756
vn -0.49613873936901154 -5.3164564264252694e-17 0.868243255831756
vn -0.49613873936901154 -5.3164564264252694e-17 0.868243255831756
vn -0.49613873936901154 -5.3164564264252694e-17 0.868243255831756
vn -0.49613873936901154 -5.3164564264252694e-17 0.868243255831756
vn -0.49613873936901154 -5.3164564264252694e-17 0.868243255831756
vn -0.3508227482458283 0.7071074873481703 0.6139400627499408
vn -0.3508227482458283 0.7071074873481703 0.6139400627499408
vn -0.3508227482458283 0.7071074873481703 0.6139400627499408
vn -0.3508237703378187 0.7071057765766303 0.6139414490795665
vn -0.3508237703378187 0.7071057765766303 0.6139414490795665
vn -0.3508237703378187 0.7071057765766303 0.6139414490795665
vn 0.4876604256146286 -0.707105976523405 0.5120434036819936
vn 0.4876604256146286 -0.707105976523405 0.5120434036819936
vn 0.4876604256146286 -0.707105976523405 0.5120434036819936
vn 0.487659815358366 -0.7071067739928824 0.5120428836123231
vn 0.487659815358366 -0.7071067739928824 0.5120428836123231
vn 0.487659815358366 -0.7071067739928824 0.5120428836123231
vn 0.6896551322284961 -4.434066315827685e-17 0.7241379693061921
vn 0.6896551322284961 -4.434066315827685e-17 0.7241379693061921
vn 0.6896551322284961 -4.434066315827685e-17 0.7241379693061921
vn 0.6896551322284961 -4.434066315827685e-17 0.7241379693061921
vn 0.6896551322284961 -4.434066315827685e-17 0.7241379693061921
vn 0.6896551322284961 -4.434066315827685e-17 0.7241379693061921
vn 0.4876603425862943 0.7071059857723997 0.5120434699842006
vn 0.4876603425862943 0.7071059857723997 0.5120434699842006
vn 0.4876603425862943 0.7071059857723997 0.5120434699842006
vn 0.4876599267715635 0.7071067030839056 0.5120428754264263
vn 0.4876599267715635 0.7071067030839056 0.5120428754264263
vn 0.4876599267715635 0.7071067030839056 0.5120428754264263
vn -0.4876599040565968 -0.7071067133605687 0.5120428828681494
vn -0.4876599040565968 -0.7071067133605687 0.5120428828681494
vn -0.4876599040565968 -0.7071067133605687 0.5120428828681494
vn -0.4876603425862943 -0.7071059857723997 0.5120434699842006
vn -0.4876603425862943 -0.7071059857723997 0.5120434699842006
vn -0.4876603425862943 -0.7071059857723997 0.5120434699842006
vn -0.6896551322284961 -4.434066315827685e-17 0.7241379693061921
vn -0.6896551322284961 -4.434066315827685e-17 0.7241379693061921
vn -0.6896551322284961 -4.434066315827685e-17 0.7241379693061921
vn -0.6896551322284961 -4.434066315827685e-17 0.7241379693061921
vn -0.6896551322284961 -4.434066315827685e-17 0.7241379693061921
vn -0.6896551322284961 -4.434066315827685e-17 0.7241379693061921
vn -0.487659815358366 0.7071067739928824 0.5120428836123231
vn -0.487659815358366 0.7071067739928824 0.5120428836123231
vn -0.487659815358366 0.7071067739928824 0.5120428836123231
vn -0.4876604461679551 0.7071059467210137 0.5120434252629846
vn -0.4876604461679551 0.7071059467210137 0.5120434252629846
vn -0.4876604461679551 0.7071059467210137 0.5120434252629846
vn 0.3508237555517233 -0.7071058063790365 0.6139414232039058
vn 0.3508237555517233 -0.7071058063790365 0.6139414232039058
vn 0.3508237555517233 -0.7071058063790365 0.6139414232039058
vn 0.3508227221114739 -0.7071074947412143 0.6139400691688883
vn 0.3508227221114739 -0.7071074947412143 0.6139400691688883
vn 0.3508227221114739 -0.7071074947412143 0.6139400691688883
vn 0.49613873936901154 -5.3164564264252694e-17 0.868243255831756
vn 0.49613873936901154 -5.3164564264252694e-17 0.868243255831756
vn 0.49613873936901154 -5.3164564264252694e-17 0.868243255831756
vn 0.49613873936901154 -5.3164564264252694e-17 0.868243255831756
vn 0.49613873936901154 -5.3164564264252694e-17 0.868243255831756
vn 0.49613873936901154 -5.3164564264252694e-17 0.868243255831756
vn 0.350823544987333 0.7071058620570951 0.6139414793993098
vn 0.350823544987333 0.7071058620570951 0.6139414793993098
vn 0.350823544987333 0.7071058620570951 0.6139414793993098
vn 0.3508228765108364 0.707107565205236 0.6139398997835089
vn 0.3508228765108364 0.707107565205236 0.6139398997835089
vn 0.3508228765108364 0.707107565205236 0.6139398997835089
vn 0.7062244428645568 -0.7071068896321261 0.03531122959380845
vn 0.7062244428645568 -0.7071068896321261 0.03531122959380845
vn 0.7062244428645568 -0.7071068896321261 0.03531122959380845
vn 0.706224502506345 -0.707106830064671 0.03531122959566562
vn 0.706224502506345 -0.707106830064671 0.03531122959566562
vn 0.706224502506345 -0.707106830064671 0.03531122959566562
vn 0.9987523385434046 -3.0577975728385073e-18 0.04993762363269265
vn 0.9987523385434046 -3.0577975728385073e-18 0.04993762363269265
vn 0.9987523385434046 -3.0577975728385073e-18 0.04993762363269265
vn 0.9987523385434046 -3.0577975728385073e-18 0.04993762363269265
vn 0.9987523385434046 -3.0577975728385073e-18 0.04993762363269265
vn 0.9987523385434046 -3.0577975728385073e-18 0.04993762363269265
vn 0.7062244429574567 0.7071068897251422 0.03531122587316315
vn 0.7062244429574567 0.7071068897251422 0.03531122587316315
vn 0.7062244429574567 0.7071068897251422 0.03531122587316315
vn 0.7062245620552284 0.7071067704041949 0.035311233318167844
vn 0.7062245620552284 0.7071067704041949 0.035311233318167844
vn 0.7062245620552284 0.7071067704041949 0.035311233318167844
vn 0.6889985784761291 -0.7071068271472644 -0.15899966622481396
vn 0.6889985784761291 -0.7071068271472644 -0.15899966622481396
vn 0.6889985784761291 -0.7071068271472644 -0.15899966622481396
vn 0.6889986959078689 -0.7071067061137087 -0.15899969561693256
vn 0.6889986959078689 -0.7071067061137087 -0.15899969561693256
vn 0.6889986959078689 -0.7071067061137087 -0.15899969561693256
vn 0.9743911972014787 1.3768673235613768e-17 -0.22485950016903627
vn 0.9743911972014787 1.3768673235613768e-17 -0.22485950016903627
vn 0.9743911972014787 1.3768673235613768e-17 -0.22485950016903627
vn 0.9743911972014787 1.3768673235613768e-17 -0.22485950016903627
vn 0.9743911972014787 1.3768673235613768e-17 -0.22485950016903627
vn 0.9743911972014787 1.3768673235613768e-17 -0.22485950016903627
vn 0.6889986058828196 0.7071067956696101 -0.15899968745059634
vn 0.6889986058828196 0.7071067956696101 -0.15899968745059634
vn 0.6889986058828196 0.7071067956696101 -0.15899968745059634
vn 0.6889986959078689 0.7071067061137087 -0.15899969561693256
vn 0.6889986959078689 0.7071067061137087 -0.15899969561693256
vn 0.6889986959078689 0.7071067061137087 -0.15899969561693256
vn 0.39223238843276204 -0.7071065309814433 -0.5883486273526267
vn 0.39223238843276204 -0.7071065309814433 -0.5883486273526267
vn 0.39223238843276204 -0.7071065309814433 -0.5883486273526267
vn 0.3922319970036333 -0.7071072986326282 -0.5883479657031278
vn 0.3922319970036333 -0.7071072986326282 -0.5883479657031278
vn 0.3922319970036333 -0.7071072986326282 -0.5883479657031278
vn 0.5547002512448995 5.0948382886658955e-17 -0.8320502576580607
vn 0.5547002512448995 5.0948382886658955e-17 -0.8320502576580607
vn 0.5547002512448995 5.0948382886658955e-17 -0.8320502576580607
vn 0.5547002512448995 5.0948382886658955e-17 -0.8320502576580607
vn 0.5547002512448995 5.0948382886658955e-17 -0.8320502576580607
vn 0.5547002512448995 5.0948382886658955e-17 -0.8320502576580607
vn 0.3922324553988091 0.7071064846477433 -0.5883486383947293
vn 0.3922324553988091 0.7071064846477433 -0.5883486383947293
vn 0.3922324553988091 0.7071064846477433 -0.5883486383947293
vn 0.392231974562732 0.707107252298993 -0.5883480363499046
vn 0.392231974562732 0.707107252298993 -0.5883480363499046
vn 0.392231974562732 0.707107252298993 -0.5883480363499046
vn -0.39223197178627706 -0.7071073068983055 -0.5883479725805768
vn -0.39223197178627706 -0.7071073068983055 -0.5883479725805768
vn -0.39223197178627706 -0.7071073068983055 -0.5883479725805768
vn -0.39223241365010864 -0.7071065227157666 -0.588348620475163
vn -0.39223241365010864 -0.7071065227157666 -0.588348620475163
vn -0.39223241365010864 -0.7071065227157666 -0.588348620475163
vn -0.5547002512448995 5.0948382886658955e-17 -0.8320502576580607
vn -0.5547002512448995 5.0948382886658955e-17 -0.8320502576580607
vn -0.5547002512448995 5.0948382886658955e-17 -0.8320502576580607
vn -0.5547002512448995 5.0948382886658955e-17 -0.8320502576580607
vn -0.5547002512448995 5.0948382886658955e-17 -0.8320502576580607
vn -0.5547002512448995 5.0948382886658955e-17 -0.8320502576580607
vn -0.3922319997800884 0.7071072440333164 -0.5883480294724549
vn -0.3922319997800884 0.7071072440333164 -0.5883480294724549
vn -0.3922319997800884 0.7071072440333164 -0.5883480294724549
vn -0.39223241642653317 0.707106468116389 -0.5883486842444442
vn -0.39223241642653317 0.707106468116389 -0.5883486842444442
vn -0.39223241642653317 0.707106468116389 -0.5883486842444442
f 229/229/229 230/230/230 231/231/231
f 232/232/232 233/233/233 234/234/234
f 235/235/235 236/236/236 237/237/237
f 238/238/238 239/239/239 240/240/240
f 241/241/241 242/242/242 243/243/243
f 244/244/244 245/245/245 246/246/246
f 247/247/247 248/248/248 249/249/249
f 250/250/250 251/251/251 252/252/252
f 253/253/253 254/254/254 255/255/255
f 256/256/256 257/257/257 258/258/258
f 259/259/259 260/260/260 261/261/261
f 262/262/262 263/263/263 264/264/264
f 265/265/265 266/266/266 267/267/267
f 268/268/268 269/269/269 270/270/270
f 271/271/271 272/272/272 273/273/273
f 274/274/274 275/275/275 276/276/276
f 277/277/277 278/278/278 279/279/279
f 280/280/280 281/281/281 282/282/282
f 283/283/283 284/284/284 285/285/285
f 286/286/286 287/287/287 288/288/288
f 289/289/289 290/290/290 291/291/291
f 292/292/292 293/293/293 294/294/294
f 295/295/295 296/296/296 297/297/297
f 298/298/298 299/299/299 300/300/300
f 301/301/301 302/302/302 303/303/303
f 304/304/304 305/305/305 306/306/306
f 307/307/307 308/308/308 309/309/309
f 310/310/310 311/311/311 312/312/312
f 313/313/313 314/314/314 315/315/315
f 316/316/316 317/317/317 318/318/318
f 319/319/319 320/320/320 321/321/321
f 322/322/322 323/323/323 324/324/324
f 325/325/325 326/326/326 327/327/327
f 328/328/328 329/329/329 330/330/330
f 331/331/331 332/332/332 333/333/333
f 334/334/334 335/335/335 336/336/336
f 337/337/337 338/338/338 339/339/339
f 340/340/340 341/341/341 342/342/342
f 343/343/343 344/344/344 345/345/345
f 346/346/346 347/347/347 348/348/348
f 349/349/349 350/350/350 351/351/351
f 352/352/352 353/353/353 354/354/354
f 355/355/355 356/356/356 357/357/357
f 358/358/358 359/359/359 360/360/360
f 361/361/361 362/362/362 363/363/363
f 364/364/364 365/365/365 366/366/366
f 367/367/367 368/368/368 369/369/369
f 370/370/370 371/371/371 372/372/372
f 373/373/373 374/374/374 375/375/375
f 376/376/376 377/377/377 378/378/378
f 379/379/379 380/380/380 381/381/381
f 382/382/382 383/383/383 384/384/384
f 385/385/385 386/386/386 387/387/387
f 388/388/388 389/389/389 390/390/390
f 391/391/391 392/392/392 393/393/393
f 394/394/394 395/395/395 396/396/396
f 397/397/397 398/398/398 399/399/399
f 400/400/400 401/401/401 402/402/402
f 403/403/403 404/404/404 405/405/405
f 406/406/406 407/407/407 408/408/408
f 409/409/409 410/410/410 411/411/411
f 412/412/412 413/413/413 414/414/414
f 415/415/415 416/416/416 417/417/417
f 418/418/418 419/419/419 420/420/420
f 421/421/421 422/422/422 423/423/423
f 424/424/424 425/425/425 426/426/426
f 427/427/427 428/428/428 429/429/429
f 430/430/430 431/431/431 432/432/432
f 433/433/433 434/434/434 435/435/435
f 436/436/436 437/437/437 438/438/438
f 439/439/439 440/440/440 441/441/441
f 442/442/442 443/443/443 444/444/444
f 445/445/445 446/446/446 447/447/447
f 448/448/448 449/449/449 450/450/450
f 451/451/451 452/452/452 453/453/453
f 454/454/454 455/455/455 456/456/456
o battleship_tower
usemtl plate
v 0.004924493924980716 25.535714285714285 9.296219872610111
v 0.004924493924980716 25.535714285714285 9.275208698818458
v -0.004924493924980716 25.535714285714285 9.275208698818458
v -0.004924493924980716 25.535714285714285 9.296219872610111
v 0.004924493924980716 25.535714285714285 9.296219872610111
v 4.924493432044982 11.607142857142856 19.791300126484458
v 4.924493432044982 11.607142857142856 -1.2198715550558905
v -4.924493432044982 11.607142857142856 -1.2198715550558905
v -4.924493432044982 11.607142857142856 19.791300126484458
v 4.924493432044982 11.607142857142856 19.791300126484458
v 0 25.535714285714285 9.285714285714285
v 0 25.535714285714285 9.285714285714285
v 0 25.535714285714285 9.285714285714285
v 0 25.535714285714285 9.285714285714285
v 0.004924493924980716 25.535714285714285 9.296219872610111
v 0.004924493924980716 25.535714285714285 9.275208698818458
v -0.004924493924980716 25.535714285714285 9.275208698818458
v -0.004924493924980716 25.535714285714285 9.296219872610111
v 0.004924493924980716 25.535714285714285 9.296219872610111
v 0 11.607142857142856 9.285714285714285
v 0 11.607142857142856 9.285714285714285
v 0 11.607142857142856 9.285714285714285
v 0 11.607142857142856 9.285714285714285
v 4.924493432044982 11.607142857142856 19.791300126484458
v 4.924493432044982 11.607142857142856 -1.2198715550558905
v -4.924493432044982 11.607142857142856 -1.2198715550558905
v -4.924493432044982 11.607142857142856 19.791300126484458
v 4.924493432044982 11.607142857142856 19.791300126484458
vt 0 1
vt 0.25 1
vt 0.5 1
vt 0.75 1
vt 1 1
vt 0 0
vt 0.25 0
vt 0.5 0
vt 0.75 0
vt 1 0
vt 0.5 0.5
vt 0.5 0.5
vt 0.5 0.5
vt 0.5 0.5
vt 1 0.5
vt 0.5 1
vt 0 0.5
vt 0.5 0
vt 1 0.5
vt 0.5 0.5
vt 0.5 0.5
vt 0.5 0.5
vt 0.5 0.5
vt 1 0.5
vt 0.5 0
vt 0 0.5
vt 0.5 1
vt 1 0.5
vn 0.7627751631107982 0.5388241271707845 0.35755085025760625
vn 0.7627751631107982 0.5388241271707845 -0.35755085025760625
vn -0.7627751631107982 0.5388241271707845 -0.35755085025760625
vn -0.7627751631107982 0.5388241271707845 0.35755085025760625
vn 0.7627751631107982 0.5388241271707845 0.35755085025760625
vn 0.7627751631107982 0.5388241271707845 0.35755085025760625
vn 0.7627751631107982 0.5388241271707845 -0.35755085025760625
vn -0.7627751631107982 0.5388241271707845 -0.35755085025760625
vn -0.7627751631107982 0.5388241271707845 0.35755085025760625
vn 0.7627751631107982 0.5388241271707845 0.35755085025760625
vn 0 1 0
vn 0 1 0
vn 0 1 0
vn 0 1 0
vn 0 1 0
vn 0 1 0
vn 0 1 0
vn 0 1 0
vn 0 1 0
vn 0 -1 0
vn 0 -1 0
vn 0 -1 0
vn 0 -1 0
vn 0 -1 0
vn 0 -1 0
vn 0 -1 0
vn 0 -1 0
vn 0 -1 0
f 457/457/457 462/462/462 458/458/458
f 462/462/462 463/463/463 458/458/458
f 458/458/458 463/463/463 459/459/459
f 463/463/463 464/464/464 459/459/459
f 459/459/459 464/464/464 460/460/460
f 464/464/464 465/465/465 460/460/460
f 460/460/460 465/465/465 461/461/461
f 465/465/465 466/466/466 461/461/461
f 471/471/471 472/472/472 467/467/467
f 472/472/472 473/473/473 468/468/468
f 473/473/473 474/474/474 469/469/469
f 474/474/474 475/475/475 470/470/470
f 481/481/481 480/480/480 476/476/476
f 482/482/482 481/481/481 477/477/477
f 483/483/483 482/482/482 478/478/478
f 484/484/484 483/483/483 479/479/479
o battleship_command
usemtl glass
v 2.5535714839185983 21.91428568107741 12.07142862677574
v 2.5535714839185983 21.91428568107741 4.642857087509972
v 2.5535714839185983 18.942857176065445 12.07142862677574
v 2.5535714839185983 18.942857176065445 4.642857087509972
v -2.5535714839185983 21.91428568107741 4.642857087509972
v -2.5535714839185983 21.91428568107741 12.07142862677574
v -2.5535714839185983 18.942857176065445 4.642857087509972
v -2.5535714839185983 18.942857176065445 12.07142862677574
v -2.5535714839185983 21.91428568107741 4.642857087509972
v 2.5535714839185983 21.91428568107741 4.642857087509972
v -2.5535714839185983 21.91428568107741 12.07142862677574
v 2.5535714839185983 21.91428568107741 12.07142862677574
v -2.5535714839185983 18.942857176065445 12.07142862677574
v 2.5535714839185983 18.942857176065445 12.07142862677574
v -2.5535714839185983 18.942857176065445 4.642857087509972
v 2.5535714839185983 18.942857176065445 4.642857087509972
v -2.5535714839185983 21.91428568107741 12.07142862677574
v 2.5535714839185983 21.91428568107741 12.07142862677574
v -2.5535714839185983 18.942857176065445 12.07142862677574
v 2.5535714839185983 18.942857176065445 12.07142862677574
v 2.5535714839185983 21.91428568107741 4.642857087509972
v -2.5535714839185983 21.91428568107741 4.642857087509972
v 2.5535714839185983 18.942857176065445 4.642857087509972
v -2.5535714839185983 18.942857176065445 4.642857087509972
vt 0 1
vt 1 1
vt 0 0
vt 1 0
vt 0 1
vt 1 1
vt 0 0
vt 1 0
vt 0 1
vt 1 1
vt 0 0
vt 1 0
vt 0 1
vt 1 1
vt 0 0
vt 1 0
vt 0 1
vt 1 1
vt 0 0
vt 1 0
vt 0 1
vt 1 1
vt 0 0
vt 1 0
vn 1 0 0
vn 1 0 0
vn 1 0 0
vn 1 0 0
vn -1 0 0
vn -1 0 0
vn -1 0 0
vn -1 0 0
vn 0 1 0
vn 0 1 0
vn 0 1 0
vn 0 1 0
vn 0 -1 0
vn 0 -1 0
vn 0 -1 0
vn 0 -1 0
vn 0 0 1
vn 0 0 1
vn 0 0 1
vn 0 0 1
vn 0 0 -1
vn 0 0 -1
vn 0 0 -1
vn 0 0 -1
f 485/485/485 487/487/487 486/486/486
f 487/487/487 488/488/488 486/486/486
f 489/489/489 491/491/491 490/490/490
f 491/491/491 492/492/492 490/490/490
f 493/493/493 495/495/495 494/494/494
f 495/495/495 496/496/496 494/494/494
f 497/497/497 499/499/499 498/498/498
f 499/499/499 500/500/500 498/498/498
f 501/501/501 503/503/503 502/502/502
f 503/503/503 504/504/504 502/502/502
f 505/505/505 507/507/507 506/506/506
f 507/507/507 508/508/508 506/506/506
o battleship_mast
usemtl accent
v 0.5571428446897438 30.178571539265768 10.771428558975458
v 0.5571428446897438 30.178571539265768 9.657142869595969
v 0.5571428446897438 19.96428560359137 10.771428558975458
v 0.5571428446897438 19.96428560359137 9.657142869595969
v -0.5571428446897438 30.178571539265768 9.657142869595969
v -0.5571428446897438 30.178571539265768 10.771428558975458
v -0.5571428446897438 19.96428560359137 9.657142869595969
v -0.5571428446897438 19.96428560359137 10.771428558975458
v -0.5571428446897438 30.178571539265768 9.657142869595969
v 0.5571428446897438 30.178571539265768 9.657142869595969
v -0.5571428446897438 30.178571539265768 10.771428558975458
v 0.5571428446897438 30.178571539265768 10.771428558975458
v -0.5571428446897438 19.96428560359137 10.771428558975458
v 0.5571428446897438 19.96428560359137 10.771428558975458
v -0.5571428446897438 19.96428560359137 9.657142869595969
v 0.5571428446897438 19.96428560359137 9.657142869595969
v -0.5571428446897438 30.178571539265768 10.771428558975458
v 0.5571428446897438 30.178571539265768 10.771428558975458
v -0.5571428446897438 19.96428560359137 10.771428558975458
v 0.5571428446897438 19.96428560359137 10.771428558975458
v 0.5571428446897438 30.178571539265768 9.657142869595969
v -0.5571428446897438 30.178571539265768 9.657142869595969
v 0.5571428446897438 19.96428560359137 9.657142869595969
v -0.5571428446897438 19.96428560359137 9.657142869595969
vt 0 1
vt 1 1
vt 0 0
vt 1 0
vt 0 1
vt 1 1
vt 0 0
vt 1 0
vt 0 1
vt 1 1
vt 0 0
vt 1 0
vt 0 1
vt 1 1
vt 0 0
vt 1 0
vt 0 1
vt 1 1
vt 0 0
vt 1 0
vt 0 1
vt 1 1
vt 0 0
vt 1 0
vn 1 0 0
vn 1 0 0
vn 1 0 0
vn 1 0 0
vn -1 0 0
vn -1 0 0
vn -1 0 0
vn -1 0 0
vn 0 1 0
vn 0 1 0
vn 0 1 0
vn 0 1 0
vn 0 -1 0
vn 0 -1 0
vn 0 -1 0
vn 0 -1 0
vn 0 0 1
vn 0 0 1
vn 0 0 1
vn 0 0 1
vn 0 0 -1
vn 0 0 -1
vn 0 0 -1
vn 0 0 -1
f 509/509/509 511/511/511 510/510/510
f 511/511/511 512/512/512 510/510/510
f 513/513/513 515/515/515 514/514/514
f 515/515/515 516/516/516 514/514/514
f 517/517/517 519/519/519 518/518/518
f 519/519/519 520/520/520 518/518/518
f 521/521/521 523/523/523 522/522/522
f 523/523/523 524/524/524 522/522/522
f 525/525/525 527/527/527 526/526/526
f 527/527/527 528/528/528 526/526/526
f 529/529/529 531/531/531 530/530/530
f 531/531/531 532/532/532 530/530/530
o battleship_turret_0
usemtl plate
v 0 15.042857170530725 -15.22857135108539
v 3.0203562336308614 15.042857170530725 -16.47964376636914
v 4.271428648914609 15.042857170530725 -19.5
v 3.0203562336308614 15.042857170530725 -22.52035623363086
v 5.230991310251548e-16 15.042857170530725 -23.771428648914608
v -3.0203562336308614 15.042857170530725 -22.52035623363086
v -4.271428648914609 15.042857170530725 -19.5
v -3.0203562336308614 15.042857170530725 -16.47964376636914
v -1.0461982620503097e-15 15.042857170530725 -15.22857135108539
v 0 11.328571400897841 -14.671428748539515
v 3.414315730333328 11.328571400897841 -16.08568426966667
v 4.828571251460484 11.328571400897841 -19.5
v 3.414315730333328 11.328571400897841 -22.91431573033333
v 5.913294310901046e-16 11.328571400897841 -24.328571251460485
v -3.414315730333328 11.328571400897841 -22.91431573033333
v -4.828571251460484 11.328571400897841 -19.5
v -3.414315730333328 11.328571400897841 -16.08568426966667
v -1.1826588621802092e-15 11.328571400897841 -14.671428748539515
v 0 15.042857170530725 -19.5
v 0 15.042857170530725 -19.5
v 0 15.042857170530725 -19.5
v 0 15.042857170530725 -19.5
v 0 15.042857170530725 -19.5
v 0 15.042857170530725 -19.5
v 0 15.042857170530725 -19.5
v 0 15.042857170530725 -19.5
v 0 15.042857170530725 -15.22857135108539
v 3.0203562336308614 15.042857170530725 -16.47964376636914
v 4.271428648914609 15.042857170530725 -19.5
v 3.0203562336308614 15.042857170530725 -22.52035623363086
v 5.230991310251548e-16 15.042857170530725 -23.771428648914608
v -3.0203562336308614 15.042857170530725 -22.52035623363086
v -4.271428648914609 15.042857170530725 -19.5
v -3.0203562336308614 15.042857170530725 -16.47964376636914
v -1.0461982620503097e-15 15.042857170530725 -15.22857135108539
v 0 11.328571400897841 -19.5
v 0 11.328571400897841 -19.5
v 0 11.328571400897841 -19.5
v 0 11.328571400897841 -19.5
v 0 11.328571400897841 -19.5
v 0 11.328571400897841 -19.5
v 0 11.328571400897841 -19.5
v 0 11.328571400897841 -19.5
v 0 11.328571400897841 -14.671428748539515
v 3.414315730333328 11.328571400897841 -16.08568426966667
v 4.828571251460484 11.328571400897841 -19.5
v 3.414315730333328 11.328571400897841 -22.91431573033333
v 5.913294310901046e-16 11.328571400897841 -24.328571251460485
v -3.414315730333328 11.328571400897841 -22.91431573033333
v -4.828571251460484 11.328571400897841 -19.5
v -3.414315730333328 11.328571400897841 -16.08568426966667
v -1.1826588621802092e-15 11.328571400897841 -14.671428748539515
vt 0 1
vt 0.125 1
vt 0.25 1
vt 0.375 1
vt 0.5 1
vt 0.625 1
vt 0.75 1
vt 0.875 1
vt 1 1
vt 0 0
vt 0.125 0
vt 0.25 0
vt 0.375 0
vt 0.5 0
vt 0.625 0
vt 0.75 0
vt 0.875 0
vt 1 0
vt 0.5 0.5
vt 0.5 0.5
vt 0.5 0.5
vt 0.5 0.5
vt 0.5 0.5
vt 0.5 0.5
vt 0.5 0.5
vt 0.5 0.5
vt 1 0.5
vt 0.8535534143447876 0.8535534143447876
vt 0.5 1
vt 0.1464466154575348 0.8535534143447876
vt 0 0.5
vt 0.1464466154575348 0.1464466154575348
vt 0.5 0
vt 0.8535534143447876 0.1464466154575348
vt 1 0.5
vt 0.5 0.5
vt 0.5 0.5
vt 0.5 0.5
vt 0.5 0.5
vt 0.5 0.5
vt 0.5 0.5
vt 0.5 0.5
vt 0.5 0.5
vt 1 0.5
vt 0.8535534143447876 0.1464466154575348
vt 0.5 0
vt 0.1464466154575348 0.1464466154575348
vt 0 0.5
vt 0.1464466154575348 0.8535534143447876
vt 0.5 1
vt 0.8535534143447876 0.8535534143447876
vt 1 0.5
vn 0 0.14834044710093958 0.9889363537426933
vn 0.6992836016787434 0.14834044912433375 0.6992836016787434
vn 0.9889363537426933 0.14834044710093958 6.055488765709798e-17
vn 0.6992836016787434 0.14834044912433375 -0.6992836016787434
vn 1.2110977531419595e-16 0.14834044710093958 -0.9889363537426933
vn -0.6992836016787434 0.14834044912433375 -0.6992836016787434
vn -0.9889363537426933 0.14834044710093958 -1.816646629712939e-16
vn -0.6992836016787434 0.14834044912433375 0.6992836016787434
vn -2.422195506283919e-16 0.14834044710093958 0.9889363537426933
vn 0 0.14834044710093958 0.9889363537426933
vn 0.6992836016787434 0.14834044912433375 0.6992836016787434
vn 0.9889363537426933 0.14834044710093958 6.055488765709798e-17
vn 0.6992836016787434 0.14834044912433375 -0.6992836016787434
vn 1.2110977531419595e-16 0.14834044710093958 -0.9889363537426933
vn -0.6992836016787434 0.14834044912433375 -0.6992836016787434
vn -0.9889363537426933 0.14834044710093958 -1.816646629712939e-16
vn -0.6992836016787434 0.14834044912433375 0.6992836016787434
vn -2.422195506283919e-16 0.14834044710093958 0.9889363537426933
vn 0 1 0
vn 0 1 0
vn 0 1 0
vn 0 1 0
vn 0 1 0
vn 0 1 0
vn 0 1 0
vn 0 1 0
vn 0 1 0
vn 0 1 0
vn 0 1 0
vn 0 1 0
vn 0 1 0
vn 0 1 0
vn 0 1 0
vn 0 1 0
vn 0 1 0
vn 0 -1 0
vn 0 -1 0
vn 0 -1 0
vn 0 -1 0
vn 0 -1 0
vn 0 -1 0
vn 0 -1 0
vn 0 -1 0
vn 0 -1 0
vn 0 -1 0
vn 0 -1 0
vn 0 -1 0
vn 0 -1 0
vn 0 -1 0
vn 0 -1 0
vn 0 -1 0
vn 0 -1 0
f 533/533/533 542/542/542 534/534/534
f 542/542/542 543/543/543 534/534/534
f 534/534/534 543/543/543 535/535/535
f 543/543/543 544/544/544 535/535/535
f 535/535/535 544/544/544 536/536/536
f 544/544/544 545/545/545 536/536/536
f 536/536/536 545/545/545 537/537/537
f 545/545/545 546/546/546 537/537/537
f 537/537/537 546/546/546 538/538/538
f 546/546/546 547/547/547 538/538/538
f 538/538/538 547/547/547 539/539/539
f 547/547/547 548/548/548 539/539/539
f 539/539/539 548/548/548 540/540/540
f 548/548/548 549/549/549 540/540/540
f 540/540/540 549/549/549 541/541/541
f 549/549/549 550/550/550 541/541/541
f 559/559/559 560/560/560 551/551/551
f 560/560/560 561/561/561 552/552/552
f 561/561/561 562/562/562 553/553/553
f 562/562/562 563/563/563 554/554/554
f 563/563/563 564/564/564 555/555/555
f 564/564/564 565/565/565 556/556/556
f 565/565/565 566/566/566 557/557/557
f 566/566/566 567/567/567 558/558/558
f 577/577/577 576/576/576 568/568/568
f 578/578/578 577/577/577 569/569/569
f 579/579/579 578/578/578 570/570/570
f 580/580/580 579/579/579 571/571/571
f 581/581/581 580/580/580 572/572/572
f 582/582/582 581/581/581 573/573/573
f 583/583/583 582/582/582 574/574/574
f 584/584/584 583/583/583 575/575/575
o battleship_barrel_0
usemtl plate
v -1.1142857267388275 14.299999987546887 -21.821428460734232
v -1.1142857267388275 14.299999987546887 -36.67857153926577
v -1.1142857267388275 13.185714298167397 -21.821428460734232
v -1.1142857267388275 13.185714298167397 -36.67857153926577
v -2.228571416118315 14.299999987546887 -36.67857153926577
v -2.228571416118315 14.299999987546887 -21.821428460734232
v -2.228571416118315 13.185714298167397 -36.67857153926577
v -2.228571416118315 13.185714298167397 -21.821428460734232
v -2.228571416118315 14.299999987546887 -36.67857153926577
v -1.1142857267388275 14.299999987546887 -36.67857153926577
v -2.228571416118315 14.299999987546887 -21.821428460734232
v -1.1142857267388275 14.299999987546887 -21.821428460734232
v -2.228571416118315 13.185714298167397 -21.821428460734232
v -1.1142857267388275 13.185714298167397 -21.821428460734232
v -2.228571416118315 13.185714298167397 -36.67857153926577
v -1.1142857267388275 13.185714298167397 -36.67857153926577
v -2.228571416118315 14.299999987546887 -21.821428460734232
v -1.1142857267388275 14.299999987546887 -21.821428460734232
v -2.228571416118315 13.185714298167397 -21.821428460734232
v -1.1142857267388275 13.185714298167397 -21.821428460734232
v -1.1142857267388275 14.299999987546887 -36.67857153926577
v -2.228571416118315 14.299999987546887 -36.67857153926577
v -1.1142857267388275 13.185714298167397 -36.67857153926577
v -2.228571416118315 13.185714298167397 -36.67857153926577
vt 0 1
vt 1 1
vt 0 0
vt 1 0
vt 0 1
vt 1 1
vt 0 0
vt 1 0
vt 0 1
vt 1 1
vt 0 0
vt 1 0
vt 0 1
vt 1 1
vt 0 0
vt 1 0
vt 0 1
vt 1 1
vt 0 0
vt 1 0
vt 0 1
vt 1 1
vt 0 0
vt 1 0
vn 1 0 0
vn 1 0 0
vn 1 0 0
vn 1 0 0
vn -1 0 0
vn -1 0 0
vn -1 0 0
vn -1 0 0
vn 0 1 0
vn 0 1 0
vn 0 1 0
vn 0 1 0
vn 0 -1 0
vn 0 -1 0
vn 0 -1 0
vn 0 -1 0
vn 0 0 1
vn 0 0 1
vn 0 0 1
vn 0 0 1
vn 0 0 -1
vn 0 0 -1
vn 0 0 -1
vn 0 0 -1
f 585/585/585 587/587/587 586/586/586
f 587/587/587 588/588/588 586/586/586
f 589/589/589 591/591/591 590/590/590
f 591/591/591 592/592/592 590/590/590
f 593/593/593 595/595/595 594/594/594
f 595/595/595 596/596/596 594/594/594
f 597/597/597 599/599/599 598/598/598
f 599/599/599 600/600/600 598/598/598
f 601/601/601 603/603/603 602/602/602
f 603/603/603 604/604/604 602/602/602
f 605/605/605 607/607/607 606/606/606
f 607/607/607 608/608/608 606/606/606
o battleship_barrel_0
usemtl plate
v 2.228571416118315 14.299999987546887 -21.821428460734232
v 2.228571416118315 14.299999987546887 -36.67857153926577
v 2.228571416118315 13.185714298167397 -21.821428460734232
v 2.228571416118315 13.185714298167397 -36.67857153926577
v 1.1142857267388275 14.299999987546887 -36.67857153926577
v 1.1142857267388275 14.299999987546887 -21.821428460734232
v 1.1142857267388275 13.185714298167397 -36.67857153926577
v 1.1142857267388275 13.185714298167397 -21.821428460734232
v 1.1142857267388275 14.299999987546887 -36.67857153926577
v 2.228571416118315 14.299999987546887 -36.67857153926577
v 1.1142857267388275 14.299999987546887 -21.821428460734232
v 2.228571416118315 14.299999987546887 -21.821428460734232
v 1.1142857267388275 13.185714298167397 -21.821428460734232
v 2.228571416118315 13.185714298167397 -21.821428460734232
v 1.1142857267388275 13.185714298167397 -36.67857153926577
v 2.228571416118315 13.185714298167397 -36.67857153926577
v 1.1142857267388275 14.299999987546887 -21.821428460734232
v 2.228571416118315 14.299999987546887 -21.821428460734232
v 1.1142857267388275 13.185714298167397 -21.821428460734232
v 2.228571416118315 13.185714298167397 -21.821428460734232
v 2.228571416118315 14.299999987546887 -36.67857153926577
v 1.1142857267388275 14.299999987546887 -36.67857153926577
v 2.228571416118315 13.185714298167397 -36.67857153926577
v 1.1142857267388275 13.185714298167397 -36.67857153926577
vt 0 1
vt 1 1
vt 0 0
vt 1 0
vt 0 1
vt 1 1
vt 0 0
vt 1 0
vt 0 1
vt 1 1
vt 0 0
vt 1 0
vt 0 1
vt 1 1
vt 0 0
vt 1 0
vt 0 1
vt 1 1
vt 0 0
vt 1 0
vt 0 1
vt 1 1
vt 0 0
vt 1 0
vn 1 0 0
vn 1 0 0
vn 1 0 0
vn 1 0 0
vn -1 0 0
vn -1 0 0
vn -1 0 0
vn -1 0 0
vn 0 1 0
vn 0 1 0
vn 0 1 0
vn 0 1 0
vn 0 -1 0
vn 0 -1 0
vn 0 -1 0
vn 0 -1 0
vn 0 0 1
vn 0 0 1
vn 0 0 1
vn 0 0 1
vn 0 0 -1
vn 0 0 -1
vn 0 0 -1
vn 0 0 -1
f 609/609/609 611/611/611 610/610/610
f 611/611/611 612/612/612 610/610/610
f 613/613/613 615/615/615 614/614/614
f 615/615/615 616/616/616 614/614/614
f 617/617/617 619/619/619 618/618/618
f 619/619/619 620/620/620 618/618/618
f 621/621/621 623/623/623 622/622/622
f 623/623/623 624/624/624 622/622/622
f 625/625/625 627/627/627 626/626/626
f 627/627/627 628/628/628 626/626/626
f 629/629/629 631/631/631 630/630/630
f 631/631/631 632/632/632 630/630/630
o battleship_turret_1
usemtl plate
v -9.75 15.042857170530725 -0.37142849394253297
v -6.729643766369138 15.042857170530725 -1.622500909226281
v -5.478571351085391 15.042857170530725 -4.642857142857142
v -6.729643766369138 15.042857170530725 -7.663213376488004
v -9.75 15.042857170530725 -8.914285791771752
v -12.770356233630862 15.042857170530725 -7.663213376488004
v -14.02142864891461 15.042857170530725 -4.642857142857143
v -12.770356233630862 15.042857170530725 -1.622500909226281
v -9.750000000000002 15.042857170530725 -0.37142849394253297
v -9.75 11.328571400897841 0.18571410860334137
v -6.335684269666672 11.328571400897841 -1.2285414125238145
v -4.921428748539516 11.328571400897841 -4.642857142857142
v -6.335684269666672 11.328571400897841 -8.05717287319047
v -9.75 11.328571400897841 -9.471428394317627
v -13.164315730333328 11.328571400897841 -8.05717287319047
v -14.578571251460485 11.328571400897841 -4.642857142857143
v -13.164315730333328 11.328571400897841 -1.2285414125238145
v -9.750000000000002 11.328571400897841 0.18571410860334137
v -9.75 15.042857170530725 -4.642857142857142
v -9.75 15.042857170530725 -4.642857142857142
v -9.75 15.042857170530725 -4.642857142857142
v -9.75 15.042857170530725 -4.642857142857142
v -9.75 15.042857170530725 -4.642857142857142
v -9.75 15.042857170530725 -4.642857142857142
v -9.75 15.042857170530725 -4.642857142857142
v -9.75 15.042857170530725 -4.642857142857142
v -9.75 15.042857170530725 -0.37142849394253297
v -6.729643766369138 15.042857170530725 -1.622500909226281
v -5.478571351085391 15.042857170530725 -4.642857142857142
v -6.729643766369138 15.042857170530725 -7.663213376488004
v -9.75 15.042857170530725 -8.914285791771752
v -12.770356233630862 15.042857170530725 -7.663213376488004
v -14.02142864891461 15.042857170530725 -4.642857142857143
v -12.770356233630862 15.042857170530725 -1.622500909226281
v -9.750000000000002 15.042857170530725 -0.37142849394253297
v -9.75 11.328571400897841 -4.642857142857142
v -9.75 11.328571400897841 -4.642857142857142
v -9.75 11.328571400897841 -4.642857142857142
v -9.75 11.328571400897841 -4.642857142857142
v -9.75 11.328571400897841 -4.642857142857142
v -9.75 11.328571400897841 -4.642857142857142
v -9.75 11.328571400897841 -4.642857142857142
v -9.75 11.328571400897841 -4.642857142857142
v -9.75 11.328571400897841 0.18571410860334137
v -6.335684269666672 11.328571400897841 -1.2285414125238145
v -4.921428748539516 11.328571400897841 -4.642857142857142
v -6.335684269666672 11.328571400897841 -8.05717287319047
v -9.75 11.328571400897841 -9.471428394317627
v -13.164315730333328 11.328571400897841 -8.05717287319047
v -14.578571251460485 11.328571400897841 -4.642857142857143
v -13.164315730333328 11.328571400897841 -1.2285414125238145
v -9.750000000000002 11.328571400897841 0.18571410860334137
vt 0 1
vt 0.125 1
vt 0.25 1
vt 0.375 1
vt 0.5 1
vt 0.625 1
vt 0.75 1
vt 0.875 1
vt 1 1
vt 0 0
vt 0.125 0
vt 0.25 0
vt 0.375 0
vt 0.5 0
vt 0.625 0
vt 0.75 0
vt 0.875 0
vt 1 0
vt 0.5 0.5
vt 0.5 0.5
vt 0.5 0.5
vt 0.5 0.5
vt 0.5 0.5
vt 0.5 0.5
vt 0.5 0.5
vt 0.5 0.5
vt 1 0.5
vt 0.8535534143447876 0.8535534143447876
vt 0.5 1
vt 0.1464466154575348 0.8535534143447876
vt 0 0.5
vt 0.1464466154575348 0.1464466154575348
vt 0.5 0
vt 0.8535534143447876 0.1464466154575348
vt 1 0.5
vt 0.5 0.5
vt 0.5 0.5
vt 0.5 0.5
vt 0.5 0.5
vt 0.5 0.5
vt 0.5 0.5
vt 0.5 0.5
vt 0.5 0.5
vt 1 0.5
vt 0.8535534143447876 0.1464466154575348
vt 0.5 0
vt 0.1464466154575348 0.1464466154575348
vt 0 0.5
vt 0.1464466154575348 0.8535534143447876
vt 0.5 1
vt 0.8535534143447876 0.8535534143447876
vt 1 0.5
vn 0 0.14834044710093958 0.9889363537426933
vn 0.6992836016787434 0.14834044912433375 0.6992836016787434
vn 0.9889363537426933 0.14834044710093958 6.055488765709798e-17
vn 0.6992836016787434 0.14834044912433375 -0.6992836016787434
vn 1.2110977531419595e-16 0.14834044710093958 -0.9889363537426933
vn -0.6992836016787434 0.14834044912433375 -0.6992836016787434
vn -0.9889363537426933 0.14834044710093958 -1.816646629712939e-16
vn -0.6992836016787434 0.14834044912433375 0.6992836016787434
vn -2.422195506283919e-16 0.14834044710093958 0.9889363537426933
vn 0 0.14834044710093958 0.9889363537426933
vn 0.6992836016787434 0.14834044912433375 0.6992836016787434
vn 0.9889363537426933 0.14834044710093958 6.055488765709798e-17
vn 0.6992836016787434 0.14834044912433375 -0.6992836016787434
vn 1.2110977531419595e-16 0.14834044710093958 -0.9889363537426933
vn -0.6992836016787434 0.14834044912433375 -0.6992836016787434
vn -0.9889363537426933 0.14834044710093958 -1.816646629712939e-16
vn -0.6992836016787434 0.14834044912433375 0.6992836016787434
vn -2.422195506283919e-16 0.14834044710093958 0.9889363537426933
vn 0 1 0
vn 0 1 0
vn 0 1 0
vn 0 1 0
vn 0 1 0
vn 0 1 0
vn 0 1 0
vn 0 1 0
vn 0 1 0
vn 0 1 0
vn 0 1 0
vn 0 1 0
vn 0 1 0
vn 0 1 0
vn 0 1 0
vn 0 1 0
vn 0 1 0
vn 0 -1 0
vn 0 -1 0
vn 0 -1 0
vn 0 -1 0
vn 0 -1 0
vn 0 -1 0
vn 0 -1 0
vn 0 -1 0
vn 0 -1 0
vn 0 -1 0
vn 0 -1 0
vn 0 -1 0
vn 0 -1 0
vn 0 -1 0
vn 0 -1 0
vn 0 -1 0
vn 0 -1 0
f 633/633/633 642/642/642 634/634/634
f 642/642/642 643/643/643 634/634/634
f 634/634/634 643/643/643 635/635/635
f 643/643/643 644/644/644 635/635/635
f 635/635/635 644/644/644 636/636/636
f 644/644/644 645/645/645 636/636/636
f 636/636/636 645/645/645 637/637/637
f 645/645/645 646/646/646 637/637/637
f 637/637/637 646/646/646 638/638/638
f 646/646/646 647/647/647 638/638/638
f 638/638/638 647/647/647 639/639/639
f 647/647/647 648/648/648 639/639/639
f 639/639/639 648/648/648 640/640/640
f 648/648/648 649/649/649 640/640/640
f 640/640/640 649/649/649 641/641/641
f 649/649/649 650/650/650 641/641/641
f 659/659/659 660/660/660 651/651/651
f 660/660/660 661/661/661 652/652/652
f 661/661/661 662/662/662 653/653/653
f 662/662/662 663/663/663 654/654/654
f 663/663/663 664/664/664 655/655/655
f 664/664/664 665/665/665 656/656/656
f 665/665/665 666/666/666 657/657/657
f 666/666/666 667/667/667 658/658/658
f 677/677/677 676/676/676 668/668/668
f 678/678/678 677/677/677 669/669/669
f 679/679/679 678/678/678 670/670/670
f 680/680/680 679/679/679 671/671/671
f 681/681/681 680/680/680 672/672/672
f 682/682/682 681/681/681 673/673/673
f 683/683/683 682/682/682 674/674/674
f 684/684/684 683/683/683 675/675/675
o battleship_barrel_1
usemtl plate
v -10.864285726738826 14.299999987546887 -6.9642856035913745
v -10.864285726738826 14.299999987546887 -21.82142868212291
v -10.864285726738826 13.185714298167397 -6.9642856035913745
v -10.864285726738826 13.185714298167397 -21.82142868212291
v -11.978571416118315 14.299999987546887 -21.82142868212291
v -11.978571416118315 14.299999987546887 -6.9642856035913745
v -11.978571416118315 13.185714298167397 -21.82142868212291
v -11.978571416118315 13.185714298167397 -6.9642856035913745
v -11.978571416118315 14.299999987546887 -21.82142868212291
v -10.864285726738826 14.299999987546887 -21.82142868212291
v -11.978571416118315 14.299999987546887 -6.9642856035913745
v -10.864285726738826 14.299999987546887 -6.9642856035913745
v -11.978571416118315 13.185714298167397 -6.9642856035913745
v -10.864285726738826 13.185714298167397 -6.9642856035913745
v -11.978571416118315 13.185714298167397 -21.82142868212291
v -10.864285726738826 13.185714298167397 -21.82142868212291
v -11.978571416118315 14.299999987546887 -6.9642856035913745
v -10.864285726738826 14.299999987546887 -6.9642856035913745
v -11.978571416118315 13.185714298167397 -6.9642856035913745
v -10.864285726738826 13.185714298167397 -6.9642856035913745
v -10.864285726738826 14.299999987546887 -21.82142868212291
v -11.978571416118315 14.299999987546887 -21.82142868212291
v -10.864285726738826 13.185714298167397 -21.82142868212291
v -11.978571416118315 13.185714298167397 -21.82142868212291
vt 0 1
vt 1 1
vt 0 0
vt 1 0
vt 0 1
vt 1 1
vt 0 0
vt 1 0
vt 0 1
vt 1 1
vt 0 0
vt 1 0
vt 0 1
vt 1 1
vt 0 0
vt 1 0
vt 0 1
vt 1 1
vt 0 0
vt 1 0
vt 0 1
vt 1 1
vt 0 0
vt 1 0
vn 1 0 0
vn 1 0 0
vn 1 0 0
vn 1 0 0
vn -1 0 0
vn -1 0 0
vn -1 0 0
vn -1 0 0
vn 0 1 0
vn 0 1 0
vn 0 1 0
vn 0 1 0
vn 0 -1 0
vn 0 -1 0
vn 0 -1 0
vn 0 -1 0
vn 0 0 1
vn 0 0 1
vn 0 0 1
vn 0 0 1
vn 0 0 -1
vn 0 0 -1
vn 0 0 -1
vn 0 0 -1
f 685/685/685 687/687/687 686/686/686
f 687/687/687 688/688/688 686/686/686
f 689/689/689 691/691/691 690/690/690
f 691/691/691 692/692/692 690/690/690
f 693/693/693 695/695/695 694/694/694
f 695/695/695 696/696/696 694/694/694
f 697/697/697 699/699/699 698/698/698
f 699/699/699 700/700/700 698/698/698
f 701/701/701 703/703/703 702/702/702
f 703/703/703 704/704/704 702/702/702
f 705/705/705 707/707/707 706/706/706
f 707/707/707 708/708/708 706/706/706
o battleship_barrel_1
usemtl plate
v -7.5214285838816854 14.299999987546887 -6.9642856035913745
v -7.5214285838816854 14.299999987546887 -21.82142868212291
v -7.5214285838816854 13.185714298167397 -6.9642856035913745
v -7.5214285838816854 13.185714298167397 -21.82142868212291
v -8.635714273261174 14.299999987546887 -21.82142868212291
v -8.635714273261174 14.299999987546887 -6.9642856035913745
v -8.635714273261174 13.185714298167397 -21.82142868212291
v -8.635714273261174 13.185714298167397 -6.9642856035913745
v -8.635714273261174 14.299999987546887 -21.82142868212291
v -7.5214285838816854 14.299999987546887 -21.82142868212291
v -8.635714273261174 14.299999987546887 -6.9642856035913745
v -7.5214285838816854 14.299999987546887 -6.9642856035913745
v -8.635714273261174 13.185714298167397 -6.9642856035913745
v -7.5214285838816854 13.185714298167397 -6.9642856035913745
v -8.635714273261174 13.185714298167397 -21.82142868212291
v -7.5214285838816854 13.185714298167397 -21.82142868212291
v -8.635714273261174 14.299999987546887 -6.9642856035913745
v -7.5214285838816854 14.299999987546887 -6.9642856035913745
v -8.635714273261174 13.185714298167397 -6.9642856035913745
v -7.5214285838816854 13.185714298167397 -6.9642856035913745
v -7.5214285838816854 14.299999987546887 -21.82142868212291
v -8.635714273261174 14.299999987546887 -21.82142868212291
v -7.5214285838816854 13.185714298167397 -21.82142868212291
v -8.635714273261174 13.185714298167397 -21.82142868212291
vt 0 1
vt 1 1
vt 0 0
vt 1 0
vt 0 1
vt 1 1
vt 0 0
vt 1 0
vt 0 1
vt 1 1
vt 0 0
vt 1 0
vt 0 1
vt 1 1
vt 0 0
vt 1 0
vt 0 1
vt 1 1
vt 0 0
vt 1 0
vt 0 1
vt 1 1
vt 0 0
vt 1 0
vn 1 0 0
vn 1 0 0
vn 1 0 0
vn 1 0 0
vn -1 0 0
vn -1 0 0
vn -1 0 0
vn -1 0 0
vn 0 1 0
vn 0 1 0
vn 0 1 0
vn 0 1 0
vn 0 -1 0
vn 0 -1 0
vn 0 -1 0
vn 0 -1 0
vn 0 0 1
vn 0 0 1
vn 0 0 1
vn 0 0 1
vn 0 0 -1
vn 0 0 -1
vn 0 0 -1
vn 0 0 -1
f 709/709/709 711/711/711 710/710/710
f 711/711/711 712/712/712 710/710/710
f 713/713/713 715/715/715 714/714/714
f 715/715/715 716/716/716 714/714/714
f 717/717/717 719/719/719 718/718/718
f 719/719/719 720/720/720 718/718/718
f 721/721/721 723/723/723 722/722/722
f 723/723/723 724/724/724 722/722/722
f 725/725/725 727/727/727 726/726/726
f 727/727/727 728/728/728 726/726/726
f 729/729/729 731/731/731 730/730/730
f 731/731/731 732/732/732 730/730/730
o battleship_turret_2
usemtl plate
v 9.75 15.042857170530725 -0.37142849394253297
v 12.770356233630862 15.042857170530725 -1.622500909226281
v 14.02142864891461 15.042857170530725 -4.642857142857142
v 12.770356233630862 15.042857170530725 -7.663213376488004
v 9.75 15.042857170530725 -8.914285791771752
v 6.729643766369138 15.042857170530725 -7.663213376488004
v 5.478571351085391 15.042857170530725 -4.642857142857143
v 6.729643766369138 15.042857170530725 -1.622500909226281
v 9.749999999999998 15.042857170530725 -0.37142849394253297
v 9.75 11.328571400897841 0.18571410860334137
v 13.164315730333328 11.328571400897841 -1.2285414125238145
v 14.578571251460485 11.328571400897841 -4.642857142857142
v 13.164315730333328 11.328571400897841 -8.05717287319047
v 9.75 11.328571400897841 -9.471428394317627
v 6.335684269666672 11.328571400897841 -8.05717287319047
v 4.921428748539516 11.328571400897841 -4.642857142857143
v 6.335684269666672 11.328571400897841 -1.2285414125238145
v 9.749999999999998 11.328571400897841 0.18571410860334137
v 9.75 15.042857170530725 -4.642857142857142
v 9.75 15.042857170530725 -4.642857142857142
v 9.75 15.042857170530725 -4.642857142857142
v 9.75 15.042857170530725 -4.642857142857142
v 9.75 15.042857170530725 -4.642857142857142
v 9.75 15.042857170530725 -4.642857142857142
v 9.75 15.042857170530725 -4.642857142857142
v 9.75 15.042857170530725 -4.642857142857142
v 9.75 15.042857170530725 -0.37142849394253297
v 12.770356233630862 15.042857170530725 -1.622500909226281
v 14.02142864891461 15.042857170530725 -4.642857142857142
v 12.770356233630862 15.042857170530725 -7.663213376488004
v 9.75 15.042857170530725 -8.914285791771752
v 6.729643766369138 15.042857170530725 -7.663213376488004
v 5.478571351085391 15.042857170530725 -4.642857142857143
v 6.729643766369138 15.042857170530725 -1.622500909226281
v 9.749999999999998 15.042857170530725 -0.37142849394253297
v 9.75 11.328571400897841 -4.642857142857142
v 9.75 11.328571400897841 -4.642857142857142
v 9.75 11.328571400897841 -4.642857142857142
v 9.75 11.328571400897841 -4.642857142857142
v 9.75 11.328571400897841 -4.642857142857142
v 9.75 11.328571400897841 -4.642857142857142
v 9.75 11.328571400897841 -4.642857142857142
v 9.75 11.328571400897841 -4.642857142857142
v 9.75 11.328571400897841 0.18571410860334137
v 13.164315730333328 11.328571400897841 -1.2285414125238145
v 14.578571251460485 11.328571400897841 -4.642857142857142
v 13.164315730333328 11.328571400897841 -8.05717287319047
v 9.75 11.328571400897841 -9.471428394317627
v 6.335684269666672 11.328571400897841 -8.05717287319047
v 4.921428748539516 11.328571400897841 -4.642857142857143
v 6.335684269666672 11.328571400897841 -1.2285414125238145
v 9.749999999999998 11.328571400897841 0.18571410860334137
vt 0 1
vt 0.125 1
vt 0.25 1
vt 0.375 1
vt 0.5 1
vt 0.625 1
vt 0.75 1
vt 0.875 1
vt 1 1
vt 0 0
vt 0.125 0
vt 0.25 0
vt 0.375 0
vt 0.5 0
vt 0.625 0
vt 0.75 0
vt 0.875 0
vt 1 0
vt 0.5 0.5
vt 0.5 0.5
vt 0.5 0.5
vt 0.5 0.5
vt 0.5 0.5
vt 0.5 0.5
vt 0.5 0.5
vt 0.5 0.5
vt 1 0.5
vt 0.8535534143447876 0.8535534143447876
vt 0.5 1
vt 0.1464466154575348 0.8535534143447876
vt 0 0.5
vt 0.1464466154575348 0.1464466154575348
vt 0.5 0
vt 0.8535534143447876 0.1464466154575348
vt 1 0.5
vt 0.5 0.5
vt 0.5 0.5
vt 0.5 0.5
vt 0.5 0.5
vt 0.5 0.5
vt 0.5 0.5
vt 0.5 0.5
vt 0.5 0.5
vt 1 0.5
vt 0.8535534143447876 0.1464466154575348
vt 0.5 0
vt 0.1464466154575348 0.1464466154575348
vt 0 0.5
vt 0.1464466154575348 0.8535534143447876
vt 0.5 1
vt 0.8535534143447876 0.8535534143447876
vt 1 0.5
vn 0 0.14834044710093958 0.9889363537426933
vn 0.6992836016787434 0.14834044912433375 0.6992836016787434
vn 0.9889363537426933 0.14834044710093958 6.055488765709798e-17
vn 0.6992836016787434 0.14834044912433375 -0.6992836016787434
vn 1.2110977531419595e-16 0.14834044710093958 -0.9889363537426933
vn -0.6992836016787434 0.14834044912433375 -0.6992836016787434
vn -0.9889363537426933 0.14834044710093958 -1.816646629712939e-16
vn -0.6992836016787434 0.14834044912433375 0.6992836016787434
vn -2.422195506283919e-16 0.14834044710093958 0.9889363537426933
vn 0 0.14834044710093958 0.9889363537426933
vn 0.6992836016787434 0.14834044912433375 0.6992836016787434
vn 0.9889363537426933 0.14834044710093958 6.055488765709798e-17
vn 0.6992836016787434 0.14834044912433375 -0.6992836016787434
vn 1.2110977531419595e-16 0.14834044710093958 -0.9889363537426933
vn -0.6992836016787434 0.14834044912433375 -0.6992836016787434
vn -0.9889363537426933 0.14834044710093958 -1.816646629712939e-16
vn -0.6992836016787434 0.14834044912433375 0.6992836016787434
vn -2.422195506283919e-16 0.14834044710093958 0.9889363537426933
vn 0 1 0
vn 0 1 0
vn 0 1 0
vn 0 1 0
vn 0 1 0
vn 0 1 0
vn 0 1 0
vn 0 1 0
vn 0 1 0
vn 0 1 0
vn 0 1 0
vn 0 1 0
vn 0 1 0
vn 0 1 0
vn 0 1 0
vn 0 1 0
vn 0 1 0
vn 0 -1 0
vn 0 -1 0
vn 0 -1 0
vn 0 -1 0
vn 0 -1 0
vn 0 -1 0
vn 0 -1 0
vn 0 -1 0
vn 0 -1 0
vn 0 -1 0
vn 0 -1 0
vn 0 -1 0
vn 0 -1 0
vn 0 -1 0
vn 0 -1 0
vn 0 -1 0
vn 0 -1 0
f 733/733/733 742/742/742 734/734/734
f 742/742/742 743/743/743 734/734/734
f 734/734/734 743/743/743 735/735/735
f 743/743/743 744/744/744 735/735/735
f 735/735/735 744/744/744 736/736/736
f 744/744/744 745/745/745 736/736/736
f 736/736/736 745/745/745 737/737/737
f 745/745/745 746/746/746 737/737/737
f 737/737/737 746/746/746 738/738/738
f 746/746/746 747/747/747 738/738/738
f 738/738/738 747/747/747 739/739/739
f 747/747/747 748/748/748 739/739/739
f 739/739/739 748/748/748 740/740/740
f 748/748/748 749/749/749 740/740/740
f 740/740/740 749/749/749 741/741/741
f 749/749/749 750/750/750 741/741/741
f 759/759/759 760/760/760 751/751/751
f 760/760/760 761/761/761 752/752/752
f 761/761/761 762/762/762 753/753/753
f 762/762/762 763/763/763 754/754/754
f 763/763/763 764/764/764 755/755/755
f 764/764/764 765/765/765 756/756/756
f 765/765/765 766/766/766 757/757/757
f 766/766/766 767/767/767 758/758/758
f 777/777/777 776/776/776 768/768/768
f 778/778/778 777/777/777 769/769/769
f 779/779/779 778/778/778 770/770/770
f 780/780/780 779/779/779 771/771/771
f 781/781/781 780/780/780 772/772/772
f 782/782/782 781/781/781 773/773/773
f 783/783/783 782/782/782 774/774/774
f 784/784/784 783/783/783 775/775/775
o battleship_barrel_2
usemtl plate
v 8.635714273261174 14.299999987546887 -6.9642856035913745
v 8.635714273261174 14.299999987546887 -21.82142868212291
v 8.635714273261174 13.185714298167397 -6.9642856035913745
v 8.635714273261174 13.185714298167397 -21.82142868212291
v 7.5214285838816854 14.299999987546887 -21.82142868212291
v 7.5214285838816854 14.299999987546887 -6.9642856035913745
v 7.5214285838816854 13.185714298167397 -21.82142868212291
v 7.5214285838816854 13.185714298167397 -6.9642856035913745
v 7.5214285838816854 14.299999987546887 -21.82142868212291
v 8.635714273261174 14.299999987546887 -21.82142868212291
v 7.5214285838816854 14.299999987546887 -6.9642856035913745
v 8.635714273261174 14.299999987546887 -6.9642856035913745
v 7.5214285838816854 13.185714298167397 -6.9642856035913745
v 8.635714273261174 13.185714298167397 -6.9642856035913745
v 7.5214285838816854 13.185714298167397 -21.82142868212291
v 8.635714273261174 13.185714298167397 -21.82142868212291
v 7.5214285838816854 14.299999987546887 -6.9642856035913745
v 8.635714273261174 14.299999987546887 -6.9642856035913745
v 7.5214285838816854 13.185714298167397 -6.9642856035913745
v 8.635714273261174 13.185714298167397 -6.9642856035913745
v 8.635714273261174 14.299999987546887 -21.82142868212291
v 7.5214285838816854 14.299999987546887 -21.82142868212291
v 8.635714273261174 13.185714298167397 -21.82142868212291
v 7.5214285838816854 13.185714298167397 -21.82142868212291
vt 0 1
vt 1 1
vt 0 0
vt 1 0
vt 0 1
vt 1 1
vt 0 0
vt 1 0
vt 0 1
vt 1 1
vt 0 0
vt 1 0
vt 0 1
vt 1 1
vt 0 0
vt 1 0
vt 0 1
vt 1 1
vt 0 0
vt 1 0
vt 0 1
vt 1 1
vt 0 0
vt 1 0
vn 1 0 0
vn 1 0 0
vn 1 0 0
vn 1 0 0
vn -1 0 0
vn -1 0 0
vn -1 0 0
vn -1 0 0
vn 0 1 0
vn 0 1 0
vn 0 1 0
vn 0 1 0
vn 0 -1 0
vn 0 -1 0
vn 0 -1 0
vn 0 -1 0
vn 0 0 1
vn 0 0 1
vn 0 0 1
vn 0 0 1
vn 0 0 -1
vn 0 0 -1
vn 0 0 -1
vn 0 0 -1
f 785/785/785 787/787/787 786/786/786
f 787/787/787 788/788/788 786/786/786
f 789/789/789 791/791/791 790/790/790
f 791/791/791 792/792/792 790/790/790
f 793/793/793 795/795/795 794/794/794
f 795/795/795 796/796/796 794/794/794
f 797/797/797 799/799/799 798/798/798
f 799/799/799 800/800/800 798/798/798
f 801/801/801 803/803/803 802/802/802
f 803/803/803 804/804/804 802/802/802
f 805/805/805 807/807/807 806/806/806
f 807/807/807 808/808/808 806/806/806
o battleship_barrel_2
usemtl plate
v 11.978571416118315 14.299999987546887 -6.9642856035913745
v 11.978571416118315 14.299999987546887 -21.82142868212291
v 11.978571416118315 13.185714298167397 -6.9642856035913745
v 11.978571416118315 13.185714298167397 -21.82142868212291
v 10.864285726738826 14.299999987546887 -21.82142868212291
v 10.864285726738826 14.299999987546887 -6.9642856035913745
v 10.864285726738826 13.185714298167397 -21.82142868212291
v 10.864285726738826 13.185714298167397 -6.9642856035913745
v 10.864285726738826 14.299999987546887 -21.82142868212291
v 11.978571416118315 14.299999987546887 -21.82142868212291
v 10.864285726738826 14.299999987546887 -6.9642856035913745
v 11.978571416118315 14.299999987546887 -6.9642856035913745
v 10.864285726738826 13.185714298167397 -6.9642856035913745
v 11.978571416118315 13.185714298167397 -6.9642856035913745
v 10.864285726738826 13.185714298167397 -21.82142868212291
v 11.978571416118315 13.185714298167397 -21.82142868212291
v 10.864285726738826 14.299999987546887 -6.9642856035913745
v 11.978571416118315 14.299999987546887 -6.9642856035913745
v 10.864285726738826 13.185714298167397 -6.9642856035913745
v 11.978571416118315 13.185714298167397 -6.9642856035913745
v 11.978571416118315 14.299999987546887 -21.82142868212291
v 10.864285726738826 14.299999987546887 -21.82142868212291
v 11.978571416118315 13.185714298167397 -21.82142868212291
v 10.864285726738826 13.185714298167397 -21.82142868212291
vt 0 1
vt 1 1
vt 0 0
vt 1 0
vt 0 1
vt 1 1
vt 0 0
vt 1 0
vt 0 1
vt 1 1
vt 0 0
vt 1 0
vt 0 1
vt 1 1
vt 0 0
vt 1 0
vt 0 1
vt 1 1
vt 0 0
vt 1 0
vt 0 1
vt 1 1
vt 0 0
vt 1 0
vn 1 0 0
vn 1 0 0
vn 1 0 0
vn 1 0 0
vn -1 0 0
vn -1 0 0
vn -1 0 0
vn -1 0 0
vn 0 1 0
vn 0 1 0
vn 0 1 0
vn 0 1 0
vn 0 -1 0
vn 0 -1 0
vn 0 -1 0
vn 0 -1 0
vn 0 0 1
vn 0 0 1
vn 0 0 1
vn 0 0 1
vn 0 0 -1
vn 0 0 -1
vn 0 0 -1
vn 0 0 -1
f 809/809/809 811/811/811 810/810/810
f 811/811/811 812/812/812 810/810/810
f 813/813/813 815/815/815 814/814/814
f 815/815/815 816/816/816 814/814/814
f 817/817/817 819/819/819 818/818/818
f 819/819/819 820/820/820 818/818/818
f 821/821/821 823/823/823 822/822/822
f 823/823/823 824/824/824 822/822/822
f 825/825/825 827/827/827 826/826/826
f 827/827/827 828/828/828 826/826/826
f 829/829/829 831/831/831 830/830/830
f 831/831/831 832/832/832 830/830/830
o battleship_engine_o_nacelle
usemtl plate
v -13.928571428571427 -3.6214285492897007 40.857142857142854
v -11.039535211665289 -2.4247505026204217 40.85714285714285
v -9.84285716499601 0.4642857142857161 40.85714285714285
v -11.039535211665289 3.353321931191855 40.85714285714285
v -13.928571428571427 4.549999977861133 40.85714285714285
v -16.817607645477565 3.353321931191855 40.85714285714285
v -18.014285692146842 0.4642857142857171 40.85714285714285
v -16.817607645477565 -2.4247505026204217 40.85714285714285
v -13.928571428571429 -3.6214285492897007 40.857142857142854
v -13.928571428571427 -3.0494285523891467 22.28571428571428
v -11.444000154733656 -2.0202855595520584 22.28571428571428
v -10.414857161896569 0.46428571428571197 22.28571428571428
v -11.444000154733656 2.9488569881234827 22.28571428571428
v -13.928571428571427 3.977999980960571 22.28571428571428
v -16.413142702409196 2.9488569881234827 22.28571428571428
v -17.442285695246287 0.4642857142857128 22.28571428571428
v -16.413142702409196 -2.0202855595520584 22.28571428571428
v -13.928571428571427 -3.0494285523891467 22.28571428571428
v -13.928571428571427 0.4642857142857163 40.85714285714285
v -13.928571428571427 0.4642857142857163 40.85714285714285
v -13.928571428571427 0.4642857142857163 40.85714285714285
v -13.928571428571427 0.4642857142857163 40.85714285714285
v -13.928571428571427 0.4642857142857163 40.85714285714285
v -13.928571428571427 0.4642857142857163 40.85714285714285
v -13.928571428571427 0.4642857142857163 40.85714285714285
v -13.928571428571427 0.4642857142857163 40.85714285714285
v -13.928571428571427 -3.6214285492897007 40.857142857142854
v -11.039535211665289 -2.4247505026204217 40.85714285714285
v -9.84285716499601 0.4642857142857161 40.85714285714285
v -11.039535211665289 3.353321931191855 40.85714285714285
v -13.928571428571427 4.549999977861133 40.85714285714285
v -16.817607645477565 3.353321931191855 40.85714285714285
v -18.014285692146842 0.4642857142857171 40.85714285714285
v -16.817607645477565 -2.4247505026204217 40.85714285714285
v -13.928571428571429 -3.6214285492897007 40.857142857142854
v -13.928571428571427 0.4642857142857122 22.28571428571428
v -13.928571428571427 0.4642857142857122 22.28571428571428
v -13.928571428571427 0.4642857142857122 22.28571428571428
v -13.928571428571427 0.4642857142857122 22.28571428571428
v -13.928571428571427 0.4642857142857122 22.28571428571428
v -13.928571428571427 0.4642857142857122 22.28571428571428
v -13.928571428571427 0.4642857142857122 22.28571428571428
v -13.928571428571427 0.4642857142857122 22.28571428571428
v -13.928571428571427 -3.0494285523891467 22.28571428571428
v -11.444000154733656 -2.0202855595520584 22.28571428571428
v -10.414857161896569 0.46428571428571197 22.28571428571428
v -11.444000154733656 2.9488569881234827 22.28571428571428
v -13.928571428571427 3.977999980960571 22.28571428571428
v -16.413142702409196 2.9488569881234827 22.28571428571428
v -17.442285695246287 0.4642857142857128 22.28571428571428
v -16.413142702409196 -2.0202855595520584 22.28571428571428
v -13.928571428571427 -3.0494285523891467 22.28571428571428
vt 0 1
vt 0.125 1
vt 0.25 1
vt 0.375 1
vt 0.5 1
vt 0.625 1
vt 0.75 1
vt 0.875 1
vt 1 1
vt 0 0
vt 0.125 0
vt 0.25 0
vt 0.375 0
vt 0.5 0
vt 0.625 0
vt 0.75 0
vt 0.875 0
vt 1 0
vt 0.5 0.5
vt 0.5 0.5
vt 0.5 0.5
vt 0.5 0.5
vt 0.5 0.5
vt 0.5 0.5
vt 0.5 0.5
vt 0.5 0.5
vt 1 0.5
vt 0.8535534143447876 0.8535534143447876
vt 0.5 1
vt 0.1464466154575348 0.8535534143447876
vt 0 0.5
vt 0.1464466154575348 0.1464466154575348
vt 0.5 0
vt 0.8535534143447876 0.1464466154575348
vt 1 0.5
vt 0.5 0.5
vt 0.5 0.5
vt 0.5 0.5
vt 0.5 0.5
vt 0.5 0.5
vt 0.5 0.5
vt 0.5 0.5
vt 0.5 0.5
vt 1 0.5
vt 0.8535534143447876 0.1464466154575348
vt 0.5 0
vt 0.1464466154575348 0.1464466154575348
vt 0 0.5
vt 0.1464466154575348 0.8535534143447876
vt 0.5 1
vt 0.8535534143447876 0.8535534143447876
vt 1 0.5
vn 0 -0.9995260172369316 -0.030785400216290424
vn 0.7067716247442395 -0.7067716247442395 -0.03078540096824815
vn 0.9995260172369316 -6.803905013857376e-17 -0.030785400216290643
vn 0.7067716247442395 0.7067716247442395 -0.030785400968248465
vn 1.2240663622017705e-16 0.9995260172369316 -0.030785400216290865
vn -0.7067716247442395 0.7067716247442395 -0.030785400968248465
vn -0.9995260172369316 1.767742223017804e-16 -0.030785400216290643
vn -0.7067716247442395 -0.7067716247442395 -0.03078540096824815
vn -2.448132724403541e-16 -0.9995260172369316 -0.030785400216290424
vn 0 -0.9995260172369316 -0.030785400216290424
vn 0.7067716247442395 -0.7067716247442395 -0.03078540096824815
vn 0.9995260172369316 -6.803905013857376e-17 -0.030785400216290643
vn 0.7067716247442395 0.7067716247442395 -0.030785400968248465
vn 1.2240663622017705e-16 0.9995260172369316 -0.030785400216290865
vn -0.7067716247442395 0.7067716247442395 -0.030785400968248465
vn -0.9995260172369316 1.767742223017804e-16 -0.030785400216290643
vn -0.7067716247442395 -0.7067716247442395 -0.03078540096824815
vn -2.448132724403541e-16 -0.9995260172369316 -0.030785400216290424
vn 0 2.220446049250313e-16 1
vn 0 2.220446049250313e-16 1
vn 0 2.220446049250313e-16 1
vn 0 2.220446049250313e-16 1
vn 0 2.220446049250313e-16 1
vn 0 2.220446049250313e-16 1
vn 0 2.220446049250313e-16 1
vn 0 2.220446049250313e-16 1
vn 0 2.220446049250313e-16 1
vn 0 2.220446049250313e-16 1
vn 0 2.220446049250313e-16 1
vn 0 2.220446049250313e-16 1
vn 0 2.220446049250313e-16 1
vn 0 2.220446049250313e-16 1
vn 0 2.220446049250313e-16 1
vn 0 2.220446049250313e-16 1
vn 0 2.220446049250313e-16 1
vn 0 -2.220446049250313e-16 -1
vn 0 -2.220446049250313e-16 -1
vn 0 -2.220446049250313e-16 -1
vn 0 -2.220446049250313e-16 -1
vn 0 -2.220446049250313e-16 -1
vn 0 -2.220446049250313e-16 -1
vn 0 -2.220446049250313e-16 -1
vn 0 -2.220446049250313e-16 -1
vn 0 -2.220446049250313e-16 -1
vn 0 -2.220446049250313e-16 -1
vn 0 -2.220446049250313e-16 -1
vn 0 -2.220446049250313e-16 -1
vn 0 -2.220446049250313e-16 -1
vn 0 -2.220446049250313e-16 -1
vn 0 -2.220446049250313e-16 -1
vn 0 -2.220446049250313e-16 -1
vn 0 -2.220446049250313e-16 -1
f 833/833/833 842/842/842 834/834/834
f 842/842/842 843/843/843 834/834/834
f 834/834/834 843/843/843 835/835/835
f 843/843/843 844/844/844 835/835/835
f 835/835/835 844/844/844 836/836/836
f 844/844/844 845/845/845 836/836/836
f 836/836/836 845/845/845 837/837/837
f 845/845/845 846/846/846 837/837/837
f 837/837/837 846/846/846 838/838/838
f 846/846/846 847/847/847 838/838/838
f 838/838/838 847/847/847 839/839/839
f 847/847/847 848/848/848 839/839/839
f 839/839/839 848/848/848 840/840/840
f 848/848/848 849/849/849 840/840/840
f 840/840/840 849/849/849 841/841/841
f 849/849/849 850/850/850 841/841/841
f 859/859/859 860/860/860 851/851/851
f 860/860/860 861/861/861 852/852/852
f 861/861/861 862/862/862 853/853/853
f 862/862/862 863/863/863 854/854/854
f 863/863/863 864/864/864 855/855/855
f 864/864/864 865/865/865 856/856/856
f 865/865/865 866/866/866 857/857/857
f 866/866/866 867/867/867 858/858/858
f 877/877/877 876/876/876 868/868/868
f 878/878/878 877/877/877 869/869/869
f 879/879/879 878/878/878 870/870/870
f 880/880/880 879/879/879 871/871/871
f 881/881/881 880/880/880 872/872/872
f 882/882/882 881/881/881 873/873/873
f 883/883/883 882/882/882 874/874/874
f 884/884/884 883/883/883 875/875/875
o battleship_engine_o_bell
usemtl thruster
v -13.928571428571427 -2.477428555488586 41.78571429263268
v -11.848465374537875 -1.6158203397478375 41.78571429263268
v -10.986857158797127 0.4642857142857142 41.78571429263268
v -11.848465374537875 2.544391768319266 41.785714292632676
v -13.928571428571427 3.405999984060015 41.785714292632676
v -16.00867748260498 2.544391768319266 41.785714292632676
v -16.87028569834573 0.4642857142857149 41.78571429263268
v -16.00867748260498 -1.6158203397478375 41.78571429263268
v -13.928571428571427 -2.477428555488586 41.78571429263268
v -13.928571428571427 -2.477428555488586 40.85714285022446
v -11.848465374537875 -1.6158203397478375 40.85714285022446
v -10.986857158797127 0.46428571428571397 40.857142850224456
v -11.848465374537875 2.544391768319266 40.857142850224456
v -13.928571428571427 3.405999984060015 40.857142850224456
v -16.00867748260498 2.544391768319266 40.857142850224456
v -16.87028569834573 0.4642857142857147 40.857142850224456
v -16.00867748260498 -1.6158203397478375 40.85714285022446
v -13.928571428571427 -2.477428555488586 40.85714285022446
v -13.928571428571427 0.46428571428571436 41.78571429263268
v -13.928571428571427 0.46428571428571436 41.78571429263268
v -13.928571428571427 0.46428571428571436 41.78571429263268
v -13.928571428571427 0.46428571428571436 41.78571429263268
v -13.928571428571427 0.46428571428571436 41.78571429263268
v -13.928571428571427 0.46428571428571436 41.78571429263268
v -13.928571428571427 0.46428571428571436 41.78571429263268
v -13.928571428571427 0.46428571428571436 41.78571429263268
v -13.928571428571427 -2.477428555488586 41.78571429263268
v -11.848465374537875 -1.6158203397478375 41.78571429263268
v -10.986857158797127 0.4642857142857142 41.78571429263268
v -11.848465374537875 2.544391768319266 41.785714292632676
v -13.928571428571427 3.405999984060015 41.785714292632676
v -16.00867748260498 2.544391768319266 41.785714292632676
v -16.87028569834573 0.4642857142857149 41.78571429263268
v -16.00867748260498 -1.6158203397478375 41.78571429263268
v -13.928571428571427 -2.477428555488586 41.78571429263268
v -13.928571428571427 0.46428571428571414 40.857142850224456
v -13.928571428571427 0.46428571428571414 40.857142850224456
v -13.928571428571427 0.46428571428571414 40.857142850224456
v -13.928571428571427 0.46428571428571414 40.857142850224456
v -13.928571428571427 0.46428571428571414 40.857142850224456
v -13.928571428571427 0.46428571428571414 40.857142850224456
v -13.928571428571427 0.46428571428571414 40.857142850224456
v -13.928571428571427 0.46428571428571414 40.857142850224456
v -13.928571428571427 -2.477428555488586 40.85714285022446
v -11.848465374537875 -1.6158203397478375 40.85714285022446
v -10.986857158797127 0.46428571428571397 40.857142850224456
v -11.848465374537875 2.544391768319266 40.857142850224456
v -13.928571428571427 3.405999984060015 40.857142850224456
v -16.00867748260498 2.544391768319266 40.857142850224456
v -16.87028569834573 0.4642857142857147 40.857142850224456
v -16.00867748260498 -1.6158203397478375 40.85714285022446
v -13.928571428571427 -2.477428555488586 40.85714285022446
vt 0 1
vt 0.125 1
vt 0.25 1
vt 0.375 1
vt 0.5 1
vt 0.625 1
vt 0.75 1
vt 0.875 1
vt 1 1
vt 0 0
vt 0.125 0
vt 0.25 0
vt 0.375 0
vt 0.5 0
vt 0.625 0
vt 0.75 0
vt 0.875 0
vt 1 0
vt 0.5 0.5
vt 0.5 0.5
vt 0.5 0.5
vt 0.5 0.5
vt 0.5 0.5
vt 0.5 0.5
vt 0.5 0.5
vt 0.5 0.5
vt 1 0.5
vt 0.8535534143447876 0.8535534143447876
vt 0.5 1
vt 0.1464466154575348 0.8535534143447876
vt 0 0.5
vt 0.1464466154575348 0.1464466154575348
vt 0.5 0
vt 0.8535534143447876 0.1464466154575348
vt 1 0.5
vt 0.5 0.5
vt 0.5 0.5
vt 0.5 0.5
vt 0.5 0.5
vt 0.5 0.5
vt 0.5 0.5
vt 0.5 0.5
vt 0.5 0.5
vt 1 0.5
vt 0.8535534143447876 0.1464466154575348
vt 0.5 0
vt 0.1464466154575348 0.1464466154575348
vt 0 0.5
vt 0.1464466154575348 0.8535534143447876
vt 0.5 1
vt 0.8535534143447876 0.8535534143447876
vt 1 0.5
vn 0 -1 2.220446049250313e-16
vn 0.7071067811865476 -0.7071067811865476 1.5700924586837752e-16
vn 1 -6.12323426292584e-17 1.3596311327747835e-32
vn 0.7071067811865476 0.7071067811865476 -1.5700924586837752e-16
vn 1.224646852585168e-16 1 -2.220446049250313e-16
vn -0.7071067811865476 0.7071067811865476 -1.5700924586837752e-16
vn -1 1.8369701465288538e-16 -4.078893104450762e-32
vn -0.7071067811865476 -0.7071067811865476 1.5700924586837752e-16
vn -2.449293705170336e-16 -1 2.220446049250313e-16
vn 0 -1 2.220446049250313e-16
vn 0.7071067811865476 -0.7071067811865476 1.5700924586837752e-16
vn 1 -6.12323426292584e-17 1.3596311327747835e-32
vn 0.7071067811865476 0.7071067811865476 -1.5700924586837752e-16
vn 1.224646852585168e-16 1 -2.220446049250313e-16
vn -0.7071067811865476 0.7071067811865476 -1.5700924586837752e-16
vn -1 1.8369701465288538e-16 -4.078893104450762e-32
vn -0.7071067811865476 -0.7071067811865476 1.5700924586837752e-16
vn -2.449293705170336e-16 -1 2.220446049250313e-16
vn 0 2.220446049250313e-16 1
vn 0 2.220446049250313e-16 1
vn 0 2.220446049250313e-16 1
vn 0 2.220446049250313e-16 1
vn 0 2.220446049250313e-16 1
vn 0 2.220446049250313e-16 1
vn 0 2.220446049250313e-16 1
vn 0 2.220446049250313e-16 1
vn 0 2.220446049250313e-16 1
vn 0 2.220446049250313e-16 1
vn 0 2.220446049250313e-16 1
vn 0 2.220446049250313e-16 1
vn 0 2.220446049250313e-16 1
vn 0 2.220446049250313e-16 1
vn 0 2.220446049250313e-16 1
vn 0 2.220446049250313e-16 1
vn 0 2.220446049250313e-16 1
vn 0 -2.220446049250313e-16 -1
vn 0 -2.220446049250313e-16 -1
vn 0 -2.220446049250313e-16 -1
vn 0 -2.220446049250313e-16 -1
vn 0 -2.220446049250313e-16 -1
vn 0 -2.220446049250313e-16 -1
vn 0 -2.220446049250313e-16 -1
vn 0 -2.220446049250313e-16 -1
vn 0 -2.220446049250313e-16 -1
vn 0 -2.220446049250313e-16 -1
vn 0 -2.220446049250313e-16 -1
vn 0 -2.220446049250313e-16 -1
vn 0 -2.220446049250313e-16 -1
vn 0 -2.220446049250313e-16 -1
vn 0 -2.220446049250313e-16 -1
vn 0 -2.220446049250313e-16 -1
vn 0 -2.220446049250313e-16 -1
f 885/885/885 894/894/894 886/886/886
f 894/894/894 895/895/895 886/886/886
f 886/886/886 895/895/895 887/887/887
f 895/895/895 896/896/896 887/887/887
f 887/887/887 896/896/896 888/888/888
f 896/896/896 897/897/897 888/888/888
f 888/888/888 897/897/897 889/889/889
f 897/897/897 898/898/898 889/889/889
f 889/889/889 898/898/898 890/890/890
f 898/898/898 899/899/899 890/890/890
f 890/890/890 899/899/899 891/891/891
f 899/899/899 900/900/900 891/891/891
f 891/891/891 900/900/900 892/892/892
f 900/900/900 901/901/901 892/892/892
f 892/892/892 901/901/901 893/893/893
f 901/901/901 902/902/902 893/893/893
f 911/911/911 912/912/912 903/903/903
f 912/912/912 913/913/913 904/904/904
f 913/913/913 914/914/914 905/905/905
f 914/914/914 915/915/915 906/906/906
f 915/915/915 916/916/916 907/907/907
f 916/916/916 917/917/917 908/908/908
f 917/917/917 918/918/918 909/909/909
f 918/918/918 919/919/919 910/910/910
f 929/929/929 928/928/928 920/920/920
f 930/930/930 929/929/929 921/921/921
f 931/931/931 930/930/930 922/922/922
f 932/932/932 931/931/931 923/923/923
f 933/933/933 932/932/932 924/924/924
f 934/934/934 933/933/933 925/925/925
f 935/935/935 934/934/934 926/926/926
f 936/936/936 935/935/935 927/927/927
o battleship_engine_i_nacelle
usemtl plate
v -5.107142857142857 -2.8785715614046348 39.92857120718274
v -2.743385876928057 -1.899471265929084 39.92857120718274
v -1.7642855814525058 0.4642857142857159 39.92857120718274
v -2.743385876928057 2.828042694500516 39.92857120718274
v -5.107142857142857 3.807142989976067 39.92857120718274
v -7.470899837357656 2.828042694500516 39.92857120718274
v -8.450000132833207 0.4642857142857167 39.92857120718274
v -7.470899837357656 -1.899471265929084 39.92857120718274
v -5.107142857142858 -2.8785715614046348 39.92857120718274
v -5.107142857142857 -2.4105713878359127 23.21428593567439
v -3.0743118652275627 -1.5685452776295816 23.21428593567439
v -2.2322857550212314 0.4642857142857122 23.21428593567439
v -3.0743118652275627 2.4971167062010067 23.21428593567439
v -5.107142857142857 3.339142816407338 23.21428593567439
v -7.139973849058151 2.4971167062010067 23.21428593567439
v -7.981999959264482 0.4642857142857129 23.21428593567439
v -7.139973849058151 -1.5685452776295816 23.21428593567439
v -5.107142857142858 -2.4105713878359127 23.21428593567439
v -5.107142857142857 0.4642857142857161 39.92857120718274
v -5.107142857142857 0.4642857142857161 39.92857120718274
v -5.107142857142857 0.4642857142857161 39.92857120718274
v -5.107142857142857 0.4642857142857161 39.92857120718274
v -5.107142857142857 0.4642857142857161 39.92857120718274
v -5.107142857142857 0.4642857142857161 39.92857120718274
v -5.107142857142857 0.4642857142857161 39.92857120718274
v -5.107142857142857 0.4642857142857161 39.92857120718274
v -5.107142857142857 -2.8785715614046348 39.92857120718274
v -2.743385876928057 -1.899471265929084 39.92857120718274
v -1.7642855814525058 0.4642857142857159 39.92857120718274
v -2.743385876928057 2.828042694500516 39.92857120718274
v -5.107142857142857 3.807142989976067 39.92857120718274
v -7.470899837357656 2.828042694500516 39.92857120718274
v -8.450000132833207 0.4642857142857167 39.92857120718274
v -7.470899837357656 -1.899471265929084 39.92857120718274
v -5.107142857142858 -2.8785715614046348 39.92857120718274
v -5.107142857142857 0.4642857142857124 23.21428593567439
v -5.107142857142857 0.4642857142857124 23.21428593567439
v -5.107142857142857 0.4642857142857124 23.21428593567439
v -5.107142857142857 0.4642857142857124 23.21428593567439
v -5.107142857142857 0.4642857142857124 23.21428593567439
v -5.107142857142857 0.4642857142857124 23.21428593567439
v -5.107142857142857 0.4642857142857124 23.21428593567439
v -5.107142857142857 0.4642857142857124 23.21428593567439
v -5.107142857142857 -2.4105713878359127 23.21428593567439
v -3.0743118652275627 -1.5685452776295816 23.21428593567439
v -2.2322857550212314 0.4642857142857122 23.21428593567439
v -3.0743118652275627 2.4971167062010067 23.21428593567439
v -5.107142857142857 3.339142816407338 23.21428593567439
v -7.139973849058151 2.4971167062010067 23.21428593567439
v -7.981999959264482 0.4642857142857129 23.21428593567439
v -7.139973849058151 -1.5685452776295816 23.21428593567439
v -5.107142857142858 -2.4105713878359127 23.21428593567439
vt 0 1
vt 0.125 1
vt 0.25 1
vt 0.375 1
vt 0.5 1
vt 0.625 1
vt 0.75 1
vt 0.875 1
vt 1 1
vt 0 0
vt 0.125 0
vt 0.25 0
vt 0.375 0
vt 0.5 0
vt 0.625 0
vt 0.75 0
vt 0.875 0
vt 1 0
vt 0.5 0.5
vt 0.5 0.5
vt 0.5 0.5
vt 0.5 0.5
vt 0.5 0.5
vt 0.5 0.5
vt 0.5 0.5
vt 0.5 0.5
vt 1 0.5
vt 0.8535534143447876 0.8535534143447876
vt 0.5 1
vt 0.1464466154575348 0.8535534143447876
vt 0 0.5
vt 0.1464466154575348 0.1464466154575348
vt 0.5 0
vt 0.8535534143447876 0.1464466154575348
vt 1 0.5
vt 0.5 0.5
vt 0.5 0.5
vt 0.5 0.5
vt 0.5 0.5
vt 0.5 0.5
vt 0.5 0.5
vt 0.5 0.5
vt 0.5 0.5
vt 1 0.5
vt 0.8535534143447876 0.1464466154575348
vt 0.5 0
vt 0.1464466154575348 0.1464466154575348
vt 0 0.5
vt 0.1464466154575348 0.8535534143447876
vt 0.5 1
vt 0.8535534143447876 0.8535534143447876
vt 1 0.5
vn 0 -0.9996082303521829 -0.02798903021144232
vn 0.7068297582403885 -0.7068297582403885 -0.027989028773208257
vn 0.9996082303521829 -6.742316164491801e-17 -0.027989030211442542
vn 0.7068297582403885 0.7068297582403885 -0.027989028773208573
vn 1.2241669697876696e-16 0.9996082303521829 -0.027989030211442764
vn -0.7068297582403885 0.7068297582403885 -0.027989028773208573
vn -0.9996082303521829 1.7741024554750587e-16 -0.027989030211442542
vn -0.7068297582403885 -0.7068297582403885 -0.027989028773208257
vn -2.4483339395753393e-16 -0.9996082303521829 -0.02798903021144232
vn 0 -0.9996082303521829 -0.02798903021144232
vn 0.7068297582403885 -0.7068297582403885 -0.027989028773208257
vn 0.9996082303521829 -6.742316164491801e-17 -0.027989030211442542
vn 0.7068297582403885 0.7068297582403885 -0.027989028773208573
vn 1.2241669697876696e-16 0.9996082303521829 -0.027989030211442764
vn -0.7068297582403885 0.7068297582403885 -0.027989028773208573
vn -0.9996082303521829 1.7741024554750587e-16 -0.027989030211442542
vn -0.7068297582403885 -0.7068297582403885 -0.027989028773208257
vn -2.4483339395753393e-16 -0.9996082303521829 -0.02798903021144232
vn 0 2.220446049250313e-16 1
vn 0 2.220446049250313e-16 1
vn 0 2.220446049250313e-16 1
vn 0 2.220446049250313e-16 1
vn 0 2.220446049250313e-16 1
vn 0 2.220446049250313e-16 1
vn 0 2.220446049250313e-16 1
vn 0 2.220446049250313e-16 1
vn 0 2.220446049250313e-16 1
vn 0 2.220446049250313e-16 1
vn 0 2.220446049250313e-16 1
vn 0 2.220446049250313e-16 1
vn 0 2.220446049250313e-16 1
vn 0 2.220446049250313e-16 1
vn 0 2.220446049250313e-16 1
vn 0 2.220446049250313e-16 1
vn 0 2.220446049250313e-16 1
vn 0 -2.220446049250313e-16 -1
vn 0 -2.220446049250313e-16 -1
vn 0 -2.220446049250313e-16 -1
vn 0 -2.220446049250313e-16 -1
vn 0 -2.220446049250313e-16 -1
vn 0 -2.220446049250313e-16 -1
vn 0 -2.220446049250313e-16 -1
vn 0 -2.220446049250313e-16 -1
vn 0 -2.220446049250313e-16 -1
vn 0 -2.220446049250313e-16 -1
vn 0 -2.220446049250313e-16 -1
vn 0 -2.220446049250313e-16 -1
vn 0 -2.220446049250313e-16 -1
vn 0 -2.220446049250313e-16 -1
vn 0 -2.220446049250313e-16 -1
vn 0 -2.220446049250313e-16 -1
vn 0 -2.220446049250313e-16 -1
f 937/937/937 946/946/946 938/938/938
f 946/946/946 947/947/947 938/938/938
f 938/938/938 947/947/947 939/939/939
f 947/947/947 948/948/948 939/939/939
f 939/939/939 948/948/948 940/940/940
f 948/948/948 949/949/949 940/940/940
f 940/940/940 949/949/949 941/941/941
f 949/949/949 950/950/950 941/941/941
f 941/941/941 950/950/950 942/942/942
f 950/950/950 951/951/951 942/942/942
f 942/942/942 951/951/951 943/943/943
f 951/951/951 952/952/952 943/943/943
f 943/943/943 952/952/952 944/944/944
f 952/952/952 953/953/953 944/944/944
f 944/944/944 953/953/953 945/945/945
f 953/953/953 954/954/954 945/945/945
f 963/963/963 964/964/964 955/955/955
f 964/964/964 965/965/965 956/956/956
f 965/965/965 966/966/966 957/957/957
f 966/966/966 967/967/967 958/958/958
f 967/967/967 968/968/968 959/959/959
f 968/968/968 969/969/969 960/960/960
f 969/969/969 970/970/970 961/961/961
f 970/970/970 971/971/971 962/962/962
f 981/981/981 980/980/980 972/972/972
f 982/982/982 981/981/981 973/973/973
f 983/983/983 982/982/982 974/974/974
f 984/984/984 983/983/983 975/975/975
f 985/985/985 984/984/984 976/976/976
f 986/986/986 985/985/985 977/977/977
f 987/987/987 986/986/986 978/978/978
f 988/988/988 987/987/987 979/979/979
o battleship_engine_i_bell
usemtl thruster
v -5.107142857142857 -1.9425714910030363 40.857142864061245
v -3.405237853527069 -1.2376192893300737 40.857142864061245
v -2.7002856518541063 0.4642857142857142 40.857142864061245
v -3.405237853527069 2.166190717901502 40.857142864061245
v -5.107142857142857 2.871142919574465 40.85714286406124
v -6.809047860758644 2.166190717901502 40.857142864061245
v -7.514000062431608 0.4642857142857148 40.857142864061245
v -6.809047860758644 -1.2376192893300737 40.857142864061245
v -5.107142857142858 -1.9425714910030363 40.857142864061245
v -5.107142857142857 -1.9425714910030363 39.928571421653025
v -3.405237853527069 -1.2376192893300737 39.92857142165302
v -2.7002856518541063 0.46428571428571397 39.92857142165302
v -3.405237853527069 2.166190717901502 39.92857142165302
v -5.107142857142857 2.871142919574465 39.92857142165302
v -6.809047860758644 2.166190717901502 39.92857142165302
v -7.514000062431608 0.4642857142857146 39.92857142165302
v -6.809047860758644 -1.2376192893300737 39.92857142165302
v -5.107142857142858 -1.9425714910030363 39.928571421653025
v -5.107142857142857 0.46428571428571436 40.857142864061245
v -5.107142857142857 0.46428571428571436 40.857142864061245
v -5.107142857142857 0.46428571428571436 40.857142864061245
v -5.107142857142857 0.46428571428571436 40.857142864061245
v -5.107142857142857 0.46428571428571436 40.857142864061245
v -5.107142857142857 0.46428571428571436 40.857142864061245
v -5.107142857142857 0.46428571428571436 40.857142864061245
v -5.107142857142857 0.46428571428571436 40.857142864061245
v -5.107142857142857 -1.9425714910030363 40.857142864061245
v -3.405237853527069 -1.2376192893300737 40.857142864061245
v -2.7002856518541063 0.4642857142857142 40.857142864061245
v -3.405237853527069 2.166190717901502 40.857142864061245
v -5.107142857142857 2.871142919574465 40.85714286406124
v -6.809047860758644 2.166190717901502 40.857142864061245
v -7.514000062431608 0.4642857142857148 40.857142864061245
v -6.809047860758644 -1.2376192893300737 40.857142864061245
v -5.107142857142858 -1.9425714910030363 40.857142864061245
v -5.107142857142857 0.46428571428571414 39.92857142165302
v -5.107142857142857 0.46428571428571414 39.92857142165302
v -5.107142857142857 0.46428571428571414 39.92857142165302
v -5.107142857142857 0.46428571428571414 39.92857142165302
v -5.107142857142857 0.46428571428571414 39.92857142165302
v -5.107142857142857 0.46428571428571414 39.92857142165302
v -5.107142857142857 0.46428571428571414 39.92857142165302
v -5.107142857142857 0.46428571428571414 39.92857142165302
v -5.107142857142857 -1.9425714910030363 39.928571421653025
v -3.405237853527069 -1.2376192893300737 39.92857142165302
v -2.7002856518541063 0.46428571428571397 39.92857142165302
v -3.405237853527069 2.166190717901502 39.92857142165302
v -5.107142857142857 2.871142919574465 39.92857142165302
v -6.809047860758644 2.166190717901502 39.92857142165302
v -7.514000062431608 0.4642857142857146 39.92857142165302
v -6.809047860758644 -1.2376192893300737 39.92857142165302
v -5.107142857142858 -1.9425714910030363 39.928571421653025
vt 0 1
vt 0.125 1
vt 0.25 1
vt 0.375 1
vt 0.5 1
vt 0.625 1
vt 0.75 1
vt 0.875 1
vt 1 1
vt 0 0
vt 0.125 0
vt 0.25 0
vt 0.375 0
vt 0.5 0
vt 0.625 0
vt 0.75 0
vt 0.875 0
vt 1 0
vt 0.5 0.5
vt 0.5 0.5
vt 0.5 0.5
vt 0.5 0.5
vt 0.5 0.5
vt 0.5 0.5
vt 0.5 0.5
vt 0.5 0.5
vt 1 0.5
vt 0.8535534143447876 0.8535534143447876
vt 0.5 1
vt 0.1464466154575348 0.8535534143447876
vt 0 0.5
vt 0.1464466154575348 0.1464466154575348
vt 0.5 0
vt 0.8535534143447876 0.1464466154575348
vt 1 0.5
vt 0.5 0.5
vt 0.5 0.5
vt 0.5 0.5
vt 0.5 0.5
vt 0.5 0.5
vt 0.5 0.5
vt 0.5 0.5
vt 0.5 0.5
vt 1 0.5
vt 0.8535534143447876 0.1464466154575348
vt 0.5 0
vt 0.1464466154575348 0.1464466154575348
vt 0 0.5
vt 0.1464466154575348 0.8535534143447876
vt 0.5 1
vt 0.8535534143447876 0.8535534143447876
vt 1 0.5
vn 0 -1 2.220446049250313e-16
vn 0.7071067811865476 -0.7071067811865476 1.5700924586837752e-16
vn 1 -6.12323426292584e-17 1.3596311327747835e-32
vn 0.7071067811865476 0.7071067811865476 -1.5700924586837752e-16
vn 1.224646852585168e-16 1 -2.220446049250313e-16
vn -0.7071067811865476 0.7071067811865476 -1.5700924586837752e-16
vn -1 1.8369701465288538e-16 -4.078893104450762e-32
vn -0.7071067811865476 -0.7071067811865476 1.5700924586837752e-16
vn -2.449293705170336e-16 -1 2.220446049250313e-16
vn 0 -1 2.220446049250313e-16
vn 0.7071067811865476 -0.7071067811865476 1.5700924586837752e-16
vn 1 -6.12323426292584e-17 1.3596311327747835e-32
vn 0.7071067811865476 0.7071067811865476 -1.5700924586837752e-16
vn 1.224646852585168e-16 1 -2.220446049250313e-16
vn -0.7071067811865476 0.7071067811865476 -1.5700924586837752e-16
vn -1 1.8369701465288538e-16 -4.078893104450762e-32
vn -0.7071067811865476 -0.7071067811865476 1.5700924586837752e-16
vn -2.449293705170336e-16 -1 2.220446049250313e-16
vn 0 2.220446049250313e-16 1
vn 0 2.220446049250313e-16 1
vn 0 2.220446049250313e-16 1
vn 0 2.220446049250313e-16 1
vn 0 2.220446049250313e-16 1
vn 0 2.220446049250313e-16 1
vn 0 2.220446049250313e-16 1
vn 0 2.220446049250313e-16 1
vn 0 2.220446049250313e-16 1
vn 0 2.220446049250313e-16 1
vn 0 2.220446049250313e-16 1
vn 0 2.220446049250313e-16 1
vn 0 2.220446049250313e-16 1
vn 0 2.220446049250313e-16 1
vn 0 2.220446049250313e-16 1
vn 0 2.220446049250313e-16 1
vn 0 2.220446049250313e-16 1
vn 0 -2.220446049250313e-16 -1
vn 0 -2.220446049250313e-16 -1
vn 0 -2.220446049250313e-16 -1
vn 0 -2.220446049250313e-16 -1
vn 0 -2.220446049250313e-16 -1
vn 0 -2.220446049250313e-16 -1
vn 0 -2.220446049250313e-16 -1
vn 0 -2.220446049250313e-16 -1
vn 0 -2.220446049250313e-16 -1
vn 0 -2.220446049250313e-16 -1
vn 0 -2.220446049250313e-16 -1
vn 0 -2.220446049250313e-16 -1
vn 0 -2.220446049250313e-16 -1
vn 0 -2.220446049250313e-16 -1
vn 0 -2.220446049250313e-16 -1
vn 0 -2.220446049250313e-16 -1
vn 0 -2.220446049250313e-16 -1
f 989/989/989 998/998/998 990/990/990
f 998/998/998 999/999/999 990/990/990
f 990/990/990 999/999/999 991/991/991
f 999/999/999 1000/1000/1000 991/991/991
f 991/991/991 1000/1000/1000 992/992/992
f 1000/1000/1000 1001/1001/1001 992/992/992
f 992/992/992 1001/1001/1001 993/993/993
f 1001/1001/1001 1002/1002/1002 993/993/993
f 993/993/993 1002/1002/1002 994/994/994
f 1002/1002/1002 1003/1003/1003 994/994/994
f 994/994/994 1003/1003/1003 995/995/995
f 1003/1003/1003 1004/1004/1004 995/995/995
f 995/995/995 1004/1004/1004 996/996/996
f 1004/1004/1004 1005/1005/1005 996/996/996
f 996/996/996 1005/1005/1005 997/997/997
f 1005/1005/1005 1006/1006/1006 997/997/997
f 1015/1015/1015 1016/1016/1016 1007/1007/1007
f 1016/1016/1016 1017/1017/1017 1008/1008/1008
f 1017/1017/1017 1018/1018/1018 1009/1009/1009
f 1018/1018/1018 1019/1019/1019 1010/1010/1010
f 1019/1019/1019 1020/1020/1020 1011/1011/1011
f 1020/1020/1020 1021/1021/1021 1012/1012/1012
f 1021/1021/1021 1022/1022/1022 1013/1013/1013
f 1022/1022/1022 1023/1023/1023 1014/1014/1014
f 1033/1033/1033 1032/1032/1032 1024/1024/1024
f 1034/1034/1034 1033/1033/1033 1025/1025/1025
f 1035/1035/1035 1034/1034/1034 1026/1026/1026
f 1036/1036/1036 1035/1035/1035 1027/1027/1027
f 1037/1037/1037 1036/1036/1036 1028/1028/1028
f 1038/1038/1038 1037/1037/1037 1029/1029/1029
f 1039/1039/1039 1038/1038/1038 1030/1030/1030
f 1040/1040/1040 1039/1039/1039 1031/1031/1031
o battleship_belt
usemtl accent
v -15.321428543754985 1.7642857080591574 24.14285625730242
v -15.321428543754985 1.7642857080591574 -24.14285625730242
v -15.321428543754985 1.2071428633694137 24.14285625730242
v -15.321428543754985 1.2071428633694137 -24.14285625730242
v -19.03571431338787 1.7642857080591574 -24.14285625730242
v -19.03571431338787 1.7642857080591574 24.14285625730242
v -19.03571431338787 1.2071428633694137 -24.14285625730242
v -19.03571431338787 1.2071428633694137 24.14285625730242
v -19.03571431338787 1.7642857080591574 -24.14285625730242
v -15.321428543754985 1.7642857080591574 -24.14285625730242
v -19.03571431338787 1.7642857080591574 24.14285625730242
v -15.321428543754985 1.7642857080591574 24.14285625730242
v -19.03571431338787 1.2071428633694137 24.14285625730242
v -15.321428543754985 1.2071428633694137 24.14285625730242
v -19.03571431338787 1.2071428633694137 -24.14285625730242
v -15.321428543754985 1.2071428633694137 -24.14285625730242
v -19.03571431338787 1.7642857080591574 24.14285625730242
v -15.321428543754985 1.7642857080591574 24.14285625730242
v -19.03571431338787 1.2071428633694137 24.14285625730242
v -15.321428543754985 1.2071428633694137 24.14285625730242
v -15.321428543754985 1.7642857080591574 -24.14285625730242
v -19.03571431338787 1.7642857080591574 -24.14285625730242
v -15.321428543754985 1.2071428633694137 -24.14285625730242
v -19.03571431338787 1.2071428633694137 -24.14285625730242
vt 0 1
vt 1 1
vt 0 0
vt 1 0
vt 0 1
vt 1 1
vt 0 0
vt 1 0
vt 0 1
vt 1 1
vt 0 0
vt 1 0
vt 0 1
vt 1 1
vt 0 0
vt 1 0
vt 0 1
vt 1 1
vt 0 0
vt 1 0
vt 0 1
vt 1 1
vt 0 0
vt 1 0
vn 1 0 0
vn 1 0 0
vn 1 0 0
vn 1 0 0
vn -1 0 0
vn -1 0 0
vn -1 0 0
vn -1 0 0
vn 0 1 0
vn 0 1 0
vn 0 1 0
vn 0 1 0
vn 0 -1 0
vn 0 -1 0
vn 0 -1 0
vn 0 -1 0
vn 0 0 1
vn 0 0 1
vn 0 0 1
vn 0 0 1
vn 0 0 -1
vn 0 0 -1
vn 0 0 -1
vn 0 0 -1
f 1041/1041/1041 1043/1043/1043 1042/1042/1042
f 1043/1043/1043 1044/1044/1044 1042/1042/1042
f 1045/1045/1045 1047/1047/1047 1046/1046/1046
f 1047/1047/1047 1048/1048/1048 1046/1046/1046
f 1049/1049/1049 1051/1051/1051 1050/1050/1050
f 1051/1051/1051 1052/1052/1052 1050/1050/1050
f 1053/1053/1053 1055/1055/1055 1054/1054/1054
f 1055/1055/1055 1056/1056/1056 1054/1054/1054
f 1057/1057/1057 1059/1059/1059 1058/1058/1058
f 1059/1059/1059 1060/1060/1060 1058/1058/1058
f 1061/1061/1061 1063/1063/1063 1062/1062/1062
f 1063/1063/1063 1064/1064/1064 1062/1062/1062
o battleship_armour
usemtl plate
v -16.43571421929768 4.178571373224258 20.428570543016704
v -16.43571421929768 4.178571373224258 -18.57142768587385
v -16.43571421929768 -2.321428516081401 20.428570543016704
v -16.43571421929768 -2.321428516081401 -18.57142768587385
v -19.77857149498803 4.178571373224258 -18.57142768587385
v -19.77857149498803 4.178571373224258 20.428570543016704
v -19.77857149498803 -2.321428516081401 -18.57142768587385
v -19.77857149498803 -2.321428516081401 20.428570543016704
v -19.77857149498803 4.178571373224258 -18.57142768587385
v -16.43571421929768 4.178571373224258 -18.57142768587385
v -19.77857149498803 4.178571373224258 20.428570543016704
v -16.43571421929768 4.178571373224258 20.428570543016704
v -19.77857149498803 -2.321428516081401 20.428570543016704
v -16.43571421929768 -2.321428516081401 20.428570543016704
v -19.77857149498803 -2.321428516081401 -18.57142768587385
v -16.43571421929768 -2.321428516081401 -18.57142768587385
v -19.77857149498803 4.178571373224258 20.428570543016704
v -16.43571421929768 4.178571373224258 20.428570543016704
v -19.77857149498803 -2.321428516081401 20.428570543016704
v -16.43571421929768 -2.321428516081401 20.428570543016704
v -16.43571421929768 4.178571373224258 -18.57142768587385
v -19.77857149498803 4.178571373224258 -18.57142768587385
v -16.43571421929768 -2.321428516081401 -18.57142768587385
v -19.77857149498803 -2.321428516081401 -18.57142768587385
vt 0 1
vt 1 1
vt 0 0
vt 1 0
vt 0 1
vt 1 1
vt 0 0
vt 1 0
vt 0 1
vt 1 1
vt 0 0
vt 1 0
vt 0 1
vt 1 1
vt 0 0
vt 1 0
vt 0 1
vt 1 1
vt 0 0
vt 1 0
vt 0 1
vt 1 1
vt 0 0
vt 1 0
vn 1 0 0
vn 1 0 0
vn 1 0 0
vn 1 0 0
vn -1 0 0
vn -1 0 0
vn -1 0 0
vn -1 0 0
vn 0 1 0
vn 0 1 0
vn 0 1 0
vn 0 1 0
vn 0 -1 0
vn 0 -1 0
vn 0 -1 0
vn 0 -1 0
vn 0 0 1
vn 0 0 1
vn 0 0 1
vn 0 0 1
vn 0 0 -1
vn 0 0 -1
vn 0 0 -1
vn 0 0 -1
f 1065/1065/1065 1067/1067/1067 1066/1066/1066
f 1067/1067/1067 1068/1068/1068 1066/1066/1066
f 1069/1069/1069 1071/1071/1071 1070/1070/1070
f 1071/1071/1071 1072/1072/1072 1070/1070/1070
f 1073/1073/1073 1075/1075/1075 1074/1074/1074
f 1075/1075/1075 1076/1076/1076 1074/1074/1074
f 1077/1077/1077 1079/1079/1079 1078/1078/1078
f 1079/1079/1079 1080/1080/1080 1078/1078/1078
f 1081/1081/1081 1083/1083/1083 1082/1082/1082
f 1083/1083/1083 1084/1084/1084 1082/1082/1082
f 1085/1085/1085 1087/1087/1087 1086/1086/1086
f 1087/1087/1087 1088/1088/1088 1086/1086/1086
o battleship_engine_o_nacelle
usemtl plate
v 13.928571428571427 -3.6214285492897007 40.857142857142854
v 16.817607645477565 -2.4247505026204217 40.85714285714285
v 18.014285692146842 0.4642857142857161 40.85714285714285
v 16.817607645477565 3.353321931191855 40.85714285714285
v 13.928571428571427 4.549999977861133 40.85714285714285
v 11.039535211665289 3.353321931191855 40.85714285714285
v 9.84285716499601 0.4642857142857171 40.85714285714285
v 11.039535211665289 -2.4247505026204217 40.85714285714285
v 13.928571428571425 -3.6214285492897007 40.857142857142854
v 13.928571428571427 -3.0494285523891467 22.28571428571428
v 16.413142702409196 -2.0202855595520584 22.28571428571428
v 17.442285695246287 0.46428571428571197 22.28571428571428
v 16.413142702409196 2.9488569881234827 22.28571428571428
v 13.928571428571427 3.977999980960571 22.28571428571428
v 11.444000154733656 2.9488569881234827 22.28571428571428
v 10.414857161896569 0.4642857142857128 22.28571428571428
v 11.444000154733656 -2.0202855595520584 22.28571428571428
v 13.928571428571427 -3.0494285523891467 22.28571428571428
v 13.928571428571427 0.4642857142857163 40.85714285714285
v 13.928571428571427 0.4642857142857163 40.85714285714285
v 13.928571428571427 0.4642857142857163 40.85714285714285
v 13.928571428571427 0.4642857142857163 40.85714285714285
v 13.928571428571427 0.4642857142857163 40.85714285714285
v 13.928571428571427 0.4642857142857163 40.85714285714285
v 13.928571428571427 0.4642857142857163 40.85714285714285
v 13.928571428571427 0.4642857142857163 40.85714285714285
v 13.928571428571427 -3.6214285492897007 40.857142857142854
v 16.817607645477565 -2.4247505026204217 40.85714285714285
v 18.014285692146842 0.4642857142857161 40.85714285714285
v 16.817607645477565 3.353321931191855 40.85714285714285
v 13.928571428571427 4.549999977861133 40.85714285714285
v 11.039535211665289 3.353321931191855 40.85714285714285
v 9.84285716499601 0.4642857142857171 40.85714285714285
v 11.039535211665289 -2.4247505026204217 40.85714285714285
v 13.928571428571425 -3.6214285492897007 40.857142857142854
v 13.928571428571427 0.4642857142857122 22.28571428571428
v 13.928571428571427 0.4642857142857122 22.28571428571428
v 13.928571428571427 0.4642857142857122 22.28571428571428
v 13.928571428571427 0.4642857142857122 22.28571428571428
v 13.928571428571427 0.4642857142857122 22.28571428571428
v 13.928571428571427 0.4642857142857122 22.28571428571428
v 13.928571428571427 0.4642857142857122 22.28571428571428
v 13.928571428571427 0.4642857142857122 22.28571428571428
v 13.928571428571427 -3.0494285523891467 22.28571428571428
v 16.413142702409196 -2.0202855595520584 22.28571428571428
v 17.442285695246287 0.46428571428571197 22.28571428571428
v 16.413142702409196 2.9488569881234827 22.28571428571428
v 13.928571428571427 3.977999980960571 22.28571428571428
v 11.444000154733656 2.9488569881234827 22.28571428571428
v 10.414857161896569 0.4642857142857128 22.28571428571428
v 11.444000154733656 -2.0202855595520584 22.28571428571428
v 13.928571428571427 -3.0494285523891467 22.28571428571428
vt 0 1
vt 0.125 1
vt 0.25 1
vt 0.375 1
vt 0.5 1
vt 0.625 1
vt 0.75 1
vt 0.875 1
vt 1 1
vt 0 0
vt 0.125 0
vt 0.25 0
vt 0.375 0
vt 0.5 0
vt 0.625 0
vt 0.75 0
vt 0.875 0
vt 1 0
vt 0.5 0.5
vt 0.5 0.5
vt 0.5 0.5
vt 0.5 0.5
vt 0.5 0.5
vt 0.5 0.5
vt 0.5 0.5
vt 0.5 0.5
vt 1 0.5
vt 0.8535534143447876 0.8535534143447876
vt 0.5 1
vt 0.1464466154575348 0.8535534143447876
vt 0 0.5
vt 0.1464466154575348 0.1464466154575348
vt 0.5 0
vt 0.8535534143447876 0.1464466154575348
vt 1 0.5
vt 0.5 0.5
vt 0.5 0.5
vt 0.5 0.5
vt 0.5 0.5
vt 0.5 0.5
vt 0.5 0.5
vt 0.5 0.5
vt 0.5 0.5
vt 1 0.5
vt 0.8535534143447876 0.1464466154575348
vt 0.5 0
vt 0.1464466154575348 0.1464466154575348
vt 0 0.5
vt 0.1464466154575348 0.8535534143447876
vt 0.5 1
vt 0.8535534143447876 0.8535534143447876
vt 1 0.5
vn 0 -0.9995260172369316 -0.030785400216290424
vn 0.7067716247442395 -0.7067716247442395 -0.03078540096824815
vn 0.9995260172369316 -6.803905013857376e-17 -0.030785400216290643
vn 0.7067716247442395 0.7067716247442395 -0.030785400968248465
vn 1.2240663622017705e-16 0.9995260172369316 -0.030785400216290865
vn -0.7067716247442395 0.7067716247442395 -0.030785400968248465
vn -0.9995260172369316 1.767742223017804e-16 -0.030785400216290643
vn -0.7067716247442395 -0.7067716247442395 -0.03078540096824815
vn -2.448132724403541e-16 -0.9995260172369316 -0.030785400216290424
vn 0 -0.9995260172369316 -0.030785400216290424
vn 0.7067716247442395 -0.7067716247442395 -0.03078540096824815
vn 0.9995260172369316 -6.803905013857376e-17 -0.030785400216290643
vn 0.7067716247442395 0.7067716247442395 -0.030785400968248465
vn 1.2240663622017705e-16 0.9995260172369316 -0.030785400216290865
vn -0.7067716247442395 0.7067716247442395 -0.030785400968248465
vn -0.9995260172369316 1.767742223017804e-16 -0.030785400216290643
vn -0.7067716247442395 -0.7067716247442395 -0.03078540096824815
vn -2.448132724403541e-16 -0.9995260172369316 -0.030785400216290424
vn 0 2.220446049250313e-16 1
vn 0 2.220446049250313e-16 1
vn 0 2.220446049250313e-16 1
vn 0 2.220446049250313e-16 1
vn 0 2.220446049250313e-16 1
vn 0 2.220446049250313e-16 1
vn 0 2.220446049250313e-16 1
vn 0 2.220446049250313e-16 1
vn 0 2.220446049250313e-16 1
vn 0 2.220446049250313e-16 1
vn 0 2.220446049250313e-16 1
vn 0 2.220446049250313e-16 1
vn 0 2.220446049250313e-16 1
vn 0 2.220446049250313e-16 1
vn 0 2.220446049250313e-16 1
vn 0 2.220446049250313e-16 1
vn 0 2.220446049250313e-16 1
vn 0 -2.220446049250313e-16 -1
vn 0 -2.220446049250313e-16 -1
vn 0 -2.220446049250313e-16 -1
vn 0 -2.220446049250313e-16 -1
vn 0 -2.220446049250313e-16 -1
vn 0 -2.220446049250313e-16 -1
vn 0 -2.220446049250313e-16 -1
vn 0 -2.220446049250313e-16 -1
vn 0 -2.220446049250313e-16 -1
vn 0 -2.220446049250313e-16 -1
vn 0 -2.220446049250313e-16 -1
vn 0 -2.220446049250313e-16 -1
vn 0 -2.220446049250313e-16 -1
vn 0 -2.220446049250313e-16 -1
vn 0 -2.220446049250313e-16 -1
vn 0 -2.220446049250313e-16 -1
vn 0 -2.220446049250313e-16 -1
f 1089/1089/1089 1098/1098/1098 1090/1090/1090
f 1098/1098/1098 1099/1099/1099 1090/1090/1090
f 1090/1090/1090 1099/1099/1099 1091/1091/1091
f 1099/1099/1099 1100/1100/1100 1091/1091/1091
f 1091/1091/1091 1100/1100/1100 1092/1092/1092
f 1100/1100/1100 1101/1101/1101 1092/1092/1092
f 1092/1092/1092 1101/1101/1101 1093/1093/1093
f 1101/1101/1101 1102/1102/1102 1093/1093/1093
f 1093/1093/1093 1102/1102/1102 1094/1094/1094
f 1102/1102/1102 1103/1103/1103 1094/1094/1094
f 1094/1094/1094 1103/1103/1103 1095/1095/1095
f 1103/1103/1103 1104/1104/1104 1095/1095/1095
f 1095/1095/1095 1104/1104/1104 1096/1096/1096
f 1104/1104/1104 1105/1105/1105 1096/1096/1096
f 1096/1096/1096 1105/1105/1105 1097/1097/1097
f 1105/1105/1105 1106/1106/1106 1097/1097/1097
f 1115/1115/1115 1116/1116/1116 1107/1107/1107
f 1116/1116/1116 1117/1117/1117 1108/1108/1108
f 1117/1117/1117 1118/1118/1118 1109/1109/1109
f 1118/1118/1118 1119/1119/1119 1110/1110/1110
f 1119/1119/1119 1120/1120/1120 1111/1111/1111
f 1120/1120/1120 1121/1121/1121 1112/1112/1112
f 1121/1121/1121 1122/1122/1122 1113/1113/1113
f 1122/1122/1122 1123/1123/1123 1114/1114/1114
f 1133/1133/1133 1132/1132/1132 1124/1124/1124
f 1134/1134/1134 1133/1133/1133 1125/1125/1125
f 1135/1135/1135 1134/1134/1134 1126/1126/1126
f 1136/1136/1136 1135/1135/1135 1127/1127/1127
f 1137/1137/1137 1136/1136/1136 1128/1128/1128
f 1138/1138/1138 1137/1137/1137 1129/1129/1129
f 1139/1139/1139 1138/1138/1138 1130/1130/1130
f 1140/1140/1140 1139/1139/1139 1131/1131/1131
o battleship_engine_o_bell
usemtl thruster
v 13.928571428571427 -2.477428555488586 41.78571429263268
v 16.00867748260498 -1.6158203397478375 41.78571429263268
v 16.87028569834573 0.4642857142857142 41.78571429263268
v 16.00867748260498 2.544391768319266 41.785714292632676
v 13.928571428571427 3.405999984060015 41.785714292632676
v 11.848465374537875 2.544391768319266 41.785714292632676
v 10.986857158797127 0.4642857142857149 41.78571429263268
v 11.848465374537875 -1.6158203397478375 41.78571429263268
v 13.928571428571427 -2.477428555488586 41.78571429263268
v 13.928571428571427 -2.477428555488586 40.85714285022446
v 16.00867748260498 -1.6158203397478375 40.85714285022446
v 16.87028569834573 0.46428571428571397 40.857142850224456
v 16.00867748260498 2.544391768319266 40.857142850224456
v 13.928571428571427 3.405999984060015 40.857142850224456
v 11.848465374537875 2.544391768319266 40.857142850224456
v 10.986857158797127 0.4642857142857147 40.857142850224456
v 11.848465374537875 -1.6158203397478375 40.85714285022446
v 13.928571428571427 -2.477428555488586 40.85714285022446
v 13.928571428571427 0.46428571428571436 41.78571429263268
v 13.928571428571427 0.46428571428571436 41.78571429263268
v 13.928571428571427 0.46428571428571436 41.78571429263268
v 13.928571428571427 0.46428571428571436 41.78571429263268
v 13.928571428571427 0.46428571428571436 41.78571429263268
v 13.928571428571427 0.46428571428571436 41.78571429263268
v 13.928571428571427 0.46428571428571436 41.78571429263268
v 13.928571428571427 0.46428571428571436 41.78571429263268
v 13.928571428571427 -2.477428555488586 41.78571429263268
v 16.00867748260498 -1.6158203397478375 41.78571429263268
v 16.87028569834573 0.4642857142857142 41.78571429263268
v 16.00867748260498 2.544391768319266 41.785714292632676
v 13.928571428571427 3.405999984060015 41.785714292632676
v 11.848465374537875 2.544391768319266 41.785714292632676
v 10.986857158797127 0.4642857142857149 41.78571429263268
v 11.848465374537875 -1.6158203397478375 41.78571429263268
v 13.928571428571427 -2.477428555488586 41.78571429263268
v 13.928571428571427 0.46428571428571414 40.857142850224456
v 13.928571428571427 0.46428571428571414 40.857142850224456
v 13.928571428571427 0.46428571428571414 40.857142850224456
v 13.928571428571427 0.46428571428571414 40.857142850224456
v 13.928571428571427 0.46428571428571414 40.857142850224456
v 13.928571428571427 0.46428571428571414 40.857142850224456
v 13.928571428571427 0.46428571428571414 40.857142850224456
v 13.928571428571427 0.46428571428571414 40.857142850224456
v 13.928571428571427 -2.477428555488586 40.85714285022446
v 16.00867748260498 -1.6158203397478375 40.85714285022446
v 16.87028569834573 0.46428571428571397 40.857142850224456
v 16.00867748260498 2.544391768319266 40.857142850224456
v 13.928571428571427 3.405999984060015 40.857142850224456
v 11.848465374537875 2.544391768319266 40.857142850224456
v 10.986857158797127 0.4642857142857147 40.857142850224456
v 11.848465374537875 -1.6158203397478375 40.85714285022446
v 13.928571428571427 -2.477428555488586 40.85714285022446
vt 0 1
vt 0.125 1
vt 0.25 1
vt 0.375 1
vt 0.5 1
vt 0.625 1
vt 0.75 1
vt 0.875 1
vt 1 1
vt 0 0
vt 0.125 0
vt 0.25 0
vt 0.375 0
vt 0.5 0
vt 0.625 0
vt 0.75 0
vt 0.875 0
vt 1 0
vt 0.5 0.5
vt 0.5 0.5
vt 0.5 0.5
vt 0.5 0.5
vt 0.5 0.5
vt 0.5 0.5
vt 0.5 0.5
vt 0.5 0.5
vt 1 0.5
vt 0.8535534143447876 0.8535534143447876
vt 0.5 1
vt 0.1464466154575348 0.8535534143447876
vt 0 0.5
vt 0.1464466154575348 0.1464466154575348
vt 0.5 0
vt 0.8535534143447876 0.1464466154575348
vt 1 0.5
vt 0.5 0.5
vt 0.5 0.5
vt 0.5 0.5
vt 0.5 0.5
vt 0.5 0.5
vt 0.5 0.5
vt 0.5 0.5
vt 0.5 0.5
vt 1 0.5
vt 0.8535534143447876 0.1464466154575348
vt 0.5 0
vt 0.1464466154575348 0.1464466154575348
vt 0 0.5
vt 0.1464466154575348 0.8535534143447876
vt 0.5 1
vt 0.8535534143447876 0.8535534143447876
vt 1 0.5
vn 0 -1 2.220446049250313e-16
vn 0.7071067811865476 -0.7071067811865476 1.5700924586837752e-16
vn 1 -6.12323426292584e-17 1.3596311327747835e-32
vn 0.7071067811865476 0.7071067811865476 -1.5700924586837752e-16
vn 1.224646852585168e-16 1 -2.220446049250313e-16
vn -0.7071067811865476 0.7071067811865476 -1.5700924586837752e-16
vn -1 1.8369701465288538e-16 -4.078893104450762e-32
vn -0.7071067811865476 -0.7071067811865476 1.5700924586837752e-16
vn -2.449293705170336e-16 -1 2.220446049250313e-16
vn 0 -1 2.220446049250313e-16
vn 0.7071067811865476 -0.7071067811865476 1.5700924586837752e-16
vn 1 -6.12323426292584e-17 1.3596311327747835e-32
vn 0.7071067811865476 0.7071067811865476 -1.5700924586837752e-16
vn 1.224646852585168e-16 1 -2.220446049250313e-16
vn -0.7071067811865476 0.7071067811865476 -1.5700924586837752e-16
vn -1 1.8369701465288538e-16 -4.078893104450762e-32
vn -0.7071067811865476 -0.7071067811865476 1.5700924586837752e-16
vn -2.449293705170336e-16 -1 2.220446049250313e-16
vn 0 2.220446049250313e-16 1
vn 0 2.220446049250313e-16 1
vn 0 2.220446049250313e-16 1
vn 0 2.220446049250313e-16 1
vn 0 2.220446049250313e-16 1
vn 0 2.220446049250313e-16 1
vn 0 2.220446049250313e-16 1
vn 0 2.220446049250313e-16 1
vn 0 2.220446049250313e-16 1
vn 0 2.220446049250313e-16 1
vn 0 2.220446049250313e-16 1
vn 0 2.220446049250313e-16 1
vn 0 2.220446049250313e-16 1
vn 0 2.220446049250313e-16 1
vn 0 2.220446049250313e-16 1
vn 0 2.220446049250313e-16 1
vn 0 2.220446049250313e-16 1
vn 0 -2.220446049250313e-16 -1
vn 0 -2.220446049250313e-16 -1
vn 0 -2.220446049250313e-16 -1
vn 0 -2.220446049250313e-16 -1
vn 0 -2.220446049250313e-16 -1
vn 0 -2.220446049250313e-16 -1
vn 0 -2.220446049250313e-16 -1
vn 0 -2.220446049250313e-16 -1
vn 0 -2.220446049250313e-16 -1
vn 0 -2.220446049250313e-16 -1
vn 0 -2.220446049250313e-16 -1
vn 0 -2.220446049250313e-16 -1
vn 0 -2.220446049250313e-16 -1
vn 0 -2.220446049250313e-16 -1
vn 0 -2.220446049250313e-16 -1
vn 0 -2.220446049250313e-16 -1
vn 0 -2.220446049250313e-16 -1
f 1141/1141/1141 1150/1150/1150 1142/1142/1142
f 1150/1150/1150 1151/1151/1151 1142/1142/1142
f 1142/1142/1142 1151/1151/1151 1143/1143/1143
f 1151/1151/1151 1152/1152/1152 1143/1143/1143
f 1143/1143/1143 1152/1152/1152 1144/1144/1144
f 1152/1152/1152 1153/1153/1153 1144/1144/1144
f 1144/1144/1144 1153/1153/1153 1145/1145/1145
f 1153/1153/1153 1154/1154/1154 1145/1145/1145
f 1145/1145/1145 1154/1154/1154 1146/1146/1146
f 1154/1154/1154 1155/1155/1155 1146/1146/1146
f 1146/1146/1146 1155/1155/1155 1147/1147/1147
f 1155/1155/1155 1156/1156/1156 1147/1147/1147
f 1147/1147/1147 1156/1156/1156 1148/1148/1148
f 1156/1156/1156 1157/1157/1157 1148/1148/1148
f 1148/1148/1148 1157/1157/1157 1149/1149/1149
f 1157/1157/1157 1158/1158/1158 1149/1149/1149
f 1167/1167/1167 1168/1168/1168 1159/1159/1159
f 1168/1168/1168 1169/1169/1169 1160/1160/1160
f 1169/1169/1169 1170/1170/1170 1161/1161/1161
f 1170/1170/1170 1171/1171/1171 1162/1162/1162
f 1171/1171/1171 1172/1172/1172 1163/1163/1163
f 1172/1172/1172 1173/1173/1173 1164/1164/1164
f 1173/1173/1173 1174/1174/1174 1165/1165/1165
f 1174/1174/1174 1175/1175/1175 1166/1166/1166
f 1185/1185/1185 1184/1184/1184 1176/1176/1176
f 1186/1186/1186 1185/1185/1185 1177/1177/1177
f 1187/1187/1187 1186/1186/1186 1178/1178/1178
f 1188/1188/1188 1187/1187/1187 1179/1179/1179
f 1189/1189/1189 1188/1188/1188 1180/1180/1180
f 1190/1190/1190 1189/1189/1189 1181/1181/1181
f 1191/1191/1191 1190/1190/1190 1182/1182/1182
f 1192/1192/1192 1191/1191/1191 1183/1183/1183
o battleship_engine_i_nacelle
usemtl plate
v 5.107142857142857 -2.8785715614046348 39.92857120718274
v 7.470899837357656 -1.899471265929084 39.92857120718274
v 8.450000132833207 0.4642857142857159 39.92857120718274
v 7.470899837357656 2.828042694500516 39.92857120718274
v 5.107142857142857 3.807142989976067 39.92857120718274
v 2.743385876928057 2.828042694500516 39.92857120718274
v 1.7642855814525058 0.4642857142857167 39.92857120718274
v 2.743385876928057 -1.899471265929084 39.92857120718274
v 5.107142857142856 -2.8785715614046348 39.92857120718274
v 5.107142857142857 -2.4105713878359127 23.21428593567439
v 7.139973849058151 -1.5685452776295816 23.21428593567439
v 7.981999959264482 0.4642857142857122 23.21428593567439
v 7.139973849058151 2.4971167062010067 23.21428593567439
v 5.107142857142857 3.339142816407338 23.21428593567439
v 3.0743118652275627 2.4971167062010067 23.21428593567439
v 2.2322857550212314 0.4642857142857129 23.21428593567439
v 3.0743118652275627 -1.5685452776295816 23.21428593567439
v 5.107142857142856 -2.4105713878359127 23.21428593567439
v 5.107142857142857 0.4642857142857161 39.92857120718274
v 5.107142857142857 0.4642857142857161 39.92857120718274
v 5.107142857142857 0.4642857142857161 39.92857120718274
v 5.107142857142857 0.4642857142857161 39.92857120718274
v 5.107142857142857 0.4642857142857161 39.92857120718274
v 5.107142857142857 0.4642857142857161 39.92857120718274
v 5.107142857142857 0.4642857142857161 39.92857120718274
v 5.107142857142857 0.4642857142857161 39.92857120718274
v 5.107142857142857 -2.8785715614046348 39.92857120718274
v 7.470899837357656 -1.899471265929084 39.92857120718274
v 8.450000132833207 0.4642857142857159 39.92857120718274
v 7.470899837357656 2.828042694500516 39.92857120718274
v 5.107142857142857 3.807142989976067 39.92857120718274
v 2.743385876928057 2.828042694500516 39.92857120718274
v 1.7642855814525058 0.4642857142857167 39.92857120718274
v 2.743385876928057 -1.899471265929084 39.92857120718274
v 5.107142857142856 -2.8785715614046348 39.92857120718274
v 5.107142857142857 0.4642857142857124 23.21428593567439
v 5.107142857142857 0.4642857142857124 23.21428593567439
v 5.107142857142857 0.4642857142857124 23.21428593567439
v 5.107142857142857 0.4642857142857124 23.21428593567439
v 5.107142857142857 0.4642857142857124 23.21428593567439
v 5.107142857142857 0.4642857142857124 23.21428593567439
v 5.107142857142857 0.4642857142857124 23.21428593567439
v 5.107142857142857 0.4642857142857124 23.21428593567439
v 5.107142857142857 -2.4105713878359127 23.21428593567439
v 7.139973849058151 -1.5685452776295816 23.21428593567439
v 7.981999959264482 0.4642857142857122 23.21428593567439
v 7.139973849058151 2.4971167062010067 23.21428593567439
v 5.107142857142857 3.339142816407338 23.21428593567439
v 3.0743118652275627 2.4971167062010067 23.21428593567439
v 2.2322857550212314 0.4642857142857129 23.21428593567439
v 3.0743118652275627 -1.5685452776295816 23.21428593567439
v 5.107142857142856 -2.4105713878359127 23.21428593567439
vt 0 1
vt 0.125 1
vt 0.25 1
vt 0.375 1
vt 0.5 1
vt 0.625 1
vt 0.75 1
vt 0.875 1
vt 1 1
vt 0 0
vt 0.125 0
vt 0.25 0
vt 0.375 0
vt 0.5 0
vt 0.625 0
vt 0.75 0
vt 0.875 0
vt 1 0
vt 0.5 0.5
vt 0.5 0.5
vt 0.5 0.5
vt 0.5 0.5
vt 0.5 0.5
vt 0.5 0.5
vt 0.5 0.5
vt 0.5 0.5
vt 1 0.5
vt 0.8535534143447876 0.8535534143447876
vt 0.5 1
vt 0.1464466154575348 0.8535534143447876
vt 0 0.5
vt 0.1464466154575348 0.1464466154575348
vt 0.5 0
vt 0.8535534143447876 0.1464466154575348
vt 1 0.5
vt 0.5 0.5
vt 0.5 0.5
vt 0.5 0.5
vt 0.5 0.5
vt 0.5 0.5
vt 0.5 0.5
vt 0.5 0.5
vt 0.5 0.5
vt 1 0.5
vt 0.8535534143447876 0.1464466154575348
vt 0.5 0
vt 0.1464466154575348 0.1464466154575348
vt 0 0.5
vt 0.1464466154575348 0.8535534143447876
vt 0.5 1
vt 0.8535534143447876 0.8535534143447876
vt 1 0.5
vn 0 -0.9996082303521829 -0.02798903021144232
vn 0.7068297582403885 -0.7068297582403885 -0.027989028773208257
vn 0.9996082303521829 -6.742316164491801e-17 -0.027989030211442542
vn 0.7068297582403885 0.7068297582403885 -0.027989028773208573
vn 1.2241669697876696e-16 0.9996082303521829 -0.027989030211442764
vn -0.7068297582403885 0.7068297582403885 -0.027989028773208573
vn -0.9996082303521829 1.7741024554750587e-16 -0.027989030211442542
vn -0.7068297582403885 -0.7068297582403885 -0.027989028773208257
vn -2.4483339395753393e-16 -0.9996082303521829 -0.02798903021144232
vn 0 -0.9996082303521829 -0.02798903021144232
vn 0.7068297582403885 -0.7068297582403885 -0.027989028773208257
vn 0.9996082303521829 -6.742316164491801e-17 -0.027989030211442542
vn 0.7068297582403885 0.7068297582403885 -0.027989028773208573
vn 1.2241669697876696e-16 0.9996082303521829 -0.027989030211442764
vn -0.7068297582403885 0.7068297582403885 -0.027989028773208573
vn -0.9996082303521829 1.7741024554750587e-16 -0.027989030211442542
vn -0.7068297582403885 -0.7068297582403885 -0.027989028773208257
vn -2.4483339395753393e-16 -0.9996082303521829 -0.02798903021144232
vn 0 2.220446049250313e-16 1
vn 0 2.220446049250313e-16 1
vn 0 2.220446049250313e-16 1
vn 0 2.220446049250313e-16 1
vn 0 2.220446049250313e-16 1
vn 0 2.220446049250313e-16 1
vn 0 2.220446049250313e-16 1
vn 0 2.220446049250313e-16 1
vn 0 2.220446049250313e-16 1
vn 0 2.220446049250313e-16 1
vn 0 2.220446049250313e-16 1
vn 0 2.220446049250313e-16 1
vn 0 2.220446049250313e-16 1
vn 0 2.220446049250313e-16 1
vn 0 2.220446049250313e-16 1
vn 0 2.220446049250313e-16 1
vn 0 2.220446049250313e-16 1
vn 0 -2.220446049250313e-16 -1
vn 0 -2.220446049250313e-16 -1
vn 0 -2.220446049250313e-16 -1
vn 0 -2.220446049250313e-16 -1
vn 0 -2.220446049250313e-16 -1
vn 0 -2.220446049250313e-16 -1
vn 0 -2.220446049250313e-16 -1
vn 0 -2.220446049250313e-16 -1
vn 0 -2.220446049250313e-16 -1
vn 0 -2.220446049250313e-16 -1
vn 0 -2.220446049250313e-16 -1
vn 0 -2.220446049250313e-16 -1
vn 0 -2.220446049250313e-16 -1
vn 0 -2.220446049250313e-16 -1
vn 0 -2.220446049250313e-16 -1
vn 0 -2.220446049250313e-16 -1
vn 0 -2.220446049250313e-16 -1
f 1193/1193/1193 1202/1202/1202 1194/1194/1194
f 1202/1202/1202 1203/1203/1203 1194/1194/1194
f 1194/1194/1194 1203/1203/1203 1195/1195/1195
f 1203/1203/1203 1204/1204/1204 1195/1195/1195
f 1195/1195/1195 1204/1204/1204 1196/1196/1196
f 1204/1204/1204 1205/1205/1205 1196/1196/1196
f 1196/1196/1196 1205/1205/1205 1197/1197/1197
f 1205/1205/1205 1206/1206/1206 1197/1197/1197
f 1197/1197/1197 1206/1206/1206 1198/1198/1198
f 1206/1206/1206 1207/1207/1207 1198/1198/1198
f 1198/1198/1198 1207/1207/1207 1199/1199/1199
f 1207/1207/1207 1208/1208/1208 1199/1199/1199
f 1199/1199/1199 1208/1208/1208 1200/1200/1200
f 1208/1208/1208 1209/1209/1209 1200/1200/1200
f 1200/1200/1200 1209/1209/1209 1201/1201/1201
f 1209/1209/1209 1210/1210/1210 1201/1201/1201
f 1219/1219/1219 1220/1220/1220 1211/1211/1211
f 1220/1220/1220 1221/1221/1221 1212/1212/1212
f 1221/1221/1221 1222/1222/1222 1213/1213/1213
f 1222/1222/1222 1223/1223/1223 1214/1214/1214
f 1223/1223/1223 1224/1224/1224 1215/1215/1215
f 1224/1224/1224 1225/1225/1225 1216/1216/1216
f 1225/1225/1225 1226/1226/1226 1217/1217/1217
f 1226/1226/1226 1227/1227/1227 1218/1218/1218
f 1237/1237/1237 1236/1236/1236 1228/1228/1228
f 1238/1238/1238 1237/1237/1237 1229/1229/1229
f 1239/1239/1239 1238/1238/1238 1230/1230/1230
f 1240/1240/1240 1239/1239/1239 1231/1231/1231
f 1241/1241/1241 1240/1240/1240 1232/1232/1232
f 1242/1242/1242 1241/1241/1241 1233/1233/1233
f 1243/1243/1243 1242/1242/1242 1234/1234/1234
f 1244/1244/1244 1243/1243/1243 1235/1235/1235
o battleship_engine_i_bell
usemtl thruster
v 5.107142857142857 -1.9425714910030363 40.857142864061245
v 6.809047860758644 -1.2376192893300737 40.857142864061245
v 7.514000062431608 0.4642857142857142 40.857142864061245
v 6.809047860758644 2.166190717901502 40.857142864061245
v 5.107142857142857 2.871142919574465 40.85714286406124
v 3.405237853527069 2.166190717901502 40.857142864061245
v 2.7002856518541063 0.4642857142857148 40.857142864061245
v 3.405237853527069 -1.2376192893300737 40.857142864061245
v 5.107142857142856 -1.9425714910030363 40.857142864061245
v 5.107142857142857 -1.9425714910030363 39.928571421653025
v 6.809047860758644 -1.2376192893300737 39.92857142165302
v 7.514000062431608 0.46428571428571397 39.92857142165302
v 6.809047860758644 2.166190717901502 39.92857142165302
v 5.107142857142857 2.871142919574465 39.92857142165302
v 3.405237853527069 2.166190717901502 39.92857142165302
v 2.7002856518541063 0.4642857142857146 39.92857142165302
v 3.405237853527069 -1.2376192893300737 39.92857142165302
v 5.107142857142856 -1.9425714910030363 39.928571421653025
v 5.107142857142857 0.46428571428571436 40.857142864061245
v 5.107142857142857 0.46428571428571436 40.857142864061245
v 5.107142857142857 0.46428571428571436 40.857142864061245
v 5.107142857142857 0.46428571428571436 40.857142864061245
v 5.107142857142857 0.46428571428571436 40.857142864061245
v 5.107142857142857 0.46428571428571436 40.857142864061245
v 5.107142857142857 0.46428571428571436 40.857142864061245
v 5.107142857142857 0.46428571428571436 40.857142864061245
v 5.107142857142857 -1.9425714910030363 40.857142864061245
v 6.809047860758644 -1.2376192893300737 40.857142864061245
v 7.514000062431608 0.4642857142857142 40.857142864061245
v 6.809047860758644 2.166190717901502 40.857142864061245
v 5.107142857142857 2.871142919574465 40.85714286406124
v 3.405237853527069 2.166190717901502 40.857142864061245
v 2.7002856518541063 0.4642857142857148 40.857142864061245
v 3.405237853527069 -1.2376192893300737 40.857142864061245
v 5.107142857142856 -1.9425714910030363 40.857142864061245
v 5.107142857142857 0.46428571428571414 39.92857142165302
v 5.107142857142857 0.46428571428571414 39.92857142165302
v 5.107142857142857 0.46428571428571414 39.92857142165302
v 5.107142857142857 0.46428571428571414 39.92857142165302
v 5.107142857142857 0.46428571428571414 39.92857142165302
v 5.107142857142857 0.46428571428571414 39.92857142165302
v 5.107142857142857 0.46428571428571414 39.92857142165302
v 5.107142857142857 0.46428571428571414 39.92857142165302
v 5.107142857142857 -1.9425714910030363 39.928571421653025
v 6.809047860758644 -1.2376192893300737 39.92857142165302
v 7.514000062431608 0.46428571428571397 39.92857142165302
v 6.809047860758644 2.166190717901502 39.92857142165302
v 5.107142857142857 2.871142919574465 39.92857142165302
v 3.405237853527069 2.166190717901502 39.92857142165302
v 2.7002856518541063 0.4642857142857146 39.92857142165302
v 3.405237853527069 -1.2376192893300737 39.92857142165302
v 5.107142857142856 -1.9425714910030363 39.928571421653025
vt 0 1
vt 0.125 1
vt 0.25 1
vt 0.375 1
vt 0.5 1
vt 0.625 1
vt 0.75 1
vt 0.875 1
vt 1 1
vt 0 0
vt 0.125 0
vt 0.25 0
vt 0.375 0
vt 0.5 0
vt 0.625 0
vt 0.75 0
vt 0.875 0
vt 1 0
vt 0.5 0.5
vt 0.5 0.5
vt 0.5 0.5
vt 0.5 0.5
vt 0.5 0.5
vt 0.5 0.5
vt 0.5 0.5
vt 0.5 0.5
vt 1 0.5
vt 0.8535534143447876 0.8535534143447876
vt 0.5 1
vt 0.1464466154575348 0.8535534143447876
vt 0 0.5
vt 0.1464466154575348 0.1464466154575348
vt 0.5 0
vt 0.8535534143447876 0.1464466154575348
vt 1 0.5
vt 0.5 0.5
vt 0.5 0.5
vt 0.5 0.5
vt 0.5 0.5
vt 0.5 0.5
vt 0.5 0.5
vt 0.5 0.5
vt 0.5 0.5
vt 1 0.5
vt 0.8535534143447876 0.1464466154575348
vt 0.5 0
vt 0.1464466154575348 0.1464466154575348
vt 0 0.5
vt 0.1464466154575348 0.8535534143447876
vt 0.5 1
vt 0.8535534143447876 0.8535534143447876
vt 1 0.5
vn 0 -1 2.220446049250313e-16
vn 0.7071067811865476 -0.7071067811865476 1.5700924586837752e-16
vn 1 -6.12323426292584e-17 1.3596311327747835e-32
vn 0.7071067811865476 0.7071067811865476 -1.5700924586837752e-16
vn 1.224646852585168e-16 1 -2.220446049250313e-16
vn -0.7071067811865476 0.7071067811865476 -1.5700924586837752e-16
vn -1 1.8369701465288538e-16 -4.078893104450762e-32
vn -0.7071067811865476 -0.7071067811865476 1.5700924586837752e-16
vn -2.449293705170336e-16 -1 2.220446049250313e-16
vn 0 -1 2.220446049250313e-16
vn 0.7071067811865476 -0.7071067811865476 1.5700924586837752e-16
vn 1 -6.12323426292584e-17 1.3596311327747835e-32
vn 0.7071067811865476 0.7071067811865476 -1.5700924586837752e-16
vn 1.224646852585168e-16 1 -2.220446049250313e-16
vn -0.7071067811865476 0.7071067811865476 -1.5700924586837752e-16
vn -1 1.8369701465288538e-16 -4.078893104450762e-32
vn -0.7071067811865476 -0.7071067811865476 1.5700924586837752e-16
vn -2.449293705170336e-16 -1 2.220446049250313e-16
vn 0 2.220446049250313e-16 1
vn 0 2.220446049250313e-16 1
vn 0 2.220446049250313e-16 1
vn 0 2.220446049250313e-16 1
vn 0 2.220446049250313e-16 1
vn 0 2.220446049250313e-16 1
vn 0 2.220446049250313e-16 1
vn 0 2.220446049250313e-16 1
vn 0 2.220446049250313e-16 1
vn 0 2.220446049250313e-16 1
vn 0 2.220446049250313e-16 1
vn 0 2.220446049250313e-16 1
vn 0 2.220446049250313e-16 1
vn 0 2.220446049250313e-16 1
vn 0 2.220446049250313e-16 1
vn 0 2.220446049250313e-16 1
vn 0 2.220446049250313e-16 1
vn 0 -2.220446049250313e-16 -1
vn 0 -2.220446049250313e-16 -1
vn 0 -2.220446049250313e-16 -1
vn 0 -2.220446049250313e-16 -1
vn 0 -2.220446049250313e-16 -1
vn 0 -2.220446049250313e-16 -1
vn 0 -2.220446049250313e-16 -1
vn 0 -2.220446049250313e-16 -1
vn 0 -2.220446049250313e-16 -1
vn 0 -2.220446049250313e-16 -1
vn 0 -2.220446049250313e-16 -1
vn 0 -2.220446049250313e-16 -1
vn 0 -2.220446049250313e-16 -1
vn 0 -2.220446049250313e-16 -1
vn 0 -2.220446049250313e-16 -1
vn 0 -2.220446049250313e-16 -1
vn 0 -2.220446049250313e-16 -1
f 1245/1245/1245 1254/1254/1254 1246/1246/1246
f 1254/1254/1254 1255/1255/1255 1246/1246/1246
f 1246/1246/1246 1255/1255/1255 1247/1247/1247
f 1255/1255/1255 1256/1256/1256 1247/1247/1247
f 1247/1247/1247 1256/1256/1256 1248/1248/1248
f 1256/1256/1256 1257/1257/1257 1248/1248/1248
f 1248/1248/1248 1257/1257/1257 1249/1249/1249
f 1257/1257/1257 1258/1258/1258 1249/1249/1249
f 1249/1249/1249 1258/1258/1258 1250/1250/1250
f 1258/1258/1258 1259/1259/1259 1250/1250/1250
f 1250/1250/1250 1259/1259/1259 1251/1251/1251
f 1259/1259/1259 1260/1260/1260 1251/1251/1251
f 1251/1251/1251 1260/1260/1260 1252/1252/1252
f 1260/1260/1260 1261/1261/1261 1252/1252/1252
f 1252/1252/1252 1261/1261/1261 1253/1253/1253
f 1261/1261/1261 1262/1262/1262 1253/1253/1253
f 1271/1271/1271 1272/1272/1272 1263/1263/1263
f 1272/1272/1272 1273/1273/1273 1264/1264/1264
f 1273/1273/1273 1274/1274/1274 1265/1265/1265
f 1274/1274/1274 1275/1275/1275 1266/1266/1266
f 1275/1275/1275 1276/1276/1276 1267/1267/1267
f 1276/1276/1276 1277/1277/1277 1268/1268/1268
f 1277/1277/1277 1278/1278/1278 1269/1269/1269
f 1278/1278/1278 1279/1279/1279 1270/1270/1270
f 1289/1289/1289 1288/1288/1288 1280/1280/1280
f 1290/1290/1290 1289/1289/1289 1281/1281/1281
f 1291/1291/1291 1290/1290/1290 1282/1282/1282
f 1292/1292/1292 1291/1291/1291 1283/1283/1283
f 1293/1293/1293 1292/1292/1292 1284/1284/1284
f 1294/1294/1294 1293/1293/1293 1285/1285/1285
f 1295/1295/1295 1294/1294/1294 1286/1286/1286
f 1296/1296/1296 1295/1295/1295 1287/1287/1287
o battleship_belt
usemtl accent
v 19.03571431338787 1.7642857080591574 24.14285625730242
v 19.03571431338787 1.7642857080591574 -24.14285625730242
v 19.03571431338787 1.2071428633694137 24.14285625730242
v 19.03571431338787 1.2071428633694137 -24.14285625730242
v 15.321428543754985 1.7642857080591574 -24.14285625730242
v 15.321428543754985 1.7642857080591574 24.14285625730242
v 15.321428543754985 1.2071428633694137 -24.14285625730242
v 15.321428543754985 1.2071428633694137 24.14285625730242
v 15.321428543754985 1.7642857080591574 -24.14285625730242
v 19.03571431338787 1.7642857080591574 -24.14285625730242
v 15.321428543754985 1.7642857080591574 24.14285625730242
v 19.03571431338787 1.7642857080591574 24.14285625730242
v 15.321428543754985 1.2071428633694137 24.14285625730242
v 19.03571431338787 1.2071428633694137 24.14285625730242
v 15.321428543754985 1.2071428633694137 -24.14285625730242
v 19.03571431338787 1.2071428633694137 -24.14285625730242
v 15.321428543754985 1.7642857080591574 24.14285625730242
v 19.03571431338787 1.7642857080591574 24.14285625730242
v 15.321428543754985 1.2071428633694137 24.14285625730242
v 19.03571431338787 1.2071428633694137 24.14285625730242
v 19.03571431338787 1.7642857080591574 -24.14285625730242
v 15.321428543754985 1.7642857080591574 -24.14285625730242
v 19.03571431338787 1.2071428633694137 -24.14285625730242
v 15.321428543754985 1.2071428633694137 -24.14285625730242
vt 0 1
vt 1 1
vt 0 0
vt 1 0
vt 0 1
vt 1 1
vt 0 0
vt 1 0
vt 0 1
vt 1 1
vt 0 0
vt 1 0
vt 0 1
vt 1 1
vt 0 0
vt 1 0
vt 0 1
vt 1 1
vt 0 0
vt 1 0
vt 0 1
vt 1 1
vt 0 0
vt 1 0
vn 1 0 0
vn 1 0 0
vn 1 0 0
vn 1 0 0
vn -1 0 0
vn -1 0 0
vn -1 0 0
vn -1 0 0
vn 0 1 0
vn 0 1 0
vn 0 1 0
vn 0 1 0
vn 0 -1 0
vn 0 -1 0
vn 0 -1 0
vn 0 -1 0
vn 0 0 1
vn 0 0 1
vn 0 0 1
vn 0 0 1
vn 0 0 -1
vn 0 0 -1
vn 0 0 -1
vn 0 0 -1
f 1297/1297/1297 1299/1299/1299 1298/1298/1298
f 1299/1299/1299 1300/1300/1300 1298/1298/1298
f 1301/1301/1301 1303/1303/1303 1302/1302/1302
f 1303/1303/1303 1304/1304/1304 1302/1302/1302
f 1305/1305/1305 1307/1307/1307 1306/1306/1306
f 1307/1307/1307 1308/1308/1308 1306/1306/1306
f 1309/1309/1309 1311/1311/1311 1310/1310/1310
f 1311/1311/1311 1312/1312/1312 1310/1310/1310
f 1313/1313/1313 1315/1315/1315 1314/1314/1314
f 1315/1315/1315 1316/1316/1316 1314/1314/1314
f 1317/1317/1317 1319/1319/1319 1318/1318/1318
f 1319/1319/1319 1320/1320/1320 1318/1318/1318
o battleship_armour
usemtl plate
v 19.77857149498803 4.178571373224258 20.428570543016704
v 19.77857149498803 4.178571373224258 -18.57142768587385
v 19.77857149498803 -2.321428516081401 20.428570543016704
v 19.77857149498803 -2.321428516081401 -18.57142768587385
v 16.43571421929768 4.178571373224258 -18.57142768587385
v 16.43571421929768 4.178571373224258 20.428570543016704
v 16.43571421929768 -2.321428516081401 -18.57142768587385
v 16.43571421929768 -2.321428516081401 20.428570543016704
v 16.43571421929768 4.178571373224258 -18.57142768587385
v 19.77857149498803 4.178571373224258 -18.57142768587385
v 16.43571421929768 4.178571373224258 20.428570543016704
v 19.77857149498803 4.178571373224258 20.428570543016704
v 16.43571421929768 -2.321428516081401 20.428570543016704
v 19.77857149498803 -2.321428516081401 20.428570543016704
v 16.43571421929768 -2.321428516081401 -18.57142768587385
v 19.77857149498803 -2.321428516081401 -18.57142768587385
v 16.43571421929768 4.178571373224258 20.428570543016704
v 19.77857149498803 4.178571373224258 20.428570543016704
v 16.43571421929768 -2.321428516081401 20.428570543016704
v 19.77857149498803 -2.321428516081401 20.428570543016704
v 19.77857149498803 4.178571373224258 -18.57142768587385
v 16.43571421929768 4.178571373224258 -18.57142768587385
v 19.77857149498803 -2.321428516081401 -18.57142768587385
v 16.43571421929768 -2.321428516081401 -18.57142768587385
vt 0 1
vt 1 1
vt 0 0
vt 1 0
vt 0 1
vt 1 1
vt 0 0
vt 1 0
vt 0 1
vt 1 1
vt 0 0
vt 1 0
vt 0 1
vt 1 1
vt 0 0
vt 1 0
vt 0 1
vt 1 1
vt 0 0
vt 1 0
vt 0 1
vt 1 1
vt 0 0
vt 1 0
vn 1 0 0
vn 1 0 0
vn 1 0 0
vn 1 0 0
vn -1 0 0
vn -1 0 0
vn -1 0 0
vn -1 0 0
vn 0 1 0
vn 0 1 0
vn 0 1 0
vn 0 1 0
vn 0 -1 0
vn 0 -1 0
vn 0 -1 0
vn 0 -1 0
vn 0 0 1
vn 0 0 1
vn 0 0 1
vn 0 0 1
vn 0 0 -1
vn 0 0 -1
vn 0 0 -1
vn 0 0 -1
f 1321/1321/1321 1323/1323/1323 1322/1322/1322
f 1323/1323/1323 1324/1324/1324 1322/1322/1322
f 1325/1325/1325 1327/1327/1327 1326/1326/1326
f 1327/1327/1327 1328/1328/1328 1326/1326/1326
f 1329/1329/1329 1331/1331/1331 1330/1330/1330
f 1331/1331/1331 1332/1332/1332 1330/1330/1330
f 1333/1333/1333 1335/1335/1335 1334/1334/1334
f 1335/1335/1335 1336/1336/1336 1334/1334/1334
f 1337/1337/1337 1339/1339/1339 1338/1338/1338
f 1339/1339/1339 1340/1340/1340 1338/1338/1338
f 1341/1341/1341 1343/1343/1343 1342/1342/1342
f 1343/1343/1343 1344/1344/1344 1342/1342/1342
