mtllib Bomber.mtl
o bomber_hull
usemtl hull
v -3.5454544154080483 -1.118181808428331 -6.000000130046498
v 0 -1.118181808428331 -7.363636493682862
v 3.5454544154080483 -1.118181808428331 -6.000000130046498
v -7.363636493682862 -1.118181808428331 6.272727142680775
v -8.45454519445246 -1.118181808428331 4.636363766410135
v -3.5454544154080483 -1.118181808428331 -6.000000130046498
v 8.45454519445246 -1.118181808428331 4.636363766410135
v 7.363636493682862 -1.118181808428331 6.272727142680775
v 0 -1.118181808428331 6.272727142680775
v -3.5454544154080483 -1.118181808428331 -6.000000130046498
v 3.5454544154080483 -1.118181808428331 -6.000000130046498
v 8.45454519445246 -1.118181808428331 4.636363766410135
v 0 -1.118181808428331 6.272727142680775
v -7.363636493682862 -1.118181808428331 6.272727142680775
v -3.5454544154080483 -1.118181808428331 -6.000000130046498
v -3.5454544154080483 -1.118181808428331 -6.000000130046498
v 8.45454519445246 -1.118181808428331 4.636363766410135
v 0 -1.118181808428331 6.272727142680775
v 3.5454544154080483 0.6818181411786514 -6.000000130046498
v 0 0.6818181411786514 -7.363636493682862
v -3.5454544154080483 0.6818181411786514 -6.000000130046498
v -3.5454544154080483 0.6818181411786514 -6.000000130046498
v -8.45454519445246 0.6818181411786514 4.636363766410135
v -7.363636493682862 0.6818181411786514 6.272727142680775
v 0 0.6818181411786514 6.272727142680775
v 7.363636493682862 0.6818181411786514 6.272727142680775
v 8.45454519445246 0.6818181411786514 4.636363766410135
v 8.45454519445246 0.6818181411786514 4.636363766410135
v 3.5454544154080483 0.6818181411786514 -6.000000130046498
v -3.5454544154080483 0.6818181411786514 -6.000000130046498
v -3.5454544154080483 0.6818181411786514 -6.000000130046498
v -7.363636493682862 0.6818181411786514 6.272727142680775
v 0 0.6818181411786514 6.272727142680775
v 0 0.6818181411786514 6.272727142680775
v 8.45454519445246 0.6818181411786514 4.636363766410135
v -3.5454544154080483 0.6818181411786514 -6.000000130046498
v -3.5454544154080483 -1.118181808428331 -6.000000130046498
v -8.45454519445246 -1.118181808428331 4.636363766410135
v -3.7064402753656562 -0.900000035762787 -6.171845522793857
v -8.45454519445246 -1.118181808428331 4.636363766410135
v -8.703813119368121 -0.900000035762787 4.655795314095237
v -3.7064402753656562 -0.900000035762787 -6.171845522793857
v -3.7064402753656562 -0.900000035762787 -6.171845522793857
v -8.703813119368121 -0.900000035762787 4.655795314095237
v -3.7064402753656562 0.46363636851310736 -6.171845522793857
v -8.703813119368121 -0.900000035762787 4.655795314095237
v -8.703813119368121 0.46363636851310736 4.655795314095237
v -3.7064402753656562 0.46363636851310736 -6.171845522793857
v -3.7064402753656562 0.46363636851310736 -6.171845522793857
v -8.703813119368121 0.46363636851310736 4.655795314095237
v -3.5454544154080483 0.6818181411786514 -6.000000130046498
v -8.703813119368121 0.46363636851310736 4.655795314095237
v -8.45454519445246 0.6818181411786514 4.636363766410135
v -3.5454544154080483 0.6818181411786514 -6.000000130046498
v -8.45454519445246 -1.118181808428331 4.636363766410135
v -7.363636493682862 -1.118181808428331 6.272727142680775
v -8.703813119368121 -0.900000035762787 4.655795314095237
v -7.363636493682862 -1.118181808428331 6.272727142680775
v -7.480403943495317 -0.900000035762787 6.4909094030206855
v -8.703813119368121 -0.900000035762787 4.655795314095237
v -8.703813119368121 -0.900000035762787 4.655795314095237
v -7.480403943495317 -0.900000035762787 6.4909094030206855
v -8.703813119368121 0.46363636851310736 4.655795314095237
v -7.480403943495317 -0.900000035762787 6.4909094030206855
v -7.480403943495317 0.46363636851310736 6.4909094030206855
v -8.703813119368121 0.46363636851310736 4.655795314095237
v -8.703813119368121 0.46363636851310736 4.655795314095237
v -7.480403943495317 0.46363636851310736 6.4909094030206855
v -8.45454519445246 0.6818181411786514 4.636363766410135
v -7.480403943495317 0.46363636851310736 6.4909094030206855
v -7.363636493682862 0.6818181411786514 6.272727142680775
v -8.45454519445246 0.6818181411786514 4.636363766410135
v -7.363636493682862 -1.118181808428331 6.272727142680775
v 0 -1.118181808428331 6.272727142680775
v -7.480403943495317 -0.900000035762787 6.4909094030206855
v 0 -1.118181808428331 6.272727142680775
v 0 -0.900000035762787 6.4909094030206855
v -7.480403943495317 -0.900000035762787 6.4909094030206855
v -7.480403943495317 -0.900000035762787 6.4909094030206855
v 0 -0.900000035762787 6.4909094030206855
v -7.480403943495317 0.46363636851310736 6.4909094030206855
v 0 -0.900000035762787 6.4909094030206855
v 0 0.46363636851310736 6.4909094030206855
v -7.480403943495317 0.46363636851310736 6.4909094030206855
v -7.480403943495317 0.46363636851310736 6.4909094030206855
v 0 0.46363636851310736 6.4909094030206855
v -7.363636493682862 0.6818181411786514 6.272727142680775
v 0 0.46363636851310736 6.4909094030206855
v 0 0.6818181411786514 6.272727142680775
v -7.363636493682862 0.6818181411786514 6.272727142680775
v 0 -1.118181808428331 6.272727142680775
v 7.363636493682862 -1.118181808428331 6.272727142680775
v 0 -0.900000035762787 6.4909094030206855
v 7.363636493682862 -1.118181808428331 6.272727142680775
v 7.480403943495317 -0.900000035762787 6.4909094030206855
v 0 -0.900000035762787 6.4909094030206855
v 0 -0.900000035762787 6.4909094030206855
v 7.480403943495317 -0.900000035762787 6.4909094030206855
v 0 0.46363636851310736 6.4909094030206855
v 7.480403943495317 -0.900000035762787 6.4909094030206855
v 7.480403943495317 0.46363636851310736 6.4909094030206855
v 0 0.46363636851310736 6.4909094030206855
v 0 0.46363636851310736 6.4909094030206855
v 7.480403943495317 0.46363636851310736 6.4909094030206855
v 0 0.6818181411786514 6.272727142680775
v 7.480403943495317 0.46363636851310736 6.4909094030206855
v 7.363636493682862 0.6818181411786514 6.272727142680775
v 0 0.6818181411786514 6.272727142680775
v 7.363636493682862 -1.118181808428331 6.272727142680775
v 8.45454519445246 -1.118181808428331 4.636363766410135
v 7.480403943495317 -0.900000035762787 6.4909094030206855
v 8.45454519445246 -1.118181808428331 4.636363766410135
v 8.703813119368121 -0.900000035762787 4.655795314095237
v 7.480403943495317 -0.900000035762787 6.4909094030206855
v 7.480403943495317 -0.900000035762787 6.4909094030206855
v 8.703813119368121 -0.900000035762787 4.655795314095237
v 7.480403943495317 0.46363636851310736 6.4909094030206855
v 8.703813119368121 -0.900000035762787 4.655795314095237
v 8.703813119368121 0.46363636851310736 4.655795314095237
v 7.480403943495317 0.46363636851310736 6.4909094030206855
v 7.480403943495317 0.46363636851310736 6.4909094030206855
v 8.703813119368121 0.46363636851310736 4.655795314095237
v 7.363636493682862 0.6818181411786514 6.272727142680775
v 8.703813119368121 0.46363636851310736 4.655795314095237
v 8.45454519445246 0.6818181411786514 4.636363766410135
v 7.363636493682862 0.6818181411786514 6.272727142680775
v 8.45454519445246 -1.118181808428331 4.636363766410135
v 3.5454544154080483 -1.118181808428331 -6.000000130046498
v 8.703813119368121 -0.900000035762787 4.655795314095237
v 3.5454544154080483 -1.118181808428331 -6.000000130046498
v 3.7064402753656562 -0.900000035762787 -6.171845522793857
v 8.703813119368121 -0.900000035762787 4.655795314095237
v 8.703813119368121 -0.900000035762787 4.655795314095237
v 3.7064402753656562 -0.900000035762787 -6.171845522793857
v 8.703813119368121 0.46363636851310736 4.655795314095237
v 3.7064402753656562 -0.900000035762787 -6.171845522793857
v 3.7064402753656562 0.46363636851310736 -6.171845522793857
v 8.703813119368121 0.46363636851310736 4.655795314095237
v 8.703813119368121 0.46363636851310736 4.655795314095237
v 3.7064402753656562 0.46363636851310736 -6.171845522793857
v 8.45454519445246 0.6818181411786514 4.636363766410135
v 3.7064402753656562 0.46363636851310736 -6.171845522793857
v 3.5454544154080483 0.6818181411786514 -6.000000130046498
v 8.45454519445246 0.6818181411786514 4.636363766410135
v 3.5454544154080483 -1.118181808428331 -6.000000130046498
v 0 -1.118181808428331 -7.363636493682862
v 3.7064402753656562 -0.900000035762787 -6.171845522793857
v 0 -1.118181808428331 -7.363636493682862
v 0 -0.900000035762787 -7.597399624911223
v 3.7064402753656562 -0.900000035762787 -6.171845522793857
v 3.7064402753656562 -0.900000035762787 -6.171845522793857
v 0 -0.900000035762787 -7.597399624911223
v 3.7064402753656562 0.46363636851310736 -6.171845522793857
v 0 -0.900000035762787 -7.597399624911223
v 0 0.46363636851310736 -7.597399624911223
v 3.7064402753656562 0.46363636851310736 -6.171845522793857
v 3.7064402753656562 0.46363636851310736 -6.171845522793857
v 0 0.46363636851310736 -7.597399624911223
v 3.5454544154080483 0.6818181411786514 -6.000000130046498
v 0 0.46363636851310736 -7.597399624911223
v 0 0.6818181411786514 -7.363636493682862
v 3.5454544154080483 0.6818181411786514 -6.000000130046498
v 0 -1.118181808428331 -7.363636493682862
v -3.5454544154080483 -1.118181808428331 -6.000000130046498
v 0 -0.900000035762787 -7.597399624911223
v -3.5454544154080483 -1.118181808428331 -6.000000130046498
v -3.7064402753656562 -0.900000035762787 -6.171845522793857
v 0 -0.900000035762787 -7.597399624911223
v 0 -0.900000035762787 -7.597399624911223
v -3.7064402753656562 -0.900000035762787 -6.171845522793857
v 0 0.46363636851310736 -7.597399624911223
v -3.7064402753656562 -0.900000035762787 -6.171845522793857
v -3.7064402753656562 0.46363636851310736 -6.171845522793857
v 0 0.46363636851310736 -7.597399624911223
v 0 0.46363636851310736 -7.597399624911223
v -3.7064402753656562 0.46363636851310736 -6.171845522793857
v 0 0.6818181411786514 -7.363636493682862
v -3.7064402753656562 0.46363636851310736 -6.171845522793857
v -3.5454544154080483 0.6818181411786514 -6.000000130046498
v 0 0.6818181411786514 -7.363636493682862
vt -1.2999999523162842 2.200000047683716
vt 0 2.700000047683716
vt 1.2999999523162842 2.200000047683716
vt -2.700000047683716 -2.299999952316284
vt -3.0999999046325684 -1.7000000476837158
vt -1.2999999523162842 2.200000047683716
vt 3.0999999046325684 -1.7000000476837158
vt 2.700000047683716 -2.299999952316284
vt 0 -2.299999952316284
vt -1.2999999523162842 2.200000047683716
vt 1.2999999523162842 2.200000047683716
vt 3.0999999046325684 -1.7000000476837158
vt 0 -2.299999952316284
vt -2.700000047683716 -2.299999952316284
vt -1.2999999523162842 2.200000047683716
vt -1.2999999523162842 2.200000047683716
vt 3.0999999046325684 -1.7000000476837158
vt 0 -2.299999952316284
vt 1.2999999523162842 2.200000047683716
vt 0 2.700000047683716
vt -1.2999999523162842 2.200000047683716
vt -1.2999999523162842 2.200000047683716
vt -3.0999999046325684 -1.7000000476837158
vt -2.700000047683716 -2.299999952316284
vt 0 -2.299999952316284
vt 2.700000047683716 -2.299999952316284
vt 3.0999999046325684 -1.7000000476837158
vt 3.0999999046325684 -1.7000000476837158
vt 1.2999999523162842 2.200000047683716
vt -1.2999999523162842 2.200000047683716
vt -1.2999999523162842 2.200000047683716
vt -2.700000047683716 -2.299999952316284
vt 0 -2.299999952316284
vt 0 -2.299999952316284
vt 3.0999999046325684 -1.7000000476837158
vt -1.2999999523162842 2.200000047683716
vt 2.200000047683716 1.0800000429153442
vt -1.7000000476837158 1.0800000429153442
vt 2.263010025024414 1
vt -1.7000000476837158 1.0800000429153442
vt -1.707124948501587 1
vt 2.263010025024414 1
vt 2.263010025024414 1
vt -1.707124948501587 1
vt 2.263010025024414 0.5
vt -1.707124948501587 1
vt -1.707124948501587 0.5
vt 2.263010025024414 0.5
vt 2.263010025024414 0.5
vt -1.707124948501587 0.5
vt 2.200000047683716 0.41999998688697815
vt -1.707124948501587 0.5
vt -1.7000000476837158 0.41999998688697815
vt 2.200000047683716 0.41999998688697815
vt -1.7000000476837158 1.0800000429153442
vt -2.299999952316284 1.0800000429153442
vt -1.707124948501587 1
vt -2.299999952316284 1.0800000429153442
vt -2.380000114440918 1
vt -1.707124948501587 1
vt -1.707124948501587 1
vt -2.380000114440918 1
vt -1.707124948501587 0.5
vt -2.380000114440918 1
vt -2.380000114440918 0.5
vt -1.707124948501587 0.5
vt -1.707124948501587 0.5
vt -2.380000114440918 0.5
vt -1.7000000476837158 0.41999998688697815
vt -2.380000114440918 0.5
vt -2.299999952316284 0.41999998688697815
vt -1.7000000476837158 0.41999998688697815
vt -2.700000047683716 1.0800000429153442
vt 0 1.0800000429153442
vt -2.742814779281616 1
vt 0 1.0800000429153442
vt 0 1
vt -2.742814779281616 1
vt -2.742814779281616 1
vt 0 1
vt -2.742814779281616 0.5
vt 0 1
vt 0 0.5
vt -2.742814779281616 0.5
vt -2.742814779281616 0.5
vt 0 0.5
vt -2.700000047683716 0.41999998688697815
vt 0 0.5
vt 0 0.41999998688697815
vt -2.700000047683716 0.41999998688697815
vt 0 1.0800000429153442
vt 2.700000047683716 1.0800000429153442
vt 0 1
vt 2.700000047683716 1.0800000429153442
vt 2.742814779281616 1
vt 0 1
vt 0 1
vt 2.742814779281616 1
vt 0 0.5
vt 2.742814779281616 1
vt 2.742814779281616 0.5
vt 0 0.5
vt 0 0.5
vt 2.742814779281616 0.5
vt 0 0.41999998688697815
vt 2.742814779281616 0.5
vt 2.700000047683716 0.41999998688697815
vt 0 0.41999998688697815
vt -2.299999952316284 1.0800000429153442
vt -1.7000000476837158 1.0800000429153442
vt -2.380000114440918 1
vt -1.7000000476837158 1.0800000429153442
vt -1.707124948501587 1
vt -2.380000114440918 1
vt -2.380000114440918 1
vt -1.707124948501587 1
vt -2.380000114440918 0.5
vt -1.707124948501587 1
vt -1.707124948501587 0.5
vt -2.380000114440918 0.5
vt -2.380000114440918 0.5
vt -1.707124948501587 0.5
vt -2.299999952316284 0.41999998688697815
vt -1.707124948501587 0.5
vt -1.7000000476837158 0.41999998688697815
vt -2.299999952316284 0.41999998688697815
vt -1.7000000476837158 1.0800000429153442
vt 2.200000047683716 1.0800000429153442
vt -1.707124948501587 1
vt 2.200000047683716 1.0800000429153442
vt 2.263010025024414 1
vt -1.707124948501587 1
vt -1.707124948501587 1
vt 2.263010025024414 1
vt -1.707124948501587 0.5
vt 2.263010025024414 1
vt 2.263010025024414 0.5
vt -1.707124948501587 0.5
vt -1.707124948501587 0.5
vt 2.263010025024414 0.5
vt -1.7000000476837158 0.41999998688697815
vt 2.263010025024414 0.5
vt 2.200000047683716 0.41999998688697815
vt -1.7000000476837158 0.41999998688697815
vt 1.2999999523162842 1.0800000429153442
vt 0 1.0800000429153442
vt 1.3590281009674072 1
vt 0 1.0800000429153442
vt 0 1
vt 1.3590281009674072 1
vt 1.3590281009674072 1
vt 0 1
vt 1.3590281009674072 0.5
vt 0 1
vt 0 0.5
vt 1.3590281009674072 0.5
vt 1.3590281009674072 0.5
vt 0 0.5
vt 1.2999999523162842 0.41999998688697815
vt 0 0.5
vt 0 0.41999998688697815
vt 1.2999999523162842 0.41999998688697815
vt 0 1.0800000429153442
vt -1.2999999523162842 1.0800000429153442
vt 0 1
vt -1.2999999523162842 1.0800000429153442
vt -1.3590281009674072 1
vt 0 1
vt 0 1
vt -1.3590281009674072 1
vt 0 0.5
vt -1.3590281009674072 1
vt -1.3590281009674072 0.5
vt 0 0.5
vt 0 0.5
vt -1.3590281009674072 0.5
vt 0 0.41999998688697815
vt -1.3590281009674072 0.5
vt -1.2999999523162842 0.41999998688697815
vt 0 0.41999998688697815
vn 0 -1 -6.123234262925839e-17
vn 0 -1 -6.123234262925839e-17
vn 0 -1 -6.123234262925839e-17
vn 0 -1 -6.123234262925839e-17
vn 0 -1 -6.123234262925839e-17
vn 0 -1 -6.123234262925839e-17
vn 0 -1 -6.123234262925839e-17
vn 0 -1 -6.123234262925839e-17
vn 0 -1 -6.123234262925839e-17
vn 0 -1 -6.123234262925839e-17
vn 0 -1 -6.123234262925839e-17
vn 0 -1 -6.123234262925839e-17
vn 0 -1 -6.123234262925839e-17
vn 0 -1 -6.123234262925839e-17
vn 0 -1 -6.123234262925839e-17
vn 0 -1 -6.123234262925839e-17
vn 0 -1 -6.123234262925839e-17
vn 0 -1 -6.123234262925839e-17
vn 0 1 6.123234262925839e-17
vn 0 1 6.123234262925839e-17
vn 0 1 6.123234262925839e-17
vn 0 1 6.123234262925839e-17
vn 0 1 6.123234262925839e-17
vn 0 1 6.123234262925839e-17
vn 0 1 6.123234262925839e-17
vn 0 1 6.123234262925839e-17
vn 0 1 6.123234262925839e-17
vn 0 1 6.123234262925839e-17
vn 0 1 6.123234262925839e-17
vn 0 1 6.123234262925839e-17
vn 0 1 6.123234262925839e-17
vn 0 1 6.123234262925839e-17
vn 0 1 6.123234262925839e-17
vn 0 1 6.123234262925839e-17
vn 0 1 6.123234262925839e-17
vn 0 1 6.123234262925839e-17
vn -0.6420242090444153 -0.7071068176850213 -0.2963188542503755
vn -0.6420242090444153 -0.7071068176850213 -0.2963188542503755
vn -0.6420242090444153 -0.7071068176850213 -0.2963188542503755
vn -0.6420236684857643 -0.7071074091972662 -0.29631861393171266
vn -0.6420236684857643 -0.7071074091972662 -0.29631861393171266
vn -0.6420236684857643 -0.7071074091972662 -0.29631861393171266
vn -0.9079593888617671 2.565991151915606e-17 -0.4190581680122303
vn -0.9079593888617671 2.565991151915606e-17 -0.4190581680122303
vn -0.9079593888617671 2.565991151915606e-17 -0.4190581680122303
vn -0.9079593888617671 2.565991151915606e-17 -0.4190581680122303
vn -0.9079593888617671 2.565991151915606e-17 -0.4190581680122303
vn -0.9079593888617671 2.565991151915606e-17 -0.4190581680122303
vn -0.6420241526189209 0.7071068807910887 -0.2963188259153533
vn -0.6420241526189209 0.7071068807910887 -0.2963188259153533
vn -0.6420241526189209 0.7071068807910887 -0.2963188259153533
vn -0.6420236177299186 0.7071074785477365 -0.29631855841112914
vn -0.6420236177299186 0.7071074785477365 -0.29631855841112914
vn -0.6420236177299186 0.7071074785477365 -0.29631855841112914
vn -0.5883480321852177 -0.7071073068983006 0.39223188237930706
vn -0.5883480321852177 -0.7071073068983006 0.39223188237930706
vn -0.5883480321852177 -0.7071073068983006 0.39223188237930706
vn -0.5883480432273541 -0.7071072605646692 0.39223194934537475
vn -0.5883480432273541 -0.7071072605646692 0.39223194934537475
vn -0.5883480432273541 -0.7071072605646692 0.39223194934537475
vn -0.8320503310176237 -3.396558804969566e-17 0.5547001412055553
vn -0.8320503310176237 -3.396558804969566e-17 0.5547001412055553
vn -0.8320503310176237 -3.396558804969566e-17 0.5547001412055553
vn -0.8320503310176237 -3.396558804969566e-17 0.5547001412055553
vn -0.8320503310176237 -3.396558804969566e-17 0.5547001412055553
vn -0.8320503310176237 -3.396558804969566e-17 0.5547001412055553
vn -0.5883479684158882 0.7071073614976097 0.3922318796028514
vn -0.5883479684158882 0.7071073614976097 0.3922318796028514
vn -0.5883479684158882 0.7071073614976097 0.3922318796028514
vn -0.588347961538441 0.7071073532319341 0.39223190482020964
vn -0.588347961538441 0.7071073532319341 0.39223190482020964
vn -0.588347961538441 0.7071073532319341 0.39223190482020964
vn 0 -0.7071074964419353 0.7071060659304362
vn 0 -0.7071074964419353 0.7071060659304362
vn 0 -0.7071074964419353 0.7071060659304362
vn 0 -0.7071075262441959 0.7071060361281138
vn 0 -0.7071075262441959 0.7071060361281138
vn 0 -0.7071075262441959 0.7071060361281138
vn 0 -6.123234262925839e-17 1
vn 0 -6.123234262925839e-17 1
vn 0 -6.123234262925839e-17 1
vn 0 -6.123234262925839e-17 1
vn 0 -6.123234262925839e-17 1
vn 0 -6.123234262925839e-17 1
vn 0 0.7071075560465184 0.7071060063257277
vn 0 0.7071075560465184 0.7071060063257277
vn 0 0.7071075560465184 0.7071060063257277
vn 0 0.7071075560465184 0.7071060063257277
vn 0 0.7071075560465184 0.7071060063257277
vn 0 0.7071075560465184 0.7071060063257277
vn 0 -0.7071074964419353 0.7071060659304362
vn 0 -0.7071074964419353 0.7071060659304362
vn 0 -0.7071074964419353 0.7071060659304362
vn 0 -0.7071075262441959 0.7071060361281138
vn 0 -0.7071075262441959 0.7071060361281138
vn 0 -0.7071075262441959 0.7071060361281138
vn 0 -6.123234262925839e-17 1
vn 0 -6.123234262925839e-17 1
vn 0 -6.123234262925839e-17 1
vn 0 -6.123234262925839e-17 1
vn 0 -6.123234262925839e-17 1
vn 0 -6.123234262925839e-17 1
vn 0 0.7071075560465184 0.7071060063257277
vn 0 0.7071075560465184 0.7071060063257277
vn 0 0.7071075560465184 0.7071060063257277
vn 0 0.7071075560465184 0.7071060063257277
vn 0 0.7071075560465184 0.7071060063257277
vn 0 0.7071075560465184 0.7071060063257277
vn 0.5883480253077696 -0.7071072986326253 0.3922319075966654
vn 0.5883480253077696 -0.7071072986326253 0.3922319075966654
vn 0.5883480253077696 -0.7071072986326253 0.3922319075966654
vn 0.5883480253077696 -0.7071072986326253 0.3922319075966654
vn 0.5883480253077696 -0.7071072986326253 0.3922319075966654
vn 0.5883480253077696 -0.7071072986326253 0.3922319075966654
vn 0.8320503310176237 -3.396558804969566e-17 0.5547001412055553
vn 0.8320503310176237 -3.396558804969566e-17 0.5547001412055553
vn 0.8320503310176237 -3.396558804969566e-17 0.5547001412055553
vn 0.8320503310176237 -3.396558804969566e-17 0.5547001412055553
vn 0.8320503310176237 -3.396558804969566e-17 0.5547001412055553
vn 0.8320503310176237 -3.396558804969566e-17 0.5547001412055553
vn 0.588347961538441 0.7071073532319341 0.39223190482020964
vn 0.588347961538441 0.7071073532319341 0.39223190482020964
vn 0.588347961538441 0.7071073532319341 0.39223190482020964
vn 0.5883479294435879 0.7071073862946426 0.39223189335774544
vn 0.5883479294435879 0.7071073862946426 0.39223189335774544
vn 0.5883479294435879 0.7071073862946426 0.39223189335774544
vn 0.642023674155464 -0.7071074154417193 -0.2963185867461751
vn 0.642023674155464 -0.7071074154417193 -0.2963185867461751
vn 0.642023674155464 -0.7071074154417193 -0.2963185867461751
vn 0.6420242090444153 -0.7071068176850213 -0.2963188542503755
vn 0.6420242090444153 -0.7071068176850213 -0.2963188542503755
vn 0.6420242090444153 -0.7071068176850213 -0.2963188542503755
vn 0.9079593888617671 2.565991151915606e-17 -0.4190581680122303
vn 0.9079593888617671 2.565991151915606e-17 -0.4190581680122303
vn 0.9079593888617671 2.565991151915606e-17 -0.4190581680122303
vn 0.9079593888617671 2.565991151915606e-17 -0.4190581680122303
vn 0.9079593888617671 2.565991151915606e-17 -0.4190581680122303
vn 0.9079593888617671 2.565991151915606e-17 -0.4190581680122303
vn 0.6420236120602199 0.7071074723032834 -0.29631858559666735
vn 0.6420236120602199 0.7071074723032834 -0.29631858559666735
vn 0.6420236120602199 0.7071074723032834 -0.29631858559666735
vn 0.6420241582886289 0.7071068870355416 -0.2963187987298192
vn 0.6420241582886289 0.7071068870355416 -0.2963187987298192
vn 0.6420241582886289 0.7071068870355416 -0.2963187987298192
vn 0.25383663277886637 -0.7071065930677144 -0.6599751736994784
vn 0.25383663277886637 -0.7071065930677144 -0.6599751736994784
vn 0.25383663277886637 -0.7071065930677144 -0.6599751736994784
vn 0.2538365648901324 -0.7071067488048512 -0.6599750329515583
vn 0.2538365648901324 -0.7071067488048512 -0.6599750329515583
vn 0.2538365648901324 -0.7071067488048512 -0.6599750329515583
vn 0.358979099279497 5.715093316337226e-17 -0.9333455985220485
vn 0.358979099279497 5.715093316337226e-17 -0.9333455985220485
vn 0.358979099279497 5.715093316337226e-17 -0.9333455985220485
vn 0.358979099279497 5.715093316337226e-17 -0.9333455985220485
vn 0.358979099279497 5.715093316337226e-17 -0.9333455985220485
vn 0.358979099279497 5.715093316337226e-17 -0.9333455985220485
vn 0.2538366041837059 0.7071066560351223 -0.6599751172334545
vn 0.2538366041837059 0.7071066560351223 -0.6599751172334545
vn 0.2538366041837059 0.7071066560351223 -0.6599751172334545
vn 0.25383654628028096 0.70710683958811 -0.6599749428426911
vn 0.25383654628028096 0.70710683958811 -0.6599749428426911
vn 0.25383654628028096 0.70710683958811 -0.6599749428426911
vn -0.2538365648901324 -0.7071067488048512 -0.6599750329515583
vn -0.2538365648901324 -0.7071067488048512 -0.6599750329515583
vn -0.2538365648901324 -0.7071067488048512 -0.6599750329515583
vn -0.25383663277886637 -0.7071065930677144 -0.6599751736994784
vn -0.25383663277886637 -0.7071065930677144 -0.6599751736994784
vn -0.25383663277886637 -0.7071065930677144 -0.6599751736994784
vn -0.358979099279497 5.715093316337226e-17 -0.9333455985220485
vn -0.358979099279497 5.715093316337226e-17 -0.9333455985220485
vn -0.358979099279497 5.715093316337226e-17 -0.9333455985220485
vn -0.358979099279497 5.715093316337226e-17 -0.9333455985220485
vn -0.358979099279497 5.715093316337226e-17 -0.9333455985220485
vn -0.358979099279497 5.715093316337226e-17 -0.9333455985220485
vn -0.25383656417703626 0.7071068064230384 -0.6599749714928657
vn -0.25383656417703626 0.7071068064230384 -0.6599749714928657
vn -0.25383656417703626 0.7071068064230384 -0.6599749714928657
vn -0.2538366041837059 0.7071066560351223 -0.6599751172334545
vn -0.2538366041837059 0.7071066560351223 -0.6599751172334545
vn -0.2538366041837059 0.7071066560351223 -0.6599751172334545
f 1/1/1 2/2/2 3/3/3
f 4/4/4 5/5/5 6/6/6
f 7/7/7 8/8/8 9/9/9
f 10/10/10 11/11/11 12/12/12
f 13/13/13 14/14/14 15/15/15
f 16/16/16 17/17/17 18/18/18
f 19/19/19 20/20/20 21/21/21
f 22/22/22 23/23/23 24/24/24
f 25/25/25 26/26/26 27/27/27
f 28/28/28 29/29/29 30/30/30
f 31/31/31 32/32/32 33/33/33
f 34/34/34 35/35/35 36/36/36
f 37/37/37 38/38/38 39/39/39
f 40/40/40 41/41/41 42/42/42
f 43/43/43 44/44/44 45/45/45
f 46/46/46 47/47/47 48/48/48
f 49/49/49 50/50/50 51/51/51
f 52/52/52 53/53/53 54/54/54
f 55/55/55 56/56/56 57/57/57
f 58/58/58 59/59/59 60/60/60
f 61/61/61 62/62/62 63/63/63
f 64/64/64 65/65/65 66/66/66
f 67/67/67 68/68/68 69/69/69
f 70/70/70 71/71/71 72/72/72
f 73/73/73 74/74/74 75/75/75
f 76/76/76 77/77/77 78/78/78
f 79/79/79 80/80/80 81/81/81
f 82/82/82 83/83/83 84/84/84
f 85/85/85 86/86/86 87/87/87
f 88/88/88 89/89/89 90/90/90
f 91/91/91 92/92/92 93/93/93
f 94/94/94 95/95/95 96/96/96
f 97/97/97 98/98/98 99/99/99
f 100/100/100 101/101/101 102/102/102
f 103/103/103 104/104/104 105/105/105
f 106/106/106 107/107/107 108/108/108
f 109/109/109 110/110/110 111/111/111
f 112/112/112 113/113/113 114/114/114
f 115/115/115 116/116/116 117/117/117
f 118/118/118 119/119/119 120/120/120
f 121/121/121 122/122/122 123/123/123
f 124/124/124 125/125/125 126/126/126
f 127/127/127 128/128/128 129/129/129
f 130/130/130 131/131/131 132/132/132
f 133/133/133 134/134/134 135/135/135
f 136/136/136 137/137/137 138/138/138
f 139/139/139 140/140/140 141/141/141
f 142/142/142 143/143/143 144/144/144
f 145/145/145 146/146/146 147/147/147
f 148/148/148 149/149/149 150/150/150
f 151/151/151 152/152/152 153/153/153
f 154/154/154 155/155/155 156/156/156
f 157/157/157 158/158/158 159/159/159
f 160/160/160 161/161/161 162/162/162
f 163/163/163 164/164/164 165/165/165
f 166/166/166 167/167/167 168/168/168
f 169/169/169 170/170/170 171/171/171
f 172/172/172 173/173/173 174/174/174
f 175/175/175 176/176/176 177/177/177
f 178/178/178 179/179/179 180/180/180
o bomber_spine
usemtl plate
v -2.056363658471541 0.6818181753158572 -3.4800000624223193
v 0 0.6818181753158572 -4.270909049294212
v 2.056363658471541 0.6818181753158572 -3.4800000624223193
v -4.270909049294212 0.6818181753158572 3.6381817947734487
v -4.9036363038149755 0.6818181753158572 2.689090912992304
v -2.056363658471541 0.6818181753158572 -3.4800000624223193
v 4.9036363038149755 0.6818181753158572 2.689090912992304
v 4.270909049294212 0.6818181753158572 3.6381817947734487
v 0 0.6818181753158572 3.6381817947734487
v -2.056363658471541 0.6818181753158572 -3.4800000624223193
v 2.056363658471541 0.6818181753158572 -3.4800000624223193
v 4.9036363038149755 0.6818181753158572 2.689090912992304
v 0 0.6818181753158572 3.6381817947734487
v -4.270909049294212 0.6818181753158572 3.6381817947734487
v -2.056363658471541 0.6818181753158572 -3.4800000624223193
v -2.056363658471541 0.6818181753158572 -3.4800000624223193
v 4.9036363038149755 0.6818181753158572 2.689090912992304
v 0 0.6818181753158572 3.6381817947734487
v 2.056363658471541 2.045454538952221 -3.4800000624223193
v 0 2.045454538952221 -4.270909049294212
v -2.056363658471541 2.045454538952221 -3.4800000624223193
v -2.056363658471541 2.045454538952221 -3.4800000624223193
v -4.9036363038149755 2.045454538952221 2.689090912992304
v -4.270909049294212 2.045454538952221 3.6381817947734487
v 0 2.045454538952221 3.6381817947734487
v 4.270909049294212 2.045454538952221 3.6381817947734487
v 4.9036363038149755 2.045454538952221 2.689090912992304
v 4.9036363038149755 2.045454538952221 2.689090912992304
v 2.056363658471541 2.045454538952221 -3.4800000624223193
v -2.056363658471541 2.045454538952221 -3.4800000624223193
v -2.056363658471541 2.045454538952221 -3.4800000624223193
v -4.270909049294212 2.045454538952221 3.6381817947734487
v 0 2.045454538952221 3.6381817947734487
v 0 2.045454538952221 3.6381817947734487
v 4.9036363038149755 2.045454538952221 2.689090912992304
v -2.056363658471541 2.045454538952221 -3.4800000624223193
v -2.056363658471541 0.6818181753158572 -3.4800000624223193
v -4.9036363038149755 0.6818181753158572 2.689090912992304
v -2.1771028908816255 0.8454545454545457 -3.6088842695409604
v -4.9036363038149755 0.6818181753158572 2.689090912992304
v -5.0905869223854765 0.8454545454545457 2.7036645737561313
v -2.1771028908816255 0.8454545454545457 -3.6088842695409604
v -2.1771028908816255 0.8454545454545457 -3.6088842695409604
v -5.0905869223854765 0.8454545454545457 2.7036645737561313
v -2.1771028908816255 1.8818181688135325 -3.6088842695409604
v -5.0905869223854765 0.8454545454545457 2.7036645737561313
v -5.0905869223854765 1.8818181688135325 2.7036645737561313
v -2.1771028908816255 1.8818181688135325 -3.6088842695409604
v -2.1771028908816255 1.8818181688135325 -3.6088842695409604
v -5.0905869223854765 1.8818181688135325 2.7036645737561313
v -2.056363658471541 2.045454538952221 -3.4800000624223193
v -5.0905869223854765 1.8818181688135325 2.7036645737561313
v -4.9036363038149755 2.045454538952221 2.689090912992304
v -2.056363658471541 2.045454538952221 -3.4800000624223193
v -4.9036363038149755 0.6818181753158572 2.689090912992304
v -4.270909049294212 0.6818181753158572 3.6381817947734487
v -5.0905869223854765 0.8454545454545457 2.7036645737561313
v -4.270909049294212 0.6818181753158572 3.6381817947734487
v -4.358484636653554 0.8454545454545457 3.8018183274702597
v -5.0905869223854765 0.8454545454545457 2.7036645737561313
v -5.0905869223854765 0.8454545454545457 2.7036645737561313
v -4.358484636653554 0.8454545454545457 3.8018183274702597
v -5.0905869223854765 1.8818181688135325 2.7036645737561313
v -4.358484636653554 0.8454545454545457 3.8018183274702597
v -4.358484636653554 1.8818181688135325 3.8018183274702597
v -5.0905869223854765 1.8818181688135325 2.7036645737561313
v -5.0905869223854765 1.8818181688135325 2.7036645737561313
v -4.358484636653554 1.8818181688135325 3.8018183274702597
v -4.9036363038149755 2.045454538952221 2.689090912992304
v -4.358484636653554 1.8818181688135325 3.8018183274702597
v -4.270909049294212 2.045454538952221 3.6381817947734487
v -4.9036363038149755 2.045454538952221 2.689090912992304
v -4.270909049294212 0.6818181753158572 3.6381817947734487
v 0 0.6818181753158572 3.6381817947734487
v -4.358484636653554 0.8454545454545457 3.8018183274702597
v 0 0.6818181753158572 3.6381817947734487
v 0 0.8454545454545457 3.8018183274702597
v -4.358484636653554 0.8454545454545457 3.8018183274702597
v -4.358484636653554 0.8454545454545457 3.8018183274702597
v 0 0.8454545454545457 3.8018183274702597
v -4.358484636653554 1.8818181688135325 3.8018183274702597
v 0 0.8454545454545457 3.8018183274702597
v 0 1.8818181688135325 3.8018183274702597
v -4.358484636653554 1.8818181688135325 3.8018183274702597
v -4.358484636653554 1.8818181688135325 3.8018183274702597
v 0 1.8818181688135325 3.8018183274702597
v -4.270909049294212 2.045454538952221 3.6381817947734487
v 0 1.8818181688135325 3.8018183274702597
v 0 2.045454538952221 3.6381817947734487
v -4.270909049294212 2.045454538952221 3.6381817947734487
v 0 0.6818181753158572 3.6381817947734487
v 4.270909049294212 0.6818181753158572 3.6381817947734487
v 0 0.8454545454545457 3.8018183274702597
v 4.270909049294212 0.6818181753158572 3.6381817947734487
v 4.358484636653554 0.8454545454545457 3.8018183274702597
v 0 0.8454545454545457 3.8018183274702597
v 0 0.8454545454545457 3.8018183274702597
v 4.358484636653554 0.8454545454545457 3.8018183274702597
v 0 1.8818181688135325 3.8018183274702597
v 4.358484636653554 0.8454545454545457 3.8018183274702597
v 4.358484636653554 1.8818181688135325 3.8018183274702597
v 0 1.8818181688135325 3.8018183274702597
v 0 1.8818181688135325 3.8018183274702597
v 4.358484636653554 1.8818181688135325 3.8018183274702597
v 0 2.045454538952221 3.6381817947734487
v 4.358484636653554 1.8818181688135325 3.8018183274702597
v 4.270909049294212 2.045454538952221 3.6381817947734487
v 0 2.045454538952221 3.6381817947734487
v 4.270909049294212 0.6818181753158572 3.6381817947734487
v 4.9036363038149755 0.6818181753158572 2.689090912992304
v 4.358484636653554 0.8454545454545457 3.8018183274702597
v 4.9036363038149755 0.6818181753158572 2.689090912992304
v 5.0905869223854765 0.8454545454545457 2.7036645737561313
v 4.358484636653554 0.8454545454545457 3.8018183274702597
v 4.358484636653554 0.8454545454545457 3.8018183274702597
v 5.0905869223854765 0.8454545454545457 2.7036645737561313
v 4.358484636653554 1.8818181688135325 3.8018183274702597
v 5.0905869223854765 0.8454545454545457 2.7036645737561313
v 5.0905869223854765 1.8818181688135325 2.7036645737561313
v 4.358484636653554 1.8818181688135325 3.8018183274702597
v 4.358484636653554 1.8818181688135325 3.8018183274702597
v 5.0905869223854765 1.8818181688135325 2.7036645737561313
v 4.270909049294212 2.045454538952221 3.6381817947734487
v 5.0905869223854765 1.8818181688135325 2.7036645737561313
v 4.9036363038149755 2.045454538952221 2.689090912992304
v 4.270909049294212 2.045454538952221 3.6381817947734487
v 4.9036363038149755 0.6818181753158572 2.689090912992304
v 2.056363658471541 0.6818181753158572 -3.4800000624223193
v 5.0905869223854765 0.8454545454545457 2.7036645737561313
v 2.056363658471541 0.6818181753158572 -3.4800000624223193
v 2.1771028908816255 0.8454545454545457 -3.6088842695409604
v 5.0905869223854765 0.8454545454545457 2.7036645737561313
v 5.0905869223854765 0.8454545454545457 2.7036645737561313
v 2.1771028908816255 0.8454545454545457 -3.6088842695409604
v 5.0905869223854765 1.8818181688135325 2.7036645737561313
v 2.1771028908816255 0.8454545454545457 -3.6088842695409604
v 2.1771028908816255 1.8818181688135325 -3.6088842695409604
v 5.0905869223854765 1.8818181688135325 2.7036645737561313
v 5.0905869223854765 1.8818181688135325 2.7036645737561313
v 2.1771028908816255 1.8818181688135325 -3.6088842695409604
v 4.9036363038149755 2.045454538952221 2.689090912992304
v 2.1771028908816255 1.8818181688135325 -3.6088842695409604
v 2.056363658471541 2.045454538952221 -3.4800000624223193
v 4.9036363038149755 2.045454538952221 2.689090912992304
v 2.056363658471541 0.6818181753158572 -3.4800000624223193
v 0 0.6818181753158572 -4.270909049294212
v 2.1771028908816255 0.8454545454545457 -3.6088842695409604
v 0 0.6818181753158572 -4.270909049294212
v 0 0.8454545454545457 -4.446231560273604
v 2.1771028908816255 0.8454545454545457 -3.6088842695409604
v 2.1771028908816255 0.8454545454545457 -3.6088842695409604
v 0 0.8454545454545457 -4.446231560273604
v 2.1771028908816255 1.8818181688135325 -3.6088842695409604
v 0 0.8454545454545457 -4.446231560273604
v 0 1.8818181688135325 -4.446231560273604
v 2.1771028908816255 1.8818181688135325 -3.6088842695409604
v 2.1771028908816255 1.8818181688135325 -3.6088842695409604
v 0 1.8818181688135325 -4.446231560273604
v 2.056363658471541 2.045454538952221 -3.4800000624223193
v 0 1.8818181688135325 -4.446231560273604
v 0 2.045454538952221 -4.270909049294212
v 2.056363658471541 2.045454538952221 -3.4800000624223193
v 0 0.6818181753158572 -4.270909049294212
v -2.056363658471541 0.6818181753158572 -3.4800000624223193
v 0 0.8454545454545457 -4.446231560273604
v -2.056363658471541 0.6818181753158572 -3.4800000624223193
v -2.1771028908816255 0.8454545454545457 -3.6088842695409604
v 0 0.8454545454545457 -4.446231560273604
v 0 0.8454545454545457 -4.446231560273604
v -2.1771028908816255 0.8454545454545457 -3.6088842695409604
v 0 1.8818181688135325 -4.446231560273604
v -2.1771028908816255 0.8454545454545457 -3.6088842695409604
v -2.1771028908816255 1.8818181688135325 -3.6088842695409604
v 0 1.8818181688135325 -4.446231560273604
v 0 1.8818181688135325 -4.446231560273604
v -2.1771028908816255 1.8818181688135325 -3.6088842695409604
v 0 2.045454538952221 -4.270909049294212
v -2.1771028908816255 1.8818181688135325 -3.6088842695409604
v -2.056363658471541 2.045454538952221 -3.4800000624223193
v 0 2.045454538952221 -4.270909049294212
vt -0.7540000081062317 1.2760000228881836
vt 0 1.565999984741211
vt 0.7540000081062317 1.2760000228881836
vt -1.565999984741211 -1.3339999914169312
vt -1.7979999780654907 -0.9860000014305115
vt -0.7540000081062317 1.2760000228881836
vt 1.7979999780654907 -0.9860000014305115
vt 1.565999984741211 -1.3339999914169312
vt 0 -1.3339999914169312
vt -0.7540000081062317 1.2760000228881836
vt 0.7540000081062317 1.2760000228881836
vt 1.7979999780654907 -0.9860000014305115
vt 0 -1.3339999914169312
vt -1.565999984741211 -1.3339999914169312
vt -0.7540000081062317 1.2760000228881836
vt -0.7540000081062317 1.2760000228881836
vt 1.7979999780654907 -0.9860000014305115
vt 0 -1.3339999914169312
vt 0.7540000081062317 1.2760000228881836
vt 0 1.565999984741211
vt -0.7540000081062317 1.2760000228881836
vt -0.7540000081062317 1.2760000228881836
vt -1.7979999780654907 -0.9860000014305115
vt -1.565999984741211 -1.3339999914169312
vt 0 -1.3339999914169312
vt 1.565999984741211 -1.3339999914169312
vt 1.7979999780654907 -0.9860000014305115
vt 1.7979999780654907 -0.9860000014305115
vt 0.7540000081062317 1.2760000228881836
vt -0.7540000081062317 1.2760000228881836
vt -0.7540000081062317 1.2760000228881836
vt -1.565999984741211 -1.3339999914169312
vt 0 -1.3339999914169312
vt 0 -1.3339999914169312
vt 1.7979999780654907 -0.9860000014305115
vt -0.7540000081062317 1.2760000228881836
vt 1.2760000228881836 1.059999942779541
vt -0.9860000014305115 1.059999942779541
vt 1.323257565498352 1
vt -0.9860000014305115 1.059999942779541
vt -0.9913436770439148 1
vt 1.323257565498352 1
vt 1.323257565498352 1
vt -0.9913436770439148 1
vt 1.323257565498352 0.6200000047683716
vt -0.9913436770439148 1
vt -0.9913436770439148 0.6200000047683716
vt 1.323257565498352 0.6200000047683716
vt 1.323257565498352 0.6200000047683716
vt -0.9913436770439148 0.6200000047683716
vt 1.2760000228881836 0.5600000023841858
vt -0.9913436770439148 0.6200000047683716
vt -0.9860000014305115 0.5600000023841858
vt 1.2760000228881836 0.5600000023841858
vt -0.9860000014305115 1.059999942779541
vt -1.3339999914169312 1.059999942779541
vt -0.9913436770439148 1
vt -1.3339999914169312 1.059999942779541
vt -1.3940000534057617 1
vt -0.9913436770439148 1
vt -0.9913436770439148 1
vt -1.3940000534057617 1
vt -0.9913436770439148 0.6200000047683716
vt -1.3940000534057617 1
vt -1.3940000534057617 0.6200000047683716
vt -0.9913436770439148 0.6200000047683716
vt -0.9913436770439148 0.6200000047683716
vt -1.3940000534057617 0.6200000047683716
vt -0.9860000014305115 0.5600000023841858
vt -1.3940000534057617 0.6200000047683716
vt -1.3339999914169312 0.5600000023841858
vt -0.9860000014305115 0.5600000023841858
vt -1.565999984741211 1.059999942779541
vt 0 1.059999942779541
vt -1.5981110334396362 1
vt 0 1.059999942779541
vt 0 1
vt -1.5981110334396362 1
vt -1.5981110334396362 1
vt 0 1
vt -1.5981110334396362 0.6200000047683716
vt 0 1
vt 0 0.6200000047683716
vt -1.5981110334396362 0.6200000047683716
vt -1.5981110334396362 0.6200000047683716
vt 0 0.6200000047683716
vt -1.565999984741211 0.5600000023841858
vt 0 0.6200000047683716
vt 0 0.5600000023841858
vt -1.565999984741211 0.5600000023841858
vt 0 1.059999942779541
vt 1.565999984741211 1.059999942779541
vt 0 1
vt 1.565999984741211 1.059999942779541
vt 1.5981110334396362 1
vt 0 1
vt 0 1
vt 1.5981110334396362 1
vt 0 0.6200000047683716
vt 1.5981110334396362 1
vt 1.5981110334396362 0.6200000047683716
vt 0 0.6200000047683716
vt 0 0.6200000047683716
vt 1.5981110334396362 0.6200000047683716
vt 0 0.5600000023841858
vt 1.5981110334396362 0.6200000047683716
vt 1.565999984741211 0.5600000023841858
vt 0 0.5600000023841858
vt -1.3339999914169312 1.059999942779541
vt -0.9860000014305115 1.059999942779541
vt -1.3940000534057617 1
vt -0.9860000014305115 1.059999942779541
vt -0.9913436770439148 1
vt -1.3940000534057617 1
vt -1.3940000534057617 1
vt -0.9913436770439148 1
vt -1.3940000534057617 0.6200000047683716
vt -0.9913436770439148 1
vt -0.9913436770439148 0.6200000047683716
vt -1.3940000534057617 0.6200000047683716
vt -1.3940000534057617 0.6200000047683716
vt -0.9913436770439148 0.6200000047683716
vt -1.3339999914169312 0.5600000023841858
vt -0.9913436770439148 0.6200000047683716
vt -0.9860000014305115 0.5600000023841858
vt -1.3339999914169312 0.5600000023841858
vt -0.9860000014305115 1.059999942779541
vt 1.2760000228881836 1.059999942779541
vt -0.9913436770439148 1
vt 1.2760000228881836 1.059999942779541
vt 1.323257565498352 1
vt -0.9913436770439148 1
vt -0.9913436770439148 1
vt 1.323257565498352 1
vt -0.9913436770439148 0.6200000047683716
vt 1.323257565498352 1
vt 1.323257565498352 0.6200000047683716
vt -0.9913436770439148 0.6200000047683716
vt -0.9913436770439148 0.6200000047683716
vt 1.323257565498352 0.6200000047683716
vt -0.9860000014305115 0.5600000023841858
vt 1.323257565498352 0.6200000047683716
vt 1.2760000228881836 0.5600000023841858
vt -0.9860000014305115 0.5600000023841858
vt 0.7540000081062317 1.059999942779541
vt 0 1.059999942779541
vt 0.7982710599899292 1
vt 0 1.059999942779541
vt 0 1
vt 0.7982710599899292 1
vt 0.7982710599899292 1
vt 0 1
vt 0.7982710599899292 0.6200000047683716
vt 0 1
vt 0 0.6200000047683716
vt 0.7982710599899292 0.6200000047683716
vt 0.7982710599899292 0.6200000047683716
vt 0 0.6200000047683716
vt 0.7540000081062317 0.5600000023841858
vt 0 0.6200000047683716
vt 0 0.5600000023841858
vt 0.7540000081062317 0.5600000023841858
vt 0 1.059999942779541
vt -0.7540000081062317 1.059999942779541
vt 0 1
vt -0.7540000081062317 1.059999942779541
vt -0.7982710599899292 1
vt 0 1
vt 0 1
vt -0.7982710599899292 1
vt 0 0.6200000047683716
vt -0.7982710599899292 1
vt -0.7982710599899292 0.6200000047683716
vt 0 0.6200000047683716
vt 0 0.6200000047683716
vt -0.7982710599899292 0.6200000047683716
vt 0 0.5600000023841858
vt -0.7982710599899292 0.6200000047683716
vt -0.7540000081062317 0.5600000023841858
vt 0 0.5600000023841858
vn 0 -1 -6.123234262925839e-17
vn 0 -1 -6.123234262925839e-17
vn 0 -1 -6.123234262925839e-17
vn 0 -1 -6.123234262925839e-17
vn 0 -1 -6.123234262925839e-17
vn 0 -1 -6.123234262925839e-17
vn 0 -1 -6.123234262925839e-17
vn 0 -1 -6.123234262925839e-17
vn 0 -1 -6.123234262925839e-17
vn 0 -1 -6.123234262925839e-17
vn 0 -1 -6.123234262925839e-17
vn 0 -1 -6.123234262925839e-17
vn 0 -1 -6.123234262925839e-17
vn 0 -1 -6.123234262925839e-17
vn 0 -1 -6.123234262925839e-17
vn 0 -1 -6.123234262925839e-17
vn 0 -1 -6.123234262925839e-17
vn 0 -1 -6.123234262925839e-17
vn 0 1 6.123234262925839e-17
vn 0 1 6.123234262925839e-17
vn 0 1 6.123234262925839e-17
vn 0 1 6.123234262925839e-17
vn 0 1 6.123234262925839e-17
vn 0 1 6.123234262925839e-17
vn 0 1 6.123234262925839e-17
vn 0 1 6.123234262925839e-17
vn 0 1 6.123234262925839e-17
vn 0 1 6.123234262925839e-17
vn 0 1 6.123234262925839e-17
vn 0 1 6.123234262925839e-17
vn 0 1 6.123234262925839e-17
vn 0 1 6.123234262925839e-17
vn 0 1 6.123234262925839e-17
vn 0 1 6.123234262925839e-17
vn 0 1 6.123234262925839e-17
vn 0 1 6.123234262925839e-17
vn -0.6420243839905759 -0.7071066346112416 -0.2963189120698946
vn -0.6420243839905759 -0.7071066346112416 -0.2963189120698946
vn -0.6420243839905759 -0.7071066346112416 -0.2963189120698946
vn -0.6420242361037138 -0.7071067878827005 -0.29631886673928204
vn -0.6420242361037138 -0.7071067878827005 -0.29631886673928204
vn -0.6420242361037138 -0.7071067878827005 -0.29631886673928204
vn -0.9079593888617671 2.565991151915606e-17 -0.4190581680122303
vn -0.9079593888617671 2.565991151915606e-17 -0.4190581680122303
vn -0.9079593888617671 2.565991151915606e-17 -0.4190581680122303
vn -0.9079593888617671 2.565991151915606e-17 -0.4190581680122303
vn -0.9079593888617671 2.565991151915606e-17 -0.4190581680122303
vn -0.9079593888617671 2.565991151915606e-17 -0.4190581680122303
vn -0.6420243783208637 0.7071066283667885 -0.2963189392554261
vn -0.6420243783208637 0.7071066283667885 -0.2963189392554261
vn -0.6420243783208637 0.7071066283667885 -0.2963189392554261
vn -0.6420242304340036 0.7071067816382468 -0.29631889392481575
vn -0.6420242304340036 0.7071067816382468 -0.29631889392481575
vn -0.6420242304340036 0.7071067816382468 -0.29631889392481575
vn -0.5883484566771426 -0.707106719576576 0.39223230445142837
vn -0.5883484566771426 -0.707106719576576 0.39223230445142837
vn -0.5883484566771426 -0.707106719576576 0.39223230445142837
vn -0.588348213902964 -0.7071070719696709 0.39223203332679313
vn -0.588348213902964 -0.7071070719696709 0.39223203332679313
vn -0.588348213902964 -0.7071070719696709 0.39223203332679313
vn -0.832050376867342 -3.3965584179475765e-17 0.5547000724309616
vn -0.832050376867342 -3.3965584179475765e-17 0.5547000724309616
vn -0.832050376867342 -3.3965584179475765e-17 0.5547000724309616
vn -0.832050376867342 -3.3965584179475765e-17 0.5547000724309616
vn -0.832050376867342 -3.3965584179475765e-17 0.5547000724309616
vn -0.832050376867342 -3.3965584179475765e-17 0.5547000724309616
vn -0.5883485094043253 0.7071067113108964 0.39223224026180864
vn -0.5883485094043253 0.7071067113108964 0.39223224026180864
vn -0.5883485094043253 0.7071067113108964 0.39223224026180864
vn -0.5883481611757745 0.7071070802353508 0.3922320975164087
vn -0.5883481611757745 0.7071070802353508 0.3922320975164087
vn -0.5883481611757745 0.7071070802353508 0.3922320975164087
vn 0 -0.7071071686166227 0.70710639375626
vn 0 -0.7071071686166227 0.70710639375626
vn 0 -0.7071071686166227 0.70710639375626
vn 0 -0.7071071388143317 0.7071064235585823
vn 0 -0.7071071388143317 0.7071064235585823
vn 0 -0.7071071388143317 0.7071064235585823
vn 0 -6.123234262925839e-17 1
vn 0 -6.123234262925839e-17 1
vn 0 -6.123234262925839e-17 1
vn 0 -6.123234262925839e-17 1
vn 0 -6.123234262925839e-17 1
vn 0 -6.123234262925839e-17 1
vn 0 0.7071071388143317 0.7071064235585823
vn 0 0.7071071388143317 0.7071064235585823
vn 0 0.7071071388143317 0.7071064235585823
vn 0 0.7071071388143317 0.7071064235585823
vn 0 0.7071071388143317 0.7071064235585823
vn 0 0.7071071388143317 0.7071064235585823
vn 0 -0.7071071686166227 0.70710639375626
vn 0 -0.7071071686166227 0.70710639375626
vn 0 -0.7071071686166227 0.70710639375626
vn 0 -0.7071071388143317 0.7071064235585823
vn 0 -0.7071071388143317 0.7071064235585823
vn 0 -0.7071071388143317 0.7071064235585823
vn 0 -6.123234262925839e-17 1
vn 0 -6.123234262925839e-17 1
vn 0 -6.123234262925839e-17 1
vn 0 -6.123234262925839e-17 1
vn 0 -6.123234262925839e-17 1
vn 0 -6.123234262925839e-17 1
vn 0 0.7071071388143317 0.7071064235585823
vn 0 0.7071071388143317 0.7071064235585823
vn 0 0.7071071388143317 0.7071064235585823
vn 0 0.7071071388143317 0.7071064235585823
vn 0 0.7071071388143317 0.7071064235585823
vn 0 0.7071071388143317 0.7071064235585823
vn 0.5883481363787434 -0.7071071100376468 0.392232080985055
vn 0.5883481363787434 -0.7071071100376468 0.392232080985055
vn 0.5883481363787434 -0.7071071100376468 0.392232080985055
vn 0.5883484914847514 -0.7071067493788981 0.3922321985131075
vn 0.5883484914847514 -0.7071067493788981 0.3922321985131075
vn 0.5883484914847514 -0.7071067493788981 0.3922321985131075
vn 0.832050376867342 -3.3965584179475765e-17 0.5547000724309616
vn 0.832050376867342 -3.3965584179475765e-17 0.5547000724309616
vn 0.832050376867342 -3.3965584179475765e-17 0.5547000724309616
vn 0.832050376867342 -3.3965584179475765e-17 0.5547000724309616
vn 0.832050376867342 -3.3965584179475765e-17 0.5547000724309616
vn 0.832050376867342 -3.3965584179475765e-17 0.5547000724309616
vn 0.5883482070255112 0.7071070637039952 0.39223205854414817
vn 0.5883482070255112 0.7071070637039952 0.39223205854414817
vn 0.5883482070255112 0.7071070637039952 0.39223205854414817
vn 0.5883484887719448 0.7071066865138681 0.3922323159138561
vn 0.5883484887719448 0.7071066865138681 0.3922323159138561
vn 0.5883484887719448 0.7071066865138681 0.3922323159138561
vn 0.6420242361037138 -0.7071067878827005 -0.29631886673928204
vn 0.6420242361037138 -0.7071067878827005 -0.29631886673928204
vn 0.6420242361037138 -0.7071067878827005 -0.29631886673928204
vn 0.6420243489546849 -0.70710666167054 -0.2963189234093185
vn 0.6420243489546849 -0.70710666167054 -0.2963189234093185
vn 0.6420243489546849 -0.70710666167054 -0.2963189234093185
vn 0.9079593888617671 2.565991151915606e-17 -0.4190581680122303
vn 0.9079593888617671 2.565991151915606e-17 -0.4190581680122303
vn 0.9079593888617671 2.565991151915606e-17 -0.4190581680122303
vn 0.9079593888617671 2.565991151915606e-17 -0.4190581680122303
vn 0.9079593888617671 2.565991151915606e-17 -0.4190581680122303
vn 0.9079593888617671 2.565991151915606e-17 -0.4190581680122303
vn 0.6420242654699037 0.7071067545789486 -0.29631888258539496
vn 0.6420242654699037 0.7071067545789486 -0.29631888258539496
vn 0.6420242654699037 0.7071067545789486 -0.29631888258539496
vn 0.6420243783208637 0.7071066283667885 -0.2963189392554261
vn 0.6420243783208637 0.7071066283667885 -0.2963189392554261
vn 0.6420243783208637 0.7071066283667885 -0.2963189392554261
vn 0.25383649122923657 -0.7071067926683325 -0.6599750142867027
vn 0.25383649122923657 -0.7071067926683325 -0.6599750142867027
vn 0.25383649122923657 -0.7071067926683325 -0.6599750142867027
vn 0.2538364497963561 -0.707107058292559 -0.6599747456286683
vn 0.2538364497963561 -0.707107058292559 -0.6599747456286683
vn 0.2538364497963561 -0.707107058292559 -0.6599747456286683
vn 0.35897907331768053 5.71509337747964e-17 -0.9333456085073627
vn 0.35897907331768053 5.71509337747964e-17 -0.9333456085073627
vn 0.35897907331768053 5.71509337747964e-17 -0.9333456085073627
vn 0.35897907331768053 5.71509337747964e-17 -0.9333456085073627
vn 0.35897907331768053 5.71509337747964e-17 -0.9333456085073627
vn 0.35897907331768053 5.71509337747964e-17 -0.9333456085073627
vn 0.253836546993378 0.7071067819699229 -0.6599750043013891
vn 0.253836546993378 0.7071067819699229 -0.6599750043013891
vn 0.253836546993378 0.7071067819699229 -0.6599750043013891
vn 0.25383639403221353 0.7071070689909685 -0.659974755613974
vn 0.25383639403221353 0.7071070689909685 -0.659974755613974
vn 0.25383639403221353 0.7071070689909685 -0.659974755613974
vn -0.25383639403221353 -0.7071070689909685 -0.659974755613974
vn -0.25383639403221353 -0.7071070689909685 -0.659974755613974
vn -0.25383639403221353 -0.7071070689909685 -0.659974755613974
vn -0.25383653629496755 -0.7071068117722439 -0.6599749764855226
vn -0.25383653629496755 -0.7071068117722439 -0.6599749764855226
vn -0.25383653629496755 -0.7071068117722439 -0.6599749764855226
vn -0.35897907331768053 5.71509337747964e-17 -0.9333456085073627
vn -0.35897907331768053 5.71509337747964e-17 -0.9333456085073627
vn -0.35897907331768053 5.71509337747964e-17 -0.9333456085073627
vn -0.35897907331768053 5.71509337747964e-17 -0.9333456085073627
vn -0.35897907331768053 5.71509337747964e-17 -0.9333456085073627
vn -0.35897907331768053 5.71509337747964e-17 -0.9333456085073627
vn -0.2538364497963561 0.707107058292559 -0.6599747456286683
vn -0.2538364497963561 0.707107058292559 -0.6599747456286683
vn -0.2538364497963561 0.707107058292559 -0.6599747456286683
vn -0.25383650912599415 0.7071067595032607 -0.6599750429368727
vn -0.25383650912599415 0.7071067595032607 -0.6599750429368727
vn -0.25383650912599415 0.7071067595032607 -0.6599750429368727
f 181/181/181 182/182/182 183/183/183
f 184/184/184 185/185/185 186/186/186
f 187/187/187 188/188/188 189/189/189
f 190/190/190 191/191/191 192/192/192
f 193/193/193 194/194/194 195/195/195
f 196/196/196 197/197/197 198/198/198
f 199/199/199 200/200/200 201/201/201
f 202/202/202 203/203/203 204/204/204
f 205/205/205 206/206/206 207/207/207
f 208/208/208 209/209/209 210/210/210
f 211/211/211 212/212/212 213/213/213
f 214/214/214 215/215/215 216/216/216
f 217/217/217 218/218/218 219/219/219
f 220/220/220 221/221/221 222/222/222
f 223/223/223 224/224/224 225/225/225
f 226/226/226 227/227/227 228/228/228
f 229/229/229 230/230/230 231/231/231
f 232/232/232 233/233/233 234/234/234
f 235/235/235 236/236/236 237/237/237
f 238/238/238 239/239/239 240/240/240
f 241/241/241 242/242/242 243/243/243
f 244/244/244 245/245/245 246/246/246
f 247/247/247 248/248/248 249/249/249
f 250/250/250 251/251/251 252/252/252
f 253/253/253 254/254/254 255/255/255
f 256/256/256 257/257/257 258/258/258
f 259/259/259 260/260/260 261/261/261
f 262/262/262 263/263/263 264/264/264
f 265/265/265 266/266/266 267/267/267
f 268/268/268 269/269/269 270/270/270
f 271/271/271 272/272/272 273/273/273
f 274/274/274 275/275/275 276/276/276
f 277/277/277 278/278/278 279/279/279
f 280/280/280 281/281/281 282/282/282
f 283/283/283 284/284/284 285/285/285
f 286/286/286 287/287/287 288/288/288
f 289/289/289 290/290/290 291/291/291
f 292/292/292 293/293/293 294/294/294
f 295/295/295 296/296/296 297/297/297
f 298/298/298 299/299/299 300/300/300
f 301/301/301 302/302/302 303/303/303
f 304/304/304 305/305/305 306/306/306
f 307/307/307 308/308/308 309/309/309
f 310/310/310 311/311/311 312/312/312
f 313/313/313 314/314/314 315/315/315
f 316/316/316 317/317/317 318/318/318
f 319/319/319 320/320/320 321/321/321
f 322/322/322 323/323/323 324/324/324
f 325/325/325 326/326/326 327/327/327
f 328/328/328 329/329/329 330/330/330
f 331/331/331 332/332/332 333/333/333
f 334/334/334 335/335/335 336/336/336
f 337/337/337 338/338/338 339/339/339
f 340/340/340 341/341/341 342/342/342
f 343/343/343 344/344/344 345/345/345
f 346/346/346 347/347/347 348/348/348
f 349/349/349 350/350/350 351/351/351
f 352/352/352 353/353/353 354/354/354
f 355/355/355 356/356/356 357/357/357
f 358/358/358 359/359/359 360/360/360
o bomber_cockpit
usemtl glass
v 0.001195653405209834 1.8545454642989423 -4.0887877704385165
v 0.001195653405209834 1.8545454642989423 -4.093030411379667
v -0.001195653405209834 1.8545454642989423 -4.093030411379667
v -0.001195653405209834 1.8545454642989423 -4.0887877704385165
v 0.001195653405209834 1.8545454642989423 -4.0887877704385165
v 1.1956532705913892 0.9272727223959839 -1.9695888324217368
v 1.1956532705913892 0.9272727223959839 -6.212229349396447
v -1.1956532705913892 0.9272727223959839 -6.212229349396447
v -1.1956532705913892 0.9272727223959839 -1.9695888324217368
v 1.1956532705913892 0.9272727223959839 -1.9695888324217368
v 0 1.8545454642989423 -4.090909090909092
v 0 1.8545454642989423 -4.090909090909092
v 0 1.8545454642989423 -4.090909090909092
v 0 1.8545454642989423 -4.090909090909092
v 0.001195653405209834 1.8545454642989423 -4.0887877704385165
v 0.001195653405209834 1.8545454642989423 -4.093030411379667
v -0.001195653405209834 1.8545454642989423 -4.093030411379667
v -0.001195653405209834 1.8545454642989423 -4.0887877704385165
v 0.001195653405209834 1.8545454642989423 -4.0887877704385165
v 0 0.9272727223959839 -4.090909090909092
v 0 0.9272727223959839 -4.090909090909092
v 0 0.9272727223959839 -4.090909090909092
v 0 0.9272727223959839 -4.090909090909092
v 1.1956532705913892 0.9272727223959839 -1.9695888324217368
v 1.1956532705913892 0.9272727223959839 -6.212229349396447
v -1.1956532705913892 0.9272727223959839 -6.212229349396447
v -1.1956532705913892 0.9272727223959839 -1.9695888324217368
v 1.1956532705913892 0.9272727223959839 -1.9695888324217368
vt 0 1
vt 0.25 1
vt 0.5 1
vt 0.75 1
vt 1 1
vt 0 0
vt 0.25 0
vt 0.5 0
vt 0.75 0
vt 1 0
vt 0.5 0.5
vt 0.5 0.5
vt 0.5 0.5
vt 0.5 0.5
vt 1 0.5
vt 0.5 1
vt 0 0.5
vt 0.5 0
vt 1 0.5
vt 0.5 0.5
vt 0.5 0.5
vt 0.5 0.5
vt 0.5 0.5
vt 1 0.5
vt 0.5 0
vt 0 0.5
vt 0.5 1
vt 1 0.5
vn 0.35455397309595865 0.9134307046300214 0.19983950560630623
vn 0.35455397309595865 0.9134307046300214 -0.19983950560630623
vn -0.35455397309595865 0.9134307046300214 -0.19983950560630623
vn -0.35455397309595865 0.9134307046300214 0.19983950560630623
vn 0.35455397309595865 0.9134307046300214 0.19983950560630623
vn 0.35455397309595865 0.9134307046300214 0.19983950560630623
vn 0.35455397309595865 0.9134307046300214 -0.19983950560630623
vn -0.35455397309595865 0.9134307046300214 -0.19983950560630623
vn -0.35455397309595865 0.9134307046300214 0.19983950560630623
vn 0.35455397309595865 0.9134307046300214 0.19983950560630623
vn 0 1 0
vn 0 1 0
vn 0 1 0
vn 0 1 0
vn 0 1 0
vn 0 1 0
vn 0 1 0
vn 0 1 0
vn 0 1 0
vn 0 -1 0
vn 0 -1 0
vn 0 -1 0
vn 0 -1 0
vn 0 -1 0
vn 0 -1 0
vn 0 -1 0
vn 0 -1 0
vn 0 -1 0
f 361/361/361 366/366/366 362/362/362
f 366/366/366 367/367/367 362/362/362
f 362/362/362 367/367/367 363/363/363
f 367/367/367 368/368/368 363/363/363
f 363/363/363 368/368/368 364/364/364
f 368/368/368 369/369/369 364/364/364
f 364/364/364 369/369/369 365/365/365
f 369/369/369 370/370/370 365/365/365
f 375/375/375 376/376/376 371/371/371
f 376/376/376 377/377/377 372/372/372
f 377/377/377 378/378/378 373/373/373
f 378/378/378 379/379/379 374/374/374
f 385/385/385 384/384/384 380/380/380
f 386/386/386 385/385/385 381/381/381
f 387/387/387 386/386/386 382/382/382
f 388/388/388 387/387/387 383/383/383
o bomber_bay
usemtl plate
v 2.045454545454546 -0.4636363587596201 1.9090909090909092
v 2.045454545454546 -0.4636363587596201 -3.545454545454546
v 2.045454545454546 -1.3909090957858348 1.9090909090909092
v 2.045454545454546 -1.3909090957858348 -3.545454545454546
v -2.045454545454546 -0.4636363587596201 -3.545454545454546
v -2.045454545454546 -0.4636363587596201 1.9090909090909092
v -2.045454545454546 -1.3909090957858348 -3.545454545454546
v -2.045454545454546 -1.3909090957858348 1.9090909090909092
v -2.045454545454546 -0.4636363587596201 -3.545454545454546
v 2.045454545454546 -0.4636363587596201 -3.545454545454546
v -2.045454545454546 -0.4636363587596201 1.9090909090909092
v 2.045454545454546 -0.4636363587596201 1.9090909090909092
v -2.045454545454546 -1.3909090957858348 1.9090909090909092
v 2.045454545454546 -1.3909090957858348 1.9090909090909092
v -2.045454545454546 -1.3909090957858348 -3.545454545454546
v 2.045454545454546 -1.3909090957858348 -3.545454545454546
v -2.045454545454546 -0.4636363587596201 1.9090909090909092
v 2.045454545454546 -0.4636363587596201 1.9090909090909092
v -2.045454545454546 -1.3909090957858348 1.9090909090909092
v 2.045454545454546 -1.3909090957858348 1.9090909090909092
v 2.045454545454546 -0.4636363587596201 -3.545454545454546
v -2.045454545454546 -0.4636363587596201 -3.545454545454546
v 2.045454545454546 -1.3909090957858348 -3.545454545454546
v -2.045454545454546 -1.3909090957858348 -3.545454545454546
vt 0 1
vt 1 1
vt 0 0
vt 1 0
vt 0 1
vt 1 1
vt 0 0
vt 1 0
vt 0 1
vt 1 1
vt 0 0
vt 1 0
vt 0 1
vt 1 1
vt 0 0
vt 1 0
vt 0 1
vt 1 1
vt 0 0
vt 1 0
vt 0 1
vt 1 1
vt 0 0
vt 1 0
vn 1 0 0
vn 1 0 0
vn 1 0 0
vn 1 0 0
vn -1 0 0
vn -1 0 0
vn -1 0 0
vn -1 0 0
vn 0 1 0
vn 0 1 0
vn 0 1 0
vn 0 1 0
vn 0 -1 0
vn 0 -1 0
vn 0 -1 0
vn 0 -1 0
vn 0 0 1
vn 0 0 1
vn 0 0 1
vn 0 0 1
vn 0 0 -1
vn 0 0 -1
vn 0 0 -1
vn 0 0 -1
f 389/389/389 391/391/391 390/390/390
f 391/391/391 392/392/392 390/390/390
f 393/393/393 395/395/395 394/394/394
f 395/395/395 396/396/396 394/394/394
f 397/397/397 399/399/399 398/398/398
f 399/399/399 400/400/400 398/398/398
f 401/401/401 403/403/403 402/402/402
f 403/403/403 404/404/404 402/402/402
f 405/405/405 407/407/407 406/406/406
f 407/407/407 408/408/408 406/406/406
f 409/409/409 411/411/411 410/410/410
f 411/411/411 412/412/412 410/410/410
o bomber_baylight
usemtl accent
v 1.5000000325116245 -1.3636363654651427 1.3636363961479883
v 1.5000000325116245 -1.3636363654651427 -3.000000032511625
v 1.5000000325116245 -1.5272727254439484 1.3636363961479883
v 1.5000000325116245 -1.5272727254439484 -3.000000032511625
v -1.5000000325116245 -1.3636363654651427 -3.000000032511625
v -1.5000000325116245 -1.3636363654651427 1.3636363961479883
v -1.5000000325116245 -1.5272727254439484 -3.000000032511625
v -1.5000000325116245 -1.5272727254439484 1.3636363961479883
v -1.5000000325116245 -1.3636363654651427 -3.000000032511625
v 1.5000000325116245 -1.3636363654651427 -3.000000032511625
v -1.5000000325116245 -1.3636363654651427 1.3636363961479883
v 1.5000000325116245 -1.3636363654651427 1.3636363961479883
v -1.5000000325116245 -1.5272727254439484 1.3636363961479883
v 1.5000000325116245 -1.5272727254439484 1.3636363961479883
v -1.5000000325116245 -1.5272727254439484 -3.000000032511625
v 1.5000000325116245 -1.5272727254439484 -3.000000032511625
v -1.5000000325116245 -1.3636363654651427 1.3636363961479883
v 1.5000000325116245 -1.3636363654651427 1.3636363961479883
v -1.5000000325116245 -1.5272727254439484 1.3636363961479883
v 1.5000000325116245 -1.5272727254439484 1.3636363961479883
v 1.5000000325116245 -1.3636363654651427 -3.000000032511625
v -1.5000000325116245 -1.3636363654651427 -3.000000032511625
v 1.5000000325116245 -1.5272727254439484 -3.000000032511625
v -1.5000000325116245 -1.5272727254439484 -3.000000032511625
vt 0 1
vt 1 1
vt 0 0
vt 1 0
vt 0 1
vt 1 1
vt 0 0
vt 1 0
vt 0 1
vt 1 1
vt 0 0
vt 1 0
vt 0 1
vt 1 1
vt 0 0
vt 1 0
vt 0 1
vt 1 1
vt 0 0
vt 1 0
vt 0 1
vt 1 1
vt 0 0
vt 1 0
vn 1 0 0
vn 1 0 0
vn 1 0 0
vn 1 0 0
vn -1 0 0
vn -1 0 0
vn -1 0 0
vn -1 0 0
vn 0 1 0
vn 0 1 0
vn 0 1 0
vn 0 1 0
vn 0 -1 0
vn 0 -1 0
vn 0 -1 0
vn 0 -1 0
vn 0 0 1
vn 0 0 1
vn 0 0 1
vn 0 0 1
vn 0 0 -1
vn 0 0 -1
vn 0 0 -1
vn 0 0 -1
f 413/413/413 415/415/415 414/414/414
f 415/415/415 416/416/416 414/414/414
f 417/417/417 419/419/419 418/418/418
f 419/419/419 420/420/420 418/418/418
f 421/421/421 423/423/423 422/422/422
f 423/423/423 424/424/424 422/422/422
f 425/425/425 427/427/427 426/426/426
f 427/427/427 428/428/428 426/426/426
f 429/429/429 431/431/431 430/430/430
f 431/431/431 432/432/432 430/430/430
f 433/433/433 435/435/435 434/434/434
f 435/435/435 436/436/436 434/434/434
o bomber_engine_0_nacelle
usemtl plate
v -4.636363636363637 -0.9818182208321308 9.136363636363637
v -3.9421133344823667 -0.6942503018812696 9.136363636363637
v -3.6545454155315054 3.940631227383531e-16 9.136363636363637
v -3.9421133344823667 0.6942503018812705 9.136363636363637
v -4.636363636363637 0.9818182208321317 9.136363636363637
v -5.330613938244907 0.6942503018812705 9.136363636363637
v -5.618181857195768 6.345392175351972e-16 9.136363636363637
v -5.330613938244907 -0.6942503018812696 9.136363636363637
v -4.636363636363637 -0.9818182208321308 9.136363636363637
v -4.636363636363637 -0.8443636243993591 5.045454545454546
v -4.039308379996907 -0.5970552563667302 5.045454545454546
v -3.7920000119642783 -5.058845066384099e-16 5.045454545454546
v -4.039308379996907 0.5970552563667293 5.045454545454546
v -4.636363636363637 0.8443636243993582 5.045454545454546
v -5.233418892730366 0.5970552563667293 5.045454545454546
v -5.480727260762995 -2.9907506132313275e-16 5.045454545454546
v -5.233418892730366 -0.5970552563667302 5.045454545454546
v -4.636363636363637 -0.8443636243993591 5.045454545454546
v -4.636363636363637 4.541821464375641e-16 9.136363636363637
v -4.636363636363637 4.541821464375641e-16 9.136363636363637
v -4.636363636363637 4.541821464375641e-16 9.136363636363637
v -4.636363636363637 4.541821464375641e-16 9.136363636363637
v -4.636363636363637 4.541821464375641e-16 9.136363636363637
v -4.636363636363637 4.541821464375641e-16 9.136363636363637
v -4.636363636363637 4.541821464375641e-16 9.136363636363637
v -4.636363636363637 4.541821464375641e-16 9.136363636363637
v -4.636363636363637 -0.9818182208321308 9.136363636363637
v -3.9421133344823667 -0.6942503018812696 9.136363636363637
v -3.6545454155315054 3.940631227383531e-16 9.136363636363637
v -3.9421133344823667 0.6942503018812705 9.136363636363637
v -4.636363636363637 0.9818182208321317 9.136363636363637
v -5.330613938244907 0.6942503018812705 9.136363636363637
v -5.618181857195768 6.345392175351972e-16 9.136363636363637
v -5.330613938244907 -0.6942503018812696 9.136363636363637
v -4.636363636363637 -0.9818182208321308 9.136363636363637
v -4.636363636363637 -4.541821464375641e-16 5.045454545454546
v -4.636363636363637 -4.541821464375641e-16 5.045454545454546
v -4.636363636363637 -4.541821464375641e-16 5.045454545454546
v -4.636363636363637 -4.541821464375641e-16 5.045454545454546
v -4.636363636363637 -4.541821464375641e-16 5.045454545454546
v -4.636363636363637 -4.541821464375641e-16 5.045454545454546
v -4.636363636363637 -4.541821464375641e-16 5.045454545454546
v -4.636363636363637 -4.541821464375641e-16 5.045454545454546
v -4.636363636363637 -0.8443636243993591 5.045454545454546
v -4.039308379996907 -0.5970552563667302 5.045454545454546
v -3.7920000119642783 -5.058845066384099e-16 5.045454545454546
v -4.039308379996907 0.5970552563667293 5.045454545454546
v -4.636363636363637 0.8443636243993582 5.045454545454546
v -5.233418892730366 0.5970552563667293 5.045454545454546
v -5.480727260762995 -2.9907506132313275e-16 5.045454545454546
v -5.233418892730366 -0.5970552563667302 5.045454545454546
v -4.636363636363637 -0.8443636243993591 5.045454545454546
vt 0 1
vt 0.125 1
vt 0.25 1
vt 0.375 1
vt 0.5 1
vt 0.625 1
vt 0.75 1
vt 0.875 1
vt 1 1
vt 0 0
vt 0.125 0
vt 0.25 0
vt 0.375 0
vt 0.5 0
vt 0.625 0
vt 0.75 0
vt 0.875 0
vt 1 0
vt 0.5 0.5
vt 0.5 0.5
vt 0.5 0.5
vt 0.5 0.5
vt 0.5 0.5
vt 0.5 0.5
vt 0.5 0.5
vt 0.5 0.5
vt 1 0.5
vt 0.8535534143447876 0.8535534143447876
vt 0.5 1
vt 0.1464466154575348 0.8535534143447876
vt 0 0.5
vt 0.1464466154575348 0.1464466154575348
vt 0.5 0
vt 0.8535534143447876 0.1464466154575348
vt 1 0.5
vt 0.5 0.5
vt 0.5 0.5
vt 0.5 0.5
vt 0.5 0.5
vt 0.5 0.5
vt 0.5 0.5
vt 0.5 0.5
vt 0.5 0.5
vt 1 0.5
vt 0.8535534143447876 0.1464466154575348
vt 0.5 0
vt 0.1464466154575348 0.1464466154575348
vt 0 0.5
vt 0.1464466154575348 0.8535534143447876
vt 0.5 1
vt 0.8535534143447876 0.8535534143447876
vt 1 0.5
vn 0 -0.9994359975761036 -0.03358104746815713
vn 0.7067079712104536 -0.7067079712104536 -0.033581049048670014
vn 0.9994359975761036 -6.865429517717415e-17 -0.03358104746815735
vn 0.7067079712104536 0.7067079712104536 -0.033581049048670326
vn 1.2239560951827687e-16 0.9994359975761036 -0.03358104746815757
vn -0.7067079712104536 0.7067079712104536 -0.033581049048670326
vn -0.9994359975761036 1.761369172419348e-16 -0.03358104746815735
vn -0.7067079712104536 -0.7067079712104536 -0.033581049048670014
vn -2.4479121903655373e-16 -0.9994359975761036 -0.03358104746815713
vn 0 -0.9994359975761036 -0.03358104746815713
vn 0.7067079712104536 -0.7067079712104536 -0.033581049048670014
vn 0.9994359975761036 -6.865429517717415e-17 -0.03358104746815735
vn 0.7067079712104536 0.7067079712104536 -0.033581049048670326
vn 1.2239560951827687e-16 0.9994359975761036 -0.03358104746815757
vn -0.7067079712104536 0.7067079712104536 -0.033581049048670326
vn -0.9994359975761036 1.761369172419348e-16 -0.03358104746815735
vn -0.7067079712104536 -0.7067079712104536 -0.033581049048670014
vn -2.4479121903655373e-16 -0.9994359975761036 -0.03358104746815713
vn 0 2.220446049250313e-16 1
vn 0 2.220446049250313e-16 1
vn 0 2.220446049250313e-16 1
vn 0 2.220446049250313e-16 1
vn 0 2.220446049250313e-16 1
vn 0 2.220446049250313e-16 1
vn 0 2.220446049250313e-16 1
vn 0 2.220446049250313e-16 1
vn 0 2.220446049250313e-16 1
vn 0 2.220446049250313e-16 1
vn 0 2.220446049250313e-16 1
vn 0 2.220446049250313e-16 1
vn 0 2.220446049250313e-16 1
vn 0 2.220446049250313e-16 1
vn 0 2.220446049250313e-16 1
vn 0 2.220446049250313e-16 1
vn 0 2.220446049250313e-16 1
vn 0 -2.220446049250313e-16 -1
vn 0 -2.220446049250313e-16 -1
vn 0 -2.220446049250313e-16 -1
vn 0 -2.220446049250313e-16 -1
vn 0 -2.220446049250313e-16 -1
vn 0 -2.220446049250313e-16 -1
vn 0 -2.220446049250313e-16 -1
vn 0 -2.220446049250313e-16 -1
vn 0 -2.220446049250313e-16 -1
vn 0 -2.220446049250313e-16 -1
vn 0 -2.220446049250313e-16 -1
vn 0 -2.220446049250313e-16 -1
vn 0 -2.220446049250313e-16 -1
vn 0 -2.220446049250313e-16 -1
vn 0 -2.220446049250313e-16 -1
vn 0 -2.220446049250313e-16 -1
vn 0 -2.220446049250313e-16 -1
f 437/437/437 446/446/446 438/438/438
f 446/446/446 447/447/447 438/438/438
f 438/438/438 447/447/447 439/439/439
f 447/447/447 448/448/448 439/439/439
f 439/439/439 448/448/448 440/440/440
f 448/448/448 449/449/449 440/440/440
f 440/440/440 449/449/449 441/441/441
f 449/449/449 450/450/450 441/441/441
f 441/441/441 450/450/450 442/442/442
f 450/450/450 451/451/451 442/442/442
f 442/442/442 451/451/451 443/443/443
f 451/451/451 452/452/452 443/443/443
f 443/443/443 452/452/452 444/444/444
f 452/452/452 453/453/453 444/444/444
f 444/444/444 453/453/453 445/445/445
f 453/453/453 454/454/454 445/445/445
f 463/463/463 464/464/464 455/455/455
f 464/464/464 465/465/465 456/456/456
f 465/465/465 466/466/466 457/457/457
f 466/466/466 467/467/467 458/458/458
f 467/467/467 468/468/468 459/459/459
f 468/468/468 469/469/469 460/460/460
f 469/469/469 470/470/470 461/461/461
f 470/470/470 471/471/471 462/462/462
f 481/481/481 480/480/480 472/472/472
f 482/482/482 481/481/481 473/473/473
f 483/483/483 482/482/482 474/474/474
f 484/484/484 483/483/483 475/475/475
f 485/485/485 484/484/484 476/476/476
f 486/486/486 485/485/485 477/477/477
f 487/487/487 486/486/486 478/478/478
f 488/488/488 487/487/487 479/479/479
o bomber_engine_0_bell
usemtl thruster
v -4.636363636363637 -0.7069091092456471 9.409090911122886
v -4.136503425511447 -0.4998602108521895 9.409090911122886
v -3.9294545271179895 -1.3006886488786699e-17 9.409090911122886
v -4.136503425511447 0.4998602108521896 9.409090911122886
v -4.636363636363637 0.7069091092456471 9.409090911122886
v -5.136223847215827 0.4998602108521896 9.409090911122886
v -5.3432727456092834 1.601359003211349e-16 9.409090911122886
v -5.136223847215827 -0.4998602108521895 9.409090911122886
v -4.636363636363637 -0.7069091092456471 9.409090911122886
v -4.636363636363637 -0.7069091092456471 9.13636363433166
v -4.136503425511447 -0.4998602108521896 9.13636363433166
v -3.9294545271179895 -7.35645069161741e-17 9.13636363433166
v -4.136503425511447 0.4998602108521895 9.13636363433166
v -4.636363636363637 0.7069091092456471 9.13636363433166
v -5.136223847215827 0.4998602108521895 9.13636363433166
v -5.3432727456092834 9.957827989374748e-17 9.13636363433166
v -5.136223847215827 -0.4998602108521896 9.13636363433166
v -4.636363636363637 -0.7069091092456471 9.13636363433166
v -4.636363636363637 3.02788102136937e-17 9.409090911122886
v -4.636363636363637 3.02788102136937e-17 9.409090911122886
v -4.636363636363637 3.02788102136937e-17 9.409090911122886
v -4.636363636363637 3.02788102136937e-17 9.409090911122886
v -4.636363636363637 3.02788102136937e-17 9.409090911122886
v -4.636363636363637 3.02788102136937e-17 9.409090911122886
v -4.636363636363637 3.02788102136937e-17 9.409090911122886
v -4.636363636363637 3.02788102136937e-17 9.409090911122886
v -4.636363636363637 -0.7069091092456471 9.409090911122886
v -4.136503425511447 -0.4998602108521895 9.409090911122886
v -3.9294545271179895 -1.3006886488786699e-17 9.409090911122886
v -4.136503425511447 0.4998602108521896 9.409090911122886
v -4.636363636363637 0.7069091092456471 9.409090911122886
v -5.136223847215827 0.4998602108521896 9.409090911122886
v -5.3432727456092834 1.601359003211349e-16 9.409090911122886
v -5.136223847215827 -0.4998602108521895 9.409090911122886
v -4.636363636363637 -0.7069091092456471 9.409090911122886
v -4.636363636363637 -3.02788102136937e-17 9.13636363433166
v -4.636363636363637 -3.02788102136937e-17 9.13636363433166
v -4.636363636363637 -3.02788102136937e-17 9.13636363433166
v -4.636363636363637 -3.02788102136937e-17 9.13636363433166
v -4.636363636363637 -3.02788102136937e-17 9.13636363433166
v -4.636363636363637 -3.02788102136937e-17 9.13636363433166
v -4.636363636363637 -3.02788102136937e-17 9.13636363433166
v -4.636363636363637 -3.02788102136937e-17 9.13636363433166
v -4.636363636363637 -0.7069091092456471 9.13636363433166
v -4.136503425511447 -0.4998602108521896 9.13636363433166
v -3.9294545271179895 -7.35645069161741e-17 9.13636363433166
v -4.136503425511447 0.4998602108521895 9.13636363433166
v -4.636363636363637 0.7069091092456471 9.13636363433166
v -5.136223847215827 0.4998602108521895 9.13636363433166
v -5.3432727456092834 9.957827989374748e-17 9.13636363433166
v -5.136223847215827 -0.4998602108521896 9.13636363433166
v -4.636363636363637 -0.7069091092456471 9.13636363433166
vt 0 1
vt 0.125 1
vt 0.25 1
vt 0.375 1
vt 0.5 1
vt 0.625 1
vt 0.75 1
vt 0.875 1
vt 1 1
vt 0 0
vt 0.125 0
vt 0.25 0
vt 0.375 0
vt 0.5 0
vt 0.625 0
vt 0.75 0
vt 0.875 0
vt 1 0
vt 0.5 0.5
vt 0.5 0.5
vt 0.5 0.5
vt 0.5 0.5
vt 0.5 0.5
vt 0.5 0.5
vt 0.5 0.5
vt 0.5 0.5
vt 1 0.5
vt 0.8535534143447876 0.8535534143447876
vt 0.5 1
vt 0.1464466154575348 0.8535534143447876
vt 0 0.5
vt 0.1464466154575348 0.1464466154575348
vt 0.5 0
vt 0.8535534143447876 0.1464466154575348
vt 1 0.5
vt 0.5 0.5
vt 0.5 0.5
vt 0.5 0.5
vt 0.5 0.5
vt 0.5 0.5
vt 0.5 0.5
vt 0.5 0.5
vt 0.5 0.5
vt 1 0.5
vt 0.8535534143447876 0.1464466154575348
vt 0.5 0
vt 0.1464466154575348 0.1464466154575348
vt 0 0.5
vt 0.1464466154575348 0.8535534143447876
vt 0.5 1
vt 0.8535534143447876 0.8535534143447876
vt 1 0.5
vn 0 -1 2.220446049250313e-16
vn 0.7071067811865475 -0.7071067811865475 1.570092458683775e-16
vn 1 -6.123234262925839e-17 1.3596311327747833e-32
vn 0.7071067811865475 0.7071067811865475 -1.570092458683775e-16
vn 1.2246468525851679e-16 1 -2.220446049250313e-16
vn -0.7071067811865475 0.7071067811865475 -1.570092458683775e-16
vn -1 1.8369701465288538e-16 -4.078893104450762e-32
vn -0.7071067811865475 -0.7071067811865475 1.570092458683775e-16
vn -2.4492937051703357e-16 -1 2.220446049250313e-16
vn 0 -1 2.220446049250313e-16
vn 0.7071067811865475 -0.7071067811865475 1.570092458683775e-16
vn 1 -6.123234262925839e-17 1.3596311327747833e-32
vn 0.7071067811865475 0.7071067811865475 -1.570092458683775e-16
vn 1.2246468525851679e-16 1 -2.220446049250313e-16
vn -0.7071067811865475 0.7071067811865475 -1.570092458683775e-16
vn -1 1.8369701465288538e-16 -4.078893104450762e-32
vn -0.7071067811865475 -0.7071067811865475 1.570092458683775e-16
vn -2.4492937051703357e-16 -1 2.220446049250313e-16
vn 0 2.220446049250313e-16 1
vn 0 2.220446049250313e-16 1
vn 0 2.220446049250313e-16 1
vn 0 2.220446049250313e-16 1
vn 0 2.220446049250313e-16 1
vn 0 2.220446049250313e-16 1
vn 0 2.220446049250313e-16 1
vn 0 2.220446049250313e-16 1
vn 0 2.220446049250313e-16 1
vn 0 2.220446049250313e-16 1
vn 0 2.220446049250313e-16 1
vn 0 2.220446049250313e-16 1
vn 0 2.220446049250313e-16 1
vn 0 2.220446049250313e-16 1
vn 0 2.220446049250313e-16 1
vn 0 2.220446049250313e-16 1
vn 0 2.220446049250313e-16 1
vn 0 -2.220446049250313e-16 -1
vn 0 -2.220446049250313e-16 -1
vn 0 -2.220446049250313e-16 -1
vn 0 -2.220446049250313e-16 -1
vn 0 -2.220446049250313e-16 -1
vn 0 -2.220446049250313e-16 -1
vn 0 -2.220446049250313e-16 -1
vn 0 -2.220446049250313e-16 -1
vn 0 -2.220446049250313e-16 -1
vn 0 -2.220446049250313e-16 -1
vn 0 -2.220446049250313e-16 -1
vn 0 -2.220446049250313e-16 -1
vn 0 -2.220446049250313e-16 -1
vn 0 -2.220446049250313e-16 -1
vn 0 -2.220446049250313e-16 -1
vn 0 -2.220446049250313e-16 -1
vn 0 -2.220446049250313e-16 -1
f 489/489/489 498/498/498 490/490/490
f 498/498/498 499/499/499 490/490/490
f 490/490/490 499/499/499 491/491/491
f 499/499/499 500/500/500 491/491/491
f 491/491/491 500/500/500 492/492/492
f 500/500/500 501/501/501 492/492/492
f 492/492/492 501/501/501 493/493/493
f 501/501/501 502/502/502 493/493/493
f 493/493/493 502/502/502 494/494/494
f 502/502/502 503/503/503 494/494/494
f 494/494/494 503/503/503 495/495/495
f 503/503/503 504/504/504 495/495/495
f 495/495/495 504/504/504 496/496/496
f 504/504/504 505/505/505 496/496/496
f 496/496/496 505/505/505 497/497/497
f 505/505/505 506/506/506 497/497/497
f 515/515/515 516/516/516 507/507/507
f 516/516/516 517/517/517 508/508/508
f 517/517/517 518/518/518 509/509/509
f 518/518/518 519/519/519 510/510/510
f 519/519/519 520/520/520 511/511/511
f 520/520/520 521/521/521 512/512/512
f 521/521/521 522/522/522 513/513/513
f 522/522/522 523/523/523 514/514/514
f 533/533/533 532/532/532 524/524/524
f 534/534/534 533/533/533 525/525/525
f 535/535/535 534/534/534 526/526/526
f 536/536/536 535/535/535 527/527/527
f 537/537/537 536/536/536 528/528/528
f 538/538/538 537/537/537 529/529/529
f 539/539/539 538/538/538 530/530/530
f 540/540/540 539/539/539 531/531/531
o bomber_engine_1_nacelle
usemtl plate
v 0 -0.9818182208321308 9.136363636363637
v 0.69425030188127 -0.6942503018812696 9.136363636363637
v 0.9818182208321312 3.940631227383531e-16 9.136363636363637
v 0.69425030188127 0.6942503018812705 9.136363636363637
v 1.2023804739842204e-16 0.9818182208321317 9.136363636363637
v -0.69425030188127 0.6942503018812705 9.136363636363637
v -0.9818182208321312 6.345392175351972e-16 9.136363636363637
v -0.69425030188127 -0.6942503018812696 9.136363636363637
v -2.404760947968441e-16 -0.9818182208321308 9.136363636363637
v 0 -0.8443636243993591 5.045454545454546
v 0.5970552563667297 -0.5970552563667302 5.045454545454546
v 0.8443636243993586 -5.058845066384099e-16 5.045454545454546
v 0.5970552563667297 0.5970552563667293 5.045454545454546
v 1.0340472040169143e-16 0.8443636243993582 5.045454545454546
v -0.5970552563667297 0.5970552563667293 5.045454545454546
v -0.8443636243993586 -2.9907506132313275e-16 5.045454545454546
v -0.5970552563667297 -0.5970552563667302 5.045454545454546
v -2.0680944080338285e-16 -0.8443636243993591 5.045454545454546
v 0 4.541821464375641e-16 9.136363636363637
v 0 4.541821464375641e-16 9.136363636363637
v 0 4.541821464375641e-16 9.136363636363637
v 0 4.541821464375641e-16 9.136363636363637
v 0 4.541821464375641e-16 9.136363636363637
v 0 4.541821464375641e-16 9.136363636363637
v 0 4.541821464375641e-16 9.136363636363637
v 0 4.541821464375641e-16 9.136363636363637
v 0 -0.9818182208321308 9.136363636363637
v 0.69425030188127 -0.6942503018812696 9.136363636363637
v 0.9818182208321312 3.940631227383531e-16 9.136363636363637
v 0.69425030188127 0.6942503018812705 9.136363636363637
v 1.2023804739842204e-16 0.9818182208321317 9.136363636363637
v -0.69425030188127 0.6942503018812705 9.136363636363637
v -0.9818182208321312 6.345392175351972e-16 9.136363636363637
v -0.69425030188127 -0.6942503018812696 9.136363636363637
v -2.404760947968441e-16 -0.9818182208321308 9.136363636363637
v 0 -4.541821464375641e-16 5.045454545454546
v 0 -4.541821464375641e-16 5.045454545454546
v 0 -4.541821464375641e-16 5.045454545454546
v 0 -4.541821464375641e-16 5.045454545454546
v 0 -4.541821464375641e-16 5.045454545454546
v 0 -4.541821464375641e-16 5.045454545454546
v 0 -4.541821464375641e-16 5.045454545454546
v 0 -4.541821464375641e-16 5.045454545454546
v 0 -0.8443636243993591 5.045454545454546
v 0.5970552563667297 -0.5970552563667302 5.045454545454546
v 0.8443636243993586 -5.058845066384099e-16 5.045454545454546
v 0.5970552563667297 0.5970552563667293 5.045454545454546
v 1.0340472040169143e-16 0.8443636243993582 5.045454545454546
v -0.5970552563667297 0.5970552563667293 5.045454545454546
v -0.8443636243993586 -2.9907506132313275e-16 5.045454545454546
v -0.5970552563667297 -0.5970552563667302 5.045454545454546
v -2.0680944080338285e-16 -0.8443636243993591 5.045454545454546
vt 0 1
vt 0.125 1
vt 0.25 1
vt 0.375 1
vt 0.5 1
vt 0.625 1
vt 0.75 1
vt 0.875 1
vt 1 1
vt 0 0
vt 0.125 0
vt 0.25 0
vt 0.375 0
vt 0.5 0
vt 0.625 0
vt 0.75 0
vt 0.875 0
vt 1 0
vt 0.5 0.5
vt 0.5 0.5
vt 0.5 0.5
vt 0.5 0.5
vt 0.5 0.5
vt 0.5 0.5
vt 0.5 0.5
vt 0.5 0.5
vt 1 0.5
vt 0.8535534143447876 0.8535534143447876
vt 0.5 1
vt 0.1464466154575348 0.8535534143447876
vt 0 0.5
vt 0.1464466154575348 0.1464466154575348
vt 0.5 0
vt 0.8535534143447876 0.1464466154575348
vt 1 0.5
vt 0.5 0.5
vt 0.5 0.5
vt 0.5 0.5
vt 0.5 0.5
vt 0.5 0.5
vt 0.5 0.5
vt 0.5 0.5
vt 0.5 0.5
vt 1 0.5
vt 0.8535534143447876 0.1464466154575348
vt 0.5 0
vt 0.1464466154575348 0.1464466154575348
vt 0 0.5
vt 0.1464466154575348 0.8535534143447876
vt 0.5 1
vt 0.8535534143447876 0.8535534143447876
vt 1 0.5
vn 0 -0.9994359975761036 -0.03358104746815713
vn 0.7067079712104536 -0.7067079712104536 -0.033581049048670014
vn 0.9994359975761036 -6.865429517717415e-17 -0.03358104746815735
vn 0.7067079712104536 0.7067079712104536 -0.033581049048670326
vn 1.2239560951827687e-16 0.9994359975761036 -0.03358104746815757
vn -0.7067079712104536 0.7067079712104536 -0.033581049048670326
vn -0.9994359975761036 1.761369172419348e-16 -0.03358104746815735
vn -0.7067079712104536 -0.7067079712104536 -0.033581049048670014
vn -2.4479121903655373e-16 -0.9994359975761036 -0.03358104746815713
vn 0 -0.9994359975761036 -0.03358104746815713
vn 0.7067079712104536 -0.7067079712104536 -0.033581049048670014
vn 0.9994359975761036 -6.865429517717415e-17 -0.03358104746815735
vn 0.7067079712104536 0.7067079712104536 -0.033581049048670326
vn 1.2239560951827687e-16 0.9994359975761036 -0.03358104746815757
vn -0.7067079712104536 0.7067079712104536 -0.033581049048670326
vn -0.9994359975761036 1.761369172419348e-16 -0.03358104746815735
vn -0.7067079712104536 -0.7067079712104536 -0.033581049048670014
vn -2.4479121903655373e-16 -0.9994359975761036 -0.03358104746815713
vn 0 2.220446049250313e-16 1
vn 0 2.220446049250313e-16 1
vn 0 2.220446049250313e-16 1
vn 0 2.220446049250313e-16 1
vn 0 2.220446049250313e-16 1
vn 0 2.220446049250313e-16 1
vn 0 2.220446049250313e-16 1
vn 0 2.220446049250313e-16 1
vn 0 2.220446049250313e-16 1
vn 0 2.220446049250313e-16 1
vn 0 2.220446049250313e-16 1
vn 0 2.220446049250313e-16 1
vn 0 2.220446049250313e-16 1
vn 0 2.220446049250313e-16 1
vn 0 2.220446049250313e-16 1
vn 0 2.220446049250313e-16 1
vn 0 2.220446049250313e-16 1
vn 0 -2.220446049250313e-16 -1
vn 0 -2.220446049250313e-16 -1
vn 0 -2.220446049250313e-16 -1
vn 0 -2.220446049250313e-16 -1
vn 0 -2.220446049250313e-16 -1
vn 0 -2.220446049250313e-16 -1
vn 0 -2.220446049250313e-16 -1
vn 0 -2.220446049250313e-16 -1
vn 0 -2.220446049250313e-16 -1
vn 0 -2.220446049250313e-16 -1
vn 0 -2.220446049250313e-16 -1
vn 0 -2.220446049250313e-16 -1
vn 0 -2.220446049250313e-16 -1
vn 0 -2.220446049250313e-16 -1
vn 0 -2.220446049250313e-16 -1
vn 0 -2.220446049250313e-16 -1
vn 0 -2.220446049250313e-16 -1
f 541/541/541 550/550/550 542/542/542
f 550/550/550 551/551/551 542/542/542
f 542/542/542 551/551/551 543/543/543
f 551/551/551 552/552/552 543/543/543
f 543/543/543 552/552/552 544/544/544
f 552/552/552 553/553/553 544/544/544
f 544/544/544 553/553/553 545/545/545
f 553/553/553 554/554/554 545/545/545
f 545/545/545 554/554/554 546/546/546
f 554/554/554 555/555/555 546/546/546
f 546/546/546 555/555/555 547/547/547
f 555/555/555 556/556/556 547/547/547
f 547/547/547 556/556/556 548/548/548
f 556/556/556 557/557/557 548/548/548
f 548/548/548 557/557/557 549/549/549
f 557/557/557 558/558/558 549/549/549
f 567/567/567 568/568/568 559/559/559
f 568/568/568 569/569/569 560/560/560
f 569/569/569 570/570/570 561/561/561
f 570/570/570 571/571/571 562/562/562
f 571/571/571 572/572/572 563/563/563
f 572/572/572 573/573/573 564/564/564
f 573/573/573 574/574/574 565/565/565
f 574/574/574 575/575/575 566/566/566
f 585/585/585 584/584/584 576/576/576
f 586/586/586 585/585/585 577/577/577
f 587/587/587 586/586/586 578/578/578
f 588/588/588 587/587/587 579/579/579
f 589/589/589 588/588/588 580/580/580
f 590/590/590 589/589/589 581/581/581
f 591/591/591 590/590/590 582/582/582
f 592/592/592 591/591/591 583/583/583
o bomber_engine_1_bell
usemtl thruster
v 0 -0.7069091092456471 9.409090911122886
v 0.49986021085218957 -0.4998602108521895 9.409090911122886
v 0.7069091092456471 -1.3006886488786699e-17 9.409090911122886
v 0.49986021085218957 0.4998602108521896 9.409090911122886
v 8.65713934049608e-17 0.7069091092456471 9.409090911122886
v -0.49986021085218957 0.4998602108521896 9.409090911122886
v -0.7069091092456471 1.601359003211349e-16 9.409090911122886
v -0.49986021085218957 -0.4998602108521895 9.409090911122886
v -1.731427868099216e-16 -0.7069091092456471 9.409090911122886
v 0 -0.7069091092456471 9.13636363433166
v 0.49986021085218957 -0.4998602108521896 9.13636363433166
v 0.7069091092456471 -7.35645069161741e-17 9.13636363433166
v 0.49986021085218957 0.4998602108521895 9.13636363433166
v 8.65713934049608e-17 0.7069091092456471 9.13636363433166
v -0.49986021085218957 0.4998602108521895 9.13636363433166
v -0.7069091092456471 9.957827989374748e-17 9.13636363433166
v -0.49986021085218957 -0.4998602108521896 9.13636363433166
v -1.731427868099216e-16 -0.7069091092456471 9.13636363433166
v 0 3.02788102136937e-17 9.409090911122886
v 0 3.02788102136937e-17 9.409090911122886
v 0 3.02788102136937e-17 9.409090911122886
v 0 3.02788102136937e-17 9.409090911122886
v 0 3.02788102136937e-17 9.409090911122886
v 0 3.02788102136937e-17 9.409090911122886
v 0 3.02788102136937e-17 9.409090911122886
v 0 3.02788102136937e-17 9.409090911122886
v 0 -0.7069091092456471 9.409090911122886
v 0.49986021085218957 -0.4998602108521895 9.409090911122886
v 0.7069091092456471 -1.3006886488786699e-17 9.409090911122886
v 0.49986021085218957 0.4998602108521896 9.409090911122886
v 8.65713934049608e-17 0.7069091092456471 9.409090911122886
v -0.49986021085218957 0.4998602108521896 9.409090911122886
v -0.7069091092456471 1.601359003211349e-16 9.409090911122886
v -0.49986021085218957 -0.4998602108521895 9.409090911122886
v -1.731427868099216e-16 -0.7069091092456471 9.409090911122886
v 0 -3.02788102136937e-17 9.13636363433166
v 0 -3.02788102136937e-17 9.13636363433166
v 0 -3.02788102136937e-17 9.13636363433166
v 0 -3.02788102136937e-17 9.13636363433166
v 0 -3.02788102136937e-17 9.13636363433166
v 0 -3.02788102136937e-17 9.13636363433166
v 0 -3.02788102136937e-17 9.13636363433166
v 0 -3.02788102136937e-17 9.13636363433166
v 0 -0.7069091092456471 9.13636363433166
v 0.49986021085218957 -0.4998602108521896 9.13636363433166
v 0.7069091092456471 -7.35645069161741e-17 9.13636363433166
v 0.49986021085218957 0.4998602108521895 9.13636363433166
v 8.65713934049608e-17 0.7069091092456471 9.13636363433166
v -0.49986021085218957 0.4998602108521895 9.13636363433166
v -0.7069091092456471 9.957827989374748e-17 9.13636363433166
v -0.49986021085218957 -0.4998602108521896 9.13636363433166
v -1.731427868099216e-16 -0.7069091092456471 9.13636363433166
vt 0 1
vt 0.125 1
vt 0.25 1
vt 0.375 1
vt 0.5 1
vt 0.625 1
vt 0.75 1
vt 0.875 1
vt 1 1
vt 0 0
vt 0.125 0
vt 0.25 0
vt 0.375 0
vt 0.5 0
vt 0.625 0
vt 0.75 0
vt 0.875 0
vt 1 0
vt 0.5 0.5
vt 0.5 0.5
vt 0.5 0.5
vt 0.5 0.5
vt 0.5 0.5
vt 0.5 0.5
vt 0.5 0.5
vt 0.5 0.5
vt 1 0.5
vt 0.8535534143447876 0.8535534143447876
vt 0.5 1
vt 0.1464466154575348 0.8535534143447876
vt 0 0.5
vt 0.1464466154575348 0.1464466154575348
vt 0.5 0
vt 0.8535534143447876 0.1464466154575348
vt 1 0.5
vt 0.5 0.5
vt 0.5 0.5
vt 0.5 0.5
vt 0.5 0.5
vt 0.5 0.5
vt 0.5 0.5
vt 0.5 0.5
vt 0.5 0.5
vt 1 0.5
vt 0.8535534143447876 0.1464466154575348
vt 0.5 0
vt 0.1464466154575348 0.1464466154575348
vt 0 0.5
vt 0.1464466154575348 0.8535534143447876
vt 0.5 1
vt 0.8535534143447876 0.8535534143447876
vt 1 0.5
vn 0 -1 2.220446049250313e-16
vn 0.7071067811865475 -0.7071067811865475 1.570092458683775e-16
vn 1 -6.123234262925839e-17 1.3596311327747833e-32
vn 0.7071067811865475 0.7071067811865475 -1.570092458683775e-16
vn 1.2246468525851679e-16 1 -2.220446049250313e-16
vn -0.7071067811865475 0.7071067811865475 -1.570092458683775e-16
vn -1 1.8369701465288538e-16 -4.078893104450762e-32
vn -0.7071067811865475 -0.7071067811865475 1.570092458683775e-16
vn -2.4492937051703357e-16 -1 2.220446049250313e-16
vn 0 -1 2.220446049250313e-16
vn 0.7071067811865475 -0.7071067811865475 1.570092458683775e-16
vn 1 -6.123234262925839e-17 1.3596311327747833e-32
vn 0.7071067811865475 0.7071067811865475 -1.570092458683775e-16
vn 1.2246468525851679e-16 1 -2.220446049250313e-16
vn -0.7071067811865475 0.7071067811865475 -1.570092458683775e-16
vn -1 1.8369701465288538e-16 -4.078893104450762e-32
vn -0.7071067811865475 -0.7071067811865475 1.570092458683775e-16
vn -2.4492937051703357e-16 -1 2.220446049250313e-16
vn 0 2.220446049250313e-16 1
vn 0 2.220446049250313e-16 1
vn 0 2.220446049250313e-16 1
vn 0 2.220446049250313e-16 1
vn 0 2.220446049250313e-16 1
vn 0 2.220446049250313e-16 1
vn 0 2.220446049250313e-16 1
vn 0 2.220446049250313e-16 1
vn 0 2.220446049250313e-16 1
vn 0 2.220446049250313e-16 1
vn 0 2.220446049250313e-16 1
vn 0 2.220446049250313e-16 1
vn 0 2.220446049250313e-16 1
vn 0 2.220446049250313e-16 1
vn 0 2.220446049250313e-16 1
vn 0 2.220446049250313e-16 1
vn 0 2.220446049250313e-16 1
vn 0 -2.220446049250313e-16 -1
vn 0 -2.220446049250313e-16 -1
vn 0 -2.220446049250313e-16 -1
vn 0 -2.220446049250313e-16 -1
vn 0 -2.220446049250313e-16 -1
vn 0 -2.220446049250313e-16 -1
vn 0 -2.220446049250313e-16 -1
vn 0 -2.220446049250313e-16 -1
vn 0 -2.220446049250313e-16 -1
vn 0 -2.220446049250313e-16 -1
vn 0 -2.220446049250313e-16 -1
vn 0 -2.220446049250313e-16 -1
vn 0 -2.220446049250313e-16 -1
vn 0 -2.220446049250313e-16 -1
vn 0 -2.220446049250313e-16 -1
vn 0 -2.220446049250313e-16 -1
vn 0 -2.220446049250313e-16 -1
f 593/593/593 602/602/602 594/594/594
f 602/602/602 603/603/603 594/594/594
f 594/594/594 603/603/603 595/595/595
f 603/603/603 604/604/604 595/595/595
f 595/595/595 604/604/604 596/596/596
f 604/604/604 605/605/605 596/596/596
f 596/596/596 605/605/605 597/597/597
f 605/605/605 606/606/606 597/597/597
f 597/597/597 606/606/606 598/598/598
f 606/606/606 607/607/607 598/598/598
f 598/598/598 607/607/607 599/599/599
f 607/607/607 608/608/608 599/599/599
f 599/599/599 608/608/608 600/600/600
f 608/608/608 609/609/609 600/600/600
f 600/600/600 609/609/609 601/601/601
f 609/609/609 610/610/610 601/601/601
f 619/619/619 620/620/620 611/611/611
f 620/620/620 621/621/621 612/612/612
f 621/621/621 622/622/622 613/613/613
f 622/622/622 623/623/623 614/614/614
f 623/623/623 624/624/624 615/615/615
f 624/624/624 625/625/625 616/616/616
f 625/625/625 626/626/626 617/617/617
f 626/626/626 627/627/627 618/618/618
f 637/637/637 636/636/636 628/628/628
f 638/638/638 637/637/637 629/629/629
f 639/639/639 638/638/638 630/630/630
f 640/640/640 639/639/639 631/631/631
f 641/641/641 640/640/640 632/632/632
f 642/642/642 641/641/641 633/633/633
f 643/643/643 642/642/642 634/634/634
f 644/644/644 643/643/643 635/635/635
o bomber_engine_2_nacelle
usemtl plate
v 4.636363636363637 -0.9818182208321308 9.136363636363637
v 5.330613938244907 -0.6942503018812696 9.136363636363637
v 5.618181857195768 3.940631227383531e-16 9.136363636363637
v 5.330613938244907 0.6942503018812705 9.136363636363637
v 4.636363636363637 0.9818182208321317 9.136363636363637
v 3.9421133344823667 0.6942503018812705 9.136363636363637
v 3.6545454155315054 6.345392175351972e-16 9.136363636363637
v 3.9421133344823667 -0.6942503018812696 9.136363636363637
v 4.636363636363637 -0.9818182208321308 9.136363636363637
v 4.636363636363637 -0.8443636243993591 5.045454545454546
v 5.233418892730366 -0.5970552563667302 5.045454545454546
v 5.480727260762995 -5.058845066384099e-16 5.045454545454546
v 5.233418892730366 0.5970552563667293 5.045454545454546
v 4.636363636363637 0.8443636243993582 5.045454545454546
v 4.039308379996907 0.5970552563667293 5.045454545454546
v 3.7920000119642783 -2.9907506132313275e-16 5.045454545454546
v 4.039308379996907 -0.5970552563667302 5.045454545454546
v 4.636363636363637 -0.8443636243993591 5.045454545454546
v 4.636363636363637 4.541821464375641e-16 9.136363636363637
v 4.636363636363637 4.541821464375641e-16 9.136363636363637
v 4.636363636363637 4.541821464375641e-16 9.136363636363637
v 4.636363636363637 4.541821464375641e-16 9.136363636363637
v 4.636363636363637 4.541821464375641e-16 9.136363636363637
v 4.636363636363637 4.541821464375641e-16 9.136363636363637
v 4.636363636363637 4.541821464375641e-16 9.136363636363637
v 4.636363636363637 4.541821464375641e-16 9.136363636363637
v 4.636363636363637 -0.9818182208321308 9.136363636363637
v 5.330613938244907 -0.6942503018812696 9.136363636363637
v 5.618181857195768 3.940631227383531e-16 9.136363636363637
v 5.330613938244907 0.6942503018812705 9.136363636363637
v 4.636363636363637 0.9818182208321317 9.136363636363637
v 3.9421133344823667 0.6942503018812705 9.136363636363637
v 3.6545454155315054 6.345392175351972e-16 9.136363636363637
v 3.9421133344823667 -0.6942503018812696 9.136363636363637
v 4.636363636363637 -0.9818182208321308 9.136363636363637
v 4.636363636363637 -4.541821464375641e-16 5.045454545454546
v 4.636363636363637 -4.541821464375641e-16 5.045454545454546
v 4.636363636363637 -4.541821464375641e-16 5.045454545454546
v 4.636363636363637 -4.541821464375641e-16 5.045454545454546
v 4.636363636363637 -4.541821464375641e-16 5.045454545454546
v 4.636363636363637 -4.541821464375641e-16 5.045454545454546
v 4.636363636363637 -4.541821464375641e-16 5.045454545454546
v 4.636363636363637 -4.541821464375641e-16 5.045454545454546
v 4.636363636363637 -0.8443636243993591 5.045454545454546
v 5.233418892730366 -0.5970552563667302 5.045454545454546
v 5.480727260762995 -5.058845066384099e-16 5.045454545454546
v 5.233418892730366 0.5970552563667293 5.045454545454546
v 4.636363636363637 0.8443636243993582 5.045454545454546
v 4.039308379996907 0.5970552563667293 5.045454545454546
v 3.7920000119642783 -2.9907506132313275e-16 5.045454545454546
v 4.039308379996907 -0.5970552563667302 5.045454545454546
v 4.636363636363637 -0.8443636243993591 5.045454545454546
vt 0 1
vt 0.125 1
vt 0.25 1
vt 0.375 1
vt 0.5 1
vt 0.625 1
vt 0.75 1
vt 0.875 1
vt 1 1
vt 0 0
vt 0.125 0
vt 0.25 0
vt 0.375 0
vt 0.5 0
vt 0.625 0
vt 0.75 0
vt 0.875 0
vt 1 0
vt 0.5 0.5
vt 0.5 0.5
vt 0.5 0.5
vt 0.5 0.5
vt 0.5 0.5
vt 0.5 0.5
vt 0.5 0.5
vt 0.5 0.5
vt 1 0.5
vt 0.8535534143447876 0.8535534143447876
vt 0.5 1
vt 0.1464466154575348 0.8535534143447876
vt 0 0.5
vt 0.1464466154575348 0.1464466154575348
vt 0.5 0
vt 0.8535534143447876 0.1464466154575348
vt 1 0.5
vt 0.5 0.5
vt 0.5 0.5
vt 0.5 0.5
vt 0.5 0.5
vt 0.5 0.5
vt 0.5 0.5
vt 0.5 0.5
vt 0.5 0.5
vt 1 0.5
vt 0.8535534143447876 0.1464466154575348
vt 0.5 0
vt 0.1464466154575348 0.1464466154575348
vt 0 0.5
vt 0.1464466154575348 0.8535534143447876
vt 0.5 1
vt 0.8535534143447876 0.8535534143447876
vt 1 0.5
vn 0 -0.9994359975761036 -0.03358104746815713
vn 0.7067079712104536 -0.7067079712104536 -0.033581049048670014
vn 0.9994359975761036 -6.865429517717415e-17 -0.03358104746815735
vn 0.7067079712104536 0.7067079712104536 -0.033581049048670326
vn 1.2239560951827687e-16 0.9994359975761036 -0.03358104746815757
vn -0.7067079712104536 0.7067079712104536 -0.033581049048670326
vn -0.9994359975761036 1.761369172419348e-16 -0.03358104746815735
vn -0.7067079712104536 -0.7067079712104536 -0.033581049048670014
vn -2.4479121903655373e-16 -0.9994359975761036 -0.03358104746815713
vn 0 -0.9994359975761036 -0.03358104746815713
vn 0.7067079712104536 -0.7067079712104536 -0.033581049048670014
vn 0.9994359975761036 -6.865429517717415e-17 -0.03358104746815735
vn 0.7067079712104536 0.7067079712104536 -0.033581049048670326
vn 1.2239560951827687e-16 0.9994359975761036 -0.03358104746815757
vn -0.7067079712104536 0.7067079712104536 -0.033581049048670326
vn -0.9994359975761036 1.761369172419348e-16 -0.03358104746815735
vn -0.7067079712104536 -0.7067079712104536 -0.033581049048670014
vn -2.4479121903655373e-16 -0.9994359975761036 -0.03358104746815713
vn 0 2.220446049250313e-16 1
vn 0 2.220446049250313e-16 1
vn 0 2.220446049250313e-16 1
vn 0 2.220446049250313e-16 1
vn 0 2.220446049250313e-16 1
vn 0 2.220446049250313e-16 1
vn 0 2.220446049250313e-16 1
vn 0 2.220446049250313e-16 1
vn 0 2.220446049250313e-16 1
vn 0 2.220446049250313e-16 1
vn 0 2.220446049250313e-16 1
vn 0 2.220446049250313e-16 1
vn 0 2.220446049250313e-16 1
vn 0 2.220446049250313e-16 1
vn 0 2.220446049250313e-16 1
vn 0 2.220446049250313e-16 1
vn 0 2.220446049250313e-16 1
vn 0 -2.220446049250313e-16 -1
vn 0 -2.220446049250313e-16 -1
vn 0 -2.220446049250313e-16 -1
vn 0 -2.220446049250313e-16 -1
vn 0 -2.220446049250313e-16 -1
vn 0 -2.220446049250313e-16 -1
vn 0 -2.220446049250313e-16 -1
vn 0 -2.220446049250313e-16 -1
vn 0 -2.220446049250313e-16 -1
vn 0 -2.220446049250313e-16 -1
vn 0 -2.220446049250313e-16 -1
vn 0 -2.220446049250313e-16 -1
vn 0 -2.220446049250313e-16 -1
vn 0 -2.220446049250313e-16 -1
vn 0 -2.220446049250313e-16 -1
vn 0 -2.220446049250313e-16 -1
vn 0 -2.220446049250313e-16 -1
f 645/645/645 654/654/654 646/646/646
f 654/654/654 655/655/655 646/646/646
f 646/646/646 655/655/655 647/647/647
f 655/655/655 656/656/656 647/647/647
f 647/647/647 656/656/656 648/648/648
f 656/656/656 657/657/657 648/648/648
f 648/648/648 657/657/657 649/649/649
f 657/657/657 658/658/658 649/649/649
f 649/649/649 658/658/658 650/650/650
f 658/658/658 659/659/659 650/650/650
f 650/650/650 659/659/659 651/651/651
f 659/659/659 660/660/660 651/651/651
f 651/651/651 660/660/660 652/652/652
f 660/660/660 661/661/661 652/652/652
f 652/652/652 661/661/661 653/653/653
f 661/661/661 662/662/662 653/653/653
f 671/671/671 672/672/672 663/663/663
f 672/672/672 673/673/673 664/664/664
f 673/673/673 674/674/674 665/665/665
f 674/674/674 675/675/675 666/666/666
f 675/675/675 676/676/676 667/667/667
f 676/676/676 677/677/677 668/668/668
f 677/677/677 678/678/678 669/669/669
f 678/678/678 679/679/679 670/670/670
f 689/689/689 688/688/688 680/680/680
f 690/690/690 689/689/689 681/681/681
f 691/691/691 690/690/690 682/682/682
f 692/692/692 691/691/691 683/683/683
f 693/693/693 692/692/692 684/684/684
f 694/694/694 693/693/693 685/685/685
f 695/695/695 694/694/694 686/686/686
f 696/696/696 695/695/695 687/687/687
o bomber_engine_2_bell
usemtl thruster
v 4.636363636363637 -0.7069091092456471 9.409090911122886
v 5.136223847215827 -0.4998602108521895 9.409090911122886
v 5.3432727456092834 -1.3006886488786699e-17 9.409090911122886
v 5.136223847215827 0.4998602108521896 9.409090911122886
v 4.636363636363637 0.7069091092456471 9.409090911122886
v 4.136503425511447 0.4998602108521896 9.409090911122886
v 3.9294545271179895 1.601359003211349e-16 9.409090911122886
v 4.136503425511447 -0.4998602108521895 9.409090911122886
v 4.636363636363637 -0.7069091092456471 9.409090911122886
v 4.636363636363637 -0.7069091092456471 9.13636363433166
v 5.136223847215827 -0.4998602108521896 9.13636363433166
v 5.3432727456092834 -7.35645069161741e-17 9.13636363433166
v 5.136223847215827 0.4998602108521895 9.13636363433166
v 4.636363636363637 0.7069091092456471 9.13636363433166
v 4.136503425511447 0.4998602108521895 9.13636363433166
v 3.9294545271179895 9.957827989374748e-17 9.13636363433166
v 4.136503425511447 -0.4998602108521896 9.13636363433166
v 4.636363636363637 -0.7069091092456471 9.13636363433166
v 4.636363636363637 3.02788102136937e-17 9.409090911122886
v 4.636363636363637 3.02788102136937e-17 9.409090911122886
v 4.636363636363637 3.02788102136937e-17 9.409090911122886
v 4.636363636363637 3.02788102136937e-17 9.409090911122886
v 4.636363636363637 3.02788102136937e-17 9.409090911122886
v 4.636363636363637 3.02788102136937e-17 9.409090911122886
v 4.636363636363637 3.02788102136937e-17 9.409090911122886
v 4.636363636363637 3.02788102136937e-17 9.409090911122886
v 4.636363636363637 -0.7069091092456471 9.409090911122886
v 5.136223847215827 -0.4998602108521895 9.409090911122886
v 5.3432727456092834 -1.3006886488786699e-17 9.409090911122886
v 5.136223847215827 0.4998602108521896 9.409090911122886
v 4.636363636363637 0.7069091092456471 9.409090911122886
v 4.136503425511447 0.4998602108521896 9.409090911122886
v 3.9294545271179895 1.601359003211349e-16 9.409090911122886
v 4.136503425511447 -0.4998602108521895 9.409090911122886
v 4.636363636363637 -0.7069091092456471 9.409090911122886
v 4.636363636363637 -3.02788102136937e-17 9.13636363433166
v 4.636363636363637 -3.02788102136937e-17 9.13636363433166
v 4.636363636363637 -3.02788102136937e-17 9.13636363433166
v 4.636363636363637 -3.02788102136937e-17 9.13636363433166
v 4.636363636363637 -3.02788102136937e-17 9.13636363433166
v 4.636363636363637 -3.02788102136937e-17 9.13636363433166
v 4.636363636363637 -3.02788102136937e-17 9.13636363433166
v 4.636363636363637 -3.02788102136937e-17 9.13636363433166
v 4.636363636363637 -0.7069091092456471 9.13636363433166
v 5.136223847215827 -0.4998602108521896 9.13636363433166
v 5.3432727456092834 -7.35645069161741e-17 9.13636363433166
v 5.136223847215827 0.4998602108521895 9.13636363433166
v 4.636363636363637 0.7069091092456471 9.13636363433166
v 4.136503425511447 0.4998602108521895 9.13636363433166
v 3.9294545271179895 9.957827989374748e-17 9.13636363433166
v 4.136503425511447 -0.4998602108521896 9.13636363433166
v 4.636363636363637 -0.7069091092456471 9.13636363433166
vt 0 1
vt 0.125 1
vt 0.25 1
vt 0.375 1
vt 0.5 1
vt 0.625 1
vt 0.75 1
vt 0.875 1
vt 1 1
vt 0 0
vt 0.125 0
vt 0.25 0
vt 0.375 0
vt 0.5 0
vt 0.625 0
vt 0.75 0
vt 0.875 0
vt 1 0
vt 0.5 0.5
vt 0.5 0.5
vt 0.5 0.5
vt 0.5 0.5
vt 0.5 0.5
vt 0.5 0.5
vt 0.5 0.5
vt 0.5 0.5
vt 1 0.5
vt 0.8535534143447876 0.8535534143447876
vt 0.5 1
vt 0.1464466154575348 0.8535534143447876
vt 0 0.5
vt 0.1464466154575348 0.1464466154575348
vt 0.5 0
vt 0.8535534143447876 0.1464466154575348
vt 1 0.5
vt 0.5 0.5
vt 0.5 0.5
vt 0.5 0.5
vt 0.5 0.5
vt 0.5 0.5
vt 0.5 0.5
vt 0.5 0.5
vt 0.5 0.5
vt 1 0.5
vt 0.8535534143447876 0.1464466154575348
vt 0.5 0
vt 0.1464466154575348 0.1464466154575348
vt 0 0.5
vt 0.1464466154575348 0.8535534143447876
vt 0.5 1
vt 0.8535534143447876 0.8535534143447876
vt 1 0.5
vn 0 -1 2.220446049250313e-16
vn 0.7071067811865475 -0.7071067811865475 1.570092458683775e-16
vn 1 -6.123234262925839e-17 1.3596311327747833e-32
vn 0.7071067811865475 0.7071067811865475 -1.570092458683775e-16
vn 1.2246468525851679e-16 1 -2.220446049250313e-16
vn -0.7071067811865475 0.7071067811865475 -1.570092458683775e-16
vn -1 1.8369701465288538e-16 -4.078893104450762e-32
vn -0.7071067811865475 -0.7071067811865475 1.570092458683775e-16
vn -2.4492937051703357e-16 -1 2.220446049250313e-16
vn 0 -1 2.220446049250313e-16
vn 0.7071067811865475 -0.7071067811865475 1.570092458683775e-16
vn 1 -6.123234262925839e-17 1.3596311327747833e-32
vn 0.7071067811865475 0.7071067811865475 -1.570092458683775e-16
vn 1.2246468525851679e-16 1 -2.220446049250313e-16
vn -0.7071067811865475 0.7071067811865475 -1.570092458683775e-16
vn -1 1.8369701465288538e-16 -4.078893104450762e-32
vn -0.7071067811865475 -0.7071067811865475 1.570092458683775e-16
vn -2.4492937051703357e-16 -1 2.220446049250313e-16
vn 0 2.220446049250313e-16 1
vn 0 2.220446049250313e-16 1
vn 0 2.220446049250313e-16 1
vn 0 2.220446049250313e-16 1
vn 0 2.220446049250313e-16 1
vn 0 2.220446049250313e-16 1
vn 0 2.220446049250313e-16 1
vn 0 2.220446049250313e-16 1
vn 0 2.220446049250313e-16 1
vn 0 2.220446049250313e-16 1
vn 0 2.220446049250313e-16 1
vn 0 2.220446049250313e-16 1
vn 0 2.220446049250313e-16 1
vn 0 2.220446049250313e-16 1
vn 0 2.220446049250313e-16 1
vn 0 2.220446049250313e-16 1
vn 0 2.220446049250313e-16 1
vn 0 -2.220446049250313e-16 -1
vn 0 -2.220446049250313e-16 -1
vn 0 -2.220446049250313e-16 -1
vn 0 -2.220446049250313e-16 -1
vn 0 -2.220446049250313e-16 -1
vn 0 -2.220446049250313e-16 -1
vn 0 -2.220446049250313e-16 -1
vn 0 -2.220446049250313e-16 -1
vn 0 -2.220446049250313e-16 -1
vn 0 -2.220446049250313e-16 -1
vn 0 -2.220446049250313e-16 -1
vn 0 -2.220446049250313e-16 -1
vn 0 -2.220446049250313e-16 -1
vn 0 -2.220446049250313e-16 -1
vn 0 -2.220446049250313e-16 -1
vn 0 -2.220446049250313e-16 -1
vn 0 -2.220446049250313e-16 -1
f 697/697/697 706/706/706 698/698/698
f 706/706/706 707/707/707 698/698/698
f 698/698/698 707/707/707 699/699/699
f 707/707/707 708/708/708 699/699/699
f 699/699/699 708/708/708 700/700/700
f 708/708/708 709/709/709 700/700/700
f 700/700/700 709/709/709 701/701/701
f 709/709/709 710/710/710 701/701/701
f 701/701/701 710/710/710 702/702/702
f 710/710/710 711/711/711 702/702/702
f 702/702/702 711/711/711 703/703/703
f 711/711/711 712/712/712 703/703/703
f 703/703/703 712/712/712 704/704/704
f 712/712/712 713/713/713 704/704/704
f 704/704/704 713/713/713 705/705/705
f 713/713/713 714/714/714 705/705/705
f 723/723/723 724/724/724 715/715/715
f 724/724/724 725/725/725 716/716/716
f 725/725/725 726/726/726 717/717/717
f 726/726/726 727/727/727 718/718/718
f 727/727/727 728/728/728 719/719/719
f 728/728/728 729/729/729 720/720/720
f 729/729/729 730/730/730 721/721/721
f 730/730/730 731/731/731 722/722/722
f 741/741/741 740/740/740 732/732/732
f 742/742/742 741/741/741 733/733/733
f 743/743/743 742/742/742 734/734/734
f 744/744/744 743/743/743 735/735/735
f 745/745/745 744/744/744 736/736/736
f 746/746/746 745/745/745 737/737/737
f 747/747/747 746/746/746 738/738/738
f 748/748/748 747/747/747 739/739/739
o bomber_fin
usemtl plate
v -5.290909094566649 2.318181801926006 4.772727305238897
v -5.290909094566649 2.318181801926006 1.7727272402156484
v -5.290909094566649 0.4090909253467213 4.772727305238897
v -5.290909094566649 0.4090909253467213 1.7727272402156484
v -5.618181814524261 2.318181801926006 1.7727272402156484
v -5.618181814524261 2.318181801926006 4.772727305238897
v -5.618181814524261 0.4090909253467213 1.7727272402156484
v -5.618181814524261 0.4090909253467213 4.772727305238897
v -5.618181814524261 2.318181801926006 1.7727272402156484
v -5.290909094566649 2.318181801926006 1.7727272402156484
v -5.618181814524261 2.318181801926006 4.772727305238897
v -5.290909094566649 2.318181801926006 4.772727305238897
v -5.618181814524261 0.4090909253467213 4.772727305238897
v -5.290909094566649 0.4090909253467213 4.772727305238897
v -5.618181814524261 0.4090909253467213 1.7727272402156484
v -5.290909094566649 0.4090909253467213 1.7727272402156484
v -5.618181814524261 2.318181801926006 4.772727305238897
v -5.290909094566649 2.318181801926006 4.772727305238897
v -5.618181814524261 0.4090909253467213 4.772727305238897
v -5.290909094566649 0.4090909253467213 4.772727305238897
v -5.290909094566649 2.318181801926006 1.7727272402156484
v -5.618181814524261 2.318181801926006 1.7727272402156484
v -5.290909094566649 0.4090909253467213 1.7727272402156484
v -5.618181814524261 0.4090909253467213 1.7727272402156484
vt 0 1
vt 1 1
vt 0 0
vt 1 0
vt 0 1
vt 1 1
vt 0 0
vt 1 0
vt 0 1
vt 1 1
vt 0 0
vt 1 0
vt 0 1
vt 1 1
vt 0 0
vt 1 0
vt 0 1
vt 1 1
vt 0 0
vt 1 0
vt 0 1
vt 1 1
vt 0 0
vt 1 0
vn 1 0 0
vn 1 0 0
vn 1 0 0
vn 1 0 0
vn -1 0 0
vn -1 0 0
vn -1 0 0
vn -1 0 0
vn 0 1 0
vn 0 1 0
vn 0 1 0
vn 0 1 0
vn 0 -1 0
vn 0 -1 0
vn 0 -1 0
vn 0 -1 0
vn 0 0 1
vn 0 0 1
vn 0 0 1
vn 0 0 1
vn 0 0 -1
vn 0 0 -1
vn 0 0 -1
vn 0 0 -1
f 749/749/749 751/751/751 750/750/750
f 751/751/751 752/752/752 750/750/750
f 753/753/753 755/755/755 754/754/754
f 755/755/755 756/756/756 754/754/754
f 757/757/757 759/759/759 758/758/758
f 759/759/759 760/760/760 758/758/758
f 761/761/761 763/763/763 762/762/762
f 763/763/763 764/764/764 762/762/762
f 765/765/765 767/767/767 766/766/766
f 767/767/767 768/768/768 766/766/766
f 769/769/769 771/771/771 770/770/770
f 771/771/771 772/772/772 770/770/770
o bomber_fin
usemtl plate
v 5.618181814524261 2.318181801926006 4.772727305238897
v 5.618181814524261 2.318181801926006 1.7727272402156484
v 5.618181814524261 0.4090909253467213 4.772727305238897
v 5.618181814524261 0.4090909253467213 1.7727272402156484
v 5.290909094566649 2.318181801926006 1.7727272402156484
v 5.290909094566649 2.318181801926006 4.772727305238897
v 5.290909094566649 0.4090909253467213 1.7727272402156484
v 5.290909094566649 0.4090909253467213 4.772727305238897
v 5.290909094566649 2.318181801926006 1.7727272402156484
v 5.618181814524261 2.318181801926006 1.7727272402156484
v 5.290909094566649 2.318181801926006 4.772727305238897
v 5.618181814524261 2.318181801926006 4.772727305238897
v 5.290909094566649 0.4090909253467213 4.772727305238897
v 5.618181814524261 0.4090909253467213 4.772727305238897
v 5.290909094566649 0.4090909253467213 1.7727272402156484
v 5.618181814524261 0.4090909253467213 1.7727272402156484
v 5.290909094566649 2.318181801926006 4.772727305238897
v 5.618181814524261 2.318181801926006 4.772727305238897
v 5.290909094566649 0.4090909253467213 4.772727305238897
v 5.618181814524261 0.4090909253467213 4.772727305238897
v 5.618181814524261 2.318181801926006 1.7727272402156484
v 5.290909094566649 2.318181801926006 1.7727272402156484
v 5.618181814524261 0.4090909253467213 1.7727272402156484
v 5.290909094566649 0.4090909253467213 1.7727272402156484
vt 0 1
vt 1 1
vt 0 0
vt 1 0
vt 0 1
vt 1 1
vt 0 0
vt 1 0
vt 0 1
vt 1 1
vt 0 0
vt 1 0
vt 0 1
vt 1 1
vt 0 0
vt 1 0
vt 0 1
vt 1 1
vt 0 0
vt 1 0
vt 0 1
vt 1 1
vt 0 0
vt 1 0
vn 1 0 0
vn 1 0 0
vn 1 0 0
vn 1 0 0
vn -1 0 0
vn -1 0 0
vn -1 0 0
vn -1 0 0
vn 0 1 0
vn 0 1 0
vn 0 1 0
vn 0 1 0
vn 0 -1 0
vn 0 -1 0
vn 0 -1 0
vn 0 -1 0
vn 0 0 1
vn 0 0 1
vn 0 0 1
vn 0 0 1
vn 0 0 -1
vn 0 0 -1
vn 0 0 -1
vn 0 0 -1
f 773/773/773 775/775/775 774/774/774
f 775/775/775 776/776/776 774/774/774
f 777/777/777 779/779/779 778/778/778
f 779/779/779 780/780/780 778/778/778
f 781/781/781 783/783/783 782/782/782
f 783/783/783 784/784/784 782/782/782
f 785/785/785 787/787/787 786/786/786
f 787/787/787 788/788/788 786/786/786
f 789/789/789 791/791/791 790/790/790
f 791/791/791 792/792/792 790/790/790
f 793/793/793 795/795/795 794/794/794
f 795/795/795 796/796/796 794/794/794
