mtllib Frigate.mtl
o frigate_hull
usemtl hull
v -8.513513513513512 -2.667567560801635 -7.378378107741072
v 0 -2.667567560801635 -21.000000270637305
v 8.513513513513512 -2.667567560801635 -7.378378107741072
v -5.959459188822153 -2.667567560801635 16.459460000734072
v -9.932432432432432 -2.667567560801635 13.621622162896234
v -8.513513513513512 -2.667567560801635 -7.378378107741072
v 9.932432432432432 -2.667567560801635 13.621622162896234
v 5.959459188822153 -2.667567560801635 16.459460000734072
v 0 -2.667567560801635 8.513513513513512
v -8.513513513513512 -2.667567560801635 -7.378378107741072
v 8.513513513513512 -2.667567560801635 -7.378378107741072
v 9.932432432432432 -2.667567560801635 13.621622162896234
v 0 -2.667567560801635 8.513513513513512
v -5.959459188822153 -2.667567560801635 16.459460000734072
v -8.513513513513512 -2.667567560801635 -7.378378107741072
v -8.513513513513512 -2.667567560801635 -7.378378107741072
v 9.932432432432432 -2.667567560801635 13.621622162896234
v 0 -2.667567560801635 8.513513513513512
v 8.513513513513512 1.7594594729913247 -7.378378107741072
v 0 1.7594594729913247 -21.000000270637305
v -8.513513513513512 1.7594594729913247 -7.378378107741072
v -8.513513513513512 1.7594594729913247 -7.378378107741072
v -9.932432432432432 1.7594594729913247 13.621622162896234
v -5.959459188822153 1.7594594729913247 16.459460000734072
v 0 1.7594594729913247 8.513513513513512
v 5.959459188822153 1.7594594729913247 16.459460000734072
v 9.932432432432432 1.7594594729913247 13.621622162896234
v 9.932432432432432 1.7594594729913247 13.621622162896234
v 8.513513513513512 1.7594594729913247 -7.378378107741072
v -8.513513513513512 1.7594594729913247 -7.378378107741072
v -8.513513513513512 1.7594594729913247 -7.378378107741072
v -5.959459188822153 1.7594594729913247 16.459460000734072
v 0 1.7594594729913247 8.513513513513512
v 0 1.7594594729913247 8.513513513513512
v 9.932432432432432 1.7594594729913247 13.621622162896234
v -8.513513513513512 1.7594594729913247 -7.378378107741072
v -8.513513513513512 -2.667567560801635 -7.378378107741072
v -9.932432432432432 -2.667567560801635 13.621622162896234
v -8.958863438786686 -2.213513432322322 -7.522526302853146
v -9.932432432432432 -2.667567560801635 13.621622162896234
v -10.402535522306287 -2.213513432322322 13.843822157060778
v -8.958863438786686 -2.213513432322322 -7.522526302853146
v -8.958863438786686 -2.213513432322322 -7.522526302853146
v -10.402535522306287 -2.213513432322322 13.843822157060778
v -8.958863438786686 1.3054054290861696 -7.522526302853146
v -10.402535522306287 -2.213513432322322 13.843822157060778
v -10.402535522306287 1.3054054290861696 13.843822157060778
v -8.958863438786686 1.3054054290861696 -7.522526302853146
v -8.958863438786686 1.3054054290861696 -7.522526302853146
v -10.402535522306287 1.3054054290861696 13.843822157060778
v -8.513513513513512 1.7594594729913247 -7.378378107741072
v -10.402535522306287 1.3054054290861696 13.843822157060778
v -9.932432432432432 1.7594594729913247 13.621622162896234
v -8.513513513513512 1.7594594729913247 -7.378378107741072
v -9.932432432432432 -2.667567560801635 13.621622162896234
v -5.959459188822153 -2.667567560801635 16.459460000734072
v -10.402535522306287 -2.213513432322322 13.843822157060778
v -5.959459188822153 -2.667567560801635 16.459460000734072
v -5.8623869999034985 -2.213513432322322 17.08678645056647
v -10.402535522306287 -2.213513432322322 13.843822157060778
v -10.402535522306287 -2.213513432322322 13.843822157060778
v -5.8623869999034985 -2.213513432322322 17.08678645056647
v -10.402535522306287 1.3054054290861696 13.843822157060778
v -5.8623869999034985 -2.213513432322322 17.08678645056647
v -5.8623869999034985 1.3054054290861696 17.08678645056647
v -10.402535522306287 1.3054054290861696 13.843822157060778
v -10.402535522306287 1.3054054290861696 13.843822157060778
v -5.8623869999034985 1.3054054290861696 17.08678645056647
v -9.932432432432432 1.7594594729913247 13.621622162896234
v -5.8623869999034985 1.3054054290861696 17.08678645056647
v -5.959459188822153 1.7594594729913247 16.459460000734072
v -9.932432432432432 1.7594594729913247 13.621622162896234
v -5.959459188822153 -2.667567560801635 16.459460000734072
v 0 -2.667567560801635 8.513513513513512
v -5.8623869999034985 -2.213513432322322 17.08678645056647
v 0 -2.667567560801635 8.513513513513512
v 0 -2.213513432322322 9.155643147391242
v -5.8623869999034985 -2.213513432322322 17.08678645056647
v -5.8623869999034985 -2.213513432322322 17.08678645056647
v 0 -2.213513432322322 9.155643147391242
v -5.8623869999034985 1.3054054290861696 17.08678645056647
v 0 -2.213513432322322 9.155643147391242
v 0 1.3054054290861696 9.155643147391242
v -5.8623869999034985 1.3054054290861696 17.08678645056647
v -5.8623869999034985 1.3054054290861696 17.08678645056647
v 0 1.3054054290861696 9.155643147391242
v -5.959459188822153 1.7594594729913247 16.459460000734072
v 0 1.3054054290861696 9.155643147391242
v 0 1.7594594729913247 8.513513513513512
v -5.959459188822153 1.7594594729913247 16.459460000734072
v 0 -2.667567560801635 8.513513513513512
v 5.959459188822153 -2.667567560801635 16.459460000734072
v 0 -2.213513432322322 9.155643147391242
v 5.959459188822153 -2.667567560801635 16.459460000734072
v 5.8623869999034985 -2.213513432322322 17.08678645056647
v 0 -2.213513432322322 9.155643147391242
v 0 -2.213513432322322 9.155643147391242
v 5.8623869999034985 -2.213513432322322 17.08678645056647
v 0 1.3054054290861696 9.155643147391242
v 5.8623869999034985 -2.213513432322322 17.08678645056647
v 5.8623869999034985 1.3054054290861696 17.08678645056647
v 0 1.3054054290861696 9.155643147391242
v 0 1.3054054290861696 9.155643147391242
v 5.8623869999034985 1.3054054290861696 17.08678645056647
v 0 1.7594594729913247 8.513513513513512
v 5.8623869999034985 1.3054054290861696 17.08678645056647
v 5.959459188822153 1.7594594729913247 16.459460000734072
v 0 1.7594594729913247 8.513513513513512
v 5.959459188822153 -2.667567560801635 16.459460000734072
v 9.932432432432432 -2.667567560801635 13.621622162896234
v 5.8623869999034985 -2.213513432322322 17.08678645056647
v 9.932432432432432 -2.667567560801635 13.621622162896234
v 10.402535522306287 -2.213513432322322 13.843822157060778
v 5.8623869999034985 -2.213513432322322 17.08678645056647
v 5.8623869999034985 -2.213513432322322 17.08678645056647
v 10.402535522306287 -2.213513432322322 13.843822157060778
v 5.8623869999034985 1.3054054290861696 17.08678645056647
v 10.402535522306287 -2.213513432322322 13.843822157060778
v 10.402535522306287 1.3054054290861696 13.843822157060778
v 5.8623869999034985 1.3054054290861696 17.08678645056647
v 5.8623869999034985 1.3054054290861696 17.08678645056647
v 10.402535522306287 1.3054054290861696 13.843822157060778
v 5.959459188822153 1.7594594729913247 16.459460000734072
v 10.402535522306287 1.3054054290861696 13.843822157060778
v 9.932432432432432 1.7594594729913247 13.621622162896234
v 5.959459188822153 1.7594594729913247 16.459460000734072
v 9.932432432432432 -2.667567560801635 13.621622162896234
v 8.513513513513512 -2.667567560801635 -7.378378107741072
v 10.402535522306287 -2.213513432322322 13.843822157060778
v 8.513513513513512 -2.667567560801635 -7.378378107741072
v 8.958863438786686 -2.213513432322322 -7.522526302853146
v 10.402535522306287 -2.213513432322322 13.843822157060778
v 10.402535522306287 -2.213513432322322 13.843822157060778
v 8.958863438786686 -2.213513432322322 -7.522526302853146
v 10.402535522306287 1.3054054290861696 13.843822157060778
v 8.958863438786686 -2.213513432322322 -7.522526302853146
v 8.958863438786686 1.3054054290861696 -7.522526302853146
v 10.402535522306287 1.3054054290861696 13.843822157060778
v 10.402535522306287 1.3054054290861696 13.843822157060778
v 8.958863438786686 1.3054054290861696 -7.522526302853146
v 9.932432432432432 1.7594594729913247 13.621622162896234
v 8.958863438786686 1.3054054290861696 -7.522526302853146
v 8.513513513513512 1.7594594729913247 -7.378378107741072
v 9.932432432432432 1.7594594729913247 13.621622162896234
v 8.513513513513512 -2.667567560801635 -7.378378107741072
v 0 -2.667567560801635 -21.000000270637305
v 8.958863438786686 -2.213513432322322 -7.522526302853146
v 0 -2.667567560801635 -21.000000270637305
v 0 -2.213513432322322 -21.642129227921767
v 8.958863438786686 -2.213513432322322 -7.522526302853146
v 8.958863438786686 -2.213513432322322 -7.522526302853146
v 0 -2.213513432322322 -21.642129227921767
v 8.958863438786686 1.3054054290861696 -7.522526302853146
v 0 -2.213513432322322 -21.642129227921767
v 0 1.3054054290861696 -21.642129227921767
v 8.958863438786686 1.3054054290861696 -7.522526302853146
v 8.958863438786686 1.3054054290861696 -7.522526302853146
v 0 1.3054054290861696 -21.642129227921767
v 8.513513513513512 1.7594594729913247 -7.378378107741072
v 0 1.3054054290861696 -21.642129227921767
v 0 1.7594594729913247 -21.000000270637305
v 8.513513513513512 1.7594594729913247 -7.378378107741072
v 0 -2.667567560801635 -21.000000270637305
v -8.513513513513512 -2.667567560801635 -7.378378107741072
v 0 -2.213513432322322 -21.642129227921767
v -8.513513513513512 -2.667567560801635 -7.378378107741072
v -8.958863438786686 -2.213513432322322 -7.522526302853146
v 0 -2.213513432322322 -21.642129227921767
v 0 -2.213513432322322 -21.642129227921767
v -8.958863438786686 -2.213513432322322 -7.522526302853146
v 0 1.3054054290861696 -21.642129227921767
v -8.958863438786686 -2.213513432322322 -7.522526302853146
v -8.958863438786686 1.3054054290861696 -7.522526302853146
v 0 1.3054054290861696 -21.642129227921767
v 0 1.3054054290861696 -21.642129227921767
v -8.958863438786686 1.3054054290861696 -7.522526302853146
v 0 1.7594594729913247 -21.000000270637305
v -8.958863438786686 1.3054054290861696 -7.522526302853146
v -8.513513513513512 1.7594594729913247 -7.378378107741072
v 0 1.7594594729913247 -21.000000270637305
vt -1.5 1.2999999523162842
vt 0 3.700000047683716
vt 1.5 1.2999999523162842
vt -1.0499999523162842 -2.9000000953674316
vt -1.75 -2.4000000953674316
vt -1.5 1.2999999523162842
vt 1.75 -2.4000000953674316
vt 1.0499999523162842 -2.9000000953674316
vt 0 -1.5
vt -1.5 1.2999999523162842
vt 1.5 1.2999999523162842
vt 1.75 -2.4000000953674316
vt 0 -1.5
vt -1.0499999523162842 -2.9000000953674316
vt -1.5 1.2999999523162842
vt -1.5 1.2999999523162842
vt 1.75 -2.4000000953674316
vt 0 -1.5
vt 1.5 1.2999999523162842
vt 0 3.700000047683716
vt -1.5 1.2999999523162842
vt -1.5 1.2999999523162842
vt -1.75 -2.4000000953674316
vt -1.0499999523162842 -2.9000000953674316
vt 0 -1.5
vt 1.0499999523162842 -2.9000000953674316
vt 1.75 -2.4000000953674316
vt 1.75 -2.4000000953674316
vt 1.5 1.2999999523162842
vt -1.5 1.2999999523162842
vt -1.5 1.2999999523162842
vt -1.0499999523162842 -2.9000000953674316
vt 0 -1.5
vt 0 -1.5
vt 1.75 -2.4000000953674316
vt -1.5 1.2999999523162842
vt 1.2999999523162842 1.0800000429153442
vt -2.4000000953674316 1.0800000429153442
vt 1.3253974914550781 1
vt -2.4000000953674316 1.0800000429153442
vt -2.4391496181488037 1
vt 1.3253974914550781 1
vt 1.3253974914550781 1
vt -2.4391496181488037 1
vt 1.3253974914550781 0.3799999952316284
vt -2.4391496181488037 1
vt -2.4391496181488037 0.3799999952316284
vt 1.3253974914550781 0.3799999952316284
vt 1.3253974914550781 0.3799999952316284
vt -2.4391496181488037 0.3799999952316284
vt 1.2999999523162842 0.30000001192092896
vt -2.4391496181488037 0.3799999952316284
vt -2.4000000953674316 0.30000001192092896
vt 1.2999999523162842 0.30000001192092896
vt -1.75 1.0800000429153442
vt -1.0499999523162842 1.0800000429153442
vt -1.8328276872634888 1
vt -1.0499999523162842 1.0800000429153442
vt -1.0328967571258545 1
vt -1.8328276872634888 1
vt -1.8328276872634888 1
vt -1.0328967571258545 1
vt -1.8328276872634888 0.3799999952316284
vt -1.0328967571258545 1
vt -1.0328967571258545 0.3799999952316284
vt -1.8328276872634888 0.3799999952316284
vt -1.8328276872634888 0.3799999952316284
vt -1.0328967571258545 0.3799999952316284
vt -1.75 0.30000001192092896
vt -1.0328967571258545 0.3799999952316284
vt -1.0499999523162842 0.30000001192092896
vt -1.75 0.30000001192092896
vt -2.9000000953674316 1.0800000429153442
vt -1.5 1.0800000429153442
vt -3.010529041290283 1
vt -1.5 1.0800000429153442
vt -1.613137125968933 1
vt -3.010529041290283 1
vt -3.010529041290283 1
vt -1.613137125968933 1
vt -3.010529041290283 0.3799999952316284
vt -1.613137125968933 1
vt -1.613137125968933 0.3799999952316284
vt -3.010529041290283 0.3799999952316284
vt -3.010529041290283 0.3799999952316284
vt -1.613137125968933 0.3799999952316284
vt -2.9000000953674316 0.30000001192092896
vt -1.613137125968933 0.3799999952316284
vt -1.5 0.30000001192092896
vt -2.9000000953674316 0.30000001192092896
vt -1.5 1.0800000429153442
vt -2.9000000953674316 1.0800000429153442
vt -1.613137125968933 1
vt -2.9000000953674316 1.0800000429153442
vt -3.010529041290283 1
vt -1.613137125968933 1
vt -1.613137125968933 1
vt -3.010529041290283 1
vt -1.613137125968933 0.3799999952316284
vt -3.010529041290283 1
vt -3.010529041290283 0.3799999952316284
vt -1.613137125968933 0.3799999952316284
vt -1.613137125968933 0.3799999952316284
vt -3.010529041290283 0.3799999952316284
vt -1.5 0.30000001192092896
vt -3.010529041290283 0.3799999952316284
vt -2.9000000953674316 0.30000001192092896
vt -1.5 0.30000001192092896
vt 1.0499999523162842 1.0800000429153442
vt 1.75 1.0800000429153442
vt 1.0328967571258545 1
vt 1.75 1.0800000429153442
vt 1.8328276872634888 1
vt 1.0328967571258545 1
vt 1.0328967571258545 1
vt 1.8328276872634888 1
vt 1.0328967571258545 0.3799999952316284
vt 1.8328276872634888 1
vt 1.8328276872634888 0.3799999952316284
vt 1.0328967571258545 0.3799999952316284
vt 1.0328967571258545 0.3799999952316284
vt 1.8328276872634888 0.3799999952316284
vt 1.0499999523162842 0.30000001192092896
vt 1.8328276872634888 0.3799999952316284
vt 1.75 0.30000001192092896
vt 1.0499999523162842 0.30000001192092896
vt -2.4000000953674316 1.0800000429153442
vt 1.2999999523162842 1.0800000429153442
vt -2.4391496181488037 1
vt 1.2999999523162842 1.0800000429153442
vt 1.3253974914550781 1
vt -2.4391496181488037 1
vt -2.4391496181488037 1
vt 1.3253974914550781 1
vt -2.4391496181488037 0.3799999952316284
vt 1.3253974914550781 1
vt 1.3253974914550781 0.3799999952316284
vt -2.4391496181488037 0.3799999952316284
vt -2.4391496181488037 0.3799999952316284
vt 1.3253974914550781 0.3799999952316284
vt -2.4000000953674316 0.30000001192092896
vt 1.3253974914550781 0.3799999952316284
vt 1.2999999523162842 0.30000001192092896
vt -2.4000000953674316 0.30000001192092896
vt 1.2999999523162842 1.0800000429153442
vt 3.700000047683716 1.0800000429153442
vt 1.3253974914550781 1
vt 3.700000047683716 1.0800000429153442
vt 3.8131370544433594 1
vt 1.3253974914550781 1
vt 1.3253974914550781 1
vt 3.8131370544433594 1
vt 1.3253974914550781 0.3799999952316284
vt 3.8131370544433594 1
vt 3.8131370544433594 0.3799999952316284
vt 1.3253974914550781 0.3799999952316284
vt 1.3253974914550781 0.3799999952316284
vt 3.8131370544433594 0.3799999952316284
vt 1.2999999523162842 0.30000001192092896
vt 3.8131370544433594 0.3799999952316284
vt 3.700000047683716 0.30000001192092896
vt 1.2999999523162842 0.30000001192092896
vt 3.700000047683716 1.0800000429153442
vt 1.2999999523162842 1.0800000429153442
vt 3.8131370544433594 1
vt 1.2999999523162842 1.0800000429153442
vt 1.3253974914550781 1
vt 3.8131370544433594 1
vt 3.8131370544433594 1
vt 1.3253974914550781 1
vt 3.8131370544433594 0.3799999952316284
vt 1.3253974914550781 1
vt 1.3253974914550781 0.3799999952316284
vt 3.8131370544433594 0.3799999952316284
vt 3.8131370544433594 0.3799999952316284
vt 1.3253974914550781 0.3799999952316284
vt 3.700000047683716 0.30000001192092896
vt 1.3253974914550781 0.3799999952316284
vt 1.2999999523162842 0.30000001192092896
vt 3.700000047683716 0.30000001192092896
vn 0 -1 -6.123234262925839e-17
vn 0 -1 -6.123234262925839e-17
vn 0 -1 -6.123234262925839e-17
vn 0 -1 -6.123234262925839e-17
vn 0 -1 -6.123234262925839e-17
vn 0 -1 -6.123234262925839e-17
vn 0 -1 -6.123234262925839e-17
vn 0 -1 -6.123234262925839e-17
vn 0 -1 -6.123234262925839e-17
vn 0 -1 -6.123234262925839e-17
vn 0 -1 -6.123234262925839e-17
vn 0 -1 -6.123234262925839e-17
vn 0 -1 -6.123234262925839e-17
vn 0 -1 -6.123234262925839e-17
vn 0 -1 -6.123234262925839e-17
vn 0 -1 -6.123234262925839e-17
vn 0 -1 -6.123234262925839e-17
vn 0 -1 -6.123234262925839e-17
vn 0 1 6.123234262925839e-17
vn 0 1 6.123234262925839e-17
vn 0 1 6.123234262925839e-17
vn 0 1 6.123234262925839e-17
vn 0 1 6.123234262925839e-17
vn 0 1 6.123234262925839e-17
vn 0 1 6.123234262925839e-17
vn 0 1 6.123234262925839e-17
vn 0 1 6.123234262925839e-17
vn 0 1 6.123234262925839e-17
vn 0 1 6.123234262925839e-17
vn 0 1 6.123234262925839e-17
vn 0 1 6.123234262925839e-17
vn 0 1 6.123234262925839e-17
vn 0 1 6.123234262925839e-17
vn 0 1 6.123234262925839e-17
vn 0 1 6.123234262925839e-17
vn 0 1 6.123234262925839e-17
vn -0.7054979387684928 -0.7071070258004857 -0.047668778639684536
vn -0.7054979387684928 -0.7071070258004857 -0.047668778639684536
vn -0.7054979387684928 -0.7071070258004857 -0.047668778639684536
vn -0.705497968706275 -0.7071069960659605 -0.04766877663516691
vn -0.705497968706275 -0.7071069960659605 -0.04766877663516691
vn -0.705497968706275 -0.7071069960659605 -0.04766877663516691
vn -0.9977250980832315 4.127908480308234e-18 -0.06741386099910246
vn -0.9977250980832315 4.127908480308234e-18 -0.06741386099910246
vn -0.9977250980832315 4.127908480308234e-18 -0.06741386099910246
vn -0.9977250980832315 4.127908480308234e-18 -0.06741386099910246
vn -0.9977250980832315 4.127908480308234e-18 -0.06741386099910246
vn -0.9977250980832315 4.127908480308234e-18 -0.06741386099910246
vn -0.7054978496122198 0.7071071153907433 -0.0476687691923724
vn -0.7054978496122198 0.7071071153907433 -0.0476687691923724
vn -0.7054978496122198 0.7071071153907433 -0.0476687691923724
vn -0.7054979387684928 0.7071070258004857 -0.047668778639684536
vn -0.7054979387684928 0.7071070258004857 -0.047668778639684536
vn -0.7054979387684928 0.7071070258004857 -0.047668778639684536
vn -0.4109977284650184 -0.7071063092672817 0.5753968496533489
vn -0.4109977284650184 -0.7071063092672817 0.5753968496533489
vn -0.4109977284650184 -0.7071063092672817 0.5753968496533489
vn -0.41099738587886053 -0.7071070587325645 0.5753961733374013
vn -0.41099738587886053 -0.7071070587325645 0.5753961733374013
vn -0.41099738587886053 -0.7071070587325645 0.5753961733374013
vn -0.5812383459525752 -4.982680056708685e-17 0.8137333624685144
vn -0.5812383459525752 -4.982680056708685e-17 0.8137333624685144
vn -0.5812383459525752 -4.982680056708685e-17 0.8137333624685144
vn -0.5812383459525752 -4.982680056708685e-17 0.8137333624685144
vn -0.5812383459525752 -4.982680056708685e-17 0.8137333624685144
vn -0.5812383459525752 -4.982680056708685e-17 0.8137333624685144
vn -0.4109977715482196 0.7071064000520416 0.5753967073140404
vn -0.4109977715482196 0.7071064000520416 0.5753967073140404
vn -0.4109977715482196 0.7071064000520416 0.5753967073140404
vn -0.410997216721139 0.7071071945550456 0.5753961272514527
vn -0.410997216721139 0.7071071945550456 0.5753961272514527
vn -0.410997216721139 0.7071071945550456 0.5753961272514527
vn 0.5656856919779941 -0.7071064742225585 0.4242642242800118
vn 0.5656856919779941 -0.7071064742225585 0.4242642242800118
vn 0.5656856919779941 -0.7071064742225585 0.4242642242800118
vn 0.615565302191974 -0.6434695147667149 0.45500147505606214
vn 0.615565302191974 -0.6434695147667149 0.45500147505606214
vn 0.615565302191974 -0.6434695147667149 0.45500147505606214
vn 0.8041646508812504 -3.63969066097147e-17 0.5944066068551364
vn 0.8041646508812504 -3.63969066097147e-17 0.5944066068551364
vn 0.8041646508812504 -3.63969066097147e-17 0.5944066068551364
vn 0.8041646508812504 -3.63969066097147e-17 0.5944066068551364
vn 0.8041646508812504 -3.63969066097147e-17 0.5944066068551364
vn 0.8041646508812504 -3.63969066097147e-17 0.5944066068551364
vn 0.5705777864456791 0.7046766706392732 0.42174847892019507
vn 0.5705777864456791 0.7046766706392732 0.42174847892019507
vn 0.5705777864456791 0.7046766706392732 0.42174847892019507
vn 0.609994167186744 0.6469968495169314 0.4574955657854139
vn 0.609994167186744 0.6469968495169314 0.4574955657854139
vn 0.609994167186744 0.6469968495169314 0.4574955657854139
vn -0.6099942198198238 -0.646996782517824 0.4574955903590635
vn -0.6099942198198238 -0.646996782517824 0.4574955903590635
vn -0.6099942198198238 -0.646996782517824 0.4574955903590635
vn -0.5705778434392603 -0.7046766078099088 0.4217485067925232
vn -0.5705778434392603 -0.7046766078099088 0.4217485067925232
vn -0.5705778434392603 -0.7046766078099088 0.4217485067925232
vn -0.8041646508812504 -3.63969066097147e-17 0.5944066068551364
vn -0.8041646508812504 -3.63969066097147e-17 0.5944066068551364
vn -0.8041646508812504 -3.63969066097147e-17 0.5944066068551364
vn -0.8041646508812504 -3.63969066097147e-17 0.5944066068551364
vn -0.8041646508812504 -3.63969066097147e-17 0.5944066068551364
vn -0.8041646508812504 -3.63969066097147e-17 0.5944066068551364
vn -0.6155652263013808 0.6434696169517928 0.4550014332158117
vn -0.6155652263013808 0.6434696169517928 0.4550014332158117
vn -0.6155652263013808 0.6434696169517928 0.4550014332158117
vn -0.5656856347575556 0.7071065368074595 0.42426419626584405
vn -0.5656856347575556 0.7071065368074595 0.42426419626584405
vn -0.5656856347575556 0.7071065368074595 0.42426419626584405
vn 0.41099724471586124 -0.7071071318404833 0.5753961843254574
vn 0.41099724471586124 -0.7071071318404833 0.5753961843254574
vn 0.41099724471586124 -0.7071071318404833 0.5753961843254574
vn 0.4109977995428982 -0.7071063373374151 0.5753967643879841
vn 0.4109977995428982 -0.7071063373374151 0.5753967643879841
vn 0.4109977995428982 -0.7071063373374151 0.5753967643879841
vn 0.5812383459525752 -4.982680056708685e-17 0.8137333624685144
vn 0.5812383459525752 -4.982680056708685e-17 0.8137333624685144
vn 0.5812383459525752 -4.982680056708685e-17 0.8137333624685144
vn 0.5812383459525752 -4.982680056708685e-17 0.8137333624685144
vn 0.5812383459525752 -4.982680056708685e-17 0.8137333624685144
vn 0.5812383459525752 -4.982680056708685e-17 0.8137333624685144
vn 0.4109973578841427 0.7071071214471308 0.5753961162634024
vn 0.4109973578841427 0.7071071214471308 0.5753961162634024
vn 0.4109973578841427 0.7071071214471308 0.5753961162634024
vn 0.4109977004703401 0.7071063719819142 0.5753967925794055
vn 0.4109977004703401 0.7071063719819142 0.5753967925794055
vn 0.4109977004703401 0.7071063719819142 0.5753967925794055
vn 0.705497998315518 -0.7071069661380868 -0.047668782361081616
vn 0.705497998315518 -0.7071069661380868 -0.047668782361081616
vn 0.705497998315518 -0.7071069661380868 -0.047668782361081616
vn 0.7054979091592499 -0.7071070557283544 -0.04766877291376983
vn 0.7054979091592499 -0.7071070557283544 -0.04766877291376983
vn 0.7054979091592499 -0.7071070557283544 -0.04766877291376983
vn 0.9977250980832315 4.127908480308234e-18 -0.06741386099910246
vn 0.9977250980832315 4.127908480308234e-18 -0.06741386099910246
vn 0.9977250980832315 4.127908480308234e-18 -0.06741386099910246
vn 0.9977250980832315 4.127908480308234e-18 -0.06741386099910246
vn 0.9977250980832315 4.127908480308234e-18 -0.06741386099910246
vn 0.9977250980832315 4.127908480308234e-18 -0.06741386099910246
vn 0.7054979091592499 0.7071070557283544 -0.04766877291376983
vn 0.7054979091592499 0.7071070557283544 -0.04766877291376983
vn 0.7054979091592499 0.7071070557283544 -0.04766877291376983
vn 0.7054978494869375 0.7071071152651752 -0.047668772909197625
vn 0.7054978494869375 0.7071071152651752 -0.047668772909197625
vn 0.7054978494869375 0.7071071152651752 -0.047668772909197625
vn 0.5996251731269835 -0.7071070109187519 -0.3747656959514615
vn 0.5996251731269835 -0.7071070109187519 -0.3747656959514615
vn 0.5996251731269835 -0.7071070109187519 -0.3747656959514615
vn 0.6730135096531805 -0.6039053809686 -0.42702588523587015
vn 0.6730135096531805 -0.6039053809686 -0.42702588523587015
vn 0.6730135096531805 -0.6039053809686 -0.42702588523587015
vn 0.8443741785178738 3.280546357305799e-17 -0.5357539049342204
vn 0.8443741785178738 3.280546357305799e-17 -0.5357539049342204
vn 0.8443741785178738 3.280546357305799e-17 -0.5357539049342204
vn 0.8443741785178738 3.280546357305799e-17 -0.5357539049342204
vn 0.8443741785178738 3.280546357305799e-17 -0.5357539049342204
vn 0.8443741785178738 3.280546357305799e-17 -0.5357539049342204
vn 0.5975783920286394 0.7064955065401345 -0.3791624514888893
vn 0.5975783920286394 0.7064955065401345 -0.3791624514888893
vn 0.5975783920286394 0.7064955065401345 -0.3791624514888893
vn 0.6785512709789685 0.5997599489919597 -0.4240945369112746
vn 0.6785512709789685 0.5997599489919597 -0.4240945369112746
vn 0.6785512709789685 0.5997599489919597 -0.4240945369112746
vn -0.6785513188207001 -0.5997598789902752 -0.4240945593617763
vn -0.6785513188207001 -0.5997598789902752 -0.4240945593617763
vn -0.6785513188207001 -0.5997598789902752 -0.4240945593617763
vn -0.5975784739244231 -0.7064954136848567 -0.3791624954349004
vn -0.5975784739244231 -0.7064954136848567 -0.3791624954349004
vn -0.5975784739244231 -0.7064954136848567 -0.3791624954349004
vn -0.8443741785178738 3.280546357305799e-17 -0.5357539049342204
vn -0.8443741785178738 3.280546357305799e-17 -0.5357539049342204
vn -0.8443741785178738 3.280546357305799e-17 -0.5357539049342204
vn -0.8443741785178738 3.280546357305799e-17 -0.5357539049342204
vn -0.8443741785178738 3.280546357305799e-17 -0.5357539049342204
vn -0.8443741785178738 3.280546357305799e-17 -0.5357539049342204
vn -0.673013437160297 0.6039054886130717 -0.42702584725598297
vn -0.673013437160297 0.6039054886130717 -0.42702584725598297
vn -0.673013437160297 0.6039054886130717 -0.42702584725598297
vn -0.5996251163780333 0.7071070738909713 -0.37476566793394817
vn -0.5996251163780333 0.7071070738909713 -0.37476566793394817
vn -0.5996251163780333 0.7071070738909713 -0.37476566793394817
f 1/1/1 2/2/2 3/3/3
f 4/4/4 5/5/5 6/6/6
f 7/7/7 8/8/8 9/9/9
f 10/10/10 11/11/11 12/12/12
f 13/13/13 14/14/14 15/15/15
f 16/16/16 17/17/17 18/18/18
f 19/19/19 20/20/20 21/21/21
f 22/22/22 23/23/23 24/24/24
f 25/25/25 26/26/26 27/27/27
f 28/28/28 29/29/29 30/30/30
f 31/31/31 32/32/32 33/33/33
f 34/34/34 35/35/35 36/36/36
f 37/37/37 38/38/38 39/39/39
f 40/40/40 41/41/41 42/42/42
f 43/43/43 44/44/44 45/45/45
f 46/46/46 47/47/47 48/48/48
f 49/49/49 50/50/50 51/51/51
f 52/52/52 53/53/53 54/54/54
f 55/55/55 56/56/56 57/57/57
f 58/58/58 59/59/59 60/60/60
f 61/61/61 62/62/62 63/63/63
f 64/64/64 65/65/65 66/66/66
f 67/67/67 68/68/68 69/69/69
f 70/70/70 71/71/71 72/72/72
f 73/73/73 74/74/74 75/75/75
f 76/76/76 77/77/77 78/78/78
f 79/79/79 80/80/80 81/81/81
f 82/82/82 83/83/83 84/84/84
f 85/85/85 86/86/86 87/87/87
f 88/88/88 89/89/89 90/90/90
f 91/91/91 92/92/92 93/93/93
f 94/94/94 95/95/95 96/96/96
f 97/97/97 98/98/98 99/99/99
f 100/100/100 101/101/101 102/102/102
f 103/103/103 104/104/104 105/105/105
f 106/106/106 107/107/107 108/108/108
f 109/109/109 110/110/110 111/111/111
f 112/112/112 113/113/113 114/114/114
f 115/115/115 116/116/116 117/117/117
f 118/118/118 119/119/119 120/120/120
f 121/121/121 122/122/122 123/123/123
f 124/124/124 125/125/125 126/126/126
f 127/127/127 128/128/128 129/129/129
f 130/130/130 131/131/131 132/132/132
f 133/133/133 134/134/134 135/135/135
f 136/136/136 137/137/137 138/138/138
f 139/139/139 140/140/140 141/141/141
f 142/142/142 143/143/143 144/144/144
f 145/145/145 146/146/146 147/147/147
f 148/148/148 149/149/149 150/150/150
f 151/151/151 152/152/152 153/153/153
f 154/154/154 155/155/155 156/156/156
f 157/157/157 158/158/158 159/159/159
f 160/160/160 161/161/161 162/162/162
f 163/163/163 164/164/164 165/165/165
f 166/166/166 167/167/167 168/168/168
f 169/169/169 170/170/170 171/171/171
f 172/172/172 173/173/173 174/174/174
f 175/175/175 176/176/176 177/177/177
f 178/178/178 179/179/179 180/180/180
o frigate_spine
usemtl plate
v -6.129729973303305 1.7594594323957287 -5.312432372892225
v 0 1.7594594323957287 -15.120000194858859
v 6.129729973303305 1.7594594323957287 -5.312432372892225
v -4.290810710675007 1.7594594323957287 11.85081114640107
v -7.15135129722389 1.7594594323957287 9.807567821966634
v -6.129729973303305 1.7594594323957287 -5.312432372892225
v 7.15135129722389 1.7594594323957287 9.807567821966634
v 4.290810710675007 1.7594594323957287 11.85081114640107
v 0 1.7594594323957287 6.129729973303305
v -6.129729973303305 1.7594594323957287 -5.312432372892225
v 6.129729973303305 1.7594594323957287 -5.312432372892225
v 7.15135129722389 1.7594594323957287 9.807567821966634
v 0 1.7594594323957287 6.129729973303305
v -4.290810710675007 1.7594594323957287 11.85081114640107
v -6.129729973303305 1.7594594323957287 -5.312432372892225
v -6.129729973303305 1.7594594323957287 -5.312432372892225
v 7.15135129722389 1.7594594323957287 9.807567821966634
v 0 1.7594594323957287 6.129729973303305
v 6.129729973303305 5.2783783783783775 -5.312432372892225
v 0 5.2783783783783775 -15.120000194858859
v -6.129729973303305 5.2783783783783775 -5.312432372892225
v -6.129729973303305 5.2783783783783775 -5.312432372892225
v -7.15135129722389 5.2783783783783775 9.807567821966634
v -4.290810710675007 5.2783783783783775 11.85081114640107
v 0 5.2783783783783775 6.129729973303305
v 4.290810710675007 5.2783783783783775 11.85081114640107
v 7.15135129722389 5.2783783783783775 9.807567821966634
v 7.15135129722389 5.2783783783783775 9.807567821966634
v 6.129729973303305 5.2783783783783775 -5.312432372892225
v -6.129729973303305 5.2783783783783775 -5.312432372892225
v -6.129729973303305 5.2783783783783775 -5.312432372892225
v -4.290810710675007 5.2783783783783775 11.85081114640107
v 0 5.2783783783783775 6.129729973303305
v 0 5.2783783783783775 6.129729973303305
v 7.15135129722389 5.2783783783783775 9.807567821966634
v -6.129729973303305 5.2783783783783775 -5.312432372892225
v -6.129729973303305 1.7594594323957287 -5.312432372892225
v -7.15135129722389 1.7594594323957287 9.807567821966634
v -6.46374174066492 2.0999999864681342 -5.42054351922628
v -7.15135129722389 1.7594594323957287 9.807567821966634
v -7.503928783777598 2.0999999864681342 9.974218155886675
v -6.46374174066492 2.0999999864681342 -5.42054351922628
v -6.46374174066492 2.0999999864681342 -5.42054351922628
v -7.503928783777598 2.0999999864681342 9.974218155886675
v -6.46374174066492 4.937837824305972 -5.42054351922628
v -7.503928783777598 2.0999999864681342 9.974218155886675
v -7.503928783777598 4.937837824305972 9.974218155886675
v -6.46374174066492 4.937837824305972 -5.42054351922628
v -6.46374174066492 4.937837824305972 -5.42054351922628
v -7.503928783777598 4.937837824305972 9.974218155886675
v -6.129729973303305 5.2783783783783775 -5.312432372892225
v -7.503928783777598 4.937837824305972 9.974218155886675
v -7.15135129722389 5.2783783783783775 9.807567821966634
v -6.129729973303305 5.2783783783783775 -5.312432372892225
v -7.15135129722389 1.7594594323957287 9.807567821966634
v -4.290810710675007 1.7594594323957287 11.85081114640107
v -7.503928783777598 2.0999999864681342 9.974218155886675
v -4.290810710675007 1.7594594323957287 11.85081114640107
v -4.218006230689384 2.0999999864681342 12.321305983775371
v -7.503928783777598 2.0999999864681342 9.974218155886675
v -7.503928783777598 2.0999999864681342 9.974218155886675
v -4.218006230689384 2.0999999864681342 12.321305983775371
v -7.503928783777598 4.937837824305972 9.974218155886675
v -4.218006230689384 2.0999999864681342 12.321305983775371
v -4.218006230689384 4.937837824305972 12.321305983775371
v -7.503928783777598 4.937837824305972 9.974218155886675
v -7.503928783777598 4.937837824305972 9.974218155886675
v -4.218006230689384 4.937837824305972 12.321305983775371
v -7.15135129722389 5.2783783783783775 9.807567821966634
v -4.218006230689384 4.937837824305972 12.321305983775371
v -4.290810710675007 5.2783783783783775 11.85081114640107
v -7.15135129722389 5.2783783783783775 9.807567821966634
v -4.290810710675007 1.7594594323957287 11.85081114640107
v 0 1.7594594323957287 6.129729973303305
v -4.218006230689384 2.0999999864681342 12.321305983775371
v 0 1.7594594323957287 6.129729973303305
v -2.0050504680081143e-18 2.0999999864681342 6.611327029563285
v -4.218006230689384 2.0999999864681342 12.321305983775371
v -4.218006230689384 2.0999999864681342 12.321305983775371
v -2.0050504680081143e-18 2.0999999864681342 6.611327029563285
v -4.218006230689384 4.937837824305972 12.321305983775371
v -2.0050504680081143e-18 2.0999999864681342 6.611327029563285
v -2.0050504680081143e-18 4.937837824305972 6.611327029563285
v -4.218006230689384 4.937837824305972 12.321305983775371
v -4.218006230689384 4.937837824305972 12.321305983775371
v -2.0050504680081143e-18 4.937837824305972 6.611327029563285
v -4.290810710675007 5.2783783783783775 11.85081114640107
v -2.0050504680081143e-18 4.937837824305972 6.611327029563285
v 0 5.2783783783783775 6.129729973303305
v -4.290810710675007 5.2783783783783775 11.85081114640107
v 0 1.7594594323957287 6.129729973303305
v 4.290810710675007 1.7594594323957287 11.85081114640107
v -2.0050504680081143e-18 2.0999999864681342 6.611327029563285
v 4.290810710675007 1.7594594323957287 11.85081114640107
v 4.218006230689384 2.0999999864681342 12.321305983775371
v -2.0050504680081143e-18 2.0999999864681342 6.611327029563285
v -2.0050504680081143e-18 2.0999999864681342 6.611327029563285
v 4.218006230689384 2.0999999864681342 12.321305983775371
v -2.0050504680081143e-18 4.937837824305972 6.611327029563285
v 4.218006230689384 2.0999999864681342 12.321305983775371
v 4.218006230689384 4.937837824305972 12.321305983775371
v -2.0050504680081143e-18 4.937837824305972 6.611327029563285
v -2.0050504680081143e-18 4.937837824305972 6.611327029563285
v 4.218006230689384 4.937837824305972 12.321305983775371
v 0 5.2783783783783775 6.129729973303305
v 4.218006230689384 4.937837824305972 12.321305983775371
v 4.290810710675007 5.2783783783783775 11.85081114640107
v 0 5.2783783783783775 6.129729973303305
v 4.290810710675007 1.7594594323957287 11.85081114640107
v 7.15135129722389 1.7594594323957287 9.807567821966634
v 4.218006230689384 2.0999999864681342 12.321305983775371
v 7.15135129722389 1.7594594323957287 9.807567821966634
v 7.503928783777598 2.0999999864681342 9.974218155886675
v 4.218006230689384 2.0999999864681342 12.321305983775371
v 4.218006230689384 2.0999999864681342 12.321305983775371
v 7.503928783777598 2.0999999864681342 9.974218155886675
v 4.218006230689384 4.937837824305972 12.321305983775371
v 7.503928783777598 2.0999999864681342 9.974218155886675
v 7.503928783777598 4.937837824305972 9.974218155886675
v 4.218006230689384 4.937837824305972 12.321305983775371
v 4.218006230689384 4.937837824305972 12.321305983775371
v 7.503928783777598 4.937837824305972 9.974218155886675
v 4.290810710675007 5.2783783783783775 11.85081114640107
v 7.503928783777598 4.937837824305972 9.974218155886675
v 7.15135129722389 5.2783783783783775 9.807567821966634
v 4.290810710675007 5.2783783783783775 11.85081114640107
v 7.15135129722389 1.7594594323957287 9.807567821966634
v 6.129729973303305 1.7594594323957287 -5.312432372892225
v 7.503928783777598 2.0999999864681342 9.974218155886675
v 6.129729973303305 1.7594594323957287 -5.312432372892225
v 6.46374174066492 2.0999999864681342 -5.42054351922628
v 7.503928783777598 2.0999999864681342 9.974218155886675
v 7.503928783777598 2.0999999864681342 9.974218155886675
v 6.46374174066492 2.0999999864681342 -5.42054351922628
v 7.503928783777598 4.937837824305972 9.974218155886675
v 6.46374174066492 2.0999999864681342 -5.42054351922628
v 6.46374174066492 4.937837824305972 -5.42054351922628
v 7.503928783777598 4.937837824305972 9.974218155886675
v 7.503928783777598 4.937837824305972 9.974218155886675
v 6.46374174066492 4.937837824305972 -5.42054351922628
v 7.15135129722389 5.2783783783783775 9.807567821966634
v 6.46374174066492 4.937837824305972 -5.42054351922628
v 6.129729973303305 5.2783783783783775 -5.312432372892225
v 7.15135129722389 5.2783783783783775 9.807567821966634
v 6.129729973303305 1.7594594323957287 -5.312432372892225
v 0 1.7594594323957287 -15.120000194858859
v 6.46374174066492 2.0999999864681342 -5.42054351922628
v 0 1.7594594323957287 -15.120000194858859
v 0 2.0999999864681342 -15.601596574525574
v 6.46374174066492 2.0999999864681342 -5.42054351922628
v 6.46374174066492 2.0999999864681342 -5.42054351922628
v 0 2.0999999864681342 -15.601596574525574
v 6.46374174066492 4.937837824305972 -5.42054351922628
v 0 2.0999999864681342 -15.601596574525574
v 0 4.937837824305972 -15.601596574525574
v 6.46374174066492 4.937837824305972 -5.42054351922628
v 6.46374174066492 4.937837824305972 -5.42054351922628
v 0 4.937837824305972 -15.601596574525574
v 6.129729973303305 5.2783783783783775 -5.312432372892225
v 0 4.937837824305972 -15.601596574525574
v 0 5.2783783783783775 -15.120000194858859
v 6.129729973303305 5.2783783783783775 -5.312432372892225
v 0 1.7594594323957287 -15.120000194858859
v -6.129729973303305 1.7594594323957287 -5.312432372892225
v 0 2.0999999864681342 -15.601596574525574
v -6.129729973303305 1.7594594323957287 -5.312432372892225
v -6.46374174066492 2.0999999864681342 -5.42054351922628
v 0 2.0999999864681342 -15.601596574525574
v 0 2.0999999864681342 -15.601596574525574
v -6.46374174066492 2.0999999864681342 -5.42054351922628
v 0 4.937837824305972 -15.601596574525574
v -6.46374174066492 2.0999999864681342 -5.42054351922628
v -6.46374174066492 4.937837824305972 -5.42054351922628
v 0 4.937837824305972 -15.601596574525574
v 0 4.937837824305972 -15.601596574525574
v -6.46374174066492 4.937837824305972 -5.42054351922628
v 0 5.2783783783783775 -15.120000194858859
v -6.46374174066492 4.937837824305972 -5.42054351922628
v -6.129729973303305 5.2783783783783775 -5.312432372892225
v 0 5.2783783783783775 -15.120000194858859
vt -1.0800000429153442 0.9359999895095825
vt 0 2.6640000343322754
vt 1.0800000429153442 0.9359999895095825
vt -0.7559999823570251 -2.0880000591278076
vt -1.2599999904632568 -1.7280000448226929
vt -1.0800000429153442 0.9359999895095825
vt 1.2599999904632568 -1.7280000448226929
vt 0.7559999823570251 -2.0880000591278076
vt 0 -1.0800000429153442
vt -1.0800000429153442 0.9359999895095825
vt 1.0800000429153442 0.9359999895095825
vt 1.2599999904632568 -1.7280000448226929
vt 0 -1.0800000429153442
vt -0.7559999823570251 -2.0880000591278076
vt -1.0800000429153442 0.9359999895095825
vt -1.0800000429153442 0.9359999895095825
vt 1.2599999904632568 -1.7280000448226929
vt 0 -1.0800000429153442
vt 1.0800000429153442 0.9359999895095825
vt 0 2.6640000343322754
vt -1.0800000429153442 0.9359999895095825
vt -1.0800000429153442 0.9359999895095825
vt -1.2599999904632568 -1.7280000448226929
vt -0.7559999823570251 -2.0880000591278076
vt 0 -1.0800000429153442
vt 0.7559999823570251 -2.0880000591278076
vt 1.2599999904632568 -1.7280000448226929
vt 1.2599999904632568 -1.7280000448226929
vt 1.0800000429153442 0.9359999895095825
vt -1.0800000429153442 0.9359999895095825
vt -1.0800000429153442 0.9359999895095825
vt -0.7559999823570251 -2.0880000591278076
vt 0 -1.0800000429153442
vt 0 -1.0800000429153442
vt 1.2599999904632568 -1.7280000448226929
vt -1.0800000429153442 0.9359999895095825
vt 0.9359999895095825 1.059999942779541
vt -1.7280000448226929 1.059999942779541
vt 0.955048143863678 1
vt -1.7280000448226929 1.059999942779541
vt -1.7573622465133667 1
vt 0.955048143863678 1
vt 0.955048143863678 1
vt -1.7573622465133667 1
vt 0.955048143863678 0.5
vt -1.7573622465133667 1
vt -1.7573622465133667 0.5
vt 0.955048143863678 0.5
vt 0.955048143863678 0.5
vt -1.7573622465133667 0.5
vt 0.9359999895095825 0.4399999976158142
vt -1.7573622465133667 0.5
vt -1.7280000448226929 0.4399999976158142
vt 0.9359999895095825 0.4399999976158142
vt -1.2599999904632568 1.059999942779541
vt -0.7559999823570251 1.059999942779541
vt -1.3221207857131958 1
vt -0.7559999823570251 1.059999942779541
vt -0.7431725263595581 1
vt -1.3221207857131958 1
vt -1.3221207857131958 1
vt -0.7431725263595581 1
vt -1.3221207857131958 0.5
vt -0.7431725263595581 1
vt -0.7431725263595581 0.5
vt -1.3221207857131958 0.5
vt -1.3221207857131958 0.5
vt -0.7431725263595581 0.5
vt -1.2599999904632568 0.4399999976158142
vt -0.7431725263595581 0.5
vt -0.7559999823570251 0.4399999976158142
vt -1.2599999904632568 0.4399999976158142
vt -2.0880000591278076 1.059999942779541
vt -1.0800000429153442 1.059999942779541
vt -2.1708967685699463 1
vt -1.0800000429153442 1.059999942779541
vt -1.1648528575897217 1
vt -2.1708967685699463 1
vt -2.1708967685699463 1
vt -1.1648528575897217 1
vt -2.1708967685699463 0.5
vt -1.1648528575897217 1
vt -1.1648528575897217 0.5
vt -2.1708967685699463 0.5
vt -2.1708967685699463 0.5
vt -1.1648528575897217 0.5
vt -2.0880000591278076 0.4399999976158142
vt -1.1648528575897217 0.5
vt -1.0800000429153442 0.4399999976158142
vt -2.0880000591278076 0.4399999976158142
vt -1.0800000429153442 1.059999942779541
vt -2.0880000591278076 1.059999942779541
vt -1.1648528575897217 1
vt -2.0880000591278076 1.059999942779541
vt -2.1708967685699463 1
vt -1.1648528575897217 1
vt -1.1648528575897217 1
vt -2.1708967685699463 1
vt -1.1648528575897217 0.5
vt -2.1708967685699463 1
vt -2.1708967685699463 0.5
vt -1.1648528575897217 0.5
vt -1.1648528575897217 0.5
vt -2.1708967685699463 0.5
vt -1.0800000429153442 0.4399999976158142
vt -2.1708967685699463 0.5
vt -2.0880000591278076 0.4399999976158142
vt -1.0800000429153442 0.4399999976158142
vt 0.7559999823570251 1.059999942779541
vt 1.2599999904632568 1.059999942779541
vt 0.7431725263595581 1
vt 1.2599999904632568 1.059999942779541
vt 1.3221207857131958 1
vt 0.7431725263595581 1
vt 0.7431725263595581 1
vt 1.3221207857131958 1
vt 0.7431725263595581 0.5
vt 1.3221207857131958 1
vt 1.3221207857131958 0.5
vt 0.7431725263595581 0.5
vt 0.7431725263595581 0.5
vt 1.3221207857131958 0.5
vt 0.7559999823570251 0.4399999976158142
vt 1.3221207857131958 0.5
vt 1.2599999904632568 0.4399999976158142
vt 0.7559999823570251 0.4399999976158142
vt -1.7280000448226929 1.059999942779541
vt 0.9359999895095825 1.059999942779541
vt -1.7573622465133667 1
vt 0.9359999895095825 1.059999942779541
vt 0.955048143863678 1
vt -1.7573622465133667 1
vt -1.7573622465133667 1
vt 0.955048143863678 1
vt -1.7573622465133667 0.5
vt 0.955048143863678 1
vt 0.955048143863678 0.5
vt -1.7573622465133667 0.5
vt -1.7573622465133667 0.5
vt 0.955048143863678 0.5
vt -1.7280000448226929 0.4399999976158142
vt 0.955048143863678 0.5
vt 0.9359999895095825 0.4399999976158142
vt -1.7280000448226929 0.4399999976158142
vt 0.9359999895095825 1.059999942779541
vt 2.6640000343322754 1.059999942779541
vt 0.955048143863678 1
vt 2.6640000343322754 1.059999942779541
vt 2.7488527297973633 1
vt 0.955048143863678 1
vt 0.955048143863678 1
vt 2.7488527297973633 1
vt 0.955048143863678 0.5
vt 2.7488527297973633 1
vt 2.7488527297973633 0.5
vt 0.955048143863678 0.5
vt 0.955048143863678 0.5
vt 2.7488527297973633 0.5
vt 0.9359999895095825 0.4399999976158142
vt 2.7488527297973633 0.5
vt 2.6640000343322754 0.4399999976158142
vt 0.9359999895095825 0.4399999976158142
vt 2.6640000343322754 1.059999942779541
vt 0.9359999895095825 1.059999942779541
vt 2.7488527297973633 1
vt 0.9359999895095825 1.059999942779541
vt 0.955048143863678 1
vt 2.7488527297973633 1
vt 2.7488527297973633 1
vt 0.955048143863678 1
vt 2.7488527297973633 0.5
vt 0.955048143863678 1
vt 0.955048143863678 0.5
vt 2.7488527297973633 0.5
vt 2.7488527297973633 0.5
vt 0.955048143863678 0.5
vt 2.6640000343322754 0.4399999976158142
vt 0.955048143863678 0.5
vt 0.9359999895095825 0.4399999976158142
vt 2.6640000343322754 0.4399999976158142
vn 0 -1 -6.123234262925839e-17
vn 0 -1 -6.123234262925839e-17
vn 0 -1 -6.123234262925839e-17
vn 0 -1 -6.123234262925839e-17
vn 0 -1 -6.123234262925839e-17
vn 0 -1 -6.123234262925839e-17
vn 0 -1 -6.123234262925839e-17
vn 0 -1 -6.123234262925839e-17
vn 0 -1 -6.123234262925839e-17
vn 0 -1 -6.123234262925839e-17
vn 0 -1 -6.123234262925839e-17
vn 0 -1 -6.123234262925839e-17
vn 0 -1 -6.123234262925839e-17
vn 0 -1 -6.123234262925839e-17
vn 0 -1 -6.123234262925839e-17
vn 0 -1 -6.123234262925839e-17
vn 0 -1 -6.123234262925839e-17
vn 0 -1 -6.123234262925839e-17
vn 0 1 6.123234262925839e-17
vn 0 1 6.123234262925839e-17
vn 0 1 6.123234262925839e-17
vn 0 1 6.123234262925839e-17
vn 0 1 6.123234262925839e-17
vn 0 1 6.123234262925839e-17
vn 0 1 6.123234262925839e-17
vn 0 1 6.123234262925839e-17
vn 0 1 6.123234262925839e-17
vn 0 1 6.123234262925839e-17
vn 0 1 6.123234262925839e-17
vn 0 1 6.123234262925839e-17
vn 0 1 6.123234262925839e-17
vn 0 1 6.123234262925839e-17
vn 0 1 6.123234262925839e-17
vn 0 1 6.123234262925839e-17
vn 0 1 6.123234262925839e-17
vn 0 1 6.123234262925839e-17
vn -0.7054986239737843 -0.7071063400304318 -0.047668810136861986
vn -0.7054986239737843 -0.7071063400304318 -0.047668810136861986
vn -0.7054986239737843 -0.7071063400304318 -0.047668810136861986
vn -0.705497878595051 -0.7071070848350391 -0.047668793502413986
vn -0.705497878595051 -0.7071070848350391 -0.047668793502413986
vn -0.705497878595051 -0.7071070848350391 -0.047668793502413986
vn -0.9977250965798419 4.1279101284494985e-18 -0.06741388324926448
vn -0.9977250965798419 4.1279101284494985e-18 -0.06741388324926448
vn -0.9977250965798419 4.1279101284494985e-18 -0.06741388324926448
vn -0.9977250965798419 4.1279101284494985e-18 -0.06741388324926448
vn -0.9977250965798419 4.1279101284494985e-18 -0.06741388324926448
vn -0.9977250965798419 4.1279101284494985e-18 -0.06741388324926448
vn -0.7054986524554834 0.7071063089723898 -0.04766884931420435
vn -0.7054986524554834 0.7071063089723898 -0.04766884931420435
vn -0.7054986524554834 0.7071063089723898 -0.04766884931420435
vn -0.7054978498627845 0.7071071156418796 -0.047668761758721964
vn -0.7054978498627845 0.7071071156418796 -0.047668761758721964
vn -0.7054978498627845 0.7071071156418796 -0.047668761758721964
vn -0.4109975290789498 -0.7071066911061842 0.5753965228291367
vn -0.4109975290789498 -0.7071066911061842 0.5753965228291367
vn -0.4109975290789498 -0.7071066911061842 0.5753965228291367
vn -0.4109974450948467 -0.7071068792499599 0.5753963516072126
vn -0.4109974450948467 -0.7071068792499599 0.5753963516072126
vn -0.4109974450948467 -0.7071068792499599 0.5753963516072126
vn -0.5812382501018651 -4.982680076860614e-17 0.8137334309333257
vn -0.5812382501018651 -4.982680076860614e-17 0.8137334309333257
vn -0.5812382501018651 -4.982680076860614e-17 0.8137334309333257
vn -0.5812382501018651 -4.982680076860614e-17 0.8137334309333257
vn -0.5812382501018651 -4.982680076860614e-17 0.8137334309333257
vn -0.5812382501018651 -4.982680076860614e-17 0.8137334309333257
vn -0.4109975711693424 0.7071066526427287 0.5753965400324343
vn -0.4109975711693424 0.7071066526427287 0.5753965400324343
vn -0.4109975711693424 0.7071066526427287 0.5753965400324343
vn -0.41099742032669967 0.7071068879110843 0.5753963586550572
vn -0.41099742032669967 0.7071068879110843 0.5753963586550572
vn -0.41099742032669967 0.7071068879110843 0.5753963586550572
vn 0.5656854630962096 -0.7071067245621314 0.42426411222331867
vn 0.5656854630962096 -0.7071067245621314 0.42426411222331867
vn 0.5656854630962096 -0.7071067245621314 0.42426411222331867
vn 0.6157995010313961 -0.6433200390510909 0.45489592423408964
vn 0.6157995010313961 -0.6433200390510909 0.45489592423408964
vn 0.6157995010313961 -0.6433200390510909 0.45489592423408964
vn 0.8043385791877823 -3.6382493902986476e-17 0.5941712295543936
vn 0.8043385791877823 -3.6382493902986476e-17 0.5941712295543936
vn 0.8043385791877823 -3.6382493902986476e-17 0.5941712295543936
vn 0.8043385791877823 -3.6382493902986476e-17 0.5941712295543936
vn 0.8043385791877823 -3.6382493902986476e-17 0.5941712295543936
vn 0.8043385791877823 -3.6382493902986476e-17 0.5941712295543936
vn 0.5707832632191572 0.7045739363887755 0.4216420692845012
vn 0.5707832632191572 0.7045739363887755 0.4216420692845012
vn 0.5707832632191572 0.7045739363887755 0.4216420692845012
vn 0.6099942945497652 0.6469966197466934 0.45749572091232377
vn 0.6099942945497652 0.6469966197466934 0.45749572091232377
vn 0.6099942945497652 0.6469966197466934 0.45749572091232377
vn -0.6099942945497652 -0.6469966197466934 0.45749572091232377
vn -0.6099942945497652 -0.6469966197466934 0.45749572091232377
vn -0.6099942945497652 -0.6469966197466934 0.45749572091232377
vn -0.5707832392486125 -0.7045739664042168 0.421642051577272
vn -0.5707832392486125 -0.7045739664042168 0.421642051577272
vn -0.5707832392486125 -0.7045739664042168 0.421642051577272
vn -0.8043385791877823 -3.6382493902986476e-17 0.5941712295543936
vn -0.8043385791877823 -3.6382493902986476e-17 0.5941712295543936
vn -0.8043385791877823 -3.6382493902986476e-17 0.5941712295543936
vn -0.8043385791877823 -3.6382493902986476e-17 0.5941712295543936
vn -0.8043385791877823 -3.6382493902986476e-17 0.5941712295543936
vn -0.8043385791877823 -3.6382493902986476e-17 0.5941712295543936
vn -0.6157995296850541 0.6433200067168833 0.4548959311726756
vn -0.6157995296850541 0.6433200067168833 0.4548959311726756
vn -0.6157995296850541 0.6433200067168833 0.4548959311726756
vn -0.5656855036273644 0.7071067007202734 0.4242640979182013
vn -0.5656855036273644 0.7071067007202734 0.4242640979182013
vn -0.5656855036273644 0.7071067007202734 0.4242640979182013
vn 0.41099742032669967 -0.7071068879110843 0.5753963586550572
vn 0.41099742032669967 -0.7071068879110843 0.5753963586550572
vn 0.41099742032669967 -0.7071068879110843 0.5753963586550572
vn 0.4109975431746462 -0.7071067153573306 0.5753964829584658
vn 0.4109975431746462 -0.7071067153573306 0.5753964829584658
vn 0.4109975431746462 -0.7071067153573306 0.5753964829584658
vn 0.5812382501018651 -4.982680076860614e-17 0.8137334309333257
vn 0.5812382501018651 -4.982680076860614e-17 0.8137334309333257
vn 0.5812382501018651 -4.982680076860614e-17 0.8137334309333257
vn 0.5812382501018651 -4.982680076860614e-17 0.8137334309333257
vn 0.5812382501018651 -4.982680076860614e-17 0.8137334309333257
vn 0.5812382501018651 -4.982680076860614e-17 0.8137334309333257
vn 0.4109974450948467 0.7071068792499599 0.5753963516072126
vn 0.4109974450948467 0.7071068792499599 0.5753963516072126
vn 0.4109974450948467 0.7071068792499599 0.5753963516072126
vn 0.4109975464011981 0.7071066613038531 0.5753965470802835
vn 0.4109975464011981 0.7071066613038531 0.5753965470802835
vn 0.4109975464011981 0.7071066613038531 0.5753965470802835
vn 0.7054978499880666 -0.7071071157674474 -0.04766875804189674
vn 0.7054978499880666 -0.7071071157674474 -0.04766875804189674
vn 0.7054978499880666 -0.7071071157674474 -0.04766875804189674
vn 0.7054986525807659 -0.7071063090979578 -0.047668845597378995
vn 0.7054986525807659 -0.7071063090979578 -0.047668845597378995
vn 0.7054986525807659 -0.7071063090979578 -0.047668845597378995
vn 0.9977250965798419 4.1279101284494985e-18 -0.06741388324926448
vn 0.9977250965798419 4.1279101284494985e-18 -0.06741388324926448
vn 0.9977250965798419 4.1279101284494985e-18 -0.06741388324926448
vn 0.9977250965798419 4.1279101284494985e-18 -0.06741388324926448
vn 0.9977250965798419 4.1279101284494985e-18 -0.06741388324926448
vn 0.9977250965798419 4.1279101284494985e-18 -0.06741388324926448
vn 0.7054978784697685 0.7071070847094708 -0.047668797219239334
vn 0.7054978784697685 0.7071070847094708 -0.047668797219239334
vn 0.7054978784697685 0.7071070847094708 -0.047668797219239334
vn 0.7054986238485017 0.7071063399048637 -0.04766881385368719
vn 0.7054986238485017 0.7071063399048637 -0.04766881385368719
vn 0.7054986238485017 0.7071063399048637 -0.04766881385368719
vn 0.5996256322992426 -0.7071064536456725 -0.3747660127364463
vn 0.5996256322992426 -0.7071064536456725 -0.3747660127364463
vn 0.5996256322992426 -0.7071064536456725 -0.3747660127364463
vn 0.6727924925680314 -0.604069410202222 -0.42714214215180757
vn 0.6727924925680314 -0.604069410202222 -0.42714214215180757
vn 0.6727924925680314 -0.604069410202222 -0.42714214215180757
vn 0.8442285409203897 3.281951480563922e-17 -0.535983367927989
vn 0.8442285409203897 3.281951480563922e-17 -0.535983367927989
vn 0.8442285409203897 3.281951480563922e-17 -0.535983367927989
vn 0.8442285409203897 3.281951480563922e-17 -0.535983367927989
vn 0.8442285409203897 3.281951480563922e-17 -0.535983367927989
vn 0.8442285409203897 3.281951480563922e-17 -0.535983367927989
vn 0.5974968102588669 0.7064700158378863 -0.3793384747853774
vn 0.5974968102588669 0.7064700158378863 -0.3793384747853774
vn 0.5974968102588669 0.7064700158378863 -0.3793384747853774
vn 0.678551502283977 0.5997595850765207 -0.424094681476905
vn 0.678551502283977 0.5997595850765207 -0.424094681476905
vn 0.678551502283977 0.5997595850765207 -0.424094681476905
vn -0.6785514780268076 -0.5997596232406841 -0.4240946663161744
vn -0.6785514780268076 -0.5997596232406841 -0.4240946663161744
vn -0.6785514780268076 -0.5997596232406841 -0.4240946663161744
vn -0.5974967918537377 -0.7064700536806193 -0.3793384332980167
vn -0.5974967918537377 -0.7064700536806193 -0.3793384332980167
vn -0.5974967918537377 -0.7064700536806193 -0.3793384332980167
vn -0.8442285409203897 3.281951480563922e-17 -0.535983367927989
vn -0.8442285409203897 3.281951480563922e-17 -0.535983367927989
vn -0.8442285409203897 3.281951480563922e-17 -0.535983367927989
vn -0.8442285409203897 3.281951480563922e-17 -0.535983367927989
vn -0.8442285409203897 3.281951480563922e-17 -0.535983367927989
vn -0.8442285409203897 3.281951480563922e-17 -0.535983367927989
vn -0.672792508227622 0.6040693646576016 -0.4271421818960832
vn -0.672792508227622 0.6040693646576016 -0.4271421818960832
vn -0.672792508227622 0.6040693646576016 -0.4271421818960832
vn -0.5996256575715614 0.7071064238433212 -0.3747660285316452
vn -0.5996256575715614 0.7071064238433212 -0.3747660285316452
vn -0.5996256575715614 0.7071064238433212 -0.3747660285316452
f 181/181/181 182/182/182 183/183/183
f 184/184/184 185/185/185 186/186/186
f 187/187/187 188/188/188 189/189/189
f 190/190/190 191/191/191 192/192/192
f 193/193/193 194/194/194 195/195/195
f 196/196/196 197/197/197 198/198/198
f 199/199/199 200/200/200 201/201/201
f 202/202/202 203/203/203 204/204/204
f 205/205/205 206/206/206 207/207/207
f 208/208/208 209/209/209 210/210/210
f 211/211/211 212/212/212 213/213/213
f 214/214/214 215/215/215 216/216/216
f 217/217/217 218/218/218 219/219/219
f 220/220/220 221/221/221 222/222/222
f 223/223/223 224/224/224 225/225/225
f 226/226/226 227/227/227 228/228/228
f 229/229/229 230/230/230 231/231/231
f 232/232/232 233/233/233 234/234/234
f 235/235/235 236/236/236 237/237/237
f 238/238/238 239/239/239 240/240/240
f 241/241/241 242/242/242 243/243/243
f 244/244/244 245/245/245 246/246/246
f 247/247/247 248/248/248 249/249/249
f 250/250/250 251/251/251 252/252/252
f 253/253/253 254/254/254 255/255/255
f 256/256/256 257/257/257 258/258/258
f 259/259/259 260/260/260 261/261/261
f 262/262/262 263/263/263 264/264/264
f 265/265/265 266/266/266 267/267/267
f 268/268/268 269/269/269 270/270/270
f 271/271/271 272/272/272 273/273/273
f 274/274/274 275/275/275 276/276/276
f 277/277/277 278/278/278 279/279/279
f 280/280/280 281/281/281 282/282/282
f 283/283/283 284/284/284 285/285/285
f 286/286/286 287/287/287 288/288/288
f 289/289/289 290/290/290 291/291/291
f 292/292/292 293/293/293 294/294/294
f 295/295/295 296/296/296 297/297/297
f 298/298/298 299/299/299 300/300/300
f 301/301/301 302/302/302 303/303/303
f 304/304/304 305/305/305 306/306/306
f 307/307/307 308/308/308 309/309/309
f 310/310/310 311/311/311 312/312/312
f 313/313/313 314/314/314 315/315/315
f 316/316/316 317/317/317 318/318/318
f 319/319/319 320/320/320 321/321/321
f 322/322/322 323/323/323 324/324/324
f 325/325/325 326/326/326 327/327/327
f 328/328/328 329/329/329 330/330/330
f 331/331/331 332/332/332 333/333/333
f 334/334/334 335/335/335 336/336/336
f 337/337/337 338/338/338 339/339/339
f 340/340/340 341/341/341 342/342/342
f 343/343/343 344/344/344 345/345/345
f 346/346/346 347/347/347 348/348/348
f 349/349/349 350/350/350 351/351/351
f 352/352/352 353/353/353 354/354/354
f 355/355/355 356/356/356 357/357/357
f 358/358/358 359/359/359 360/360/360
o frigate_bridge
usemtl plate
v 0.00240798551916472 8.797297432615949 5.681294308333481
v 0.00240798551916472 8.797297432615949 5.67005704301787
v -0.00240798551916472 8.797297432615949 5.67005704301787
v -0.00240798551916472 8.797297432615949 5.681294308333481
v 0.00240798551916472 8.797297432615949 5.681294308333481
v 2.4079852812999003 3.972972905313645 11.294307773177689
v 2.4079852812999003 3.972972905313645 0.0570435781736629
v -2.4079852812999003 3.972972905313645 0.0570435781736629
v -2.4079852812999003 3.972972905313645 11.294307773177689
v 2.4079852812999003 3.972972905313645 11.294307773177689
v 0 8.797297432615949 5.675675675675675
v 0 8.797297432615949 5.675675675675675
v 0 8.797297432615949 5.675675675675675
v 0 8.797297432615949 5.675675675675675
v 0.00240798551916472 8.797297432615949 5.681294308333481
v 0.00240798551916472 8.797297432615949 5.67005704301787
v -0.00240798551916472 8.797297432615949 5.67005704301787
v -0.00240798551916472 8.797297432615949 5.681294308333481
v 0.00240798551916472 8.797297432615949 5.681294308333481
v 0 3.972972905313645 5.675675675675675
v 0 3.972972905313645 5.675675675675675
v 0 3.972972905313645 5.675675675675675
v 0 3.972972905313645 5.675675675675675
v 2.4079852812999003 3.972972905313645 11.294307773177689
v 2.4079852812999003 3.972972905313645 0.0570435781736629
v -2.4079852812999003 3.972972905313645 0.0570435781736629
v -2.4079852812999003 3.972972905313645 11.294307773177689
v 2.4079852812999003 3.972972905313645 11.294307773177689
vt 0 1
vt 0.25 1
vt 0.5 1
vt 0.75 1
vt 1 1
vt 0 0
vt 0.25 0
vt 0.5 0
vt 0.75 0
vt 1 0
vt 0.5 0.5
vt 0.5 0.5
vt 0.5 0.5
vt 0.5 0.5
vt 1 0.5
vt 0.5 1
vt 0 0.5
vt 0.5 0
vt 1 0.5
vt 0.5 0.5
vt 0.5 0.5
vt 0.5 0.5
vt 0.5 0.5
vt 1 0.5
vt 0.5 0
vt 0 0.5
vt 0.5 1
vt 1 0.5
vn 0.6775619497852863 0.6757122984185261 0.29038370128007207
vn 0.6775619497852863 0.6757122984185261 -0.29038370128007207
vn -0.6775619497852863 0.6757122984185261 -0.29038370128007207
vn -0.6775619497852863 0.6757122984185261 0.29038370128007207
vn 0.6775619497852863 0.6757122984185261 0.29038370128007207
vn 0.6775619497852863 0.6757122984185261 0.29038370128007207
vn 0.6775619497852863 0.6757122984185261 -0.29038370128007207
vn -0.6775619497852863 0.6757122984185261 -0.29038370128007207
vn -0.6775619497852863 0.6757122984185261 0.29038370128007207
vn 0.6775619497852863 0.6757122984185261 0.29038370128007207
vn 0 1 0
vn 0 1 0
vn 0 1 0
vn 0 1 0
vn 0 1 0
vn 0 1 0
vn 0 1 0
vn 0 1 0
vn 0 1 0
vn 0 -1 0
vn 0 -1 0
vn 0 -1 0
vn 0 -1 0
vn 0 -1 0
vn 0 -1 0
vn 0 -1 0
vn 0 -1 0
vn 0 -1 0
f 361/361/361 366/366/366 362/362/362
f 366/366/366 367/367/367 362/362/362
f 362/362/362 367/367/367 363/363/363
f 367/367/367 368/368/368 363/363/363
f 363/363/363 368/368/368 364/364/364
f 368/368/368 369/369/369 364/364/364
f 364/364/364 369/369/369 365/365/365
f 369/369/369 370/370/370 365/365/365
f 375/375/375 376/376/376 371/371/371
f 376/376/376 377/377/377 372/372/372
f 377/377/377 378/378/378 373/373/373
f 378/378/378 379/379/379 374/374/374
f 385/385/385 384/384/384 380/380/380
f 386/386/386 385/385/385 381/381/381
f 387/387/387 386/386/386 382/382/382
f 388/388/388 387/387/387 383/383/383
o frigate_sensor
usemtl accent
v 0.39729729898878047 11.351351283692024 6.072972974664456
v 0.39729729898878047 11.351351283692024 5.278378376686895
v 0.39729729898878047 6.243243310902569 6.072972974664456
v 0.39729729898878047 6.243243310902569 5.278378376686895
v -0.39729729898878047 11.351351283692024 5.278378376686895
v -0.39729729898878047 11.351351283692024 6.072972974664456
v -0.39729729898878047 6.243243310902569 5.278378376686895
v -0.39729729898878047 6.243243310902569 6.072972974664456
v -0.39729729898878047 11.351351283692024 5.278378376686895
v 0.39729729898878047 11.351351283692024 5.278378376686895
v -0.39729729898878047 11.351351283692024 6.072972974664456
v 0.39729729898878047 11.351351283692024 6.072972974664456
v -0.39729729898878047 6.243243310902569 6.072972974664456
v 0.39729729898878047 6.243243310902569 6.072972974664456
v -0.39729729898878047 6.243243310902569 5.278378376686895
v 0.39729729898878047 6.243243310902569 5.278378376686895
v -0.39729729898878047 11.351351283692024 6.072972974664456
v 0.39729729898878047 11.351351283692024 6.072972974664456
v -0.39729729898878047 6.243243310902569 6.072972974664456
v 0.39729729898878047 6.243243310902569 6.072972974664456
v 0.39729729898878047 11.351351283692024 5.278378376686895
v -0.39729729898878047 11.351351283692024 5.278378376686895
v 0.39729729898878047 6.243243310902569 5.278378376686895
v -0.39729729898878047 6.243243310902569 5.278378376686895
vt 0 1
vt 1 1
vt 0 0
vt 1 0
vt 0 1
vt 1 1
vt 0 0
vt 1 0
vt 0 1
vt 1 1
vt 0 0
vt 1 0
vt 0 1
vt 1 1
vt 0 0
vt 1 0
vt 0 1
vt 1 1
vt 0 0
vt 1 0
vt 0 1
vt 1 1
vt 0 0
vt 1 0
vn 1 0 0
vn 1 0 0
vn 1 0 0
vn 1 0 0
vn -1 0 0
vn -1 0 0
vn -1 0 0
vn -1 0 0
vn 0 1 0
vn 0 1 0
vn 0 1 0
vn 0 1 0
vn 0 -1 0
vn 0 -1 0
vn 0 -1 0
vn 0 -1 0
vn 0 0 1
vn 0 0 1
vn 0 0 1
vn 0 0 1
vn 0 0 -1
vn 0 0 -1
vn 0 0 -1
vn 0 0 -1
f 389/389/389 391/391/391 390/390/390
f 391/391/391 392/392/392 390/390/390
f 393/393/393 395/395/395 394/394/394
f 395/395/395 396/396/396 394/394/394
f 397/397/397 399/399/399 398/398/398
f 399/399/399 400/400/400 398/398/398
f 401/401/401 403/403/403 402/402/402
f 403/403/403 404/404/404 402/402/402
f 405/405/405 407/407/407 406/406/406
f 407/407/407 408/408/408 406/406/406
f 409/409/409 411/411/411 410/410/410
f 411/411/411 412/412/412 410/410/410
o frigate_dorsal
usemtl accent
v 1.4189189189189189 5.959459455653622 6.810810540173504
v 1.4189189189189189 5.959459455653622 -13.621621350984315
v 1.4189189189189189 5.618918922724756 6.810810540173504
v 1.4189189189189189 5.618918922724756 -13.621621350984315
v -1.4189189189189189 5.959459455653622 -13.621621350984315
v -1.4189189189189189 5.959459455653622 6.810810540173504
v -1.4189189189189189 5.618918922724756 -13.621621350984315
v -1.4189189189189189 5.618918922724756 6.810810540173504
v -1.4189189189189189 5.959459455653622 -13.621621350984315
v 1.4189189189189189 5.959459455653622 -13.621621350984315
v -1.4189189189189189 5.959459455653622 6.810810540173504
v 1.4189189189189189 5.959459455653622 6.810810540173504
v -1.4189189189189189 5.618918922724756 6.810810540173504
v 1.4189189189189189 5.618918922724756 6.810810540173504
v -1.4189189189189189 5.618918922724756 -13.621621350984315
v 1.4189189189189189 5.618918922724756 -13.621621350984315
v -1.4189189189189189 5.959459455653622 6.810810540173504
v 1.4189189189189189 5.959459455653622 6.810810540173504
v -1.4189189189189189 5.618918922724756 6.810810540173504
v 1.4189189189189189 5.618918922724756 6.810810540173504
v 1.4189189189189189 5.959459455653622 -13.621621350984315
v -1.4189189189189189 5.959459455653622 -13.621621350984315
v 1.4189189189189189 5.618918922724756 -13.621621350984315
v -1.4189189189189189 5.618918922724756 -13.621621350984315
vt 0 1
vt 1 1
vt 0 0
vt 1 0
vt 0 1
vt 1 1
vt 0 0
vt 1 0
vt 0 1
vt 1 1
vt 0 0
vt 1 0
vt 0 1
vt 1 1
vt 0 0
vt 1 0
vt 0 1
vt 1 1
vt 0 0
vt 1 0
vt 0 1
vt 1 1
vt 0 0
vt 1 0
vn 1 0 0
vn 1 0 0
vn 1 0 0
vn 1 0 0
vn -1 0 0
vn -1 0 0
vn -1 0 0
vn -1 0 0
vn 0 1 0
vn 0 1 0
vn 0 1 0
vn 0 1 0
vn 0 -1 0
vn 0 -1 0
vn 0 -1 0
vn 0 -1 0
vn 0 0 1
vn 0 0 1
vn 0 0 1
vn 0 0 1
vn 0 0 -1
vn 0 0 -1
vn 0 0 -1
vn 0 0 -1
f 413/413/413 415/415/415 414/414/414
f 415/415/415 416/416/416 414/414/414
f 417/417/417 419/419/419 418/418/418
f 419/419/419 420/420/420 418/418/418
f 421/421/421 423/423/423 422/422/422
f 423/423/423 424/424/424 422/422/422
f 425/425/425 427/427/427 426/426/426
f 427/427/427 428/428/428 426/426/426
f 429/429/429 431/431/431 430/430/430
f 431/431/431 432/432/432 430/430/430
f 433/433/433 435/435/435 434/434/434
f 435/435/435 436/436/436 434/434/434
o frigate_engine_o_nacelle
usemtl plate
v -7.264864864864864 -1.816216236514013 22.41891905423757
v -5.90033990031964 -1.2510114510317096 22.41891905423757
v -5.335135114837337 0.11351351351351446 22.41891905423757
v -5.90033990031964 1.4780384780587388 22.41891905423757
v -7.264864864864864 2.0432432635410422 22.41891905423757
v -8.629389829410089 1.4780384780587388 22.41891905423757
v -9.194594614892392 0.11351351351351494 22.41891905423757
v -8.629389829410089 -1.2510114510317096 22.41891905423757
v -7.264864864864865 -1.816216236514013 22.41891905423757
v -7.264864864864864 -1.546054068127195 12.770270134951616
v -6.091373386898556 -1.0599779644527962 12.770270134951616
v -5.605297283224157 0.11351351351351233 12.770270134951616
v -6.091373386898556 1.287004991479821 12.770270134951616
v -7.264864864864864 1.7730810951542197 12.770270134951616
v -8.438356342831174 1.287004991479821 12.770270134951616
v -8.924432446505572 0.11351351351351274 12.770270134951616
v -8.438356342831174 -1.0599779644527962 12.770270134951616
v -7.264864864864864 -1.546054068127195 12.770270134951616
v -7.264864864864864 0.11351351351351457 22.41891905423757
v -7.264864864864864 0.11351351351351457 22.41891905423757
v -7.264864864864864 0.11351351351351457 22.41891905423757
v -7.264864864864864 0.11351351351351457 22.41891905423757
v -7.264864864864864 0.11351351351351457 22.41891905423757
v -7.264864864864864 0.11351351351351457 22.41891905423757
v -7.264864864864864 0.11351351351351457 22.41891905423757
v -7.264864864864864 0.11351351351351457 22.41891905423757
v -7.264864864864864 -1.816216236514013 22.41891905423757
v -5.90033990031964 -1.2510114510317096 22.41891905423757
v -5.335135114837337 0.11351351351351446 22.41891905423757
v -5.90033990031964 1.4780384780587388 22.41891905423757
v -7.264864864864864 2.0432432635410422 22.41891905423757
v -8.629389829410089 1.4780384780587388 22.41891905423757
v -9.194594614892392 0.11351351351351494 22.41891905423757
v -8.629389829410089 -1.2510114510317096 22.41891905423757
v -7.264864864864865 -1.816216236514013 22.41891905423757
v -7.264864864864864 0.11351351351351244 12.770270134951616
v -7.264864864864864 0.11351351351351244 12.770270134951616
v -7.264864864864864 0.11351351351351244 12.770270134951616
v -7.264864864864864 0.11351351351351244 12.770270134951616
v -7.264864864864864 0.11351351351351244 12.770270134951616
v -7.264864864864864 0.11351351351351244 12.770270134951616
v -7.264864864864864 0.11351351351351244 12.770270134951616
v -7.264864864864864 0.11351351351351244 12.770270134951616
v -7.264864864864864 -1.546054068127195 12.770270134951616
v -6.091373386898556 -1.0599779644527962 12.770270134951616
v -5.605297283224157 0.11351351351351233 12.770270134951616
v -6.091373386898556 1.287004991479821 12.770270134951616
v -7.264864864864864 1.7730810951542197 12.770270134951616
v -8.438356342831174 1.287004991479821 12.770270134951616
v -8.924432446505572 0.11351351351351274 12.770270134951616
v -8.438356342831174 -1.0599779644527962 12.770270134951616
v -7.264864864864864 -1.546054068127195 12.770270134951616
vt 0 1
vt 0.125 1
vt 0.25 1
vt 0.375 1
vt 0.5 1
vt 0.625 1
vt 0.75 1
vt 0.875 1
vt 1 1
vt 0 0
vt 0.125 0
vt 0.25 0
vt 0.375 0
vt 0.5 0
vt 0.625 0
vt 0.75 0
vt 0.875 0
vt 1 0
vt 0.5 0.5
vt 0.5 0.5
vt 0.5 0.5
vt 0.5 0.5
vt 0.5 0.5
vt 0.5 0.5
vt 0.5 0.5
vt 0.5 0.5
vt 1 0.5
vt 0.8535534143447876 0.8535534143447876
vt 0.5 1
vt 0.1464466154575348 0.8535534143447876
vt 0 0.5
vt 0.1464466154575348 0.1464466154575348
vt 0.5 0
vt 0.8535534143447876 0.1464466154575348
vt 1 0.5
vt 0.5 0.5
vt 0.5 0.5
vt 0.5 0.5
vt 0.5 0.5
vt 0.5 0.5
vt 0.5 0.5
vt 0.5 0.5
vt 0.5 0.5
vt 1 0.5
vt 0.8535534143447876 0.1464466154575348
vt 0.5 0
vt 0.1464466154575348 0.1464466154575348
vt 0 0.5
vt 0.1464466154575348 0.8535534143447876
vt 0.5 1
vt 0.8535534143447876 0.8535534143447876
vt 1 0.5
vn 0 -0.9996082303521829 -0.027989030211442324
vn 0.7068297582403886 -0.7068297582403886 -0.027989028773208264
vn 0.9996082303521829 -6.7423161644918e-17 -0.027989030211442546
vn 0.7068297582403886 0.7068297582403886 -0.02798902877320858
vn 1.2241669697876696e-16 0.9996082303521829 -0.027989030211442768
vn -0.7068297582403886 0.7068297582403886 -0.02798902877320858
vn -0.9996082303521829 1.7741024554750587e-16 -0.027989030211442546
vn -0.7068297582403886 -0.7068297582403886 -0.027989028773208264
vn -2.4483339395753393e-16 -0.9996082303521829 -0.027989030211442324
vn 0 -0.9996082303521829 -0.027989030211442324
vn 0.7068297582403886 -0.7068297582403886 -0.027989028773208264
vn 0.9996082303521829 -6.7423161644918e-17 -0.027989030211442546
vn 0.7068297582403886 0.7068297582403886 -0.02798902877320858
vn 1.2241669697876696e-16 0.9996082303521829 -0.027989030211442768
vn -0.7068297582403886 0.7068297582403886 -0.02798902877320858
vn -0.9996082303521829 1.7741024554750587e-16 -0.027989030211442546
vn -0.7068297582403886 -0.7068297582403886 -0.027989028773208264
vn -2.4483339395753393e-16 -0.9996082303521829 -0.027989030211442324
vn 0 2.220446049250313e-16 1
vn 0 2.220446049250313e-16 1
vn 0 2.220446049250313e-16 1
vn 0 2.220446049250313e-16 1
vn 0 2.220446049250313e-16 1
vn 0 2.220446049250313e-16 1
vn 0 2.220446049250313e-16 1
vn 0 2.220446049250313e-16 1
vn 0 2.220446049250313e-16 1
vn 0 2.220446049250313e-16 1
vn 0 2.220446049250313e-16 1
vn 0 2.220446049250313e-16 1
vn 0 2.220446049250313e-16 1
vn 0 2.220446049250313e-16 1
vn 0 2.220446049250313e-16 1
vn 0 2.220446049250313e-16 1
vn 0 2.220446049250313e-16 1
vn 0 -2.220446049250313e-16 -1
vn 0 -2.220446049250313e-16 -1
vn 0 -2.220446049250313e-16 -1
vn 0 -2.220446049250313e-16 -1
vn 0 -2.220446049250313e-16 -1
vn 0 -2.220446049250313e-16 -1
vn 0 -2.220446049250313e-16 -1
vn 0 -2.220446049250313e-16 -1
vn 0 -2.220446049250313e-16 -1
vn 0 -2.220446049250313e-16 -1
vn 0 -2.220446049250313e-16 -1
vn 0 -2.220446049250313e-16 -1
vn 0 -2.220446049250313e-16 -1
vn 0 -2.220446049250313e-16 -1
vn 0 -2.220446049250313e-16 -1
vn 0 -2.220446049250313e-16 -1
vn 0 -2.220446049250313e-16 -1
f 437/437/437 446/446/446 438/438/438
f 446/446/446 447/447/447 438/438/438
f 438/438/438 447/447/447 439/439/439
f 447/447/447 448/448/448 439/439/439
f 439/439/439 448/448/448 440/440/440
f 448/448/448 449/449/449 440/440/440
f 440/440/440 449/449/449 441/441/441
f 449/449/449 450/450/450 441/441/441
f 441/441/441 450/450/450 442/442/442
f 450/450/450 451/451/451 442/442/442
f 442/442/442 451/451/451 443/443/443
f 451/451/451 452/452/452 443/443/443
f 443/443/443 452/452/452 444/444/444
f 452/452/452 453/453/453 444/444/444
f 444/444/444 453/453/453 445/445/445
f 453/453/453 454/454/454 445/445/445
f 463/463/463 464/464/464 455/455/455
f 464/464/464 465/465/465 456/456/456
f 465/465/465 466/466/466 457/457/457
f 466/466/466 467/467/467 458/458/458
f 467/467/467 468/468/468 459/459/459
f 468/468/468 469/469/469 460/460/460
f 469/469/469 470/470/470 461/461/461
f 470/470/470 471/471/471 462/462/462
f 481/481/481 480/480/480 472/472/472
f 482/482/482 481/481/481 473/473/473
f 483/483/483 482/482/482 474/474/474
f 484/484/484 483/483/483 475/475/475
f 485/485/485 484/484/484 476/476/476
f 486/486/486 485/485/485 477/477/477
f 487/487/487 486/486/486 478/478/478
f 488/488/488 487/487/487 479/479/479
o frigate_engine_o_bell
usemtl thruster
v -7.264864864864864 -1.2758918997403736 22.986486490715194
v -6.282406873477472 -0.8689444778738794 22.986486490715194
v -5.875459451610977 0.11351351351351348 22.986486490715194
v -6.282406873477472 1.0959715049009067 22.986486490715194
v -7.264864864864864 1.5029189267674006 22.986486490715194
v -8.247322856252257 1.0959715049009067 22.986486490715194
v -8.654270278118751 0.11351351351351383 22.986486490715194
v -8.247322856252257 -0.8689444778738794 22.986486490715194
v -7.264864864864864 -1.2758918997403736 22.986486490715194
v -7.264864864864864 -1.2758918997403736 22.41891891469021
v -6.282406873477472 -0.8689444778738796 22.41891891469021
v -5.875459451610977 0.11351351351351335 22.41891891469021
v -6.282406873477472 1.0959715049009064 22.41891891469021
v -7.264864864864864 1.5029189267674006 22.41891891469021
v -8.247322856252257 1.0959715049009064 22.41891891469021
v -8.654270278118751 0.1135135135135137 22.41891891469021
v -8.247322856252257 -0.8689444778738796 22.41891891469021
v -7.264864864864864 -1.2758918997403736 22.41891891469021
v -7.264864864864864 0.11351351351351358 22.986486490715194
v -7.264864864864864 0.11351351351351358 22.986486490715194
v -7.264864864864864 0.11351351351351358 22.986486490715194
v -7.264864864864864 0.11351351351351358 22.986486490715194
v -7.264864864864864 0.11351351351351358 22.986486490715194
v -7.264864864864864 0.11351351351351358 22.986486490715194
v -7.264864864864864 0.11351351351351358 22.986486490715194
v -7.264864864864864 0.11351351351351358 22.986486490715194
v -7.264864864864864 -1.2758918997403736 22.986486490715194
v -6.282406873477472 -0.8689444778738794 22.986486490715194
v -5.875459451610977 0.11351351351351348 22.986486490715194
v -6.282406873477472 1.0959715049009067 22.986486490715194
v -7.264864864864864 1.5029189267674006 22.986486490715194
v -8.247322856252257 1.0959715049009067 22.986486490715194
v -8.654270278118751 0.11351351351351383 22.986486490715194
v -8.247322856252257 -0.8689444778738794 22.986486490715194
v -7.264864864864864 -1.2758918997403736 22.986486490715194
v -7.264864864864864 0.11351351351351344 22.41891891469021
v -7.264864864864864 0.11351351351351344 22.41891891469021
v -7.264864864864864 0.11351351351351344 22.41891891469021
v -7.264864864864864 0.11351351351351344 22.41891891469021
v -7.264864864864864 0.11351351351351344 22.41891891469021
v -7.264864864864864 0.11351351351351344 22.41891891469021
v -7.264864864864864 0.11351351351351344 22.41891891469021
v -7.264864864864864 0.11351351351351344 22.41891891469021
v -7.264864864864864 -1.2758918997403736 22.41891891469021
v -6.282406873477472 -0.8689444778738796 22.41891891469021
v -5.875459451610977 0.11351351351351335 22.41891891469021
v -6.282406873477472 1.0959715049009064 22.41891891469021
v -7.264864864864864 1.5029189267674006 22.41891891469021
v -8.247322856252257 1.0959715049009064 22.41891891469021
v -8.654270278118751 0.1135135135135137 22.41891891469021
v -8.247322856252257 -0.8689444778738796 22.41891891469021
v -7.264864864864864 -1.2758918997403736 22.41891891469021
vt 0 1
vt 0.125 1
vt 0.25 1
vt 0.375 1
vt 0.5 1
vt 0.625 1
vt 0.75 1
vt 0.875 1
vt 1 1
vt 0 0
vt 0.125 0
vt 0.25 0
vt 0.375 0
vt 0.5 0
vt 0.625 0
vt 0.75 0
vt 0.875 0
vt 1 0
vt 0.5 0.5
vt 0.5 0.5
vt 0.5 0.5
vt 0.5 0.5
vt 0.5 0.5
vt 0.5 0.5
vt 0.5 0.5
vt 0.5 0.5
vt 1 0.5
vt 0.8535534143447876 0.8535534143447876
vt 0.5 1
vt 0.1464466154575348 0.8535534143447876
vt 0 0.5
vt 0.1464466154575348 0.1464466154575348
vt 0.5 0
vt 0.8535534143447876 0.1464466154575348
vt 1 0.5
vt 0.5 0.5
vt 0.5 0.5
vt 0.5 0.5
vt 0.5 0.5
vt 0.5 0.5
vt 0.5 0.5
vt 0.5 0.5
vt 0.5 0.5
vt 1 0.5
vt 0.8535534143447876 0.1464466154575348
vt 0.5 0
vt 0.1464466154575348 0.1464466154575348
vt 0 0.5
vt 0.1464466154575348 0.8535534143447876
vt 0.5 1
vt 0.8535534143447876 0.8535534143447876
vt 1 0.5
vn 0 -1 2.220446049250313e-16
vn 0.7071067811865475 -0.7071067811865475 1.570092458683775e-16
vn 1 -6.123234262925839e-17 1.3596311327747833e-32
vn 0.7071067811865475 0.7071067811865475 -1.570092458683775e-16
vn 1.2246468525851679e-16 1 -2.220446049250313e-16
vn -0.7071067811865475 0.7071067811865475 -1.570092458683775e-16
vn -1 1.8369701465288538e-16 -4.078893104450762e-32
vn -0.7071067811865475 -0.7071067811865475 1.570092458683775e-16
vn -2.4492937051703357e-16 -1 2.220446049250313e-16
vn 0 -1 2.220446049250313e-16
vn 0.7071067811865475 -0.7071067811865475 1.570092458683775e-16
vn 1 -6.123234262925839e-17 1.3596311327747833e-32
vn 0.7071067811865475 0.7071067811865475 -1.570092458683775e-16
vn 1.2246468525851679e-16 1 -2.220446049250313e-16
vn -0.7071067811865475 0.7071067811865475 -1.570092458683775e-16
vn -1 1.8369701465288538e-16 -4.078893104450762e-32
vn -0.7071067811865475 -0.7071067811865475 1.570092458683775e-16
vn -2.4492937051703357e-16 -1 2.220446049250313e-16
vn 0 2.220446049250313e-16 1
vn 0 2.220446049250313e-16 1
vn 0 2.220446049250313e-16 1
vn 0 2.220446049250313e-16 1
vn 0 2.220446049250313e-16 1
vn 0 2.220446049250313e-16 1
vn 0 2.220446049250313e-16 1
vn 0 2.220446049250313e-16 1
vn 0 2.220446049250313e-16 1
vn 0 2.220446049250313e-16 1
vn 0 2.220446049250313e-16 1
vn 0 2.220446049250313e-16 1
vn 0 2.220446049250313e-16 1
vn 0 2.220446049250313e-16 1
vn 0 2.220446049250313e-16 1
vn 0 2.220446049250313e-16 1
vn 0 2.220446049250313e-16 1
vn 0 -2.220446049250313e-16 -1
vn 0 -2.220446049250313e-16 -1
vn 0 -2.220446049250313e-16 -1
vn 0 -2.220446049250313e-16 -1
vn 0 -2.220446049250313e-16 -1
vn 0 -2.220446049250313e-16 -1
vn 0 -2.220446049250313e-16 -1
vn 0 -2.220446049250313e-16 -1
vn 0 -2.220446049250313e-16 -1
vn 0 -2.220446049250313e-16 -1
vn 0 -2.220446049250313e-16 -1
vn 0 -2.220446049250313e-16 -1
vn 0 -2.220446049250313e-16 -1
vn 0 -2.220446049250313e-16 -1
vn 0 -2.220446049250313e-16 -1
vn 0 -2.220446049250313e-16 -1
vn 0 -2.220446049250313e-16 -1
f 489/489/489 498/498/498 490/490/490
f 498/498/498 499/499/499 490/490/490
f 490/490/490 499/499/499 491/491/491
f 499/499/499 500/500/500 491/491/491
f 491/491/491 500/500/500 492/492/492
f 500/500/500 501/501/501 492/492/492
f 492/492/492 501/501/501 493/493/493
f 501/501/501 502/502/502 493/493/493
f 493/493/493 502/502/502 494/494/494
f 502/502/502 503/503/503 494/494/494
f 494/494/494 503/503/503 495/495/495
f 503/503/503 504/504/504 495/495/495
f 495/495/495 504/504/504 496/496/496
f 504/504/504 505/505/505 496/496/496
f 496/496/496 505/505/505 497/497/497
f 505/505/505 506/506/506 497/497/497
f 515/515/515 516/516/516 507/507/507
f 516/516/516 517/517/517 508/508/508
f 517/517/517 518/518/518 509/509/509
f 518/518/518 519/519/519 510/510/510
f 519/519/519 520/520/520 511/511/511
f 520/520/520 521/521/521 512/512/512
f 521/521/521 522/522/522 513/513/513
f 522/522/522 523/523/523 514/514/514
f 533/533/533 532/532/532 524/524/524
f 534/534/534 533/533/533 525/525/525
f 535/535/535 534/534/534 526/526/526
f 536/536/536 535/535/535 527/527/527
f 537/537/537 536/536/536 528/528/528
f 538/538/538 537/537/537 529/529/529
f 539/539/539 538/538/538 530/530/530
f 540/540/540 539/539/539 531/531/531
o frigate_engine_i_nacelle
usemtl plate
v -2.8378378378378377 -1.4756756824416075 21.851351351351347
v -1.7141114014226035 -1.0102129229017198 21.851351351351347
v -1.2486486418827158 0.11351351351351435 21.851351351351347
v -1.7141114014226035 1.2372399499287485 21.851351351351347
v -2.8378378378378377 1.7027027094686362 21.851351351351347
v -3.961564274253072 1.2372399499287485 21.851351351351347
v -4.427027033792959 0.11351351351351474 21.851351351351347
v -3.961564274253072 -1.0102129229017198 21.851351351351347
v -2.837837837837838 -1.4756756824416075 21.851351351351347
v -2.8378378378378377 -1.2531891510293298 13.337837837837837
v -1.8714331211270512 -0.8528912031972741 13.337837837837837
v -1.4711351732949953 0.11351351351351248 13.337837837837837
v -1.8714331211270512 1.0799182302242991 13.337837837837837
v -2.8378378378378377 1.480216178056355 13.337837837837837
v -3.8042425545486243 1.0799182302242991 13.337837837837837
v -4.20454050238068 0.11351351351351281 13.337837837837837
v -3.8042425545486243 -0.8528912031972741 13.337837837837837
v -2.837837837837838 -1.2531891510293298 13.337837837837837
v -2.8378378378378377 0.11351351351351445 21.851351351351347
v -2.8378378378378377 0.11351351351351445 21.851351351351347
v -2.8378378378378377 0.11351351351351445 21.851351351351347
v -2.8378378378378377 0.11351351351351445 21.851351351351347
v -2.8378378378378377 0.11351351351351445 21.851351351351347
v -2.8378378378378377 0.11351351351351445 21.851351351351347
v -2.8378378378378377 0.11351351351351445 21.851351351351347
v -2.8378378378378377 0.11351351351351445 21.851351351351347
v -2.8378378378378377 -1.4756756824416075 21.851351351351347
v -1.7141114014226035 -1.0102129229017198 21.851351351351347
v -1.2486486418827158 0.11351351351351435 21.851351351351347
v -1.7141114014226035 1.2372399499287485 21.851351351351347
v -2.8378378378378377 1.7027027094686362 21.851351351351347
v -3.961564274253072 1.2372399499287485 21.851351351351347
v -4.427027033792959 0.11351351351351474 21.851351351351347
v -3.961564274253072 -1.0102129229017198 21.851351351351347
v -2.837837837837838 -1.4756756824416075 21.851351351351347
v -2.8378378378378377 0.11351351351351256 13.337837837837837
v -2.8378378378378377 0.11351351351351256 13.337837837837837
v -2.8378378378378377 0.11351351351351256 13.337837837837837
v -2.8378378378378377 0.11351351351351256 13.337837837837837
v -2.8378378378378377 0.11351351351351256 13.337837837837837
v -2.8378378378378377 0.11351351351351256 13.337837837837837
v -2.8378378378378377 0.11351351351351256 13.337837837837837
v -2.8378378378378377 0.11351351351351256 13.337837837837837
v -2.8378378378378377 -1.2531891510293298 13.337837837837837
v -1.8714331211270512 -0.8528912031972741 13.337837837837837
v -1.4711351732949953 0.11351351351351248 13.337837837837837
v -1.8714331211270512 1.0799182302242991 13.337837837837837
v -2.8378378378378377 1.480216178056355 13.337837837837837
v -3.8042425545486243 1.0799182302242991 13.337837837837837
v -4.20454050238068 0.11351351351351281 13.337837837837837
v -3.8042425545486243 -0.8528912031972741 13.337837837837837
v -2.837837837837838 -1.2531891510293298 13.337837837837837
vt 0 1
vt 0.125 1
vt 0.25 1
vt 0.375 1
vt 0.5 1
vt 0.625 1
vt 0.75 1
vt 0.875 1
vt 1 1
vt 0 0
vt 0.125 0
vt 0.25 0
vt 0.375 0
vt 0.5 0
vt 0.625 0
vt 0.75 0
vt 0.875 0
vt 1 0
vt 0.5 0.5
vt 0.5 0.5
vt 0.5 0.5
vt 0.5 0.5
vt 0.5 0.5
vt 0.5 0.5
vt 0.5 0.5
vt 0.5 0.5
vt 1 0.5
vt 0.8535534143447876 0.8535534143447876
vt 0.5 1
vt 0.1464466154575348 0.8535534143447876
vt 0 0.5
vt 0.1464466154575348 0.1464466154575348
vt 0.5 0
vt 0.8535534143447876 0.1464466154575348
vt 1 0.5
vt 0.5 0.5
vt 0.5 0.5
vt 0.5 0.5
vt 0.5 0.5
vt 0.5 0.5
vt 0.5 0.5
vt 0.5 0.5
vt 0.5 0.5
vt 1 0.5
vt 0.8535534143447876 0.1464466154575348
vt 0.5 0
vt 0.1464466154575348 0.1464466154575348
vt 0 0.5
vt 0.1464466154575348 0.8535534143447876
vt 0.5 1
vt 0.8535534143447876 0.8535534143447876
vt 1 0.5
vn 0 -0.9996586992551076 -0.02612441393766117
vn 0.7068654451028157 -0.7068654451028157 -0.026124414619211188
vn 0.9996586992551076 -6.701222301396366e-17 -0.026124413937661392
vn 0.7068654451028157 0.7068654451028157 -0.026124414619211504
vn 1.224228756845553e-16 0.9996586992551076 -0.026124413937661614
vn -0.7068654451028157 0.7068654451028157 -0.026124414619211504
vn -0.9996586992551076 1.7783353497259184e-16 -0.026124413937661392
vn -0.7068654451028157 -0.7068654451028157 -0.026124414619211188
vn -2.448457513691106e-16 -0.9996586992551076 -0.02612441393766117
vn 0 -0.9996586992551076 -0.02612441393766117
vn 0.7068654451028157 -0.7068654451028157 -0.026124414619211188
vn 0.9996586992551076 -6.701222301396366e-17 -0.026124413937661392
vn 0.7068654451028157 0.7068654451028157 -0.026124414619211504
vn 1.224228756845553e-16 0.9996586992551076 -0.026124413937661614
vn -0.7068654451028157 0.7068654451028157 -0.026124414619211504
vn -0.9996586992551076 1.7783353497259184e-16 -0.026124413937661392
vn -0.7068654451028157 -0.7068654451028157 -0.026124414619211188
vn -2.448457513691106e-16 -0.9996586992551076 -0.02612441393766117
vn 0 2.220446049250313e-16 1
vn 0 2.220446049250313e-16 1
vn 0 2.220446049250313e-16 1
vn 0 2.220446049250313e-16 1
vn 0 2.220446049250313e-16 1
vn 0 2.220446049250313e-16 1
vn 0 2.220446049250313e-16 1
vn 0 2.220446049250313e-16 1
vn 0 2.220446049250313e-16 1
vn 0 2.220446049250313e-16 1
vn 0 2.220446049250313e-16 1
vn 0 2.220446049250313e-16 1
vn 0 2.220446049250313e-16 1
vn 0 2.220446049250313e-16 1
vn 0 2.220446049250313e-16 1
vn 0 2.220446049250313e-16 1
vn 0 2.220446049250313e-16 1
vn 0 -2.220446049250313e-16 -1
vn 0 -2.220446049250313e-16 -1
vn 0 -2.220446049250313e-16 -1
vn 0 -2.220446049250313e-16 -1
vn 0 -2.220446049250313e-16 -1
vn 0 -2.220446049250313e-16 -1
vn 0 -2.220446049250313e-16 -1
vn 0 -2.220446049250313e-16 -1
vn 0 -2.220446049250313e-16 -1
vn 0 -2.220446049250313e-16 -1
vn 0 -2.220446049250313e-16 -1
vn 0 -2.220446049250313e-16 -1
vn 0 -2.220446049250313e-16 -1
vn 0 -2.220446049250313e-16 -1
vn 0 -2.220446049250313e-16 -1
vn 0 -2.220446049250313e-16 -1
vn 0 -2.220446049250313e-16 -1
f 541/541/541 550/550/550 542/542/542
f 550/550/550 551/551/551 542/542/542
f 542/542/542 551/551/551 543/543/543
f 551/551/551 552/552/552 543/543/543
f 543/543/543 552/552/552 544/544/544
f 552/552/552 553/553/553 544/544/544
f 544/544/544 553/553/553 545/545/545
f 553/553/553 554/554/554 545/545/545
f 545/545/545 554/554/554 546/546/546
f 554/554/554 555/555/555 546/546/546
f 546/546/546 555/555/555 547/547/547
f 555/555/555 556/556/556 547/547/547
f 547/547/547 556/556/556 548/548/548
f 556/556/556 557/557/557 548/548/548
f 548/548/548 557/557/557 549/549/549
f 557/557/557 558/558/558 549/549/549
f 567/567/567 568/568/568 559/559/559
f 568/568/568 569/569/569 560/560/560
f 569/569/569 570/570/570 561/561/561
f 570/570/570 571/571/571 562/562/562
f 571/571/571 572/572/572 563/563/563
f 572/572/572 573/573/573 564/564/564
f 573/573/573 574/574/574 565/565/565
f 574/574/574 575/575/575 566/566/566
f 585/585/585 584/584/584 576/576/576
f 586/586/586 585/585/585 577/577/577
f 587/587/587 586/586/586 578/578/578
f 588/588/588 587/587/587 579/579/579
f 589/589/589 588/588/588 580/580/580
f 590/590/590 589/589/589 581/581/581
f 591/591/591 590/590/590 582/582/582
f 592/592/592 591/591/591 583/583/583
o frigate_engine_i_bell
usemtl thruster
v -2.8378378378378377 -1.0307027041912078 22.418918923147626
v -2.0287547562573405 -0.6955695680669836 22.418918923147626
v -1.6936216201331165 0.11351351351351349 22.418918923147626
v -2.0287547562573405 0.9225965950940107 22.418918923147626
v -2.8378378378378377 1.2577297312182347 22.418918923147626
v -3.646920919418335 0.9225965950940107 22.418918923147626
v -3.9820540555425588 0.11351351351351378 22.418918923147626
v -3.646920919418335 -0.6955695680669836 22.418918923147626
v -2.837837837837838 -1.0307027041912078 22.418918923147626
v -2.8378378378378377 -1.0307027041912078 21.85135134712264
v -2.0287547562573405 -0.6955695680669838 21.85135134712264
v -1.6936216201331165 0.11351351351351337 21.85135134712264
v -2.0287547562573405 0.9225965950940105 21.85135134712264
v -2.8378378378378377 1.2577297312182347 21.85135134712264
v -3.646920919418335 0.9225965950940105 21.85135134712264
v -3.9820540555425588 0.11351351351351366 21.85135134712264
v -3.646920919418335 -0.6955695680669838 21.85135134712264
v -2.837837837837838 -1.0307027041912078 21.85135134712264
v -2.8378378378378377 0.11351351351351358 22.418918923147626
v -2.8378378378378377 0.11351351351351358 22.418918923147626
v -2.8378378378378377 0.11351351351351358 22.418918923147626
v -2.8378378378378377 0.11351351351351358 22.418918923147626
v -2.8378378378378377 0.11351351351351358 22.418918923147626
v -2.8378378378378377 0.11351351351351358 22.418918923147626
v -2.8378378378378377 0.11351351351351358 22.418918923147626
v -2.8378378378378377 0.11351351351351358 22.418918923147626
v -2.8378378378378377 -1.0307027041912078 22.418918923147626
v -2.0287547562573405 -0.6955695680669836 22.418918923147626
v -1.6936216201331165 0.11351351351351349 22.418918923147626
v -2.0287547562573405 0.9225965950940107 22.418918923147626
v -2.8378378378378377 1.2577297312182347 22.418918923147626
v -3.646920919418335 0.9225965950940107 22.418918923147626
v -3.9820540555425588 0.11351351351351378 22.418918923147626
v -3.646920919418335 -0.6955695680669836 22.418918923147626
v -2.837837837837838 -1.0307027041912078 22.418918923147626
v -2.8378378378378377 0.11351351351351344 21.85135134712264
v -2.8378378378378377 0.11351351351351344 21.85135134712264
v -2.8378378378378377 0.11351351351351344 21.85135134712264
v -2.8378378378378377 0.11351351351351344 21.85135134712264
v -2.8378378378378377 0.11351351351351344 21.85135134712264
v -2.8378378378378377 0.11351351351351344 21.85135134712264
v -2.8378378378378377 0.11351351351351344 21.85135134712264
v -2.8378378378378377 0.11351351351351344 21.85135134712264
v -2.8378378378378377 -1.0307027041912078 21.85135134712264
v -2.0287547562573405 -0.6955695680669838 21.85135134712264
v -1.6936216201331165 0.11351351351351337 21.85135134712264
v -2.0287547562573405 0.9225965950940105 21.85135134712264
v -2.8378378378378377 1.2577297312182347 21.85135134712264
v -3.646920919418335 0.9225965950940105 21.85135134712264
v -3.9820540555425588 0.11351351351351366 21.85135134712264
v -3.646920919418335 -0.6955695680669838 21.85135134712264
v -2.837837837837838 -1.0307027041912078 21.85135134712264
vt 0 1
vt 0.125 1
vt 0.25 1
vt 0.375 1
vt 0.5 1
vt 0.625 1
vt 0.75 1
vt 0.875 1
vt 1 1
vt 0 0
vt 0.125 0
vt 0.25 0
vt 0.375 0
vt 0.5 0
vt 0.625 0
vt 0.75 0
vt 0.875 0
vt 1 0
vt 0.5 0.5
vt 0.5 0.5
vt 0.5 0.5
vt 0.5 0.5
vt 0.5 0.5
vt 0.5 0.5
vt 0.5 0.5
vt 0.5 0.5
vt 1 0.5
vt 0.8535534143447876 0.8535534143447876
vt 0.5 1
vt 0.1464466154575348 0.8535534143447876
vt 0 0.5
vt 0.1464466154575348 0.1464466154575348
vt 0.5 0
vt 0.8535534143447876 0.1464466154575348
vt 1 0.5
vt 0.5 0.5
vt 0.5 0.5
vt 0.5 0.5
vt 0.5 0.5
vt 0.5 0.5
vt 0.5 0.5
vt 0.5 0.5
vt 0.5 0.5
vt 1 0.5
vt 0.8535534143447876 0.1464466154575348
vt 0.5 0
vt 0.1464466154575348 0.1464466154575348
vt 0 0.5
vt 0.1464466154575348 0.8535534143447876
vt 0.5 1
vt 0.8535534143447876 0.8535534143447876
vt 1 0.5
vn 0 -1 2.220446049250313e-16
vn 0.7071067811865475 -0.7071067811865475 1.570092458683775e-16
vn 1 -6.123234262925839e-17 1.3596311327747833e-32
vn 0.7071067811865475 0.7071067811865475 -1.570092458683775e-16
vn 1.2246468525851679e-16 1 -2.220446049250313e-16
vn -0.7071067811865475 0.7071067811865475 -1.570092458683775e-16
vn -1 1.8369701465288538e-16 -4.078893104450762e-32
vn -0.7071067811865475 -0.7071067811865475 1.570092458683775e-16
vn -2.4492937051703357e-16 -1 2.220446049250313e-16
vn 0 -1 2.220446049250313e-16
vn 0.7071067811865475 -0.7071067811865475 1.570092458683775e-16
vn 1 -6.123234262925839e-17 1.3596311327747833e-32
vn 0.7071067811865475 0.7071067811865475 -1.570092458683775e-16
vn 1.2246468525851679e-16 1 -2.220446049250313e-16
vn -0.7071067811865475 0.7071067811865475 -1.570092458683775e-16
vn -1 1.8369701465288538e-16 -4.078893104450762e-32
vn -0.7071067811865475 -0.7071067811865475 1.570092458683775e-16
vn -2.4492937051703357e-16 -1 2.220446049250313e-16
vn 0 2.220446049250313e-16 1
vn 0 2.220446049250313e-16 1
vn 0 2.220446049250313e-16 1
vn 0 2.220446049250313e-16 1
vn 0 2.220446049250313e-16 1
vn 0 2.220446049250313e-16 1
vn 0 2.220446049250313e-16 1
vn 0 2.220446049250313e-16 1
vn 0 2.220446049250313e-16 1
vn 0 2.220446049250313e-16 1
vn 0 2.220446049250313e-16 1
vn 0 2.220446049250313e-16 1
vn 0 2.220446049250313e-16 1
vn 0 2.220446049250313e-16 1
vn 0 2.220446049250313e-16 1
vn 0 2.220446049250313e-16 1
vn 0 2.220446049250313e-16 1
vn 0 -2.220446049250313e-16 -1
vn 0 -2.220446049250313e-16 -1
vn 0 -2.220446049250313e-16 -1
vn 0 -2.220446049250313e-16 -1
vn 0 -2.220446049250313e-16 -1
vn 0 -2.220446049250313e-16 -1
vn 0 -2.220446049250313e-16 -1
vn 0 -2.220446049250313e-16 -1
vn 0 -2.220446049250313e-16 -1
vn 0 -2.220446049250313e-16 -1
vn 0 -2.220446049250313e-16 -1
vn 0 -2.220446049250313e-16 -1
vn 0 -2.220446049250313e-16 -1
vn 0 -2.220446049250313e-16 -1
vn 0 -2.220446049250313e-16 -1
vn 0 -2.220446049250313e-16 -1
vn 0 -2.220446049250313e-16 -1
f 593/593/593 602/602/602 594/594/594
f 602/602/602 603/603/603 594/594/594
f 594/594/594 603/603/603 595/595/595
f 603/603/603 604/604/604 595/595/595
f 595/595/595 604/604/604 596/596/596
f 604/604/604 605/605/605 596/596/596
f 596/596/596 605/605/605 597/597/597
f 605/605/605 606/606/606 597/597/597
f 597/597/597 606/606/606 598/598/598
f 606/606/606 607/607/607 598/598/598
f 598/598/598 607/607/607 599/599/599
f 607/607/607 608/608/608 599/599/599
f 599/599/599 608/608/608 600/600/600
f 608/608/608 609/609/609 600/600/600
f 600/600/600 609/609/609 601/601/601
f 609/609/609 610/610/610 601/601/601
f 619/619/619 620/620/620 611/611/611
f 620/620/620 621/621/621 612/612/612
f 621/621/621 622/622/622 613/613/613
f 622/622/622 623/623/623 614/614/614
f 623/623/623 624/624/624 615/615/615
f 624/624/624 625/625/625 616/616/616
f 625/625/625 626/626/626 617/617/617
f 626/626/626 627/627/627 618/618/618
f 637/637/637 636/636/636 628/628/628
f 638/638/638 637/637/637 629/629/629
f 639/639/639 638/638/638 630/630/630
f 640/640/640 639/639/639 631/631/631
f 641/641/641 640/640/640 632/632/632
f 642/642/642 641/641/641 633/633/633
f 643/643/643 642/642/642 634/634/634
f 644/644/644 643/643/643 635/635/635
o frigate_battery
usemtl plate
v -7.662162128332498 3.689189151976559 7.945946216583252
v -7.662162128332498 3.689189151976559 -5.675675946312982
v -7.662162128332498 1.3054054426180348 7.945946216583252
v -7.662162128332498 1.3054054426180348 -5.675675946312982
v -9.364864898694528 3.689189151976559 -5.675675946312982
v -9.364864898694528 3.689189151976559 7.945946216583252
v -9.364864898694528 1.3054054426180348 -5.675675946312982
v -9.364864898694528 1.3054054426180348 7.945946216583252
v -9.364864898694528 3.689189151976559 -5.675675946312982
v -7.662162128332498 3.689189151976559 -5.675675946312982
v -9.364864898694528 3.689189151976559 7.945946216583252
v -7.662162128332498 3.689189151976559 7.945946216583252
v -9.364864898694528 1.3054054426180348 7.945946216583252
v -7.662162128332498 1.3054054426180348 7.945946216583252
v -9.364864898694528 1.3054054426180348 -5.675675946312982
v -7.662162128332498 1.3054054426180348 -5.675675946312982
v -9.364864898694528 3.689189151976559 7.945946216583252
v -7.662162128332498 3.689189151976559 7.945946216583252
v -9.364864898694528 1.3054054426180348 7.945946216583252
v -7.662162128332498 1.3054054426180348 7.945946216583252
v -7.662162128332498 3.689189151976559 -5.675675946312982
v -9.364864898694528 3.689189151976559 -5.675675946312982
v -7.662162128332498 1.3054054426180348 -5.675675946312982
v -9.364864898694528 1.3054054426180348 -5.675675946312982
vt 0 1
vt 1 1
vt 0 0
vt 1 0
vt 0 1
vt 1 1
vt 0 0
vt 1 0
vt 0 1
vt 1 1
vt 0 0
vt 1 0
vt 0 1
vt 1 1
vt 0 0
vt 1 0
vt 0 1
vt 1 1
vt 0 0
vt 1 0
vt 0 1
vt 1 1
vt 0 0
vt 1 0
vn 1 0 0
vn 1 0 0
vn 1 0 0
vn 1 0 0
vn -1 0 0
vn -1 0 0
vn -1 0 0
vn -1 0 0
vn 0 1 0
vn 0 1 0
vn 0 1 0
vn 0 1 0
vn 0 -1 0
vn 0 -1 0
vn 0 -1 0
vn 0 -1 0
vn 0 0 1
vn 0 0 1
vn 0 0 1
vn 0 0 1
vn 0 0 -1
vn 0 0 -1
vn 0 0 -1
vn 0 0 -1
f 645/645/645 647/647/647 646/646/646
f 647/647/647 648/648/648 646/646/646
f 649/649/649 651/651/651 650/650/650
f 651/651/651 652/652/652 650/650/650
f 653/653/653 655/655/655 654/654/654
f 655/655/655 656/656/656 654/654/654
f 657/657/657 659/659/659 658/658/658
f 659/659/659 660/660/660 658/658/658
f 661/661/661 663/663/663 662/662/662
f 663/663/663 664/664/664 662/662/662
f 665/665/665 667/667/667 666/666/666
f 667/667/667 668/668/668 666/666/666
o frigate_lance
usemtl plate
v -3.518918929067817 1.3621621520132632 -10.500000067659325
v -3.518918929067817 1.3621621520132632 -21.283783716124454
v -3.518918929067817 0.45405406420295297 -10.500000067659325
v -3.518918929067817 0.45405406420295297 -21.283783716124454
v -4.427027016878127 1.3621621520132632 -21.283783716124454
v -4.427027016878127 1.3621621520132632 -10.500000067659325
v -4.427027016878127 0.45405406420295297 -21.283783716124454
v -4.427027016878127 0.45405406420295297 -10.500000067659325
v -4.427027016878127 1.3621621520132632 -21.283783716124454
v -3.518918929067817 1.3621621520132632 -21.283783716124454
v -4.427027016878127 1.3621621520132632 -10.500000067659325
v -3.518918929067817 1.3621621520132632 -10.500000067659325
v -4.427027016878127 0.45405406420295297 -10.500000067659325
v -3.518918929067817 0.45405406420295297 -10.500000067659325
v -4.427027016878127 0.45405406420295297 -21.283783716124454
v -3.518918929067817 0.45405406420295297 -21.283783716124454
v -4.427027016878127 1.3621621520132632 -10.500000067659325
v -3.518918929067817 1.3621621520132632 -10.500000067659325
v -4.427027016878127 0.45405406420295297 -10.500000067659325
v -3.518918929067817 0.45405406420295297 -10.500000067659325
v -3.518918929067817 1.3621621520132632 -21.283783716124454
v -4.427027016878127 1.3621621520132632 -21.283783716124454
v -3.518918929067817 0.45405406420295297 -21.283783716124454
v -4.427027016878127 0.45405406420295297 -21.283783716124454
vt 0 1
vt 1 1
vt 0 0
vt 1 0
vt 0 1
vt 1 1
vt 0 0
vt 1 0
vt 0 1
vt 1 1
vt 0 0
vt 1 0
vt 0 1
vt 1 1
vt 0 0
vt 1 0
vt 0 1
vt 1 1
vt 0 0
vt 1 0
vt 0 1
vt 1 1
vt 0 0
vt 1 0
vn 1 0 0
vn 1 0 0
vn 1 0 0
vn 1 0 0
vn -1 0 0
vn -1 0 0
vn -1 0 0
vn -1 0 0
vn 0 1 0
vn 0 1 0
vn 0 1 0
vn 0 1 0
vn 0 -1 0
vn 0 -1 0
vn 0 -1 0
vn 0 -1 0
vn 0 0 1
vn 0 0 1
vn 0 0 1
vn 0 0 1
vn 0 0 -1
vn 0 0 -1
vn 0 0 -1
vn 0 0 -1
f 669/669/669 671/671/671 670/670/670
f 671/671/671 672/672/672 670/670/670
f 673/673/673 675/675/675 674/674/674
f 675/675/675 676/676/676 674/674/674
f 677/677/677 679/679/679 678/678/678
f 679/679/679 680/680/680 678/678/678
f 681/681/681 683/683/683 682/682/682
f 683/683/683 684/684/684 682/682/682
f 685/685/685 687/687/687 686/686/686
f 687/687/687 688/688/688 686/686/686
f 689/689/689 691/691/691 690/690/690
f 691/691/691 692/692/692 690/690/690
o frigate_engine_o_nacelle
usemtl plate
v 7.264864864864864 -1.816216236514013 22.41891905423757
v 8.629389829410089 -1.2510114510317096 22.41891905423757
v 9.194594614892392 0.11351351351351446 22.41891905423757
v 8.629389829410089 1.4780384780587388 22.41891905423757
v 7.264864864864864 2.0432432635410422 22.41891905423757
v 5.90033990031964 1.4780384780587388 22.41891905423757
v 5.335135114837337 0.11351351351351494 22.41891905423757
v 5.90033990031964 -1.2510114510317096 22.41891905423757
v 7.2648648648648635 -1.816216236514013 22.41891905423757
v 7.264864864864864 -1.546054068127195 12.770270134951616
v 8.438356342831174 -1.0599779644527962 12.770270134951616
v 8.924432446505572 0.11351351351351233 12.770270134951616
v 8.438356342831174 1.287004991479821 12.770270134951616
v 7.264864864864864 1.7730810951542197 12.770270134951616
v 6.091373386898556 1.287004991479821 12.770270134951616
v 5.605297283224157 0.11351351351351274 12.770270134951616
v 6.091373386898556 -1.0599779644527962 12.770270134951616
v 7.264864864864864 -1.546054068127195 12.770270134951616
v 7.264864864864864 0.11351351351351457 22.41891905423757
v 7.264864864864864 0.11351351351351457 22.41891905423757
v 7.264864864864864 0.11351351351351457 22.41891905423757
v 7.264864864864864 0.11351351351351457 22.41891905423757
v 7.264864864864864 0.11351351351351457 22.41891905423757
v 7.264864864864864 0.11351351351351457 22.41891905423757
v 7.264864864864864 0.11351351351351457 22.41891905423757
v 7.264864864864864 0.11351351351351457 22.41891905423757
v 7.264864864864864 -1.816216236514013 22.41891905423757
v 8.629389829410089 -1.2510114510317096 22.41891905423757
v 9.194594614892392 0.11351351351351446 22.41891905423757
v 8.629389829410089 1.4780384780587388 22.41891905423757
v 7.264864864864864 2.0432432635410422 22.41891905423757
v 5.90033990031964 1.4780384780587388 22.41891905423757
v 5.335135114837337 0.11351351351351494 22.41891905423757
v 5.90033990031964 -1.2510114510317096 22.41891905423757
v 7.2648648648648635 -1.816216236514013 22.41891905423757
v 7.264864864864864 0.11351351351351244 12.770270134951616
v 7.264864864864864 0.11351351351351244 12.770270134951616
v 7.264864864864864 0.11351351351351244 12.770270134951616
v 7.264864864864864 0.11351351351351244 12.770270134951616
v 7.264864864864864 0.11351351351351244 12.770270134951616
v 7.264864864864864 0.11351351351351244 12.770270134951616
v 7.264864864864864 0.11351351351351244 12.770270134951616
v 7.264864864864864 0.11351351351351244 12.770270134951616
v 7.264864864864864 -1.546054068127195 12.770270134951616
v 8.438356342831174 -1.0599779644527962 12.770270134951616
v 8.924432446505572 0.11351351351351233 12.770270134951616
v 8.438356342831174 1.287004991479821 12.770270134951616
v 7.264864864864864 1.7730810951542197 12.770270134951616
v 6.091373386898556 1.287004991479821 12.770270134951616
v 5.605297283224157 0.11351351351351274 12.770270134951616
v 6.091373386898556 -1.0599779644527962 12.770270134951616
v 7.264864864864864 -1.546054068127195 12.770270134951616
vt 0 1
vt 0.125 1
vt 0.25 1
vt 0.375 1
vt 0.5 1
vt 0.625 1
vt 0.75 1
vt 0.875 1
vt 1 1
vt 0 0
vt 0.125 0
vt 0.25 0
vt 0.375 0
vt 0.5 0
vt 0.625 0
vt 0.75 0
vt 0.875 0
vt 1 0
vt 0.5 0.5
vt 0.5 0.5
vt 0.5 0.5
vt 0.5 0.5
vt 0.5 0.5
vt 0.5 0.5
vt 0.5 0.5
vt 0.5 0.5
vt 1 0.5
vt 0.8535534143447876 0.8535534143447876
vt 0.5 1
vt 0.1464466154575348 0.8535534143447876
vt 0 0.5
vt 0.1464466154575348 0.1464466154575348
vt 0.5 0
vt 0.8535534143447876 0.1464466154575348
vt 1 0.5
vt 0.5 0.5
vt 0.5 0.5
vt 0.5 0.5
vt 0.5 0.5
vt 0.5 0.5
vt 0.5 0.5
vt 0.5 0.5
vt 0.5 0.5
vt 1 0.5
vt 0.8535534143447876 0.1464466154575348
vt 0.5 0
vt 0.1464466154575348 0.1464466154575348
vt 0 0.5
vt 0.1464466154575348 0.8535534143447876
vt 0.5 1
vt 0.8535534143447876 0.8535534143447876
vt 1 0.5
vn 0 -0.9996082303521829 -0.027989030211442324
vn 0.7068297582403886 -0.7068297582403886 -0.027989028773208264
vn 0.9996082303521829 -6.7423161644918e-17 -0.027989030211442546
vn 0.7068297582403886 0.7068297582403886 -0.02798902877320858
vn 1.2241669697876696e-16 0.9996082303521829 -0.027989030211442768
vn -0.7068297582403886 0.7068297582403886 -0.02798902877320858
vn -0.9996082303521829 1.7741024554750587e-16 -0.027989030211442546
vn -0.7068297582403886 -0.7068297582403886 -0.027989028773208264
vn -2.4483339395753393e-16 -0.9996082303521829 -0.027989030211442324
vn 0 -0.9996082303521829 -0.027989030211442324
vn 0.7068297582403886 -0.7068297582403886 -0.027989028773208264
vn 0.9996082303521829 -6.7423161644918e-17 -0.027989030211442546
vn 0.7068297582403886 0.7068297582403886 -0.02798902877320858
vn 1.2241669697876696e-16 0.9996082303521829 -0.027989030211442768
vn -0.7068297582403886 0.7068297582403886 -0.02798902877320858
vn -0.9996082303521829 1.7741024554750587e-16 -0.027989030211442546
vn -0.7068297582403886 -0.7068297582403886 -0.027989028773208264
vn -2.4483339395753393e-16 -0.9996082303521829 -0.027989030211442324
vn 0 2.220446049250313e-16 1
vn 0 2.220446049250313e-16 1
vn 0 2.220446049250313e-16 1
vn 0 2.220446049250313e-16 1
vn 0 2.220446049250313e-16 1
vn 0 2.220446049250313e-16 1
vn 0 2.220446049250313e-16 1
vn 0 2.220446049250313e-16 1
vn 0 2.220446049250313e-16 1
vn 0 2.220446049250313e-16 1
vn 0 2.220446049250313e-16 1
vn 0 2.220446049250313e-16 1
vn 0 2.220446049250313e-16 1
vn 0 2.220446049250313e-16 1
vn 0 2.220446049250313e-16 1
vn 0 2.220446049250313e-16 1
vn 0 2.220446049250313e-16 1
vn 0 -2.220446049250313e-16 -1
vn 0 -2.220446049250313e-16 -1
vn 0 -2.220446049250313e-16 -1
vn 0 -2.220446049250313e-16 -1
vn 0 -2.220446049250313e-16 -1
vn 0 -2.220446049250313e-16 -1
vn 0 -2.220446049250313e-16 -1
vn 0 -2.220446049250313e-16 -1
vn 0 -2.220446049250313e-16 -1
vn 0 -2.220446049250313e-16 -1
vn 0 -2.220446049250313e-16 -1
vn 0 -2.220446049250313e-16 -1
vn 0 -2.220446049250313e-16 -1
vn 0 -2.220446049250313e-16 -1
vn 0 -2.220446049250313e-16 -1
vn 0 -2.220446049250313e-16 -1
vn 0 -2.220446049250313e-16 -1
f 693/693/693 702/702/702 694/694/694
f 702/702/702 703/703/703 694/694/694
f 694/694/694 703/703/703 695/695/695
f 703/703/703 704/704/704 695/695/695
f 695/695/695 704/704/704 696/696/696
f 704/704/704 705/705/705 696/696/696
f 696/696/696 705/705/705 697/697/697
f 705/705/705 706/706/706 697/697/697
f 697/697/697 706/706/706 698/698/698
f 706/706/706 707/707/707 698/698/698
f 698/698/698 707/707/707 699/699/699
f 707/707/707 708/708/708 699/699/699
f 699/699/699 708/708/708 700/700/700
f 708/708/708 709/709/709 700/700/700
f 700/700/700 709/709/709 701/701/701
f 709/709/709 710/710/710 701/701/701
f 719/719/719 720/720/720 711/711/711
f 720/720/720 721/721/721 712/712/712
f 721/721/721 722/722/722 713/713/713
f 722/722/722 723/723/723 714/714/714
f 723/723/723 724/724/724 715/715/715
f 724/724/724 725/725/725 716/716/716
f 725/725/725 726/726/726 717/717/717
f 726/726/726 727/727/727 718/718/718
f 737/737/737 736/736/736 728/728/728
f 738/738/738 737/737/737 729/729/729
f 739/739/739 738/738/738 730/730/730
f 740/740/740 739/739/739 731/731/731
f 741/741/741 740/740/740 732/732/732
f 742/742/742 741/741/741 733/733/733
f 743/743/743 742/742/742 734/734/734
f 744/744/744 743/743/743 735/735/735
o frigate_engine_o_bell
usemtl thruster
v 7.264864864864864 -1.2758918997403736 22.986486490715194
v 8.247322856252257 -0.8689444778738794 22.986486490715194
v 8.654270278118751 0.11351351351351348 22.986486490715194
v 8.247322856252257 1.0959715049009067 22.986486490715194
v 7.264864864864864 1.5029189267674006 22.986486490715194
v 6.282406873477472 1.0959715049009067 22.986486490715194
v 5.875459451610977 0.11351351351351383 22.986486490715194
v 6.282406873477472 -0.8689444778738794 22.986486490715194
v 7.264864864864864 -1.2758918997403736 22.986486490715194
v 7.264864864864864 -1.2758918997403736 22.41891891469021
v 8.247322856252257 -0.8689444778738796 22.41891891469021
v 8.654270278118751 0.11351351351351335 22.41891891469021
v 8.247322856252257 1.0959715049009064 22.41891891469021
v 7.264864864864864 1.5029189267674006 22.41891891469021
v 6.282406873477472 1.0959715049009064 22.41891891469021
v 5.875459451610977 0.1135135135135137 22.41891891469021
v 6.282406873477472 -0.8689444778738796 22.41891891469021
v 7.264864864864864 -1.2758918997403736 22.41891891469021
v 7.264864864864864 0.11351351351351358 22.986486490715194
v 7.264864864864864 0.11351351351351358 22.986486490715194
v 7.264864864864864 0.11351351351351358 22.986486490715194
v 7.264864864864864 0.11351351351351358 22.986486490715194
v 7.264864864864864 0.11351351351351358 22.986486490715194
v 7.264864864864864 0.11351351351351358 22.986486490715194
v 7.264864864864864 0.11351351351351358 22.986486490715194
v 7.264864864864864 0.11351351351351358 22.986486490715194
v 7.264864864864864 -1.2758918997403736 22.986486490715194
v 8.247322856252257 -0.8689444778738794 22.986486490715194
v 8.654270278118751 0.11351351351351348 22.986486490715194
v 8.247322856252257 1.0959715049009067 22.986486490715194
v 7.264864864864864 1.5029189267674006 22.986486490715194
v 6.282406873477472 1.0959715049009067 22.986486490715194
v 5.875459451610977 0.11351351351351383 22.986486490715194
v 6.282406873477472 -0.8689444778738794 22.986486490715194
v 7.264864864864864 -1.2758918997403736 22.986486490715194
v 7.264864864864864 0.11351351351351344 22.41891891469021
v 7.264864864864864 0.11351351351351344 22.41891891469021
v 7.264864864864864 0.11351351351351344 22.41891891469021
v 7.264864864864864 0.11351351351351344 22.41891891469021
v 7.264864864864864 0.11351351351351344 22.41891891469021
v 7.264864864864864 0.11351351351351344 22.41891891469021
v 7.264864864864864 0.11351351351351344 22.41891891469021
v 7.264864864864864 0.11351351351351344 22.41891891469021
v 7.264864864864864 -1.2758918997403736 22.41891891469021
v 8.247322856252257 -0.8689444778738796 22.41891891469021
v 8.654270278118751 0.11351351351351335 22.41891891469021
v 8.247322856252257 1.0959715049009064 22.41891891469021
v 7.264864864864864 1.5029189267674006 22.41891891469021
v 6.282406873477472 1.0959715049009064 22.41891891469021
v 5.875459451610977 0.1135135135135137 22.41891891469021
v 6.282406873477472 -0.8689444778738796 22.41891891469021
v 7.264864864864864 -1.2758918997403736 22.41891891469021
vt 0 1
vt 0.125 1
vt 0.25 1
vt 0.375 1
vt 0.5 1
vt 0.625 1
vt 0.75 1
vt 0.875 1
vt 1 1
vt 0 0
vt 0.125 0
vt 0.25 0
vt 0.375 0
vt 0.5 0
vt 0.625 0
vt 0.75 0
vt 0.875 0
vt 1 0
vt 0.5 0.5
vt 0.5 0.5
vt 0.5 0.5
vt 0.5 0.5
vt 0.5 0.5
vt 0.5 0.5
vt 0.5 0.5
vt 0.5 0.5
vt 1 0.5
vt 0.8535534143447876 0.8535534143447876
vt 0.5 1
vt 0.1464466154575348 0.8535534143447876
vt 0 0.5
vt 0.1464466154575348 0.1464466154575348
vt 0.5 0
vt 0.8535534143447876 0.1464466154575348
vt 1 0.5
vt 0.5 0.5
vt 0.5 0.5
vt 0.5 0.5
vt 0.5 0.5
vt 0.5 0.5
vt 0.5 0.5
vt 0.5 0.5
vt 0.5 0.5
vt 1 0.5
vt 0.8535534143447876 0.1464466154575348
vt 0.5 0
vt 0.1464466154575348 0.1464466154575348
vt 0 0.5
vt 0.1464466154575348 0.8535534143447876
vt 0.5 1
vt 0.8535534143447876 0.8535534143447876
vt 1 0.5
vn 0 -1 2.220446049250313e-16
vn 0.7071067811865475 -0.7071067811865475 1.570092458683775e-16
vn 1 -6.123234262925839e-17 1.3596311327747833e-32
vn 0.7071067811865475 0.7071067811865475 -1.570092458683775e-16
vn 1.2246468525851679e-16 1 -2.220446049250313e-16
vn -0.7071067811865475 0.7071067811865475 -1.570092458683775e-16
vn -1 1.8369701465288538e-16 -4.078893104450762e-32
vn -0.7071067811865475 -0.7071067811865475 1.570092458683775e-16
vn -2.4492937051703357e-16 -1 2.220446049250313e-16
vn 0 -1 2.220446049250313e-16
vn 0.7071067811865475 -0.7071067811865475 1.570092458683775e-16
vn 1 -6.123234262925839e-17 1.3596311327747833e-32
vn 0.7071067811865475 0.7071067811865475 -1.570092458683775e-16
vn 1.2246468525851679e-16 1 -2.220446049250313e-16
vn -0.7071067811865475 0.7071067811865475 -1.570092458683775e-16
vn -1 1.8369701465288538e-16 -4.078893104450762e-32
vn -0.7071067811865475 -0.7071067811865475 1.570092458683775e-16
vn -2.4492937051703357e-16 -1 2.220446049250313e-16
vn 0 2.220446049250313e-16 1
vn 0 2.220446049250313e-16 1
vn 0 2.220446049250313e-16 1
vn 0 2.220446049250313e-16 1
vn 0 2.220446049250313e-16 1
vn 0 2.220446049250313e-16 1
vn 0 2.220446049250313e-16 1
vn 0 2.220446049250313e-16 1
vn 0 2.220446049250313e-16 1
vn 0 2.220446049250313e-16 1
vn 0 2.220446049250313e-16 1
vn 0 2.220446049250313e-16 1
vn 0 2.220446049250313e-16 1
vn 0 2.220446049250313e-16 1
vn 0 2.220446049250313e-16 1
vn 0 2.220446049250313e-16 1
vn 0 2.220446049250313e-16 1
vn 0 -2.220446049250313e-16 -1
vn 0 -2.220446049250313e-16 -1
vn 0 -2.220446049250313e-16 -1
vn 0 -2.220446049250313e-16 -1
vn 0 -2.220446049250313e-16 -1
vn 0 -2.220446049250313e-16 -1
vn 0 -2.220446049250313e-16 -1
vn 0 -2.220446049250313e-16 -1
vn 0 -2.220446049250313e-16 -1
vn 0 -2.220446049250313e-16 -1
vn 0 -2.220446049250313e-16 -1
vn 0 -2.220446049250313e-16 -1
vn 0 -2.220446049250313e-16 -1
vn 0 -2.220446049250313e-16 -1
vn 0 -2.220446049250313e-16 -1
vn 0 -2.220446049250313e-16 -1
vn 0 -2.220446049250313e-16 -1
f 745/745/745 754/754/754 746/746/746
f 754/754/754 755/755/755 746/746/746
f 746/746/746 755/755/755 747/747/747
f 755/755/755 756/756/756 747/747/747
f 747/747/747 756/756/756 748/748/748
f 756/756/756 757/757/757 748/748/748
f 748/748/748 757/757/757 749/749/749
f 757/757/757 758/758/758 749/749/749
f 749/749/749 758/758/758 750/750/750
f 758/758/758 759/759/759 750/750/750
f 750/750/750 759/759/759 751/751/751
f 759/759/759 760/760/760 751/751/751
f 751/751/751 760/760/760 752/752/752
f 760/760/760 761/761/761 752/752/752
f 752/752/752 761/761/761 753/753/753
f 761/761/761 762/762/762 753/753/753
f 771/771/771 772/772/772 763/763/763
f 772/772/772 773/773/773 764/764/764
f 773/773/773 774/774/774 765/765/765
f 774/774/774 775/775/775 766/766/766
f 775/775/775 776/776/776 767/767/767
f 776/776/776 777/777/777 768/768/768
f 777/777/777 778/778/778 769/769/769
f 778/778/778 779/779/779 770/770/770
f 789/789/789 788/788/788 780/780/780
f 790/790/790 789/789/789 781/781/781
f 791/791/791 790/790/790 782/782/782
f 792/792/792 791/791/791 783/783/783
f 793/793/793 792/792/792 784/784/784
f 794/794/794 793/793/793 785/785/785
f 795/795/795 794/794/794 786/786/786
f 796/796/796 795/795/795 787/787/787
o frigate_engine_i_nacelle
usemtl plate
v 2.8378378378378377 -1.4756756824416075 21.851351351351347
v 3.961564274253072 -1.0102129229017198 21.851351351351347
v 4.427027033792959 0.11351351351351435 21.851351351351347
v 3.961564274253072 1.2372399499287485 21.851351351351347
v 2.8378378378378377 1.7027027094686362 21.851351351351347
v 1.7141114014226035 1.2372399499287485 21.851351351351347
v 1.2486486418827158 0.11351351351351474 21.851351351351347
v 1.7141114014226035 -1.0102129229017198 21.851351351351347
v 2.8378378378378373 -1.4756756824416075 21.851351351351347
v 2.8378378378378377 -1.2531891510293298 13.337837837837837
v 3.8042425545486243 -0.8528912031972741 13.337837837837837
v 4.20454050238068 0.11351351351351248 13.337837837837837
v 3.8042425545486243 1.0799182302242991 13.337837837837837
v 2.8378378378378377 1.480216178056355 13.337837837837837
v 1.8714331211270512 1.0799182302242991 13.337837837837837
v 1.4711351732949953 0.11351351351351281 13.337837837837837
v 1.8714331211270512 -0.8528912031972741 13.337837837837837
v 2.8378378378378373 -1.2531891510293298 13.337837837837837
v 2.8378378378378377 0.11351351351351445 21.851351351351347
v 2.8378378378378377 0.11351351351351445 21.851351351351347
v 2.8378378378378377 0.11351351351351445 21.851351351351347
v 2.8378378378378377 0.11351351351351445 21.851351351351347
v 2.8378378378378377 0.11351351351351445 21.851351351351347
v 2.8378378378378377 0.11351351351351445 21.851351351351347
v 2.8378378378378377 0.11351351351351445 21.851351351351347
v 2.8378378378378377 0.11351351351351445 21.851351351351347
v 2.8378378378378377 -1.4756756824416075 21.851351351351347
v 3.961564274253072 -1.0102129229017198 21.851351351351347
v 4.427027033792959 0.11351351351351435 21.851351351351347
v 3.961564274253072 1.2372399499287485 21.851351351351347
v 2.8378378378378377 1.7027027094686362 21.851351351351347
v 1.7141114014226035 1.2372399499287485 21.851351351351347
v 1.2486486418827158 0.11351351351351474 21.851351351351347
v 1.7141114014226035 -1.0102129229017198 21.851351351351347
v 2.8378378378378373 -1.4756756824416075 21.851351351351347
v 2.8378378378378377 0.11351351351351256 13.337837837837837
v 2.8378378378378377 0.11351351351351256 13.337837837837837
v 2.8378378378378377 0.11351351351351256 13.337837837837837
v 2.8378378378378377 0.11351351351351256 13.337837837837837
v 2.8378378378378377 0.11351351351351256 13.337837837837837
v 2.8378378378378377 0.11351351351351256 13.337837837837837
v 2.8378378378378377 0.11351351351351256 13.337837837837837
v 2.8378378378378377 0.11351351351351256 13.337837837837837
v 2.8378378378378377 -1.2531891510293298 13.337837837837837
v 3.8042425545486243 -0.8528912031972741 13.337837837837837
v 4.20454050238068 0.11351351351351248 13.337837837837837
v 3.8042425545486243 1.0799182302242991 13.337837837837837
v 2.8378378378378377 1.480216178056355 13.337837837837837
v 1.8714331211270512 1.0799182302242991 13.337837837837837
v 1.4711351732949953 0.11351351351351281 13.337837837837837
v 1.8714331211270512 -0.8528912031972741 13.337837837837837
v 2.8378378378378373 -1.2531891510293298 13.337837837837837
vt 0 1
vt 0.125 1
vt 0.25 1
vt 0.375 1
vt 0.5 1
vt 0.625 1
vt 0.75 1
vt 0.875 1
vt 1 1
vt 0 0
vt 0.125 0
vt 0.25 0
vt 0.375 0
vt 0.5 0
vt 0.625 0
vt 0.75 0
vt 0.875 0
vt 1 0
vt 0.5 0.5
vt 0.5 0.5
vt 0.5 0.5
vt 0.5 0.5
vt 0.5 0.5
vt 0.5 0.5
vt 0.5 0.5
vt 0.5 0.5
vt 1 0.5
vt 0.8535534143447876 0.8535534143447876
vt 0.5 1
vt 0.1464466154575348 0.8535534143447876
vt 0 0.5
vt 0.1464466154575348 0.1464466154575348
vt 0.5 0
vt 0.8535534143447876 0.1464466154575348
vt 1 0.5
vt 0.5 0.5
vt 0.5 0.5
vt 0.5 0.5
vt 0.5 0.5
vt 0.5 0.5
vt 0.5 0.5
vt 0.5 0.5
vt 0.5 0.5
vt 1 0.5
vt 0.8535534143447876 0.1464466154575348
vt 0.5 0
vt 0.1464466154575348 0.1464466154575348
vt 0 0.5
vt 0.1464466154575348 0.8535534143447876
vt 0.5 1
vt 0.8535534143447876 0.8535534143447876
vt 1 0.5
vn 0 -0.9996586992551076 -0.02612441393766117
vn 0.7068654451028157 -0.7068654451028157 -0.026124414619211188
vn 0.9996586992551076 -6.701222301396366e-17 -0.026124413937661392
vn 0.7068654451028157 0.7068654451028157 -0.026124414619211504
vn 1.224228756845553e-16 0.9996586992551076 -0.026124413937661614
vn -0.7068654451028157 0.7068654451028157 -0.026124414619211504
vn -0.9996586992551076 1.7783353497259184e-16 -0.026124413937661392
vn -0.7068654451028157 -0.7068654451028157 -0.026124414619211188
vn -2.448457513691106e-16 -0.9996586992551076 -0.02612441393766117
vn 0 -0.9996586992551076 -0.02612441393766117
vn 0.7068654451028157 -0.7068654451028157 -0.026124414619211188
vn 0.9996586992551076 -6.701222301396366e-17 -0.026124413937661392
vn 0.7068654451028157 0.7068654451028157 -0.026124414619211504
vn 1.224228756845553e-16 0.9996586992551076 -0.026124413937661614
vn -0.7068654451028157 0.7068654451028157 -0.026124414619211504
vn -0.9996586992551076 1.7783353497259184e-16 -0.026124413937661392
vn -0.7068654451028157 -0.7068654451028157 -0.026124414619211188
vn -2.448457513691106e-16 -0.9996586992551076 -0.02612441393766117
vn 0 2.220446049250313e-16 1
vn 0 2.220446049250313e-16 1
vn 0 2.220446049250313e-16 1
vn 0 2.220446049250313e-16 1
vn 0 2.220446049250313e-16 1
vn 0 2.220446049250313e-16 1
vn 0 2.220446049250313e-16 1
vn 0 2.220446049250313e-16 1
vn 0 2.220446049250313e-16 1
vn 0 2.220446049250313e-16 1
vn 0 2.220446049250313e-16 1
vn 0 2.220446049250313e-16 1
vn 0 2.220446049250313e-16 1
vn 0 2.220446049250313e-16 1
vn 0 2.220446049250313e-16 1
vn 0 2.220446049250313e-16 1
vn 0 2.220446049250313e-16 1
vn 0 -2.220446049250313e-16 -1
vn 0 -2.220446049250313e-16 -1
vn 0 -2.220446049250313e-16 -1
vn 0 -2.220446049250313e-16 -1
vn 0 -2.220446049250313e-16 -1
vn 0 -2.220446049250313e-16 -1
vn 0 -2.220446049250313e-16 -1
vn 0 -2.220446049250313e-16 -1
vn 0 -2.220446049250313e-16 -1
vn 0 -2.220446049250313e-16 -1
vn 0 -2.220446049250313e-16 -1
vn 0 -2.220446049250313e-16 -1
vn 0 -2.220446049250313e-16 -1
vn 0 -2.220446049250313e-16 -1
vn 0 -2.220446049250313e-16 -1
vn 0 -2.220446049250313e-16 -1
vn 0 -2.220446049250313e-16 -1
f 797/797/797 806/806/806 798/798/798
f 806/806/806 807/807/807 798/798/798
f 798/798/798 807/807/807 799/799/799
f 807/807/807 808/808/808 799/799/799
f 799/799/799 808/808/808 800/800/800
f 808/808/808 809/809/809 800/800/800
f 800/800/800 809/809/809 801/801/801
f 809/809/809 810/810/810 801/801/801
f 801/801/801 810/810/810 802/802/802
f 810/810/810 811/811/811 802/802/802
f 802/802/802 811/811/811 803/803/803
f 811/811/811 812/812/812 803/803/803
f 803/803/803 812/812/812 804/804/804
f 812/812/812 813/813/813 804/804/804
f 804/804/804 813/813/813 805/805/805
f 813/813/813 814/814/814 805/805/805
f 823/823/823 824/824/824 815/815/815
f 824/824/824 825/825/825 816/816/816
f 825/825/825 826/826/826 817/817/817
f 826/826/826 827/827/827 818/818/818
f 827/827/827 828/828/828 819/819/819
f 828/828/828 829/829/829 820/820/820
f 829/829/829 830/830/830 821/821/821
f 830/830/830 831/831/831 822/822/822
f 841/841/841 840/840/840 832/832/832
f 842/842/842 841/841/841 833/833/833
f 843/843/843 842/842/842 834/834/834
f 844/844/844 843/843/843 835/835/835
f 845/845/845 844/844/844 836/836/836
f 846/846/846 845/845/845 837/837/837
f 847/847/847 846/846/846 838/838/838
f 848/848/848 847/847/847 839/839/839
o frigate_engine_i_bell
usemtl thruster
v 2.8378378378378377 -1.0307027041912078 22.418918923147626
v 3.646920919418335 -0.6955695680669836 22.418918923147626
v 3.9820540555425588 0.11351351351351349 22.418918923147626
v 3.646920919418335 0.9225965950940107 22.418918923147626
v 2.8378378378378377 1.2577297312182347 22.418918923147626
v 2.0287547562573405 0.9225965950940107 22.418918923147626
v 1.6936216201331165 0.11351351351351378 22.418918923147626
v 2.0287547562573405 -0.6955695680669836 22.418918923147626
v 2.8378378378378373 -1.0307027041912078 22.418918923147626
v 2.8378378378378377 -1.0307027041912078 21.85135134712264
v 3.646920919418335 -0.6955695680669838 21.85135134712264
v 3.9820540555425588 0.11351351351351337 21.85135134712264
v 3.646920919418335 0.9225965950940105 21.85135134712264
v 2.8378378378378377 1.2577297312182347 21.85135134712264
v 2.0287547562573405 0.9225965950940105 21.85135134712264
v 1.6936216201331165 0.11351351351351366 21.85135134712264
v 2.0287547562573405 -0.6955695680669838 21.85135134712264
v 2.8378378378378373 -1.0307027041912078 21.85135134712264
v 2.8378378378378377 0.11351351351351358 22.418918923147626
v 2.8378378378378377 0.11351351351351358 22.418918923147626
v 2.8378378378378377 0.11351351351351358 22.418918923147626
v 2.8378378378378377 0.11351351351351358 22.418918923147626
v 2.8378378378378377 0.11351351351351358 22.418918923147626
v 2.8378378378378377 0.11351351351351358 22.418918923147626
v 2.8378378378378377 0.11351351351351358 22.418918923147626
v 2.8378378378378377 0.11351351351351358 22.418918923147626
v 2.8378378378378377 -1.0307027041912078 22.418918923147626
v 3.646920919418335 -0.6955695680669836 22.418918923147626
v 3.9820540555425588 0.11351351351351349 22.418918923147626
v 3.646920919418335 0.9225965950940107 22.418918923147626
v 2.8378378378378377 1.2577297312182347 22.418918923147626
v 2.0287547562573405 0.9225965950940107 22.418918923147626
v 1.6936216201331165 0.11351351351351378 22.418918923147626
v 2.0287547562573405 -0.6955695680669836 22.418918923147626
v 2.8378378378378373 -1.0307027041912078 22.418918923147626
v 2.8378378378378377 0.11351351351351344 21.85135134712264
v 2.8378378378378377 0.11351351351351344 21.85135134712264
v 2.8378378378378377 0.11351351351351344 21.85135134712264
v 2.8378378378378377 0.11351351351351344 21.85135134712264
v 2.8378378378378377 0.11351351351351344 21.85135134712264
v 2.8378378378378377 0.11351351351351344 21.85135134712264
v 2.8378378378378377 0.11351351351351344 21.85135134712264
v 2.8378378378378377 0.11351351351351344 21.85135134712264
v 2.8378378378378377 -1.0307027041912078 21.85135134712264
v 3.646920919418335 -0.6955695680669838 21.85135134712264
v 3.9820540555425588 0.11351351351351337 21.85135134712264
v 3.646920919418335 0.9225965950940105 21.85135134712264
v 2.8378378378378377 1.2577297312182347 21.85135134712264
v 2.0287547562573405 0.9225965950940105 21.85135134712264
v 1.6936216201331165 0.11351351351351366 21.85135134712264
v 2.0287547562573405 -0.6955695680669838 21.85135134712264
v 2.8378378378378373 -1.0307027041912078 21.85135134712264
vt 0 1
vt 0.125 1
vt 0.25 1
vt 0.375 1
vt 0.5 1
vt 0.625 1
vt 0.75 1
vt 0.875 1
vt 1 1
vt 0 0
vt 0.125 0
vt 0.25 0
vt 0.375 0
vt 0.5 0
vt 0.625 0
vt 0.75 0
vt 0.875 0
vt 1 0
vt 0.5 0.5
vt 0.5 0.5
vt 0.5 0.5
vt 0.5 0.5
vt 0.5 0.5
vt 0.5 0.5
vt 0.5 0.5
vt 0.5 0.5
vt 1 0.5
vt 0.8535534143447876 0.8535534143447876
vt 0.5 1
vt 0.1464466154575348 0.8535534143447876
vt 0 0.5
vt 0.1464466154575348 0.1464466154575348
vt 0.5 0
vt 0.8535534143447876 0.1464466154575348
vt 1 0.5
vt 0.5 0.5
vt 0.5 0.5
vt 0.5 0.5
vt 0.5 0.5
vt 0.5 0.5
vt 0.5 0.5
vt 0.5 0.5
vt 0.5 0.5
vt 1 0.5
vt 0.8535534143447876 0.1464466154575348
vt 0.5 0
vt 0.1464466154575348 0.1464466154575348
vt 0 0.5
vt 0.1464466154575348 0.8535534143447876
vt 0.5 1
vt 0.8535534143447876 0.8535534143447876
vt 1 0.5
vn 0 -1 2.220446049250313e-16
vn 0.7071067811865475 -0.7071067811865475 1.570092458683775e-16
vn 1 -6.123234262925839e-17 1.3596311327747833e-32
vn 0.7071067811865475 0.7071067811865475 -1.570092458683775e-16
vn 1.2246468525851679e-16 1 -2.220446049250313e-16
vn -0.7071067811865475 0.7071067811865475 -1.570092458683775e-16
vn -1 1.8369701465288538e-16 -4.078893104450762e-32
vn -0.7071067811865475 -0.7071067811865475 1.570092458683775e-16
vn -2.4492937051703357e-16 -1 2.220446049250313e-16
vn 0 -1 2.220446049250313e-16
vn 0.7071067811865475 -0.7071067811865475 1.570092458683775e-16
vn 1 -6.123234262925839e-17 1.3596311327747833e-32
vn 0.7071067811865475 0.7071067811865475 -1.570092458683775e-16
vn 1.2246468525851679e-16 1 -2.220446049250313e-16
vn -0.7071067811865475 0.7071067811865475 -1.570092458683775e-16
vn -1 1.8369701465288538e-16 -4.078893104450762e-32
vn -0.7071067811865475 -0.7071067811865475 1.570092458683775e-16
vn -2.4492937051703357e-16 -1 2.220446049250313e-16
vn 0 2.220446049250313e-16 1
vn 0 2.220446049250313e-16 1
vn 0 2.220446049250313e-16 1
vn 0 2.220446049250313e-16 1
vn 0 2.220446049250313e-16 1
vn 0 2.220446049250313e-16 1
vn 0 2.220446049250313e-16 1
vn 0 2.220446049250313e-16 1
vn 0 2.220446049250313e-16 1
vn 0 2.220446049250313e-16 1
vn 0 2.220446049250313e-16 1
vn 0 2.220446049250313e-16 1
vn 0 2.220446049250313e-16 1
vn 0 2.220446049250313e-16 1
vn 0 2.220446049250313e-16 1
vn 0 2.220446049250313e-16 1
vn 0 2.220446049250313e-16 1
vn 0 -2.220446049250313e-16 -1
vn 0 -2.220446049250313e-16 -1
vn 0 -2.220446049250313e-16 -1
vn 0 -2.220446049250313e-16 -1
vn 0 -2.220446049250313e-16 -1
vn 0 -2.220446049250313e-16 -1
vn 0 -2.220446049250313e-16 -1
vn 0 -2.220446049250313e-16 -1
vn 0 -2.220446049250313e-16 -1
vn 0 -2.220446049250313e-16 -1
vn 0 -2.220446049250313e-16 -1
vn 0 -2.220446049250313e-16 -1
vn 0 -2.220446049250313e-16 -1
vn 0 -2.220446049250313e-16 -1
vn 0 -2.220446049250313e-16 -1
vn 0 -2.220446049250313e-16 -1
vn 0 -2.220446049250313e-16 -1
f 849/849/849 858/858/858 850/850/850
f 858/858/858 859/859/859 850/850/850
f 850/850/850 859/859/859 851/851/851
f 859/859/859 860/860/860 851/851/851
f 851/851/851 860/860/860 852/852/852
f 860/860/860 861/861/861 852/852/852
f 852/852/852 861/861/861 853/853/853
f 861/861/861 862/862/862 853/853/853
f 853/853/853 862/862/862 854/854/854
f 862/862/862 863/863/863 854/854/854
f 854/854/854 863/863/863 855/855/855
f 863/863/863 864/864/864 855/855/855
f 855/855/855 864/864/864 856/856/856
f 864/864/864 865/865/865 856/856/856
f 856/856/856 865/865/865 857/857/857
f 865/865/865 866/866/866 857/857/857
f 875/875/875 876/876/876 867/867/867
f 876/876/876 877/877/877 868/868/868
f 877/877/877 878/878/878 869/869/869
f 878/878/878 879/879/879 870/870/870
f 879/879/879 880/880/880 871/871/871
f 880/880/880 881/881/881 872/872/872
f 881/881/881 882/882/882 873/873/873
f 882/882/882 883/883/883 874/874/874
f 893/893/893 892/892/892 884/884/884
f 894/894/894 893/893/893 885/885/885
f 895/895/895 894/894/894 886/886/886
f 896/896/896 895/895/895 887/887/887
f 897/897/897 896/896/896 888/888/888
f 898/898/898 897/897/897 889/889/889
f 899/899/899 898/898/898 890/890/890
f 900/900/900 899/899/899 891/891/891
o frigate_battery
usemtl plate
v 9.364864898694528 3.689189151976559 7.945946216583252
v 9.364864898694528 3.689189151976559 -5.675675946312982
v 9.364864898694528 1.3054054426180348 7.945946216583252
v 9.364864898694528 1.3054054426180348 -5.675675946312982
v 7.662162128332498 3.689189151976559 -5.675675946312982
v 7.662162128332498 3.689189151976559 7.945946216583252
v 7.662162128332498 1.3054054426180348 -5.675675946312982
v 7.662162128332498 1.3054054426180348 7.945946216583252
v 7.662162128332498 3.689189151976559 -5.675675946312982
v 9.364864898694528 3.689189151976559 -5.675675946312982
v 7.662162128332498 3.689189151976559 7.945946216583252
v 9.364864898694528 3.689189151976559 7.945946216583252
v 7.662162128332498 1.3054054426180348 7.945946216583252
v 9.364864898694528 1.3054054426180348 7.945946216583252
v 7.662162128332498 1.3054054426180348 -5.675675946312982
v 9.364864898694528 1.3054054426180348 -5.675675946312982
v 7.662162128332498 3.689189151976559 7.945946216583252
v 9.364864898694528 3.689189151976559 7.945946216583252
v 7.662162128332498 1.3054054426180348 7.945946216583252
v 9.364864898694528 1.3054054426180348 7.945946216583252
v 9.364864898694528 3.689189151976559 -5.675675946312982
v 7.662162128332498 3.689189151976559 -5.675675946312982
v 9.364864898694528 1.3054054426180348 -5.675675946312982
v 7.662162128332498 1.3054054426180348 -5.675675946312982
vt 0 1
vt 1 1
vt 0 0
vt 1 0
vt 0 1
vt 1 1
vt 0 0
vt 1 0
vt 0 1
vt 1 1
vt 0 0
vt 1 0
vt 0 1
vt 1 1
vt 0 0
vt 1 0
vt 0 1
vt 1 1
vt 0 0
vt 1 0
vt 0 1
vt 1 1
vt 0 0
vt 1 0
vn 1 0 0
vn 1 0 0
vn 1 0 0
vn 1 0 0
vn -1 0 0
vn -1 0 0
vn -1 0 0
vn -1 0 0
vn 0 1 0
vn 0 1 0
vn 0 1 0
vn 0 1 0
vn 0 -1 0
vn 0 -1 0
vn 0 -1 0
vn 0 -1 0
vn 0 0 1
vn 0 0 1
vn 0 0 1
vn 0 0 1
vn 0 0 -1
vn 0 0 -1
vn 0 0 -1
vn 0 0 -1
f 901/901/901 903/903/903 902/902/902
f 903/903/903 904/904/904 902/902/902
f 905/905/905 907/907/907 906/906/906
f 907/907/907 908/908/908 906/906/906
f 909/909/909 911/911/911 910/910/910
f 911/911/911 912/912/912 910/910/910
f 913/913/913 915/915/915 914/914/914
f 915/915/915 916/916/916 914/914/914
f 917/917/917 919/919/919 918/918/918
f 919/919/919 920/920/920 918/918/918
f 921/921/921 923/923/923 922/922/922
f 923/923/923 924/924/924 922/922/922
o frigate_lance
usemtl plate
v 4.427027016878127 1.3621621520132632 -10.500000067659325
v 4.427027016878127 1.3621621520132632 -21.283783716124454
v 4.427027016878127 0.45405406420295297 -10.500000067659325
v 4.427027016878127 0.45405406420295297 -21.283783716124454
v 3.518918929067817 1.3621621520132632 -21.283783716124454
v 3.518918929067817 1.3621621520132632 -10.500000067659325
v 3.518918929067817 0.45405406420295297 -21.283783716124454
v 3.518918929067817 0.45405406420295297 -10.500000067659325
v 3.518918929067817 1.3621621520132632 -21.283783716124454
v 4.427027016878127 1.3621621520132632 -21.283783716124454
v 3.518918929067817 1.3621621520132632 -10.500000067659325
v 4.427027016878127 1.3621621520132632 -10.500000067659325
v 3.518918929067817 0.45405406420295297 -10.500000067659325
v 4.427027016878127 0.45405406420295297 -10.500000067659325
v 3.518918929067817 0.45405406420295297 -21.283783716124454
v 4.427027016878127 0.45405406420295297 -21.283783716124454
v 3.518918929067817 1.3621621520132632 -10.500000067659325
v 4.427027016878127 1.3621621520132632 -10.500000067659325
v 3.518918929067817 0.45405406420295297 -10.500000067659325
v 4.427027016878127 0.45405406420295297 -10.500000067659325
v 4.427027016878127 1.3621621520132632 -21.283783716124454
v 3.518918929067817 1.3621621520132632 -21.283783716124454
v 4.427027016878127 0.45405406420295297 -21.283783716124454
v 3.518918929067817 0.45405406420295297 -21.283783716124454
vt 0 1
vt 1 1
vt 0 0
vt 1 0
vt 0 1
vt 1 1
vt 0 0
vt 1 0
vt 0 1
vt 1 1
vt 0 0
vt 1 0
vt 0 1
vt 1 1
vt 0 0
vt 1 0
vt 0 1
vt 1 1
vt 0 0
vt 1 0
vt 0 1
vt 1 1
vt 0 0
vt 1 0
vn 1 0 0
vn 1 0 0
vn 1 0 0
vn 1 0 0
vn -1 0 0
vn -1 0 0
vn -1 0 0
vn -1 0 0
vn 0 1 0
vn 0 1 0
vn 0 1 0
vn 0 1 0
vn 0 -1 0
vn 0 -1 0
vn 0 -1 0
vn 0 -1 0
vn 0 0 1
vn 0 0 1
vn 0 0 1
vn 0 0 1
vn 0 0 -1
vn 0 0 -1
vn 0 0 -1
vn 0 0 -1
f 925/925/925 927/927/927 926/926/926
f 927/927/927 928/928/928 926/926/926
f 929/929/929 931/931/931 930/930/930
f 931/931/931 932/932/932 930/930/930
f 933/933/933 935/935/935 934/934/934
f 935/935/935 936/936/936 934/934/934
f 937/937/937 939/939/939 938/938/938
f 939/939/939 940/940/940 938/938/938
f 941/941/941 943/943/943 942/942/942
f 943/943/943 944/944/944 942/942/942
f 945/945/945 947/947/947 946/946/946
f 947/947/947 948/948/948 946/946/946
