mtllib Miner.mtl
o miner_hull
usemtl hull
v -4.199999809265137 -2.119999885559082 -4
v -4.199999809265137 -2.119999885559082 -10.800000190734863
v 0 -2.119999885559082 -10.800000190734863
v -10.800000190734863 -2.119999885559082 4
v -10.800000190734863 -2.119999885559082 -4
v -4.199999809265137 -2.119999885559082 -4
v 0 -2.119999885559082 10.800000190734863
v -4.199999809265137 -2.119999885559082 10.800000190734863
v -4.199999809265137 -2.119999885559082 4
v 4.199999809265137 -2.119999885559082 4
v 4.199999809265137 -2.119999885559082 10.800000190734863
v 0 -2.119999885559082 10.800000190734863
v 10.800000190734863 -2.119999885559082 -4
v 10.800000190734863 -2.119999885559082 4
v 4.199999809265137 -2.119999885559082 4
v 0 -2.119999885559082 -10.800000190734863
v 4.199999809265137 -2.119999885559082 -10.800000190734863
v 4.199999809265137 -2.119999885559082 -4
v -4.199999809265137 -2.119999885559082 4
v -10.800000190734863 -2.119999885559082 4
v -4.199999809265137 -2.119999885559082 -4
v 4.199999809265137 -2.119999885559082 4
v 0 -2.119999885559082 10.800000190734863
v -4.199999809265137 -2.119999885559082 4
v 4.199999809265137 -2.119999885559082 -4
v 10.800000190734863 -2.119999885559082 -4
v 4.199999809265137 -2.119999885559082 4
v -4.199999809265137 -2.119999885559082 -4
v 0 -2.119999885559082 -10.800000190734863
v 4.199999809265137 -2.119999885559082 -4
v 4.199999809265137 -2.119999885559082 4
v -4.199999809265137 -2.119999885559082 4
v -4.199999809265137 -2.119999885559082 -4
v -4.199999809265137 -2.119999885559082 -4
v 4.199999809265137 -2.119999885559082 -4
v 4.199999809265137 -2.119999885559082 4
v 0 1.4800000190734863 -10.800000190734863
v -4.199999809265137 1.4800000190734863 -10.800000190734863
v -4.199999809265137 1.4800000190734863 -4
v -4.199999809265137 1.4800000190734863 -4
v -10.800000190734863 1.4800000190734863 -4
v -10.800000190734863 1.4800000190734863 4
v -4.199999809265137 1.4800000190734863 4
v -4.199999809265137 1.4800000190734863 10.800000190734863
v 0 1.4800000190734863 10.800000190734863
v 0 1.4800000190734863 10.800000190734863
v 4.199999809265137 1.4800000190734863 10.800000190734863
v 4.199999809265137 1.4800000190734863 4
v 4.199999809265137 1.4800000190734863 4
v 10.800000190734863 1.4800000190734863 4
v 10.800000190734863 1.4800000190734863 -4
v 4.199999809265137 1.4800000190734863 -4
v 4.199999809265137 1.4800000190734863 -10.800000190734863
v 0 1.4800000190734863 -10.800000190734863
v -4.199999809265137 1.4800000190734863 -4
v -10.800000190734863 1.4800000190734863 4
v -4.199999809265137 1.4800000190734863 4
v -4.199999809265137 1.4800000190734863 4
v 0 1.4800000190734863 10.800000190734863
v 4.199999809265137 1.4800000190734863 4
v 4.199999809265137 1.4800000190734863 4
v 10.800000190734863 1.4800000190734863 -4
v 4.199999809265137 1.4800000190734863 -4
v 4.199999809265137 1.4800000190734863 -4
v 0 1.4800000190734863 -10.800000190734863
v -4.199999809265137 1.4800000190734863 -4
v -4.199999809265137 1.4800000190734863 -4
v -4.199999809265137 1.4800000190734863 4
v 4.199999809265137 1.4800000190734863 4
v 4.199999809265137 1.4800000190734863 4
v 4.199999809265137 1.4800000190734863 -4
v -4.199999809265137 1.4800000190734863 -4
v -4.199999809265137 -2.119999885559082 -10.800000190734863
v -4.199999809265137 -2.119999885559082 -4
v -4.519999980926514 -1.7999999523162842 -11.119999885559082
v -4.199999809265137 -2.119999885559082 -4
v -4.519999980926514 -1.7999999523162842 -4.320000171661377
v -4.519999980926514 -1.7999999523162842 -11.119999885559082
v -4.519999980926514 -1.7999999523162842 -11.119999885559082
v -4.519999980926514 -1.7999999523162842 -4.320000171661377
v -4.519999980926514 1.1600000858306885 -11.119999885559082
v -4.519999980926514 -1.7999999523162842 -4.320000171661377
v -4.519999980926514 1.1600000858306885 -4.320000171661377
v -4.519999980926514 1.1600000858306885 -11.119999885559082
v -4.519999980926514 1.1600000858306885 -11.119999885559082
v -4.519999980926514 1.1600000858306885 -4.320000171661377
v -4.199999809265137 1.4800000190734863 -10.800000190734863
v -4.519999980926514 1.1600000858306885 -4.320000171661377
v -4.199999809265137 1.4800000190734863 -4
v -4.199999809265137 1.4800000190734863 -10.800000190734863
v -4.199999809265137 -2.119999885559082 -4
v -10.800000190734863 -2.119999885559082 -4
v -4.519999980926514 -1.7999999523162842 -4.320000171661377
v -10.800000190734863 -2.119999885559082 -4
v -11.119999885559082 -1.7999999523162842 -4.320000171661377
v -4.519999980926514 -1.7999999523162842 -4.320000171661377
v -4.519999980926514 -1.7999999523162842 -4.320000171661377
v -11.119999885559082 -1.7999999523162842 -4.320000171661377
v -4.519999980926514 1.1600000858306885 -4.320000171661377
v -11.119999885559082 -1.7999999523162842 -4.320000171661377
v -11.119999885559082 1.1600000858306885 -4.320000171661377
v -4.519999980926514 1.1600000858306885 -4.320000171661377
v -4.519999980926514 1.1600000858306885 -4.320000171661377
v -11.119999885559082 1.1600000858306885 -4.320000171661377
v -4.199999809265137 1.4800000190734863 -4
v -11.119999885559082 1.1600000858306885 -4.320000171661377
v -10.800000190734863 1.4800000190734863 -4
v -4.199999809265137 1.4800000190734863 -4
v -10.800000190734863 -2.119999885559082 -4
v -10.800000190734863 -2.119999885559082 4
v -11.119999885559082 -1.7999999523162842 -4.320000171661377
v -10.800000190734863 -2.119999885559082 4
v -11.119999885559082 -1.7999999523162842 4.320000171661377
v -11.119999885559082 -1.7999999523162842 -4.320000171661377
v -11.119999885559082 -1.7999999523162842 -4.320000171661377
v -11.119999885559082 -1.7999999523162842 4.320000171661377
v -11.119999885559082 1.1600000858306885 -4.320000171661377
v -11.119999885559082 -1.7999999523162842 4.320000171661377
v -11.119999885559082 1.1600000858306885 4.320000171661377
v -11.119999885559082 1.1600000858306885 -4.320000171661377
v -11.119999885559082 1.1600000858306885 -4.320000171661377
v -11.119999885559082 1.1600000858306885 4.320000171661377
v -10.800000190734863 1.4800000190734863 -4
v -11.119999885559082 1.1600000858306885 4.320000171661377
v -10.800000190734863 1.4800000190734863 4
v -10.800000190734863 1.4800000190734863 -4
v -10.800000190734863 -2.119999885559082 4
v -4.199999809265137 -2.119999885559082 4
v -11.119999885559082 -1.7999999523162842 4.320000171661377
v -4.199999809265137 -2.119999885559082 4
v -4.519999980926514 -1.7999999523162842 4.320000171661377
v -11.119999885559082 -1.7999999523162842 4.320000171661377
v -11.119999885559082 -1.7999999523162842 4.320000171661377
v -4.519999980926514 -1.7999999523162842 4.320000171661377
v -11.119999885559082 1.1600000858306885 4.320000171661377
v -4.519999980926514 -1.7999999523162842 4.320000171661377
v -4.519999980926514 1.1600000858306885 4.320000171661377
v -11.119999885559082 1.1600000858306885 4.320000171661377
v -11.119999885559082 1.1600000858306885 4.320000171661377
v -4.519999980926514 1.1600000858306885 4.320000171661377
v -10.800000190734863 1.4800000190734863 4
v -4.519999980926514 1.1600000858306885 4.320000171661377
v -4.199999809265137 1.4800000190734863 4
v -10.800000190734863 1.4800000190734863 4
v -4.199999809265137 -2.119999885559082 4
v -4.199999809265137 -2.119999885559082 10.800000190734863
v -4.519999980926514 -1.7999999523162842 4.320000171661377
v -4.199999809265137 -2.119999885559082 10.800000190734863
v -4.519999980926514 -1.7999999523162842 11.119999885559082
v -4.519999980926514 -1.7999999523162842 4.320000171661377
v -4.519999980926514 -1.7999999523162842 4.320000171661377
v -4.519999980926514 -1.7999999523162842 11.119999885559082
v -4.519999980926514 1.1600000858306885 4.320000171661377
v -4.519999980926514 -1.7999999523162842 11.119999885559082
v -4.519999980926514 1.1600000858306885 11.119999885559082
v -4.519999980926514 1.1600000858306885 4.320000171661377
v -4.519999980926514 1.1600000858306885 4.320000171661377
v -4.519999980926514 1.1600000858306885 11.119999885559082
v -4.199999809265137 1.4800000190734863 4
v -4.519999980926514 1.1600000858306885 11.119999885559082
v -4.199999809265137 1.4800000190734863 10.800000190734863
v -4.199999809265137 1.4800000190734863 4
v -4.199999809265137 -2.119999885559082 10.800000190734863
v 0 -2.119999885559082 10.800000190734863
v -4.519999980926514 -1.7999999523162842 11.119999885559082
v 0 -2.119999885559082 10.800000190734863
v 0 -1.7999999523162842 11.119999885559082
v -4.519999980926514 -1.7999999523162842 11.119999885559082
v -4.519999980926514 -1.7999999523162842 11.119999885559082
v 0 -1.7999999523162842 11.119999885559082
v -4.519999980926514 1.1600000858306885 11.119999885559082
v 0 -1.7999999523162842 11.119999885559082
v 0 1.1600000858306885 11.119999885559082
v -4.519999980926514 1.1600000858306885 11.119999885559082
v -4.519999980926514 1.1600000858306885 11.119999885559082
v 0 1.1600000858306885 11.119999885559082
v -4.199999809265137 1.4800000190734863 10.800000190734863
v 0 1.1600000858306885 11.119999885559082
v 0 1.4800000190734863 10.800000190734863
v -4.199999809265137 1.4800000190734863 10.800000190734863
v 0 -2.119999885559082 10.800000190734863
v 4.199999809265137 -2.119999885559082 10.800000190734863
v 0 -1.7999999523162842 11.119999885559082
v 4.199999809265137 -2.119999885559082 10.800000190734863
v 4.519999980926514 -1.7999999523162842 11.119999885559082
v 0 -1.7999999523162842 11.119999885559082
v 0 -1.7999999523162842 11.119999885559082
v 4.519999980926514 -1.7999999523162842 11.119999885559082
v 0 1.1600000858306885 11.119999885559082
v 4.519999980926514 -1.7999999523162842 11.119999885559082
v 4.519999980926514 1.1600000858306885 11.119999885559082
v 0 1.1600000858306885 11.119999885559082
v 0 1.1600000858306885 11.119999885559082
v 4.519999980926514 1.1600000858306885 11.119999885559082
v 0 1.4800000190734863 10.800000190734863
v 4.519999980926514 1.1600000858306885 11.119999885559082
v 4.199999809265137 1.4800000190734863 10.800000190734863
v 0 1.4800000190734863 10.800000190734863
v 4.199999809265137 -2.119999885559082 10.800000190734863
v 4.199999809265137 -2.119999885559082 4
v 4.519999980926514 -1.7999999523162842 11.119999885559082
v 4.199999809265137 -2.119999885559082 4
v 4.519999980926514 -1.7999999523162842 4.320000171661377
v 4.519999980926514 -1.7999999523162842 11.119999885559082
v 4.519999980926514 -1.7999999523162842 11.119999885559082
v 4.519999980926514 -1.7999999523162842 4.320000171661377
v 4.519999980926514 1.1600000858306885 11.119999885559082
v 4.519999980926514 -1.7999999523162842 4.320000171661377
v 4.519999980926514 1.1600000858306885 4.320000171661377
v 4.519999980926514 1.1600000858306885 11.119999885559082
v 4.519999980926514 1.1600000858306885 11.119999885559082
v 4.519999980926514 1.1600000858306885 4.320000171661377
v 4.199999809265137 1.4800000190734863 10.800000190734863
v 4.519999980926514 1.1600000858306885 4.320000171661377
v 4.199999809265137 1.4800000190734863 4
v 4.199999809265137 1.4800000190734863 10.800000190734863
v 4.199999809265137 -2.119999885559082 4
v 10.800000190734863 -2.119999885559082 4
v 4.519999980926514 -1.7999999523162842 4.320000171661377
v 10.800000190734863 -2.119999885559082 4
v 11.119999885559082 -1.7999999523162842 4.320000171661377
v 4.519999980926514 -1.7999999523162842 4.320000171661377
v 4.519999980926514 -1.7999999523162842 4.320000171661377
v 11.119999885559082 -1.7999999523162842 4.320000171661377
v 4.519999980926514 1.1600000858306885 4.320000171661377
v 11.119999885559082 -1.7999999523162842 4.320000171661377
v 11.119999885559082 1.1600000858306885 4.320000171661377
v 4.519999980926514 1.1600000858306885 4.320000171661377
v 4.519999980926514 1.1600000858306885 4.320000171661377
v 11.119999885559082 1.1600000858306885 4.320000171661377
v 4.199999809265137 1.4800000190734863 4
v 11.119999885559082 1.1600000858306885 4.320000171661377
v 10.800000190734863 1.4800000190734863 4
v 4.199999809265137 1.4800000190734863 4
v 10.800000190734863 -2.119999885559082 4
v 10.800000190734863 -2.119999885559082 -4
v 11.119999885559082 -1.7999999523162842 4.320000171661377
v 10.800000190734863 -2.119999885559082 -4
v 11.119999885559082 -1.7999999523162842 -4.320000171661377
v 11.119999885559082 -1.7999999523162842 4.320000171661377
v 11.119999885559082 -1.7999999523162842 4.320000171661377
v 11.119999885559082 -1.7999999523162842 -4.320000171661377
v 11.119999885559082 1.1600000858306885 4.320000171661377
v 11.119999885559082 -1.7999999523162842 -4.320000171661377
v 11.119999885559082 1.1600000858306885 -4.320000171661377
v 11.119999885559082 1.1600000858306885 4.320000171661377
v 11.119999885559082 1.1600000858306885 4.320000171661377
v 11.119999885559082 1.1600000858306885 -4.320000171661377
v 10.800000190734863 1.4800000190734863 4
v 11.119999885559082 1.1600000858306885 -4.320000171661377
v 10.800000190734863 1.4800000190734863 -4
v 10.800000190734863 1.4800000190734863 4
v 10.800000190734863 -2.119999885559082 -4
v 4.199999809265137 -2.119999885559082 -4
v 11.119999885559082 -1.7999999523162842 -4.320000171661377
v 4.199999809265137 -2.119999885559082 -4
v 4.519999980926514 -1.7999999523162842 -4.320000171661377
v 11.119999885559082 -1.7999999523162842 -4.320000171661377
v 11.119999885559082 -1.7999999523162842 -4.320000171661377
v 4.519999980926514 -1.7999999523162842 -4.320000171661377
v 11.119999885559082 1.1600000858306885 -4.320000171661377
v 4.519999980926514 -1.7999999523162842 -4.320000171661377
v 4.519999980926514 1.1600000858306885 -4.320000171661377
v 11.119999885559082 1.1600000858306885 -4.320000171661377
v 11.119999885559082 1.1600000858306885 -4.320000171661377
v 4.519999980926514 1.1600000858306885 -4.320000171661377
v 10.800000190734863 1.4800000190734863 -4
v 4.519999980926514 1.1600000858306885 -4.320000171661377
v 4.199999809265137 1.4800000190734863 -4
v 10.800000190734863 1.4800000190734863 -4
v 4.199999809265137 -2.119999885559082 -4
v 4.199999809265137 -2.119999885559082 -10.800000190734863
v 4.519999980926514 -1.7999999523162842 -4.320000171661377
v 4.199999809265137 -2.119999885559082 -10.800000190734863
v 4.519999980926514 -1.7999999523162842 -11.119999885559082
v 4.519999980926514 -1.7999999523162842 -4.320000171661377
v 4.519999980926514 -1.7999999523162842 -4.320000171661377
v 4.519999980926514 -1.7999999523162842 -11.119999885559082
v 4.519999980926514 1.1600000858306885 -4.320000171661377
v 4.519999980926514 -1.7999999523162842 -11.119999885559082
v 4.519999980926514 1.1600000858306885 -11.119999885559082
v 4.519999980926514 1.1600000858306885 -4.320000171661377
v 4.519999980926514 1.1600000858306885 -4.320000171661377
v 4.519999980926514 1.1600000858306885 -11.119999885559082
v 4.199999809265137 1.4800000190734863 -4
v 4.519999980926514 1.1600000858306885 -11.119999885559082
v 4.199999809265137 1.4800000190734863 -10.800000190734863
v 4.199999809265137 1.4800000190734863 -4
v 4.199999809265137 -2.119999885559082 -10.800000190734863
v 0 -2.119999885559082 -10.800000190734863
v 4.519999980926514 -1.7999999523162842 -11.119999885559082
v 0 -2.119999885559082 -10.800000190734863
v 0 -1.7999999523162842 -11.119999885559082
v 4.519999980926514 -1.7999999523162842 -11.119999885559082
v 4.519999980926514 -1.7999999523162842 -11.119999885559082
v 0 -1.7999999523162842 -11.119999885559082
v 4.519999980926514 1.1600000858306885 -11.119999885559082
v 0 -1.7999999523162842 -11.119999885559082
v 0 1.1600000858306885 -11.119999885559082
v 4.519999980926514 1.1600000858306885 -11.119999885559082
v 4.519999980926514 1.1600000858306885 -11.119999885559082
v 0 1.1600000858306885 -11.119999885559082
v 4.199999809265137 1.4800000190734863 -10.800000190734863
v 0 1.1600000858306885 -11.119999885559082
v 0 1.4800000190734863 -10.800000190734863
v 4.199999809265137 1.4800000190734863 -10.800000190734863
v 0 -2.119999885559082 -10.800000190734863
v -4.199999809265137 -2.119999885559082 -10.800000190734863
v 0 -1.7999999523162842 -11.119999885559082
v -4.199999809265137 -2.119999885559082 -10.800000190734863
v -4.519999980926514 -1.7999999523162842 -11.119999885559082
v 0 -1.7999999523162842 -11.119999885559082
v 0 -1.7999999523162842 -11.119999885559082
v -4.519999980926514 -1.7999999523162842 -11.119999885559082
v 0 1.1600000858306885 -11.119999885559082
v -4.519999980926514 -1.7999999523162842 -11.119999885559082
v -4.519999980926514 1.1600000858306885 -11.119999885559082
v 0 1.1600000858306885 -11.119999885559082
v 0 1.1600000858306885 -11.119999885559082
v -4.519999980926514 1.1600000858306885 -11.119999885559082
v 0 1.4800000190734863 -10.800000190734863
v -4.519999980926514 1.1600000858306885 -11.119999885559082
v -4.199999809265137 1.4800000190734863 -10.800000190734863
v 0 1.4800000190734863 -10.800000190734863
vt -1.0499999523162842 1
vt -1.0499999523162842 2.700000047683716
vt 0 2.700000047683716
vt -2.700000047683716 -1
vt -2.700000047683716 1
vt -1.0499999523162842 1
vt 0 -2.700000047683716
vt -1.0499999523162842 -2.700000047683716
vt -1.0499999523162842 -1
vt 1.0499999523162842 -1
vt 1.0499999523162842 -2.700000047683716
vt 0 -2.700000047683716
vt 2.700000047683716 1
vt 2.700000047683716 -1
vt 1.0499999523162842 -1
vt 0 2.700000047683716
vt 1.0499999523162842 2.700000047683716
vt 1.0499999523162842 1
vt -1.0499999523162842 -1
vt -2.700000047683716 -1
vt -1.0499999523162842 1
vt 1.0499999523162842 -1
vt 0 -2.700000047683716
vt -1.0499999523162842 -1
vt 1.0499999523162842 1
vt 2.700000047683716 1
vt 1.0499999523162842 -1
vt -1.0499999523162842 1
vt 0 2.700000047683716
vt 1.0499999523162842 1
vt 1.0499999523162842 -1
vt -1.0499999523162842 -1
vt -1.0499999523162842 1
vt -1.0499999523162842 1
vt 1.0499999523162842 1
vt 1.0499999523162842 -1
vt 0 2.700000047683716
vt -1.0499999523162842 2.700000047683716
vt -1.0499999523162842 1
vt -1.0499999523162842 1
vt -2.700000047683716 1
vt -2.700000047683716 -1
vt -1.0499999523162842 -1
vt -1.0499999523162842 -2.700000047683716
vt 0 -2.700000047683716
vt 0 -2.700000047683716
vt 1.0499999523162842 -2.700000047683716
vt 1.0499999523162842 -1
vt 1.0499999523162842 -1
vt 2.700000047683716 -1
vt 2.700000047683716 1
vt 1.0499999523162842 1
vt 1.0499999523162842 2.700000047683716
vt 0 2.700000047683716
vt -1.0499999523162842 1
vt -2.700000047683716 -1
vt -1.0499999523162842 -1
vt -1.0499999523162842 -1
vt 0 -2.700000047683716
vt 1.0499999523162842 -1
vt 1.0499999523162842 -1
vt 2.700000047683716 1
vt 1.0499999523162842 1
vt 1.0499999523162842 1
vt 0 2.700000047683716
vt -1.0499999523162842 1
vt -1.0499999523162842 1
vt -1.0499999523162842 -1
vt 1.0499999523162842 -1
vt 1.0499999523162842 -1
vt 1.0499999523162842 1
vt -1.0499999523162842 1
vt 2.700000047683716 1.0800000429153442
vt 1 1.0800000429153442
vt 2.7799999713897705 1
vt 1 1.0800000429153442
vt 1.0800000429153442 1
vt 2.7799999713897705 1
vt 2.7799999713897705 1
vt 1.0800000429153442 1
vt 2.7799999713897705 0.25999999046325684
vt 1.0800000429153442 1
vt 1.0800000429153442 0.25999999046325684
vt 2.7799999713897705 0.25999999046325684
vt 2.7799999713897705 0.25999999046325684
vt 1.0800000429153442 0.25999999046325684
vt 2.700000047683716 0.18000000715255737
vt 1.0800000429153442 0.25999999046325684
vt 1 0.18000000715255737
vt 2.700000047683716 0.18000000715255737
vt -1.0499999523162842 1.0800000429153442
vt -2.700000047683716 1.0800000429153442
vt -1.1299999952316284 1
vt -2.700000047683716 1.0800000429153442
vt -2.7799999713897705 1
vt -1.1299999952316284 1
vt -1.1299999952316284 1
vt -2.7799999713897705 1
vt -1.1299999952316284 0.25999999046325684
vt -2.7799999713897705 1
vt -2.7799999713897705 0.25999999046325684
vt -1.1299999952316284 0.25999999046325684
vt -1.1299999952316284 0.25999999046325684
vt -2.7799999713897705 0.25999999046325684
vt -1.0499999523162842 0.18000000715255737
vt -2.7799999713897705 0.25999999046325684
vt -2.700000047683716 0.18000000715255737
vt -1.0499999523162842 0.18000000715255737
vt 1 1.0800000429153442
vt -1 1.0800000429153442
vt 1.0800000429153442 1
vt -1 1.0800000429153442
vt -1.0800000429153442 1
vt 1.0800000429153442 1
vt 1.0800000429153442 1
vt -1.0800000429153442 1
vt 1.0800000429153442 0.25999999046325684
vt -1.0800000429153442 1
vt -1.0800000429153442 0.25999999046325684
vt 1.0800000429153442 0.25999999046325684
vt 1.0800000429153442 0.25999999046325684
vt -1.0800000429153442 0.25999999046325684
vt 1 0.18000000715255737
vt -1.0800000429153442 0.25999999046325684
vt -1 0.18000000715255737
vt 1 0.18000000715255737
vt -2.700000047683716 1.0800000429153442
vt -1.0499999523162842 1.0800000429153442
vt -2.7799999713897705 1
vt -1.0499999523162842 1.0800000429153442
vt -1.1299999952316284 1
vt -2.7799999713897705 1
vt -2.7799999713897705 1
vt -1.1299999952316284 1
vt -2.7799999713897705 0.25999999046325684
vt -1.1299999952316284 1
vt -1.1299999952316284 0.25999999046325684
vt -2.7799999713897705 0.25999999046325684
vt -2.7799999713897705 0.25999999046325684
vt -1.1299999952316284 0.25999999046325684
vt -2.700000047683716 0.18000000715255737
vt -1.1299999952316284 0.25999999046325684
vt -1.0499999523162842 0.18000000715255737
vt -2.700000047683716 0.18000000715255737
vt -1 1.0800000429153442
vt -2.700000047683716 1.0800000429153442
vt -1.0800000429153442 1
vt -2.700000047683716 1.0800000429153442
vt -2.7799999713897705 1
vt -1.0800000429153442 1
vt -1.0800000429153442 1
vt -2.7799999713897705 1
vt -1.0800000429153442 0.25999999046325684
vt -2.7799999713897705 1
vt -2.7799999713897705 0.25999999046325684
vt -1.0800000429153442 0.25999999046325684
vt -1.0800000429153442 0.25999999046325684
vt -2.7799999713897705 0.25999999046325684
vt -1 0.18000000715255737
vt -2.7799999713897705 0.25999999046325684
vt -2.700000047683716 0.18000000715255737
vt -1 0.18000000715255737
vt -1.0499999523162842 1.0800000429153442
vt 0 1.0800000429153442
vt -1.1299999952316284 1
vt 0 1.0800000429153442
vt 0 1
vt -1.1299999952316284 1
vt -1.1299999952316284 1
vt 0 1
vt -1.1299999952316284 0.25999999046325684
vt 0 1
vt 0 0.25999999046325684
vt -1.1299999952316284 0.25999999046325684
vt -1.1299999952316284 0.25999999046325684
vt 0 0.25999999046325684
vt -1.0499999523162842 0.18000000715255737
vt 0 0.25999999046325684
vt 0 0.18000000715255737
vt -1.0499999523162842 0.18000000715255737
vt 0 1.0800000429153442
vt 1.0499999523162842 1.0800000429153442
vt 0 1
vt 1.0499999523162842 1.0800000429153442
vt 1.1299999952316284 1
vt 0 1
vt 0 1
vt 1.1299999952316284 1
vt 0 0.25999999046325684
vt 1.1299999952316284 1
vt 1.1299999952316284 0.25999999046325684
vt 0 0.25999999046325684
vt 0 0.25999999046325684
vt 1.1299999952316284 0.25999999046325684
vt 0 0.18000000715255737
vt 1.1299999952316284 0.25999999046325684
vt 1.0499999523162842 0.18000000715255737
vt 0 0.18000000715255737
vt -2.700000047683716 1.0800000429153442
vt -1 1.0800000429153442
vt -2.7799999713897705 1
vt -1 1.0800000429153442
vt -1.0800000429153442 1
vt -2.7799999713897705 1
vt -2.7799999713897705 1
vt -1.0800000429153442 1
vt -2.7799999713897705 0.25999999046325684
vt -1.0800000429153442 1
vt -1.0800000429153442 0.25999999046325684
vt -2.7799999713897705 0.25999999046325684
vt -2.7799999713897705 0.25999999046325684
vt -1.0800000429153442 0.25999999046325684
vt -2.700000047683716 0.18000000715255737
vt -1.0800000429153442 0.25999999046325684
vt -1 0.18000000715255737
vt -2.700000047683716 0.18000000715255737
vt 1.0499999523162842 1.0800000429153442
vt 2.700000047683716 1.0800000429153442
vt 1.1299999952316284 1
vt 2.700000047683716 1.0800000429153442
vt 2.7799999713897705 1
vt 1.1299999952316284 1
vt 1.1299999952316284 1
vt 2.7799999713897705 1
vt 1.1299999952316284 0.25999999046325684
vt 2.7799999713897705 1
vt 2.7799999713897705 0.25999999046325684
vt 1.1299999952316284 0.25999999046325684
vt 1.1299999952316284 0.25999999046325684
vt 2.7799999713897705 0.25999999046325684
vt 1.0499999523162842 0.18000000715255737
vt 2.7799999713897705 0.25999999046325684
vt 2.700000047683716 0.18000000715255737
vt 1.0499999523162842 0.18000000715255737
vt -1 1.0800000429153442
vt 1 1.0800000429153442
vt -1.0800000429153442 1
vt 1 1.0800000429153442
vt 1.0800000429153442 1
vt -1.0800000429153442 1
vt -1.0800000429153442 1
vt 1.0800000429153442 1
vt -1.0800000429153442 0.25999999046325684
vt 1.0800000429153442 1
vt 1.0800000429153442 0.25999999046325684
vt -1.0800000429153442 0.25999999046325684
vt -1.0800000429153442 0.25999999046325684
vt 1.0800000429153442 0.25999999046325684
vt -1 0.18000000715255737
vt 1.0800000429153442 0.25999999046325684
vt 1 0.18000000715255737
vt -1 0.18000000715255737
vt 2.700000047683716 1.0800000429153442
vt 1.0499999523162842 1.0800000429153442
vt 2.7799999713897705 1
vt 1.0499999523162842 1.0800000429153442
vt 1.1299999952316284 1
vt 2.7799999713897705 1
vt 2.7799999713897705 1
vt 1.1299999952316284 1
vt 2.7799999713897705 0.25999999046325684
vt 1.1299999952316284 1
vt 1.1299999952316284 0.25999999046325684
vt 2.7799999713897705 0.25999999046325684
vt 2.7799999713897705 0.25999999046325684
vt 1.1299999952316284 0.25999999046325684
vt 2.700000047683716 0.18000000715255737
vt 1.1299999952316284 0.25999999046325684
vt 1.0499999523162842 0.18000000715255737
vt 2.700000047683716 0.18000000715255737
vt 1 1.0800000429153442
vt 2.700000047683716 1.0800000429153442
vt 1.0800000429153442 1
vt 2.700000047683716 1.0800000429153442
vt 2.7799999713897705 1
vt 1.0800000429153442 1
vt 1.0800000429153442 1
vt 2.7799999713897705 1
vt 1.0800000429153442 0.25999999046325684
vt 2.7799999713897705 1
vt 2.7799999713897705 0.25999999046325684
vt 1.0800000429153442 0.25999999046325684
vt 1.0800000429153442 0.25999999046325684
vt 2.7799999713897705 0.25999999046325684
vt 1 0.18000000715255737
vt 2.7799999713897705 0.25999999046325684
vt 2.700000047683716 0.18000000715255737
vt 1 0.18000000715255737
vt 1.0499999523162842 1.0800000429153442
vt 0 1.0800000429153442
vt 1.1299999952316284 1
vt 0 1.0800000429153442
vt 0 1
vt 1.1299999952316284 1
vt 1.1299999952316284 1
vt 0 1
vt 1.1299999952316284 0.25999999046325684
vt 0 1
vt 0 0.25999999046325684
vt 1.1299999952316284 0.25999999046325684
vt 1.1299999952316284 0.25999999046325684
vt 0 0.25999999046325684
vt 1.0499999523162842 0.18000000715255737
vt 0 0.25999999046325684
vt 0 0.18000000715255737
vt 1.0499999523162842 0.18000000715255737
vt 0 1.0800000429153442
vt -1.0499999523162842 1.0800000429153442
vt 0 1
vt -1.0499999523162842 1.0800000429153442
vt -1.1299999952316284 1
vt 0 1
vt 0 1
vt -1.1299999952316284 1
vt 0 0.25999999046325684
vt -1.1299999952316284 1
vt -1.1299999952316284 0.25999999046325684
vt 0 0.25999999046325684
vt 0 0.25999999046325684
vt -1.1299999952316284 0.25999999046325684
vt 0 0.18000000715255737
vt -1.1299999952316284 0.25999999046325684
vt -1.0499999523162842 0.18000000715255737
vt 0 0.18000000715255737
vn 0 -1 -6.123234262925839e-17
vn 0 -1 -6.123234262925839e-17
vn 0 -1 -6.123234262925839e-17
vn 0 -1 -6.123234262925839e-17
vn 0 -1 -6.123234262925839e-17
vn 0 -1 -6.123234262925839e-17
vn 0 -1 -6.123234262925839e-17
vn 0 -1 -6.123234262925839e-17
vn 0 -1 -6.123234262925839e-17
vn 0 -1 -6.123234262925839e-17
vn 0 -1 -6.123234262925839e-17
vn 0 -1 -6.123234262925839e-17
vn 0 -1 -6.123234262925839e-17
vn 0 -1 -6.123234262925839e-17
vn 0 -1 -6.123234262925839e-17
vn 0 -1 -6.123234262925839e-17
vn 0 -1 -6.123234262925839e-17
vn 0 -1 -6.123234262925839e-17
vn 0 -1 -6.123234262925839e-17
vn 0 -1 -6.123234262925839e-17
vn 0 -1 -6.123234262925839e-17
vn 0 -1 -6.123234262925839e-17
vn 0 -1 -6.123234262925839e-17
vn 0 -1 -6.123234262925839e-17
vn 0 -1 -6.123234262925839e-17
vn 0 -1 -6.123234262925839e-17
vn 0 -1 -6.123234262925839e-17
vn 0 -1 -6.123234262925839e-17
vn 0 -1 -6.123234262925839e-17
vn 0 -1 -6.123234262925839e-17
vn 0 -1 -6.123234262925839e-17
vn 0 -1 -6.123234262925839e-17
vn 0 -1 -6.123234262925839e-17
vn 0 -1 -6.123234262925839e-17
vn 0 -1 -6.123234262925839e-17
vn 0 -1 -6.123234262925839e-17
vn 0 1 6.123234262925839e-17
vn 0 1 6.123234262925839e-17
vn 0 1 6.123234262925839e-17
vn 0 1 6.123234262925839e-17
vn 0 1 6.123234262925839e-17
vn 0 1 6.123234262925839e-17
vn 0 1 6.123234262925839e-17
vn 0 1 6.123234262925839e-17
vn 0 1 6.123234262925839e-17
vn 0 1 6.123234262925839e-17
vn 0 1 6.123234262925839e-17
vn 0 1 6.123234262925839e-17
vn 0 1 6.123234262925839e-17
vn 0 1 6.123234262925839e-17
vn 0 1 6.123234262925839e-17
vn 0 1 6.123234262925839e-17
vn 0 1 6.123234262925839e-17
vn 0 1 6.123234262925839e-17
vn 0 1 6.123234262925839e-17
vn 0 1 6.123234262925839e-17
vn 0 1 6.123234262925839e-17
vn 0 1 6.123234262925839e-17
vn 0 1 6.123234262925839e-17
vn 0 1 6.123234262925839e-17
vn 0 1 6.123234262925839e-17
vn 0 1 6.123234262925839e-17
vn 0 1 6.123234262925839e-17
vn 0 1 6.123234262925839e-17
vn 0 1 6.123234262925839e-17
vn 0 1 6.123234262925839e-17
vn 0 1 6.123234262925839e-17
vn 0 1 6.123234262925839e-17
vn 0 1 6.123234262925839e-17
vn 0 1 6.123234262925839e-17
vn 0 1 6.123234262925839e-17
vn 0 1 6.123234262925839e-17
vn -0.7071066023725875 -0.7071069600004624 -4.3297813684309255e-17
vn -0.7071066023725875 -0.7071069600004624 -4.3297813684309255e-17
vn -0.7071066023725875 -0.7071069600004624 -4.3297813684309255e-17
vn -0.7071066023725875 -0.7071069600004624 -4.3297813684309255e-17
vn -0.7071066023725875 -0.7071069600004624 -4.3297813684309255e-17
vn -0.7071066023725875 -0.7071069600004624 -4.3297813684309255e-17
vn -1 0 0
vn -1 0 0
vn -1 0 0
vn -1 0 0
vn -1 0 0
vn -1 0 0
vn -0.7071065129656019 0.7071070494073914 4.329781847688591e-17
vn -0.7071065129656019 0.7071070494073914 4.329781847688591e-17
vn -0.7071065129656019 0.7071070494073914 4.329781847688591e-17
vn -0.7071065129656019 0.7071070494073914 4.329781847688591e-17
vn -0.7071065129656019 0.7071070494073914 4.329781847688591e-17
vn -0.7071065129656019 0.7071070494073914 4.329781847688591e-17
vn 0 -0.7071069898027682 -0.7071065725702652
vn 0 -0.7071069898027682 -0.7071065725702652
vn 0 -0.7071069898027682 -0.7071065725702652
vn 0 -0.7071069898027682 -0.7071065725702652
vn 0 -0.7071069898027682 -0.7071065725702652
vn 0 -0.7071069898027682 -0.7071065725702652
vn 0 6.123234262925839e-17 -1
vn 0 6.123234262925839e-17 -1
vn 0 6.123234262925839e-17 -1
vn 0 6.123234262925839e-17 -1
vn 0 6.123234262925839e-17 -1
vn 0 6.123234262925839e-17 -1
vn 0 0.7071070494073914 -0.7071065129656019
vn 0 0.7071070494073914 -0.7071065129656019
vn 0 0.7071070494073914 -0.7071065129656019
vn 0 0.7071070196050905 -0.7071065427679242
vn 0 0.7071070196050905 -0.7071065427679242
vn 0 0.7071070196050905 -0.7071065427679242
vn -0.7071071090120096 -0.7071064533609335 -4.329778208093833e-17
vn -0.7071071090120096 -0.7071064533609335 -4.329778208093833e-17
vn -0.7071071090120096 -0.7071064533609335 -4.329778208093833e-17
vn -0.7071071090120096 -0.7071064533609335 -4.329778208093833e-17
vn -0.7071071090120096 -0.7071064533609335 -4.329778208093833e-17
vn -0.7071071090120096 -0.7071064533609335 -4.329778208093833e-17
vn -1 0 0
vn -1 0 0
vn -1 0 0
vn -1 0 0
vn -1 0 0
vn -1 0 0
vn -0.7071070494073914 0.7071065129656019 4.329778538966224e-17
vn -0.7071070494073914 0.7071065129656019 4.329778538966224e-17
vn -0.7071070494073914 0.7071065129656019 4.329778538966224e-17
vn -0.7071070494073914 0.7071065129656019 4.329778538966224e-17
vn -0.7071070494073914 0.7071065129656019 4.329778538966224e-17
vn -0.7071070494073914 0.7071065129656019 4.329778538966224e-17
vn 0 -0.7071069898027682 0.7071065725702652
vn 0 -0.7071069898027682 0.7071065725702652
vn 0 -0.7071069898027682 0.7071065725702652
vn 0 -0.7071069898027682 0.7071065725702652
vn 0 -0.7071069898027682 0.7071065725702652
vn 0 -0.7071069898027682 0.7071065725702652
vn 0 -6.123234262925839e-17 1
vn 0 -6.123234262925839e-17 1
vn 0 -6.123234262925839e-17 1
vn 0 -6.123234262925839e-17 1
vn 0 -6.123234262925839e-17 1
vn 0 -6.123234262925839e-17 1
vn 0 0.7071070494073914 0.7071065129656019
vn 0 0.7071070494073914 0.7071065129656019
vn 0 0.7071070494073914 0.7071065129656019
vn 0 0.7071070196050905 0.7071065427679242
vn 0 0.7071070196050905 0.7071065427679242
vn 0 0.7071070196050905 0.7071065427679242
vn -0.7071066023725875 -0.7071069600004624 -4.3297813684309255e-17
vn -0.7071066023725875 -0.7071069600004624 -4.3297813684309255e-17
vn -0.7071066023725875 -0.7071069600004624 -4.3297813684309255e-17
vn -0.7071066023725875 -0.7071069600004624 -4.3297813684309255e-17
vn -0.7071066023725875 -0.7071069600004624 -4.3297813684309255e-17
vn -0.7071066023725875 -0.7071069600004624 -4.3297813684309255e-17
vn -1 0 0
vn -1 0 0
vn -1 0 0
vn -1 0 0
vn -1 0 0
vn -1 0 0
vn -0.7071065129656019 0.7071070494073914 4.329781847688591e-17
vn -0.7071065129656019 0.7071070494073914 4.329781847688591e-17
vn -0.7071065129656019 0.7071070494073914 4.329781847688591e-17
vn -0.7071065129656019 0.7071070494073914 4.329781847688591e-17
vn -0.7071065129656019 0.7071070494073914 4.329781847688591e-17
vn -0.7071065129656019 0.7071070494073914 4.329781847688591e-17
vn 0 -0.7071064831632558 0.7071070792097137
vn 0 -0.7071064831632558 0.7071070792097137
vn 0 -0.7071064831632558 0.7071070792097137
vn 0 -0.7071064533609335 0.7071071090120096
vn 0 -0.7071064533609335 0.7071071090120096
vn 0 -0.7071064533609335 0.7071071090120096
vn 0 -6.123234262925839e-17 1
vn 0 -6.123234262925839e-17 1
vn 0 -6.123234262925839e-17 1
vn 0 -6.123234262925839e-17 1
vn 0 -6.123234262925839e-17 1
vn 0 -6.123234262925839e-17 1
vn 0 0.7071065129656019 0.7071070494073914
vn 0 0.7071065129656019 0.7071070494073914
vn 0 0.7071065129656019 0.7071070494073914
vn 0 0.7071065427679242 0.7071070196050905
vn 0 0.7071065427679242 0.7071070196050905
vn 0 0.7071065427679242 0.7071070196050905
vn 0 -0.7071064831632558 0.7071070792097137
vn 0 -0.7071064831632558 0.7071070792097137
vn 0 -0.7071064831632558 0.7071070792097137
vn 0 -0.7071064533609335 0.7071071090120096
vn 0 -0.7071064533609335 0.7071071090120096
vn 0 -0.7071064533609335 0.7071071090120096
vn 0 -6.123234262925839e-17 1
vn 0 -6.123234262925839e-17 1
vn 0 -6.123234262925839e-17 1
vn 0 -6.123234262925839e-17 1
vn 0 -6.123234262925839e-17 1
vn 0 -6.123234262925839e-17 1
vn 0 0.7071065129656019 0.7071070494073914
vn 0 0.7071065129656019 0.7071070494073914
vn 0 0.7071065129656019 0.7071070494073914
vn 0 0.7071065427679242 0.7071070196050905
vn 0 0.7071065427679242 0.7071070196050905
vn 0 0.7071065427679242 0.7071070196050905
vn 0.7071066023725875 -0.7071069600004624 -4.3297813684309255e-17
vn 0.7071066023725875 -0.7071069600004624 -4.3297813684309255e-17
vn 0.7071066023725875 -0.7071069600004624 -4.3297813684309255e-17
vn 0.7071066023725875 -0.7071069600004624 -4.3297813684309255e-17
vn 0.7071066023725875 -0.7071069600004624 -4.3297813684309255e-17
vn 0.7071066023725875 -0.7071069600004624 -4.3297813684309255e-17
vn 1 0 0
vn 1 0 0
vn 1 0 0
vn 1 0 0
vn 1 0 0
vn 1 0 0
vn 0.7071065129656019 0.7071070494073914 4.329781847688591e-17
vn 0.7071065129656019 0.7071070494073914 4.329781847688591e-17
vn 0.7071065129656019 0.7071070494073914 4.329781847688591e-17
vn 0.7071065129656019 0.7071070494073914 4.329781847688591e-17
vn 0.7071065129656019 0.7071070494073914 4.329781847688591e-17
vn 0.7071065129656019 0.7071070494073914 4.329781847688591e-17
vn 0 -0.7071069898027682 0.7071065725702652
vn 0 -0.7071069898027682 0.7071065725702652
vn 0 -0.7071069898027682 0.7071065725702652
vn 0 -0.7071069898027682 0.7071065725702652
vn 0 -0.7071069898027682 0.7071065725702652
vn 0 -0.7071069898027682 0.7071065725702652
vn 0 -6.123234262925839e-17 1
vn 0 -6.123234262925839e-17 1
vn 0 -6.123234262925839e-17 1
vn 0 -6.123234262925839e-17 1
vn 0 -6.123234262925839e-17 1
vn 0 -6.123234262925839e-17 1
vn 0 0.7071070494073914 0.7071065129656019
vn 0 0.7071070494073914 0.7071065129656019
vn 0 0.7071070494073914 0.7071065129656019
vn 0 0.7071070196050905 0.7071065427679242
vn 0 0.7071070196050905 0.7071065427679242
vn 0 0.7071070196050905 0.7071065427679242
vn 0.7071071090120096 -0.7071064533609335 -4.329778208093833e-17
vn 0.7071071090120096 -0.7071064533609335 -4.329778208093833e-17
vn 0.7071071090120096 -0.7071064533609335 -4.329778208093833e-17
vn 0.7071071090120096 -0.7071064533609335 -4.329778208093833e-17
vn 0.7071071090120096 -0.7071064533609335 -4.329778208093833e-17
vn 0.7071071090120096 -0.7071064533609335 -4.329778208093833e-17
vn 1 0 0
vn 1 0 0
vn 1 0 0
vn 1 0 0
vn 1 0 0
vn 1 0 0
vn 0.7071070494073914 0.7071065129656019 4.329778538966224e-17
vn 0.7071070494073914 0.7071065129656019 4.329778538966224e-17
vn 0.7071070494073914 0.7071065129656019 4.329778538966224e-17
vn 0.7071070494073914 0.7071065129656019 4.329778538966224e-17
vn 0.7071070494073914 0.7071065129656019 4.329778538966224e-17
vn 0.7071070494073914 0.7071065129656019 4.329778538966224e-17
vn 0 -0.7071069898027682 -0.7071065725702652
vn 0 -0.7071069898027682 -0.7071065725702652
vn 0 -0.7071069898027682 -0.7071065725702652
vn 0 -0.7071069898027682 -0.7071065725702652
vn 0 -0.7071069898027682 -0.7071065725702652
vn 0 -0.7071069898027682 -0.7071065725702652
vn 0 6.123234262925839e-17 -1
vn 0 6.123234262925839e-17 -1
vn 0 6.123234262925839e-17 -1
vn 0 6.123234262925839e-17 -1
vn 0 6.123234262925839e-17 -1
vn 0 6.123234262925839e-17 -1
vn 0 0.7071070494073914 -0.7071065129656019
vn 0 0.7071070494073914 -0.7071065129656019
vn 0 0.7071070494073914 -0.7071065129656019
vn 0 0.7071070196050905 -0.7071065427679242
vn 0 0.7071070196050905 -0.7071065427679242
vn 0 0.7071070196050905 -0.7071065427679242
vn 0.7071066023725875 -0.7071069600004624 -4.3297813684309255e-17
vn 0.7071066023725875 -0.7071069600004624 -4.3297813684309255e-17
vn 0.7071066023725875 -0.7071069600004624 -4.3297813684309255e-17
vn 0.7071066023725875 -0.7071069600004624 -4.3297813684309255e-17
vn 0.7071066023725875 -0.7071069600004624 -4.3297813684309255e-17
vn 0.7071066023725875 -0.7071069600004624 -4.3297813684309255e-17
vn 1 0 0
vn 1 0 0
vn 1 0 0
vn 1 0 0
vn 1 0 0
vn 1 0 0
vn 0.7071065129656019 0.7071070494073914 4.329781847688591e-17
vn 0.7071065129656019 0.7071070494073914 4.329781847688591e-17
vn 0.7071065129656019 0.7071070494073914 4.329781847688591e-17
vn 0.7071065129656019 0.7071070494073914 4.329781847688591e-17
vn 0.7071065129656019 0.7071070494073914 4.329781847688591e-17
vn 0.7071065129656019 0.7071070494073914 4.329781847688591e-17
vn 0 -0.7071064831632558 -0.7071070792097137
vn 0 -0.7071064831632558 -0.7071070792097137
vn 0 -0.7071064831632558 -0.7071070792097137
vn 0 -0.7071064533609335 -0.7071071090120096
vn 0 -0.7071064533609335 -0.7071071090120096
vn 0 -0.7071064533609335 -0.7071071090120096
vn 0 6.123234262925839e-17 -1
vn 0 6.123234262925839e-17 -1
vn 0 6.123234262925839e-17 -1
vn 0 6.123234262925839e-17 -1
vn 0 6.123234262925839e-17 -1
vn 0 6.123234262925839e-17 -1
vn 0 0.7071065129656019 -0.7071070494073914
vn 0 0.7071065129656019 -0.7071070494073914
vn 0 0.7071065129656019 -0.7071070494073914
vn 0 0.7071065427679242 -0.7071070196050905
vn 0 0.7071065427679242 -0.7071070196050905
vn 0 0.7071065427679242 -0.7071070196050905
vn 0 -0.7071064831632558 -0.7071070792097137
vn 0 -0.7071064831632558 -0.7071070792097137
vn 0 -0.7071064831632558 -0.7071070792097137
vn 0 -0.7071064533609335 -0.7071071090120096
vn 0 -0.7071064533609335 -0.7071071090120096
vn 0 -0.7071064533609335 -0.7071071090120096
vn 0 6.123234262925839e-17 -1
vn 0 6.123234262925839e-17 -1
vn 0 6.123234262925839e-17 -1
vn 0 6.123234262925839e-17 -1
vn 0 6.123234262925839e-17 -1
vn 0 6.123234262925839e-17 -1
vn 0 0.7071065129656019 -0.7071070494073914
vn 0 0.7071065129656019 -0.7071070494073914
vn 0 0.7071065129656019 -0.7071070494073914
vn 0 0.7071065427679242 -0.7071070196050905
vn 0 0.7071065427679242 -0.7071070196050905
vn 0 0.7071065427679242 -0.7071070196050905
f 1/1/1 2/2/2 3/3/3
f 4/4/4 5/5/5 6/6/6
f 7/7/7 8/8/8 9/9/9
f 10/10/10 11/11/11 12/12/12
f 13/13/13 14/14/14 15/15/15
f 16/16/16 17/17/17 18/18/18
f 19/19/19 20/20/20 21/21/21
f 22/22/22 23/23/23 24/24/24
f 25/25/25 26/26/26 27/27/27
f 28/28/28 29/29/29 30/30/30
f 31/31/31 32/32/32 33/33/33
f 34/34/34 35/35/35 36/36/36
f 37/37/37 38/38/38 39/39/39
f 40/40/40 41/41/41 42/42/42
f 43/43/43 44/44/44 45/45/45
f 46/46/46 47/47/47 48/48/48
f 49/49/49 50/50/50 51/51/51
f 52/52/52 53/53/53 54/54/54
f 55/55/55 56/56/56 57/57/57
f 58/58/58 59/59/59 60/60/60
f 61/61/61 62/62/62 63/63/63
f 64/64/64 65/65/65 66/66/66
f 67/67/67 68/68/68 69/69/69
f 70/70/70 71/71/71 72/72/72
f 73/73/73 74/74/74 75/75/75
f 76/76/76 77/77/77 78/78/78
f 79/79/79 80/80/80 81/81/81
f 82/82/82 83/83/83 84/84/84
f 85/85/85 86/86/86 87/87/87
f 88/88/88 89/89/89 90/90/90
f 91/91/91 92/92/92 93/93/93
f 94/94/94 95/95/95 96/96/96
f 97/97/97 98/98/98 99/99/99
f 100/100/100 101/101/101 102/102/102
f 103/103/103 104/104/104 105/105/105
f 106/106/106 107/107/107 108/108/108
f 109/109/109 110/110/110 111/111/111
f 112/112/112 113/113/113 114/114/114
f 115/115/115 116/116/116 117/117/117
f 118/118/118 119/119/119 120/120/120
f 121/121/121 122/122/122 123/123/123
f 124/124/124 125/125/125 126/126/126
f 127/127/127 128/128/128 129/129/129
f 130/130/130 131/131/131 132/132/132
f 133/133/133 134/134/134 135/135/135
f 136/136/136 137/137/137 138/138/138
f 139/139/139 140/140/140 141/141/141
f 142/142/142 143/143/143 144/144/144
f 145/145/145 146/146/146 147/147/147
f 148/148/148 149/149/149 150/150/150
f 151/151/151 152/152/152 153/153/153
f 154/154/154 155/155/155 156/156/156
f 157/157/157 158/158/158 159/159/159
f 160/160/160 161/161/161 162/162/162
f 163/163/163 164/164/164 165/165/165
f 166/166/166 167/167/167 168/168/168
f 169/169/169 170/170/170 171/171/171
f 172/172/172 173/173/173 174/174/174
f 175/175/175 176/176/176 177/177/177
f 178/178/178 179/179/179 180/180/180
f 181/181/181 182/182/182 183/183/183
f 184/184/184 185/185/185 186/186/186
f 187/187/187 188/188/188 189/189/189
f 190/190/190 191/191/191 192/192/192
f 193/193/193 194/194/194 195/195/195
f 196/196/196 197/197/197 198/198/198
f 199/199/199 200/200/200 201/201/201
f 202/202/202 203/203/203 204/204/204
f 205/205/205 206/206/206 207/207/207
f 208/208/208 209/209/209 210/210/210
f 211/211/211 212/212/212 213/213/213
f 214/214/214 215/215/215 216/216/216
f 217/217/217 218/218/218 219/219/219
f 220/220/220 221/221/221 222/222/222
f 223/223/223 224/224/224 225/225/225
f 226/226/226 227/227/227 228/228/228
f 229/229/229 230/230/230 231/231/231
f 232/232/232 233/233/233 234/234/234
f 235/235/235 236/236/236 237/237/237
f 238/238/238 239/239/239 240/240/240
f 241/241/241 242/242/242 243/243/243
f 244/244/244 245/245/245 246/246/246
f 247/247/247 248/248/248 249/249/249
f 250/250/250 251/251/251 252/252/252
f 253/253/253 254/254/254 255/255/255
f 256/256/256 257/257/257 258/258/258
f 259/259/259 260/260/260 261/261/261
f 262/262/262 263/263/263 264/264/264
f 265/265/265 266/266/266 267/267/267
f 268/268/268 269/269/269 270/270/270
f 271/271/271 272/272/272 273/273/273
f 274/274/274 275/275/275 276/276/276
f 277/277/277 278/278/278 279/279/279
f 280/280/280 281/281/281 282/282/282
f 283/283/283 284/284/284 285/285/285
f 286/286/286 287/287/287 288/288/288
f 289/289/289 290/290/290 291/291/291
f 292/292/292 293/293/293 294/294/294
f 295/295/295 296/296/296 297/297/297
f 298/298/298 299/299/299 300/300/300
f 301/301/301 302/302/302 303/303/303
f 304/304/304 305/305/305 306/306/306
f 307/307/307 308/308/308 309/309/309
f 310/310/310 311/311/311 312/312/312
f 313/313/313 314/314/314 315/315/315
f 316/316/316 317/317/317 318/318/318
f 319/319/319 320/320/320 321/321/321
f 322/322/322 323/323/323 324/324/324
o miner_spine
usemtl plate
v -2.309999942779541 1.4800000143051149 -2.200000047683716
v -2.309999942779541 1.4800000143051149 -5.940000057220459
v 0 1.4800000143051149 -5.940000057220459
v -5.940000057220459 1.4800000143051149 2.200000047683716
v -5.940000057220459 1.4800000143051149 -2.200000047683716
v -2.309999942779541 1.4800000143051149 -2.200000047683716
v 0 1.4800000143051149 5.940000057220459
v -2.309999942779541 1.4800000143051149 5.940000057220459
v -2.309999942779541 1.4800000143051149 2.200000047683716
v 2.309999942779541 1.4800000143051149 2.200000047683716
v 2.309999942779541 1.4800000143051149 5.940000057220459
v 0 1.4800000143051149 5.940000057220459
v 5.940000057220459 1.4800000143051149 -2.200000047683716
v 5.940000057220459 1.4800000143051149 2.200000047683716
v 2.309999942779541 1.4800000143051149 2.200000047683716
v 0 1.4800000143051149 -5.940000057220459
v 2.309999942779541 1.4800000143051149 -5.940000057220459
v 2.309999942779541 1.4800000143051149 -2.200000047683716
v -2.309999942779541 1.4800000143051149 2.200000047683716
v -5.940000057220459 1.4800000143051149 2.200000047683716
v -2.309999942779541 1.4800000143051149 -2.200000047683716
v 2.309999942779541 1.4800000143051149 2.200000047683716
v 0 1.4800000143051149 5.940000057220459
v -2.309999942779541 1.4800000143051149 2.200000047683716
v 2.309999942779541 1.4800000143051149 -2.200000047683716
v 5.940000057220459 1.4800000143051149 -2.200000047683716
v 2.309999942779541 1.4800000143051149 2.200000047683716
v -2.309999942779541 1.4800000143051149 -2.200000047683716
v 0 1.4800000143051149 -5.940000057220459
v 2.309999942779541 1.4800000143051149 -2.200000047683716
v 2.309999942779541 1.4800000143051149 2.200000047683716
v -2.309999942779541 1.4800000143051149 2.200000047683716
v -2.309999942779541 1.4800000143051149 -2.200000047683716
v -2.309999942779541 1.4800000143051149 -2.200000047683716
v 2.309999942779541 1.4800000143051149 -2.200000047683716
v 2.309999942779541 1.4800000143051149 2.200000047683716
v 0 4.279999966621399 -5.940000057220459
v -2.309999942779541 4.279999966621399 -5.940000057220459
v -2.309999942779541 4.279999966621399 -2.200000047683716
v -2.309999942779541 4.279999966621399 -2.200000047683716
v -5.940000057220459 4.279999966621399 -2.200000047683716
v -5.940000057220459 4.279999966621399 2.200000047683716
v -2.309999942779541 4.279999966621399 2.200000047683716
v -2.309999942779541 4.279999966621399 5.940000057220459
v 0 4.279999966621399 5.940000057220459
v 0 4.279999966621399 5.940000057220459
v 2.309999942779541 4.279999966621399 5.940000057220459
v 2.309999942779541 4.279999966621399 2.200000047683716
v 2.309999942779541 4.279999966621399 2.200000047683716
v 5.940000057220459 4.279999966621399 2.200000047683716
v 5.940000057220459 4.279999966621399 -2.200000047683716
v 2.309999942779541 4.279999966621399 -2.200000047683716
v 2.309999942779541 4.279999966621399 -5.940000057220459
v 0 4.279999966621399 -5.940000057220459
v -2.309999942779541 4.279999966621399 -2.200000047683716
v -5.940000057220459 4.279999966621399 2.200000047683716
v -2.309999942779541 4.279999966621399 2.200000047683716
v -2.309999942779541 4.279999966621399 2.200000047683716
v 0 4.279999966621399 5.940000057220459
v 2.309999942779541 4.279999966621399 2.200000047683716
v 2.309999942779541 4.279999966621399 2.200000047683716
v 5.940000057220459 4.279999966621399 -2.200000047683716
v 2.309999942779541 4.279999966621399 -2.200000047683716
v 2.309999942779541 4.279999966621399 -2.200000047683716
v 0 4.279999966621399 -5.940000057220459
v -2.309999942779541 4.279999966621399 -2.200000047683716
v -2.309999942779541 4.279999966621399 -2.200000047683716
v -2.309999942779541 4.279999966621399 2.200000047683716
v 2.309999942779541 4.279999966621399 2.200000047683716
v 2.309999942779541 4.279999966621399 2.200000047683716
v 2.309999942779541 4.279999966621399 -2.200000047683716
v -2.309999942779541 4.279999966621399 -2.200000047683716
v -2.309999942779541 1.4800000143051149 -5.940000057220459
v -2.309999942779541 1.4800000143051149 -2.200000047683716
v -2.549999952316284 1.720000023841858 -6.179999828338623
v -2.309999942779541 1.4800000143051149 -2.200000047683716
v -2.549999952316284 1.720000023841858 -2.440000057220459
v -2.549999952316284 1.720000023841858 -6.179999828338623
v -2.549999952316284 1.720000023841858 -6.179999828338623
v -2.549999952316284 1.720000023841858 -2.440000057220459
v -2.549999952316284 4.039999957084656 -6.179999828338623
v -2.549999952316284 1.720000023841858 -2.440000057220459
v -2.549999952316284 4.039999957084656 -2.440000057220459
v -2.549999952316284 4.039999957084656 -6.179999828338623
v -2.549999952316284 4.039999957084656 -6.179999828338623
v -2.549999952316284 4.039999957084656 -2.440000057220459
v -2.309999942779541 4.279999966621399 -5.940000057220459
v -2.549999952316284 4.039999957084656 -2.440000057220459
v -2.309999942779541 4.279999966621399 -2.200000047683716
v -2.309999942779541 4.279999966621399 -5.940000057220459
v -2.309999942779541 1.4800000143051149 -2.200000047683716
v -5.940000057220459 1.4800000143051149 -2.200000047683716
v -2.549999952316284 1.720000023841858 -2.440000057220459
v -5.940000057220459 1.4800000143051149 -2.200000047683716
v -6.179999828338623 1.720000023841858 -2.440000057220459
v -2.549999952316284 1.720000023841858 -2.440000057220459
v -2.549999952316284 1.720000023841858 -2.440000057220459
v -6.179999828338623 1.720000023841858 -2.440000057220459
v -2.549999952316284 4.039999957084656 -2.440000057220459
v -6.179999828338623 1.720000023841858 -2.440000057220459
v -6.179999828338623 4.039999957084656 -2.440000057220459
v -2.549999952316284 4.039999957084656 -2.440000057220459
v -2.549999952316284 4.039999957084656 -2.440000057220459
v -6.179999828338623 4.039999957084656 -2.440000057220459
v -2.309999942779541 4.279999966621399 -2.200000047683716
v -6.179999828338623 4.039999957084656 -2.440000057220459
v -5.940000057220459 4.279999966621399 -2.200000047683716
v -2.309999942779541 4.279999966621399 -2.200000047683716
v -5.940000057220459 1.4800000143051149 -2.200000047683716
v -5.940000057220459 1.4800000143051149 2.200000047683716
v -6.179999828338623 1.720000023841858 -2.440000057220459
v -5.940000057220459 1.4800000143051149 2.200000047683716
v -6.179999828338623 1.720000023841858 2.440000057220459
v -6.179999828338623 1.720000023841858 -2.440000057220459
v -6.179999828338623 1.720000023841858 -2.440000057220459
v -6.179999828338623 1.720000023841858 2.440000057220459
v -6.179999828338623 4.039999957084656 -2.440000057220459
v -6.179999828338623 1.720000023841858 2.440000057220459
v -6.179999828338623 4.039999957084656 2.440000057220459
v -6.179999828338623 4.039999957084656 -2.440000057220459
v -6.179999828338623 4.039999957084656 -2.440000057220459
v -6.179999828338623 4.039999957084656 2.440000057220459
v -5.940000057220459 4.279999966621399 -2.200000047683716
v -6.179999828338623 4.039999957084656 2.440000057220459
v -5.940000057220459 4.279999966621399 2.200000047683716
v -5.940000057220459 4.279999966621399 -2.200000047683716
v -5.940000057220459 1.4800000143051149 2.200000047683716
v -2.309999942779541 1.4800000143051149 2.200000047683716
v -6.179999828338623 1.720000023841858 2.440000057220459
v -2.309999942779541 1.4800000143051149 2.200000047683716
v -2.549999952316284 1.720000023841858 2.440000057220459
v -6.179999828338623 1.720000023841858 2.440000057220459
v -6.179999828338623 1.720000023841858 2.440000057220459
v -2.549999952316284 1.720000023841858 2.440000057220459
v -6.179999828338623 4.039999957084656 2.440000057220459
v -2.549999952316284 1.720000023841858 2.440000057220459
v -2.549999952316284 4.039999957084656 2.440000057220459
v -6.179999828338623 4.039999957084656 2.440000057220459
v -6.179999828338623 4.039999957084656 2.440000057220459
v -2.549999952316284 4.039999957084656 2.440000057220459
v -5.940000057220459 4.279999966621399 2.200000047683716
v -2.549999952316284 4.039999957084656 2.440000057220459
v -2.309999942779541 4.279999966621399 2.200000047683716
v -5.940000057220459 4.279999966621399 2.200000047683716
v -2.309999942779541 1.4800000143051149 2.200000047683716
v -2.309999942779541 1.4800000143051149 5.940000057220459
v -2.549999952316284 1.720000023841858 2.440000057220459
v -2.309999942779541 1.4800000143051149 5.940000057220459
v -2.549999952316284 1.720000023841858 6.179999828338623
v -2.549999952316284 1.720000023841858 2.440000057220459
v -2.549999952316284 1.720000023841858 2.440000057220459
v -2.549999952316284 1.720000023841858 6.179999828338623
v -2.549999952316284 4.039999957084656 2.440000057220459
v -2.549999952316284 1.720000023841858 6.179999828338623
v -2.549999952316284 4.039999957084656 6.179999828338623
v -2.549999952316284 4.039999957084656 2.440000057220459
v -2.549999952316284 4.039999957084656 2.440000057220459
v -2.549999952316284 4.039999957084656 6.179999828338623
v -2.309999942779541 4.279999966621399 2.200000047683716
v -2.549999952316284 4.039999957084656 6.179999828338623
v -2.309999942779541 4.279999966621399 5.940000057220459
v -2.309999942779541 4.279999966621399 2.200000047683716
v -2.309999942779541 1.4800000143051149 5.940000057220459
v 0 1.4800000143051149 5.940000057220459
v -2.549999952316284 1.720000023841858 6.179999828338623
v 0 1.4800000143051149 5.940000057220459
v 0 1.720000023841858 6.179999828338623
v -2.549999952316284 1.720000023841858 6.179999828338623
v -2.549999952316284 1.720000023841858 6.179999828338623
v 0 1.720000023841858 6.179999828338623
v -2.549999952316284 4.039999957084656 6.179999828338623
v 0 1.720000023841858 6.179999828338623
v 0 4.039999957084656 6.179999828338623
v -2.549999952316284 4.039999957084656 6.179999828338623
v -2.549999952316284 4.039999957084656 6.179999828338623
v 0 4.039999957084656 6.179999828338623
v -2.309999942779541 4.279999966621399 5.940000057220459
v 0 4.039999957084656 6.179999828338623
v 0 4.279999966621399 5.940000057220459
v -2.309999942779541 4.279999966621399 5.940000057220459
v 0 1.4800000143051149 5.940000057220459
v 2.309999942779541 1.4800000143051149 5.940000057220459
v 0 1.720000023841858 6.179999828338623
v 2.309999942779541 1.4800000143051149 5.940000057220459
v 2.549999952316284 1.720000023841858 6.179999828338623
v 0 1.720000023841858 6.179999828338623
v 0 1.720000023841858 6.179999828338623
v 2.549999952316284 1.720000023841858 6.179999828338623
v 0 4.039999957084656 6.179999828338623
v 2.549999952316284 1.720000023841858 6.179999828338623
v 2.549999952316284 4.039999957084656 6.179999828338623
v 0 4.039999957084656 6.179999828338623
v 0 4.039999957084656 6.179999828338623
v 2.549999952316284 4.039999957084656 6.179999828338623
v 0 4.279999966621399 5.940000057220459
v 2.549999952316284 4.039999957084656 6.179999828338623
v 2.309999942779541 4.279999966621399 5.940000057220459
v 0 4.279999966621399 5.940000057220459
v 2.309999942779541 1.4800000143051149 5.940000057220459
v 2.309999942779541 1.4800000143051149 2.200000047683716
v 2.549999952316284 1.720000023841858 6.179999828338623
v 2.309999942779541 1.4800000143051149 2.200000047683716
v 2.549999952316284 1.720000023841858 2.440000057220459
v 2.549999952316284 1.720000023841858 6.179999828338623
v 2.549999952316284 1.720000023841858 6.179999828338623
v 2.549999952316284 1.720000023841858 2.440000057220459
v 2.549999952316284 4.039999957084656 6.179999828338623
v 2.549999952316284 1.720000023841858 2.440000057220459
v 2.549999952316284 4.039999957084656 2.440000057220459
v 2.549999952316284 4.039999957084656 6.179999828338623
v 2.549999952316284 4.039999957084656 6.179999828338623
v 2.549999952316284 4.039999957084656 2.440000057220459
v 2.309999942779541 4.279999966621399 5.940000057220459
v 2.549999952316284 4.039999957084656 2.440000057220459
v 2.309999942779541 4.279999966621399 2.200000047683716
v 2.309999942779541 4.279999966621399 5.940000057220459
v 2.309999942779541 1.4800000143051149 2.200000047683716
v 5.940000057220459 1.4800000143051149 2.200000047683716
v 2.549999952316284 1.720000023841858 2.440000057220459
v 5.940000057220459 1.4800000143051149 2.200000047683716
v 6.179999828338623 1.720000023841858 2.440000057220459
v 2.549999952316284 1.720000023841858 2.440000057220459
v 2.549999952316284 1.720000023841858 2.440000057220459
v 6.179999828338623 1.720000023841858 2.440000057220459
v 2.549999952316284 4.039999957084656 2.440000057220459
v 6.179999828338623 1.720000023841858 2.440000057220459
v 6.179999828338623 4.039999957084656 2.440000057220459
v 2.549999952316284 4.039999957084656 2.440000057220459
v 2.549999952316284 4.039999957084656 2.440000057220459
v 6.179999828338623 4.039999957084656 2.440000057220459
v 2.309999942779541 4.279999966621399 2.200000047683716
v 6.179999828338623 4.039999957084656 2.440000057220459
v 5.940000057220459 4.279999966621399 2.200000047683716
v 2.309999942779541 4.279999966621399 2.200000047683716
v 5.940000057220459 1.4800000143051149 2.200000047683716
v 5.940000057220459 1.4800000143051149 -2.200000047683716
v 6.179999828338623 1.720000023841858 2.440000057220459
v 5.940000057220459 1.4800000143051149 -2.200000047683716
v 6.179999828338623 1.720000023841858 -2.440000057220459
v 6.179999828338623 1.720000023841858 2.440000057220459
v 6.179999828338623 1.720000023841858 2.440000057220459
v 6.179999828338623 1.720000023841858 -2.440000057220459
v 6.179999828338623 4.039999957084656 2.440000057220459
v 6.179999828338623 1.720000023841858 -2.440000057220459
v 6.179999828338623 4.039999957084656 -2.440000057220459
v 6.179999828338623 4.039999957084656 2.440000057220459
v 6.179999828338623 4.039999957084656 2.440000057220459
v 6.179999828338623 4.039999957084656 -2.440000057220459
v 5.940000057220459 4.279999966621399 2.200000047683716
v 6.179999828338623 4.039999957084656 -2.440000057220459
v 5.940000057220459 4.279999966621399 -2.200000047683716
v 5.940000057220459 4.279999966621399 2.200000047683716
v 5.940000057220459 1.4800000143051149 -2.200000047683716
v 2.309999942779541 1.4800000143051149 -2.200000047683716
v 6.179999828338623 1.720000023841858 -2.440000057220459
v 2.309999942779541 1.4800000143051149 -2.200000047683716
v 2.549999952316284 1.720000023841858 -2.440000057220459
v 6.179999828338623 1.720000023841858 -2.440000057220459
v 6.179999828338623 1.720000023841858 -2.440000057220459
v 2.549999952316284 1.720000023841858 -2.440000057220459
v 6.179999828338623 4.039999957084656 -2.440000057220459
v 2.549999952316284 1.720000023841858 -2.440000057220459
v 2.549999952316284 4.039999957084656 -2.440000057220459
v 6.179999828338623 4.039999957084656 -2.440000057220459
v 6.179999828338623 4.039999957084656 -2.440000057220459
v 2.549999952316284 4.039999957084656 -2.440000057220459
v 5.940000057220459 4.279999966621399 -2.200000047683716
v 2.549999952316284 4.039999957084656 -2.440000057220459
v 2.309999942779541 4.279999966621399 -2.200000047683716
v 5.940000057220459 4.279999966621399 -2.200000047683716
v 2.309999942779541 1.4800000143051149 -2.200000047683716
v 2.309999942779541 1.4800000143051149 -5.940000057220459
v 2.549999952316284 1.720000023841858 -2.440000057220459
v 2.309999942779541 1.4800000143051149 -5.940000057220459
v 2.549999952316284 1.720000023841858 -6.179999828338623
v 2.549999952316284 1.720000023841858 -2.440000057220459
v 2.549999952316284 1.720000023841858 -2.440000057220459
v 2.549999952316284 1.720000023841858 -6.179999828338623
v 2.549999952316284 4.039999957084656 -2.440000057220459
v 2.549999952316284 1.720000023841858 -6.179999828338623
v 2.549999952316284 4.039999957084656 -6.179999828338623
v 2.549999952316284 4.039999957084656 -2.440000057220459
v 2.549999952316284 4.039999957084656 -2.440000057220459
v 2.549999952316284 4.039999957084656 -6.179999828338623
v 2.309999942779541 4.279999966621399 -2.200000047683716
v 2.549999952316284 4.039999957084656 -6.179999828338623
v 2.309999942779541 4.279999966621399 -5.940000057220459
v 2.309999942779541 4.279999966621399 -2.200000047683716
v 2.309999942779541 1.4800000143051149 -5.940000057220459
v 0 1.4800000143051149 -5.940000057220459
v 2.549999952316284 1.720000023841858 -6.179999828338623
v 0 1.4800000143051149 -5.940000057220459
v 0 1.720000023841858 -6.179999828338623
v 2.549999952316284 1.720000023841858 -6.179999828338623
v 2.549999952316284 1.720000023841858 -6.179999828338623
v 0 1.720000023841858 -6.179999828338623
v 2.549999952316284 4.039999957084656 -6.179999828338623
v 0 1.720000023841858 -6.179999828338623
v 0 4.039999957084656 -6.179999828338623
v 2.549999952316284 4.039999957084656 -6.179999828338623
v 2.549999952316284 4.039999957084656 -6.179999828338623
v 0 4.039999957084656 -6.179999828338623
v 2.309999942779541 4.279999966621399 -5.940000057220459
v 0 4.039999957084656 -6.179999828338623
v 0 4.279999966621399 -5.940000057220459
v 2.309999942779541 4.279999966621399 -5.940000057220459
v 0 1.4800000143051149 -5.940000057220459
v -2.309999942779541 1.4800000143051149 -5.940000057220459
v 0 1.720000023841858 -6.179999828338623
v -2.309999942779541 1.4800000143051149 -5.940000057220459
v -2.549999952316284 1.720000023841858 -6.179999828338623
v 0 1.720000023841858 -6.179999828338623
v 0 1.720000023841858 -6.179999828338623
v -2.549999952316284 1.720000023841858 -6.179999828338623
v 0 4.039999957084656 -6.179999828338623
v -2.549999952316284 1.720000023841858 -6.179999828338623
v -2.549999952316284 4.039999957084656 -6.179999828338623
v 0 4.039999957084656 -6.179999828338623
v 0 4.039999957084656 -6.179999828338623
v -2.549999952316284 4.039999957084656 -6.179999828338623
v 0 4.279999966621399 -5.940000057220459
v -2.549999952316284 4.039999957084656 -6.179999828338623
v -2.309999942779541 4.279999966621399 -5.940000057220459
v 0 4.279999966621399 -5.940000057220459
vt -0.5774999856948853 0.550000011920929
vt -0.5774999856948853 1.4850000143051147
vt 0 1.4850000143051147
vt -1.4850000143051147 -0.550000011920929
vt -1.4850000143051147 0.550000011920929
vt -0.5774999856948853 0.550000011920929
vt 0 -1.4850000143051147
vt -0.5774999856948853 -1.4850000143051147
vt -0.5774999856948853 -0.550000011920929
vt 0.5774999856948853 -0.550000011920929
vt 0.5774999856948853 -1.4850000143051147
vt 0 -1.4850000143051147
vt 1.4850000143051147 0.550000011920929
vt 1.4850000143051147 -0.550000011920929
vt 0.5774999856948853 -0.550000011920929
vt 0 1.4850000143051147
vt 0.5774999856948853 1.4850000143051147
vt 0.5774999856948853 0.550000011920929
vt -0.5774999856948853 -0.550000011920929
vt -1.4850000143051147 -0.550000011920929
vt -0.5774999856948853 0.550000011920929
vt 0.5774999856948853 -0.550000011920929
vt 0 -1.4850000143051147
vt -0.5774999856948853 -0.550000011920929
vt 0.5774999856948853 0.550000011920929
vt 1.4850000143051147 0.550000011920929
vt 0.5774999856948853 -0.550000011920929
vt -0.5774999856948853 0.550000011920929
vt 0 1.4850000143051147
vt 0.5774999856948853 0.550000011920929
vt 0.5774999856948853 -0.550000011920929
vt -0.5774999856948853 -0.550000011920929
vt -0.5774999856948853 0.550000011920929
vt -0.5774999856948853 0.550000011920929
vt 0.5774999856948853 0.550000011920929
vt 0.5774999856948853 -0.550000011920929
vt 0 1.4850000143051147
vt -0.5774999856948853 1.4850000143051147
vt -0.5774999856948853 0.550000011920929
vt -0.5774999856948853 0.550000011920929
vt -1.4850000143051147 0.550000011920929
vt -1.4850000143051147 -0.550000011920929
vt -0.5774999856948853 -0.550000011920929
vt -0.5774999856948853 -1.4850000143051147
vt 0 -1.4850000143051147
vt 0 -1.4850000143051147
vt 0.5774999856948853 -1.4850000143051147
vt 0.5774999856948853 -0.550000011920929
vt 0.5774999856948853 -0.550000011920929
vt 1.4850000143051147 -0.550000011920929
vt 1.4850000143051147 0.550000011920929
vt 0.5774999856948853 0.550000011920929
vt 0.5774999856948853 1.4850000143051147
vt 0 1.4850000143051147
vt -0.5774999856948853 0.550000011920929
vt -1.4850000143051147 -0.550000011920929
vt -0.5774999856948853 -0.550000011920929
vt -0.5774999856948853 -0.550000011920929
vt 0 -1.4850000143051147
vt 0.5774999856948853 -0.550000011920929
vt 0.5774999856948853 -0.550000011920929
vt 1.4850000143051147 0.550000011920929
vt 0.5774999856948853 0.550000011920929
vt 0.5774999856948853 0.550000011920929
vt 0 1.4850000143051147
vt -0.5774999856948853 0.550000011920929
vt -0.5774999856948853 0.550000011920929
vt -0.5774999856948853 -0.550000011920929
vt 0.5774999856948853 -0.550000011920929
vt 0.5774999856948853 -0.550000011920929
vt 0.5774999856948853 0.550000011920929
vt -0.5774999856948853 0.550000011920929
vt 1.4850000143051147 1.059999942779541
vt 0.550000011920929 1.059999942779541
vt 1.5449999570846558 1
vt 0.550000011920929 1.059999942779541
vt 0.6100000143051147 1
vt 1.5449999570846558 1
vt 1.5449999570846558 1
vt 0.6100000143051147 1
vt 1.5449999570846558 0.41999998688697815
vt 0.6100000143051147 1
vt 0.6100000143051147 0.41999998688697815
vt 1.5449999570846558 0.41999998688697815
vt 1.5449999570846558 0.41999998688697815
vt 0.6100000143051147 0.41999998688697815
vt 1.4850000143051147 0.36000001430511475
vt 0.6100000143051147 0.41999998688697815
vt 0.550000011920929 0.36000001430511475
vt 1.4850000143051147 0.36000001430511475
vt -0.5774999856948853 1.059999942779541
vt -1.4850000143051147 1.059999942779541
vt -0.637499988079071 1
vt -1.4850000143051147 1.059999942779541
vt -1.5449999570846558 1
vt -0.637499988079071 1
vt -0.637499988079071 1
vt -1.5449999570846558 1
vt -0.637499988079071 0.41999998688697815
vt -1.5449999570846558 1
vt -1.5449999570846558 0.41999998688697815
vt -0.637499988079071 0.41999998688697815
vt -0.637499988079071 0.41999998688697815
vt -1.5449999570846558 0.41999998688697815
vt -0.5774999856948853 0.36000001430511475
vt -1.5449999570846558 0.41999998688697815
vt -1.4850000143051147 0.36000001430511475
vt -0.5774999856948853 0.36000001430511475
vt 0.550000011920929 1.059999942779541
vt -0.550000011920929 1.059999942779541
vt 0.6100000143051147 1
vt -0.550000011920929 1.059999942779541
vt -0.6100000143051147 1
vt 0.6100000143051147 1
vt 0.6100000143051147 1
vt -0.6100000143051147 1
vt 0.6100000143051147 0.41999998688697815
vt -0.6100000143051147 1
vt -0.6100000143051147 0.41999998688697815
vt 0.6100000143051147 0.41999998688697815
vt 0.6100000143051147 0.41999998688697815
vt -0.6100000143051147 0.41999998688697815
vt 0.550000011920929 0.36000001430511475
vt -0.6100000143051147 0.41999998688697815
vt -0.550000011920929 0.36000001430511475
vt 0.550000011920929 0.36000001430511475
vt -1.4850000143051147 1.059999942779541
vt -0.5774999856948853 1.059999942779541
vt -1.5449999570846558 1
vt -0.5774999856948853 1.059999942779541
vt -0.637499988079071 1
vt -1.5449999570846558 1
vt -1.5449999570846558 1
vt -0.637499988079071 1
vt -1.5449999570846558 0.41999998688697815
vt -0.637499988079071 1
vt -0.637499988079071 0.41999998688697815
vt -1.5449999570846558 0.41999998688697815
vt -1.5449999570846558 0.41999998688697815
vt -0.637499988079071 0.41999998688697815
vt -1.4850000143051147 0.36000001430511475
vt -0.637499988079071 0.41999998688697815
vt -0.5774999856948853 0.36000001430511475
vt -1.4850000143051147 0.36000001430511475
vt -0.550000011920929 1.059999942779541
vt -1.4850000143051147 1.059999942779541
vt -0.6100000143051147 1
vt -1.4850000143051147 1.059999942779541
vt -1.5449999570846558 1
vt -0.6100000143051147 1
vt -0.6100000143051147 1
vt -1.5449999570846558 1
vt -0.6100000143051147 0.41999998688697815
vt -1.5449999570846558 1
vt -1.5449999570846558 0.41999998688697815
vt -0.6100000143051147 0.41999998688697815
vt -0.6100000143051147 0.41999998688697815
vt -1.5449999570846558 0.41999998688697815
vt -0.550000011920929 0.36000001430511475
vt -1.5449999570846558 0.41999998688697815
vt -1.4850000143051147 0.36000001430511475
vt -0.550000011920929 0.36000001430511475
vt -0.5774999856948853 1.059999942779541
vt 0 1.059999942779541
vt -0.637499988079071 1
vt 0 1.059999942779541
vt 0 1
vt -0.637499988079071 1
vt -0.637499988079071 1
vt 0 1
vt -0.637499988079071 0.41999998688697815
vt 0 1
vt 0 0.41999998688697815
vt -0.637499988079071 0.41999998688697815
vt -0.637499988079071 0.41999998688697815
vt 0 0.41999998688697815
vt -0.5774999856948853 0.36000001430511475
vt 0 0.41999998688697815
vt 0 0.36000001430511475
vt -0.5774999856948853 0.36000001430511475
vt 0 1.059999942779541
vt 0.5774999856948853 1.059999942779541
vt 0 1
vt 0.5774999856948853 1.059999942779541
vt 0.637499988079071 1
vt 0 1
vt 0 1
vt 0.637499988079071 1
vt 0 0.41999998688697815
vt 0.637499988079071 1
vt 0.637499988079071 0.41999998688697815
vt 0 0.41999998688697815
vt 0 0.41999998688697815
vt 0.637499988079071 0.41999998688697815
vt 0 0.36000001430511475
vt 0.637499988079071 0.41999998688697815
vt 0.5774999856948853 0.36000001430511475
vt 0 0.36000001430511475
vt -1.4850000143051147 1.059999942779541
vt -0.550000011920929 1.059999942779541
vt -1.5449999570846558 1
vt -0.550000011920929 1.059999942779541
vt -0.6100000143051147 1
vt -1.5449999570846558 1
vt -1.5449999570846558 1
vt -0.6100000143051147 1
vt -1.5449999570846558 0.41999998688697815
vt -0.6100000143051147 1
vt -0.6100000143051147 0.41999998688697815
vt -1.5449999570846558 0.41999998688697815
vt -1.5449999570846558 0.41999998688697815
vt -0.6100000143051147 0.41999998688697815
vt -1.4850000143051147 0.36000001430511475
vt -0.6100000143051147 0.41999998688697815
vt -0.550000011920929 0.36000001430511475
vt -1.4850000143051147 0.36000001430511475
vt 0.5774999856948853 1.059999942779541
vt 1.4850000143051147 1.059999942779541
vt 0.637499988079071 1
vt 1.4850000143051147 1.059999942779541
vt 1.5449999570846558 1
vt 0.637499988079071 1
vt 0.637499988079071 1
vt 1.5449999570846558 1
vt 0.637499988079071 0.41999998688697815
vt 1.5449999570846558 1
vt 1.5449999570846558 0.41999998688697815
vt 0.637499988079071 0.41999998688697815
vt 0.637499988079071 0.41999998688697815
vt 1.5449999570846558 0.41999998688697815
vt 0.5774999856948853 0.36000001430511475
vt 1.5449999570846558 0.41999998688697815
vt 1.4850000143051147 0.36000001430511475
vt 0.5774999856948853 0.36000001430511475
vt -0.550000011920929 1.059999942779541
vt 0.550000011920929 1.059999942779541
vt -0.6100000143051147 1
vt 0.550000011920929 1.059999942779541
vt 0.6100000143051147 1
vt -0.6100000143051147 1
vt -0.6100000143051147 1
vt 0.6100000143051147 1
vt -0.6100000143051147 0.41999998688697815
vt 0.6100000143051147 1
vt 0.6100000143051147 0.41999998688697815
vt -0.6100000143051147 0.41999998688697815
vt -0.6100000143051147 0.41999998688697815
vt 0.6100000143051147 0.41999998688697815
vt -0.550000011920929 0.36000001430511475
vt 0.6100000143051147 0.41999998688697815
vt 0.550000011920929 0.36000001430511475
vt -0.550000011920929 0.36000001430511475
vt 1.4850000143051147 1.059999942779541
vt 0.5774999856948853 1.059999942779541
vt 1.5449999570846558 1
vt 0.5774999856948853 1.059999942779541
vt 0.637499988079071 1
vt 1.5449999570846558 1
vt 1.5449999570846558 1
vt 0.637499988079071 1
vt 1.5449999570846558 0.41999998688697815
vt 0.637499988079071 1
vt 0.637499988079071 0.41999998688697815
vt 1.5449999570846558 0.41999998688697815
vt 1.5449999570846558 0.41999998688697815
vt 0.637499988079071 0.41999998688697815
vt 1.4850000143051147 0.36000001430511475
vt 0.637499988079071 0.41999998688697815
vt 0.5774999856948853 0.36000001430511475
vt 1.4850000143051147 0.36000001430511475
vt 0.550000011920929 1.059999942779541
vt 1.4850000143051147 1.059999942779541
vt 0.6100000143051147 1
vt 1.4850000143051147 1.059999942779541
vt 1.5449999570846558 1
vt 0.6100000143051147 1
vt 0.6100000143051147 1
vt 1.5449999570846558 1
vt 0.6100000143051147 0.41999998688697815
vt 1.5449999570846558 1
vt 1.5449999570846558 0.41999998688697815
vt 0.6100000143051147 0.41999998688697815
vt 0.6100000143051147 0.41999998688697815
vt 1.5449999570846558 0.41999998688697815
vt 0.550000011920929 0.36000001430511475
vt 1.5449999570846558 0.41999998688697815
vt 1.4850000143051147 0.36000001430511475
vt 0.550000011920929 0.36000001430511475
vt 0.5774999856948853 1.059999942779541
vt 0 1.059999942779541
vt 0.637499988079071 1
vt 0 1.059999942779541
vt 0 1
vt 0.637499988079071 1
vt 0.637499988079071 1
vt 0 1
vt 0.637499988079071 0.41999998688697815
vt 0 1
vt 0 0.41999998688697815
vt 0.637499988079071 0.41999998688697815
vt 0.637499988079071 0.41999998688697815
vt 0 0.41999998688697815
vt 0.5774999856948853 0.36000001430511475
vt 0 0.41999998688697815
vt 0 0.36000001430511475
vt 0.5774999856948853 0.36000001430511475
vt 0 1.059999942779541
vt -0.5774999856948853 1.059999942779541
vt 0 1
vt -0.5774999856948853 1.059999942779541
vt -0.637499988079071 1
vt 0 1
vt 0 1
vt -0.637499988079071 1
vt 0 0.41999998688697815
vt -0.637499988079071 1
vt -0.637499988079071 0.41999998688697815
vt 0 0.41999998688697815
vt 0 0.41999998688697815
vt -0.637499988079071 0.41999998688697815
vt 0 0.36000001430511475
vt -0.637499988079071 0.41999998688697815
vt -0.5774999856948853 0.36000001430511475
vt 0 0.36000001430511475
vn 0 -1 -6.123234262925839e-17
vn 0 -1 -6.123234262925839e-17
vn 0 -1 -6.123234262925839e-17
vn 0 -1 -6.123234262925839e-17
vn 0 -1 -6.123234262925839e-17
vn 0 -1 -6.123234262925839e-17
vn 0 -1 -6.123234262925839e-17
vn 0 -1 -6.123234262925839e-17
vn 0 -1 -6.123234262925839e-17
vn 0 -1 -6.123234262925839e-17
vn 0 -1 -6.123234262925839e-17
vn 0 -1 -6.123234262925839e-17
vn 0 -1 -6.123234262925839e-17
vn 0 -1 -6.123234262925839e-17
vn 0 -1 -6.123234262925839e-17
vn 0 -1 -6.123234262925839e-17
vn 0 -1 -6.123234262925839e-17
vn 0 -1 -6.123234262925839e-17
vn 0 -1 -6.123234262925839e-17
vn 0 -1 -6.123234262925839e-17
vn 0 -1 -6.123234262925839e-17
vn 0 -1 -6.123234262925839e-17
vn 0 -1 -6.123234262925839e-17
vn 0 -1 -6.123234262925839e-17
vn 0 -1 -6.123234262925839e-17
vn 0 -1 -6.123234262925839e-17
vn 0 -1 -6.123234262925839e-17
vn 0 -1 -6.123234262925839e-17
vn 0 -1 -6.123234262925839e-17
vn 0 -1 -6.123234262925839e-17
vn 0 -1 -6.123234262925839e-17
vn 0 -1 -6.123234262925839e-17
vn 0 -1 -6.123234262925839e-17
vn 0 -1 -6.123234262925839e-17
vn 0 -1 -6.123234262925839e-17
vn 0 -1 -6.123234262925839e-17
vn 0 1 6.123234262925839e-17
vn 0 1 6.123234262925839e-17
vn 0 1 6.123234262925839e-17
vn 0 1 6.123234262925839e-17
vn 0 1 6.123234262925839e-17
vn 0 1 6.123234262925839e-17
vn 0 1 6.123234262925839e-17
vn 0 1 6.123234262925839e-17
vn 0 1 6.123234262925839e-17
vn 0 1 6.123234262925839e-17
vn 0 1 6.123234262925839e-17
vn 0 1 6.123234262925839e-17
vn 0 1 6.123234262925839e-17
vn 0 1 6.123234262925839e-17
vn 0 1 6.123234262925839e-17
vn 0 1 6.123234262925839e-17
vn 0 1 6.123234262925839e-17
vn 0 1 6.123234262925839e-17
vn 0 1 6.123234262925839e-17
vn 0 1 6.123234262925839e-17
vn 0 1 6.123234262925839e-17
vn 0 1 6.123234262925839e-17
vn 0 1 6.123234262925839e-17
vn 0 1 6.123234262925839e-17
vn 0 1 6.123234262925839e-17
vn 0 1 6.123234262925839e-17
vn 0 1 6.123234262925839e-17
vn 0 1 6.123234262925839e-17
vn 0 1 6.123234262925839e-17
vn 0 1 6.123234262925839e-17
vn 0 1 6.123234262925839e-17
vn 0 1 6.123234262925839e-17
vn 0 1 6.123234262925839e-17
vn 0 1 6.123234262925839e-17
vn 0 1 6.123234262925839e-17
vn 0 1 6.123234262925839e-17
vn -0.7071067513842252 -0.7071068109888685 -4.329780193327715e-17
vn -0.7071067513842252 -0.7071068109888685 -4.329780193327715e-17
vn -0.7071067513842252 -0.7071068109888685 -4.329780193327715e-17
vn -0.7071067513842252 -0.7071068109888685 -4.329780193327715e-17
vn -0.7071067513842252 -0.7071068109888685 -4.329780193327715e-17
vn -0.7071067513842252 -0.7071068109888685 -4.329780193327715e-17
vn -1 0 0
vn -1 0 0
vn -1 0 0
vn -1 0 0
vn -1 0 0
vn -1 0 0
vn -0.7071067811865476 0.7071067811865476 4.329780375814312e-17
vn -0.7071067811865476 0.7071067811865476 4.329780375814312e-17
vn -0.7071067811865476 0.7071067811865476 4.329780375814312e-17
vn -0.7071067811865476 0.7071067811865476 4.329780375814312e-17
vn -0.7071067811865476 0.7071067811865476 4.329780375814312e-17
vn -0.7071067811865476 0.7071067811865476 4.329780375814312e-17
vn 0 -0.7071068109888685 -0.7071067513842252
vn 0 -0.7071068109888685 -0.7071067513842252
vn 0 -0.7071068109888685 -0.7071067513842252
vn 0 -0.7071068109888685 -0.7071067513842252
vn 0 -0.7071068109888685 -0.7071067513842252
vn 0 -0.7071068109888685 -0.7071067513842252
vn 0 6.123234262925839e-17 -1
vn 0 6.123234262925839e-17 -1
vn 0 6.123234262925839e-17 -1
vn 0 6.123234262925839e-17 -1
vn 0 6.123234262925839e-17 -1
vn 0 6.123234262925839e-17 -1
vn 0 0.7071067811865476 -0.7071067811865476
vn 0 0.7071067811865476 -0.7071067811865476
vn 0 0.7071067811865476 -0.7071067811865476
vn 0 0.7071067811865476 -0.7071067811865476
vn 0 0.7071067811865476 -0.7071067811865476
vn 0 0.7071067811865476 -0.7071067811865476
vn -0.7071071090120096 -0.7071064533609335 -4.329778208093833e-17
vn -0.7071071090120096 -0.7071064533609335 -4.329778208093833e-17
vn -0.7071071090120096 -0.7071064533609335 -4.329778208093833e-17
vn -0.7071071090120096 -0.7071064533609335 -4.329778208093833e-17
vn -0.7071071090120096 -0.7071064533609335 -4.329778208093833e-17
vn -0.7071071090120096 -0.7071064533609335 -4.329778208093833e-17
vn -1 0 0
vn -1 0 0
vn -1 0 0
vn -1 0 0
vn -1 0 0
vn -1 0 0
vn -0.7071071090120096 0.7071064533609335 4.329778208093833e-17
vn -0.7071071090120096 0.7071064533609335 4.329778208093833e-17
vn -0.7071071090120096 0.7071064533609335 4.329778208093833e-17
vn -0.7071071388143318 0.7071064235585823 4.329778059708003e-17
vn -0.7071071388143318 0.7071064235585823 4.329778059708003e-17
vn -0.7071071388143318 0.7071064235585823 4.329778059708003e-17
vn 0 -0.7071068109888685 0.7071067513842252
vn 0 -0.7071068109888685 0.7071067513842252
vn 0 -0.7071068109888685 0.7071067513842252
vn 0 -0.7071068109888685 0.7071067513842252
vn 0 -0.7071068109888685 0.7071067513842252
vn 0 -0.7071068109888685 0.7071067513842252
vn 0 -6.123234262925839e-17 1
vn 0 -6.123234262925839e-17 1
vn 0 -6.123234262925839e-17 1
vn 0 -6.123234262925839e-17 1
vn 0 -6.123234262925839e-17 1
vn 0 -6.123234262925839e-17 1
vn 0 0.7071067811865476 0.7071067811865476
vn 0 0.7071067811865476 0.7071067811865476
vn 0 0.7071067811865476 0.7071067811865476
vn 0 0.7071067811865476 0.7071067811865476
vn 0 0.7071067811865476 0.7071067811865476
vn 0 0.7071067811865476 0.7071067811865476
vn -0.7071067513842252 -0.7071068109888685 -4.329780193327715e-17
vn -0.7071067513842252 -0.7071068109888685 -4.329780193327715e-17
vn -0.7071067513842252 -0.7071068109888685 -4.329780193327715e-17
vn -0.7071067513842252 -0.7071068109888685 -4.329780193327715e-17
vn -0.7071067513842252 -0.7071068109888685 -4.329780193327715e-17
vn -0.7071067513842252 -0.7071068109888685 -4.329780193327715e-17
vn -1 0 0
vn -1 0 0
vn -1 0 0
vn -1 0 0
vn -1 0 0
vn -1 0 0
vn -0.7071067811865476 0.7071067811865476 4.329780375814312e-17
vn -0.7071067811865476 0.7071067811865476 4.329780375814312e-17
vn -0.7071067811865476 0.7071067811865476 4.329780375814312e-17
vn -0.7071067811865476 0.7071067811865476 4.329780375814312e-17
vn -0.7071067811865476 0.7071067811865476 4.329780375814312e-17
vn -0.7071067811865476 0.7071067811865476 4.329780375814312e-17
vn 0 -0.7071064235585823 0.7071071388143318
vn 0 -0.7071064235585823 0.7071071388143318
vn 0 -0.7071064235585823 0.7071071388143318
vn 0 -0.7071064235585823 0.7071071388143318
vn 0 -0.7071064235585823 0.7071071388143318
vn 0 -0.7071064235585823 0.7071071388143318
vn 0 -6.123234262925839e-17 1
vn 0 -6.123234262925839e-17 1
vn 0 -6.123234262925839e-17 1
vn 0 -6.123234262925839e-17 1
vn 0 -6.123234262925839e-17 1
vn 0 -6.123234262925839e-17 1
vn 0 0.7071064235585823 0.7071071388143318
vn 0 0.7071064235585823 0.7071071388143318
vn 0 0.7071064235585823 0.7071071388143318
vn 0 0.70710639375626 0.7071071686166227
vn 0 0.70710639375626 0.7071071686166227
vn 0 0.70710639375626 0.7071071686166227
vn 0 -0.7071064235585823 0.7071071388143318
vn 0 -0.7071064235585823 0.7071071388143318
vn 0 -0.7071064235585823 0.7071071388143318
vn 0 -0.7071064235585823 0.7071071388143318
vn 0 -0.7071064235585823 0.7071071388143318
vn 0 -0.7071064235585823 0.7071071388143318
vn 0 -6.123234262925839e-17 1
vn 0 -6.123234262925839e-17 1
vn 0 -6.123234262925839e-17 1
vn 0 -6.123234262925839e-17 1
vn 0 -6.123234262925839e-17 1
vn 0 -6.123234262925839e-17 1
vn 0 0.7071064235585823 0.7071071388143318
vn 0 0.7071064235585823 0.7071071388143318
vn 0 0.7071064235585823 0.7071071388143318
vn 0 0.70710639375626 0.7071071686166227
vn 0 0.70710639375626 0.7071071686166227
vn 0 0.70710639375626 0.7071071686166227
vn 0.7071067513842252 -0.7071068109888685 -4.329780193327715e-17
vn 0.7071067513842252 -0.7071068109888685 -4.329780193327715e-17
vn 0.7071067513842252 -0.7071068109888685 -4.329780193327715e-17
vn 0.7071067513842252 -0.7071068109888685 -4.329780193327715e-17
vn 0.7071067513842252 -0.7071068109888685 -4.329780193327715e-17
vn 0.7071067513842252 -0.7071068109888685 -4.329780193327715e-17
vn 1 0 0
vn 1 0 0
vn 1 0 0
vn 1 0 0
vn 1 0 0
vn 1 0 0
vn 0.7071067811865476 0.7071067811865476 4.329780375814312e-17
vn 0.7071067811865476 0.7071067811865476 4.329780375814312e-17
vn 0.7071067811865476 0.7071067811865476 4.329780375814312e-17
vn 0.7071067811865476 0.7071067811865476 4.329780375814312e-17
vn 0.7071067811865476 0.7071067811865476 4.329780375814312e-17
vn 0.7071067811865476 0.7071067811865476 4.329780375814312e-17
vn 0 -0.7071068109888685 0.7071067513842252
vn 0 -0.7071068109888685 0.7071067513842252
vn 0 -0.7071068109888685 0.7071067513842252
vn 0 -0.7071068109888685 0.7071067513842252
vn 0 -0.7071068109888685 0.7071067513842252
vn 0 -0.7071068109888685 0.7071067513842252
vn 0 -6.123234262925839e-17 1
vn 0 -6.123234262925839e-17 1
vn 0 -6.123234262925839e-17 1
vn 0 -6.123234262925839e-17 1
vn 0 -6.123234262925839e-17 1
vn 0 -6.123234262925839e-17 1
vn 0 0.7071067811865476 0.7071067811865476
vn 0 0.7071067811865476 0.7071067811865476
vn 0 0.7071067811865476 0.7071067811865476
vn 0 0.7071067811865476 0.7071067811865476
vn 0 0.7071067811865476 0.7071067811865476
vn 0 0.7071067811865476 0.7071067811865476
vn 0.7071071090120096 -0.7071064533609335 -4.329778208093833e-17
vn 0.7071071090120096 -0.7071064533609335 -4.329778208093833e-17
vn 0.7071071090120096 -0.7071064533609335 -4.329778208093833e-17
vn 0.7071071090120096 -0.7071064533609335 -4.329778208093833e-17
vn 0.7071071090120096 -0.7071064533609335 -4.329778208093833e-17
vn 0.7071071090120096 -0.7071064533609335 -4.329778208093833e-17
vn 1 0 0
vn 1 0 0
vn 1 0 0
vn 1 0 0
vn 1 0 0
vn 1 0 0
vn 0.7071071090120096 0.7071064533609335 4.329778208093833e-17
vn 0.7071071090120096 0.7071064533609335 4.329778208093833e-17
vn 0.7071071090120096 0.7071064533609335 4.329778208093833e-17
vn 0.7071071388143318 0.7071064235585823 4.329778059708003e-17
vn 0.7071071388143318 0.7071064235585823 4.329778059708003e-17
vn 0.7071071388143318 0.7071064235585823 4.329778059708003e-17
vn 0 -0.7071068109888685 -0.7071067513842252
vn 0 -0.7071068109888685 -0.7071067513842252
vn 0 -0.7071068109888685 -0.7071067513842252
vn 0 -0.7071068109888685 -0.7071067513842252
vn 0 -0.7071068109888685 -0.7071067513842252
vn 0 -0.7071068109888685 -0.7071067513842252
vn 0 6.123234262925839e-17 -1
vn 0 6.123234262925839e-17 -1
vn 0 6.123234262925839e-17 -1
vn 0 6.123234262925839e-17 -1
vn 0 6.123234262925839e-17 -1
vn 0 6.123234262925839e-17 -1
vn 0 0.7071067811865476 -0.7071067811865476
vn 0 0.7071067811865476 -0.7071067811865476
vn 0 0.7071067811865476 -0.7071067811865476
vn 0 0.7071067811865476 -0.7071067811865476
vn 0 0.7071067811865476 -0.7071067811865476
vn 0 0.7071067811865476 -0.7071067811865476
vn 0.7071067513842252 -0.7071068109888685 -4.329780193327715e-17
vn 0.7071067513842252 -0.7071068109888685 -4.329780193327715e-17
vn 0.7071067513842252 -0.7071068109888685 -4.329780193327715e-17
vn 0.7071067513842252 -0.7071068109888685 -4.329780193327715e-17
vn 0.7071067513842252 -0.7071068109888685 -4.329780193327715e-17
vn 0.7071067513842252 -0.7071068109888685 -4.329780193327715e-17
vn 1 0 0
vn 1 0 0
vn 1 0 0
vn 1 0 0
vn 1 0 0
vn 1 0 0
vn 0.7071067811865476 0.7071067811865476 4.329780375814312e-17
vn 0.7071067811865476 0.7071067811865476 4.329780375814312e-17
vn 0.7071067811865476 0.7071067811865476 4.329780375814312e-17
vn 0.7071067811865476 0.7071067811865476 4.329780375814312e-17
vn 0.7071067811865476 0.7071067811865476 4.329780375814312e-17
vn 0.7071067811865476 0.7071067811865476 4.329780375814312e-17
vn 0 -0.7071064235585823 -0.7071071388143318
vn 0 -0.7071064235585823 -0.7071071388143318
vn 0 -0.7071064235585823 -0.7071071388143318
vn 0 -0.7071064235585823 -0.7071071388143318
vn 0 -0.7071064235585823 -0.7071071388143318
vn 0 -0.7071064235585823 -0.7071071388143318
vn 0 6.123234262925839e-17 -1
vn 0 6.123234262925839e-17 -1
vn 0 6.123234262925839e-17 -1
vn 0 6.123234262925839e-17 -1
vn 0 6.123234262925839e-17 -1
vn 0 6.123234262925839e-17 -1
vn 0 0.7071064235585823 -0.7071071388143318
vn 0 0.7071064235585823 -0.7071071388143318
vn 0 0.7071064235585823 -0.7071071388143318
vn 0 0.70710639375626 -0.7071071686166227
vn 0 0.70710639375626 -0.7071071686166227
vn 0 0.70710639375626 -0.7071071686166227
vn 0 -0.7071064235585823 -0.7071071388143318
vn 0 -0.7071064235585823 -0.7071071388143318
vn 0 -0.7071064235585823 -0.7071071388143318
vn 0 -0.7071064235585823 -0.7071071388143318
vn 0 -0.7071064235585823 -0.7071071388143318
vn 0 -0.7071064235585823 -0.7071071388143318
vn 0 6.123234262925839e-17 -1
vn 0 6.123234262925839e-17 -1
vn 0 6.123234262925839e-17 -1
vn 0 6.123234262925839e-17 -1
vn 0 6.123234262925839e-17 -1
vn 0 6.123234262925839e-17 -1
vn 0 0.7071064235585823 -0.7071071388143318
vn 0 0.7071064235585823 -0.7071071388143318
vn 0 0.7071064235585823 -0.7071071388143318
vn 0 0.70710639375626 -0.7071071686166227
vn 0 0.70710639375626 -0.7071071686166227
vn 0 0.70710639375626 -0.7071071686166227
f 325/325/325 326/326/326 327/327/327
f 328/328/328 329/329/329 330/330/330
f 331/331/331 332/332/332 333/333/333
f 334/334/334 335/335/335 336/336/336
f 337/337/337 338/338/338 339/339/339
f 340/340/340 341/341/341 342/342/342
f 343/343/343 344/344/344 345/345/345
f 346/346/346 347/347/347 348/348/348
f 349/349/349 350/350/350 351/351/351
f 352/352/352 353/353/353 354/354/354
f 355/355/355 356/356/356 357/357/357
f 358/358/358 359/359/359 360/360/360
f 361/361/361 362/362/362 363/363/363
f 364/364/364 365/365/365 366/366/366
f 367/367/367 368/368/368 369/369/369
f 370/370/370 371/371/371 372/372/372
f 373/373/373 374/374/374 375/375/375
f 376/376/376 377/377/377 378/378/378
f 379/379/379 380/380/380 381/381/381
f 382/382/382 383/383/383 384/384/384
f 385/385/385 386/386/386 387/387/387
f 388/388/388 389/389/389 390/390/390
f 391/391/391 392/392/392 393/393/393
f 394/394/394 395/395/395 396/396/396
f 397/397/397 398/398/398 399/399/399
f 400/400/400 401/401/401 402/402/402
f 403/403/403 404/404/404 405/405/405
f 406/406/406 407/407/407 408/408/408
f 409/409/409 410/410/410 411/411/411
f 412/412/412 413/413/413 414/414/414
f 415/415/415 416/416/416 417/417/417
f 418/418/418 419/419/419 420/420/420
f 421/421/421 422/422/422 423/423/423
f 424/424/424 425/425/425 426/426/426
f 427/427/427 428/428/428 429/429/429
f 430/430/430 431/431/431 432/432/432
f 433/433/433 434/434/434 435/435/435
f 436/436/436 437/437/437 438/438/438
f 439/439/439 440/440/440 441/441/441
f 442/442/442 443/443/443 444/444/444
f 445/445/445 446/446/446 447/447/447
f 448/448/448 449/449/449 450/450/450
f 451/451/451 452/452/452 453/453/453
f 454/454/454 455/455/455 456/456/456
f 457/457/457 458/458/458 459/459/459
f 460/460/460 461/461/461 462/462/462
f 463/463/463 464/464/464 465/465/465
f 466/466/466 467/467/467 468/468/468
f 469/469/469 470/470/470 471/471/471
f 472/472/472 473/473/473 474/474/474
f 475/475/475 476/476/476 477/477/477
f 478/478/478 479/479/479 480/480/480
f 481/481/481 482/482/482 483/483/483
f 484/484/484 485/485/485 486/486/486
f 487/487/487 488/488/488 489/489/489
f 490/490/490 491/491/491 492/492/492
f 493/493/493 494/494/494 495/495/495
f 496/496/496 497/497/497 498/498/498
f 499/499/499 500/500/500 501/501/501
f 502/502/502 503/503/503 504/504/504
f 505/505/505 506/506/506 507/507/507
f 508/508/508 509/509/509 510/510/510
f 511/511/511 512/512/512 513/513/513
f 514/514/514 515/515/515 516/516/516
f 517/517/517 518/518/518 519/519/519
f 520/520/520 521/521/521 522/522/522
f 523/523/523 524/524/524 525/525/525
f 526/526/526 527/527/527 528/528/528
f 529/529/529 530/530/530 531/531/531
f 532/532/532 533/533/533 534/534/534
f 535/535/535 536/536/536 537/537/537
f 538/538/538 539/539/539 540/540/540
f 541/541/541 542/542/542 543/543/543
f 544/544/544 545/545/545 546/546/546
f 547/547/547 548/548/548 549/549/549
f 550/550/550 551/551/551 552/552/552
f 553/553/553 554/554/554 555/555/555
f 556/556/556 557/557/557 558/558/558
f 559/559/559 560/560/560 561/561/561
f 562/562/562 563/563/563 564/564/564
f 565/565/565 566/566/566 567/567/567
f 568/568/568 569/569/569 570/570/570
f 571/571/571 572/572/572 573/573/573
f 574/574/574 575/575/575 576/576/576
f 577/577/577 578/578/578 579/579/579
f 580/580/580 581/581/581 582/582/582
f 583/583/583 584/584/584 585/585/585
f 586/586/586 587/587/587 588/588/588
f 589/589/589 590/590/590 591/591/591
f 592/592/592 593/593/593 594/594/594
f 595/595/595 596/596/596 597/597/597
f 598/598/598 599/599/599 600/600/600
f 601/601/601 602/602/602 603/603/603
f 604/604/604 605/605/605 606/606/606
f 607/607/607 608/608/608 609/609/609
f 610/610/610 611/611/611 612/612/612
f 613/613/613 614/614/614 615/615/615
f 616/616/616 617/617/617 618/618/618
f 619/619/619 620/620/620 621/621/621
f 622/622/622 623/623/623 624/624/624
f 625/625/625 626/626/626 627/627/627
f 628/628/628 629/629/629 630/630/630
f 631/631/631 632/632/632 633/633/633
f 634/634/634 635/635/635 636/636/636
f 637/637/637 638/638/638 639/639/639
f 640/640/640 641/641/641 642/642/642
f 643/643/643 644/644/644 645/645/645
f 646/646/646 647/647/647 648/648/648
o miner_drill
usemtl plate
v 0 8.881784197001252e-16 -17.6
v 0 8.881784197001252e-16 -17.6
v 0 8.881784197001252e-16 -17.6
v 0 8.881784197001252e-16 -17.6
v 0 8.881784197001252e-16 -17.6
v 0 8.881784197001252e-16 -17.6
v 0 8.881784197001252e-16 -17.6
v 0 8.881784197001252e-16 -17.6
v 0 8.881784197001252e-16 -17.6
v 0 2.4000000953674308 -9.599999999999998
v 1.6970562934875488 1.697056293487548 -9.6
v 2.4000000953674316 -7.412207973899051e-16 -9.6
v 1.6970562934875488 -1.6970562934875497 -9.6
v 2.939152446204403e-16 -2.4000000953674325 -9.6
v -1.6970562934875488 -1.6970562934875497 -9.6
v -2.4000000953674316 -1.329051260161006e-15 -9.6
v -1.6970562934875488 1.697056293487548 -9.6
v -5.878304892408806e-16 2.4000000953674308 -9.599999999999998
v 0 -8.881784197001252e-16 -9.6
v 0 -8.881784197001252e-16 -9.6
v 0 -8.881784197001252e-16 -9.6
v 0 -8.881784197001252e-16 -9.6
v 0 -8.881784197001252e-16 -9.6
v 0 -8.881784197001252e-16 -9.6
v 0 -8.881784197001252e-16 -9.6
v 0 -8.881784197001252e-16 -9.6
v 0 2.4000000953674308 -9.599999999999998
v 1.6970562934875488 1.697056293487548 -9.6
v 2.4000000953674316 -7.412207973899051e-16 -9.6
v 1.6970562934875488 -1.6970562934875497 -9.6
v 2.939152446204403e-16 -2.4000000953674325 -9.6
v -1.6970562934875488 -1.6970562934875497 -9.6
v -2.4000000953674316 -1.329051260161006e-15 -9.6
v -1.6970562934875488 1.697056293487548 -9.6
v -5.878304892408806e-16 2.4000000953674308 -9.599999999999998
vt 0 1
vt 0.125 1
vt 0.25 1
vt 0.375 1
vt 0.5 1
vt 0.625 1
vt 0.75 1
vt 0.875 1
vt 1 1
vt 0 0
vt 0.125 0
vt 0.25 0
vt 0.375 0
vt 0.5 0
vt 0.625 0
vt 0.75 0
vt 0.875 0
vt 1 0
vt 0.5 0.5
vt 0.5 0.5
vt 0.5 0.5
vt 0.5 0.5
vt 0.5 0.5
vt 0.5 0.5
vt 0.5 0.5
vt 0.5 0.5
vt 1 0.5
vt 0.8535534143447876 0.1464466154575348
vt 0.5 0
vt 0.1464466154575348 0.1464466154575348
vt 0 0.5
vt 0.1464466154575348 0.8535534143447876
vt 0.5 1
vt 0.8535534143447876 0.8535534143447876
vt 1 0.5
vn 0 0.9578262835806566 -0.28734789103466135
vn 0.6772854596140875 0.6772854596140876 -0.2873478943557247
vn 0.9578262835806567 1.2245399489748493e-16 -0.28734789103466163
vn 0.6772854596140875 -0.6772854596140874 -0.28734789435572505
vn 1.1729989191330509e-16 -0.9578262835806566 -0.28734789103466185
vn -0.6772854596140875 -0.6772854596140874 -0.28734789435572505
vn -0.9578262835806567 -1.1214579554657032e-16 -0.28734789103466163
vn -0.6772854596140875 0.6772854596140876 -0.2873478943557247
vn -2.345997838266101e-16 0.9578262835806566 -0.28734789103466135
vn 0 0.9578262835806566 -0.28734789103466135
vn 0.6772854596140875 0.6772854596140876 -0.2873478943557247
vn 0.9578262835806567 1.2245399489748493e-16 -0.28734789103466163
vn 0.6772854596140875 -0.6772854596140874 -0.28734789435572505
vn 1.1729989191330509e-16 -0.9578262835806566 -0.28734789103466185
vn -0.6772854596140875 -0.6772854596140874 -0.28734789435572505
vn -0.9578262835806567 -1.1214579554657032e-16 -0.28734789103466163
vn -0.6772854596140875 0.6772854596140876 -0.2873478943557247
vn -2.345997838266101e-16 0.9578262835806566 -0.28734789103466135
vn 0 -2.220446049250313e-16 1
vn 0 -2.220446049250313e-16 1
vn 0 -2.220446049250313e-16 1
vn 0 -2.220446049250313e-16 1
vn 0 -2.220446049250313e-16 1
vn 0 -2.220446049250313e-16 1
vn 0 -2.220446049250313e-16 1
vn 0 -2.220446049250313e-16 1
vn 0 -2.220446049250313e-16 1
vn 0 -2.220446049250313e-16 1
vn 0 -2.220446049250313e-16 1
vn 0 -2.220446049250313e-16 1
vn 0 -2.220446049250313e-16 1
vn 0 -2.220446049250313e-16 1
vn 0 -2.220446049250313e-16 1
vn 0 -2.220446049250313e-16 1
vn 0 -2.220446049250313e-16 1
f 658/658/658 659/659/659 650/650/650
f 659/659/659 660/660/660 651/651/651
f 660/660/660 661/661/661 652/652/652
f 661/661/661 662/662/662 653/653/653
f 662/662/662 663/663/663 654/654/654
f 663/663/663 664/664/664 655/655/655
f 664/664/664 665/665/665 656/656/656
f 665/665/665 666/666/666 657/657/657
f 676/676/676 675/675/675 667/667/667
f 677/677/677 676/676/676 668/668/668
f 678/678/678 677/677/677 669/669/669
f 679/679/679 678/678/678 670/670/670
f 680/680/680 679/679/679 671/671/671
f 681/681/681 680/680/680 672/672/672
f 682/682/682 681/681/681 673/673/673
f 683/683/683 682/682/682 674/674/674
o miner_drillcollar
usemtl hull
v 2.200000047683716 1.399999976158142 -9
v 2.200000047683716 1.399999976158142 -11
v 2.200000047683716 -1.399999976158142 -9
v 2.200000047683716 -1.399999976158142 -11
v -2.200000047683716 1.399999976158142 -11
v -2.200000047683716 1.399999976158142 -9
v -2.200000047683716 -1.399999976158142 -11
v -2.200000047683716 -1.399999976158142 -9
v -2.200000047683716 1.399999976158142 -11
v 2.200000047683716 1.399999976158142 -11
v -2.200000047683716 1.399999976158142 -9
v 2.200000047683716 1.399999976158142 -9
v -2.200000047683716 -1.399999976158142 -9
v 2.200000047683716 -1.399999976158142 -9
v -2.200000047683716 -1.399999976158142 -11
v 2.200000047683716 -1.399999976158142 -11
v -2.200000047683716 1.399999976158142 -9
v 2.200000047683716 1.399999976158142 -9
v -2.200000047683716 -1.399999976158142 -9
v 2.200000047683716 -1.399999976158142 -9
v 2.200000047683716 1.399999976158142 -11
v -2.200000047683716 1.399999976158142 -11
v 2.200000047683716 -1.399999976158142 -11
v -2.200000047683716 -1.399999976158142 -11
vt 0 1
vt 1 1
vt 0 0
vt 1 0
vt 0 1
vt 1 1
vt 0 0
vt 1 0
vt 0 1
vt 1 1
vt 0 0
vt 1 0
vt 0 1
vt 1 1
vt 0 0
vt 1 0
vt 0 1
vt 1 1
vt 0 0
vt 1 0
vt 0 1
vt 1 1
vt 0 0
vt 1 0
vn 1 0 0
vn 1 0 0
vn 1 0 0
vn 1 0 0
vn -1 0 0
vn -1 0 0
vn -1 0 0
vn -1 0 0
vn 0 1 0
vn 0 1 0
vn 0 1 0
vn 0 1 0
vn 0 -1 0
vn 0 -1 0
vn 0 -1 0
vn 0 -1 0
vn 0 0 1
vn 0 0 1
vn 0 0 1
vn 0 0 1
vn 0 0 -1
vn 0 0 -1
vn 0 0 -1
vn 0 0 -1
f 684/684/684 686/686/686 685/685/685
f 686/686/686 687/687/687 685/685/685
f 688/688/688 690/690/690 689/689/689
f 690/690/690 691/691/691 689/689/689
f 692/692/692 694/694/694 693/693/693
f 694/694/694 695/695/695 693/693/693
f 696/696/696 698/698/698 697/697/697
f 698/698/698 699/699/699 697/697/697
f 700/700/700 702/702/702 701/701/701
f 702/702/702 703/703/703 701/701/701
f 704/704/704 706/706/706 705/705/705
f 706/706/706 707/707/707 705/705/705
o miner_drilltip
usemtl accent
v 0.3199999928474426 0.3199999928474426 -17.19999998807907
v 0.3199999928474426 0.3199999928474426 -18.80000001192093
v 0.3199999928474426 -0.3199999928474426 -17.19999998807907
v 0.3199999928474426 -0.3199999928474426 -18.80000001192093
v -0.3199999928474426 0.3199999928474426 -18.80000001192093
v -0.3199999928474426 0.3199999928474426 -17.19999998807907
v -0.3199999928474426 -0.3199999928474426 -18.80000001192093
v -0.3199999928474426 -0.3199999928474426 -17.19999998807907
v -0.3199999928474426 0.3199999928474426 -18.80000001192093
v 0.3199999928474426 0.3199999928474426 -18.80000001192093
v -0.3199999928474426 0.3199999928474426 -17.19999998807907
v 0.3199999928474426 0.3199999928474426 -17.19999998807907
v -0.3199999928474426 -0.3199999928474426 -17.19999998807907
v 0.3199999928474426 -0.3199999928474426 -17.19999998807907
v -0.3199999928474426 -0.3199999928474426 -18.80000001192093
v 0.3199999928474426 -0.3199999928474426 -18.80000001192093
v -0.3199999928474426 0.3199999928474426 -17.19999998807907
v 0.3199999928474426 0.3199999928474426 -17.19999998807907
v -0.3199999928474426 -0.3199999928474426 -17.19999998807907
v 0.3199999928474426 -0.3199999928474426 -17.19999998807907
v 0.3199999928474426 0.3199999928474426 -18.80000001192093
v -0.3199999928474426 0.3199999928474426 -18.80000001192093
v 0.3199999928474426 -0.3199999928474426 -18.80000001192093
v -0.3199999928474426 -0.3199999928474426 -18.80000001192093
vt 0 1
vt 1 1
vt 0 0
vt 1 0
vt 0 1
vt 1 1
vt 0 0
vt 1 0
vt 0 1
vt 1 1
vt 0 0
vt 1 0
vt 0 1
vt 1 1
vt 0 0
vt 1 0
vt 0 1
vt 1 1
vt 0 0
vt 1 0
vt 0 1
vt 1 1
vt 0 0
vt 1 0
vn 1 0 0
vn 1 0 0
vn 1 0 0
vn 1 0 0
vn -1 0 0
vn -1 0 0
vn -1 0 0
vn -1 0 0
vn 0 1 0
vn 0 1 0
vn 0 1 0
vn 0 1 0
vn 0 -1 0
vn 0 -1 0
vn 0 -1 0
vn 0 -1 0
vn 0 0 1
vn 0 0 1
vn 0 0 1
vn 0 0 1
vn 0 0 -1
vn 0 0 -1
vn 0 0 -1
vn 0 0 -1
f 708/708/708 710/710/710 709/709/709
f 710/710/710 711/711/711 709/709/709
f 712/712/712 714/714/714 713/713/713
f 714/714/714 715/715/715 713/713/713
f 716/716/716 718/718/718 717/717/717
f 718/718/718 719/719/719 717/717/717
f 720/720/720 722/722/722 721/721/721
f 722/722/722 723/723/723 721/721/721
f 724/724/724 726/726/726 725/725/725
f 726/726/726 727/727/727 725/725/725
f 728/728/728 730/730/730 729/729/729
f 730/730/730 731/731/731 729/729/729
o miner_orepod
usemtl hull
v -11.399999952316284 2.480000000000001 2.4800000190734863
v -11.399999952316284 4.233624796867371 1.7536247968673706
v -11.399999952316284 4.960000019073487 1.5185619913264897e-16
v -11.399999952316284 4.233624796867371 -1.7536247968673706
v -11.399999952316284 2.4800000000000013 -2.4800000190734863
v -11.399999952316284 0.7263752031326303 -1.7536247968673706
v -11.399999952316284 -1.907348545771015e-8 -4.555686238677265e-16
v -11.399999952316284 0.7263752031326303 1.7536247968673706
v -11.399999952316284 2.4800000000000004 2.4800000190734863
v -3.8000000476837155 2.479999999999999 2.4800000190734863
v -3.800000047683715 4.233624796867369 1.7536247968673706
v -3.800000047683715 4.960000019073485 1.5185619913264897e-16
v -3.800000047683715 4.233624796867369 -1.7536247968673706
v -3.8000000476837155 2.4799999999999995 -2.4800000190734863
v -3.800000047683716 0.7263752031326285 -1.7536247968673706
v -3.800000047683716 -1.9073487234066988e-8 -4.555686238677265e-16
v -3.800000047683716 0.7263752031326285 1.7536247968673706
v -3.8000000476837155 2.4799999999999986 2.4800000190734863
v -11.399999952316284 2.480000000000001 0
v -11.399999952316284 2.480000000000001 0
v -11.399999952316284 2.480000000000001 0
v -11.399999952316284 2.480000000000001 0
v -11.399999952316284 2.480000000000001 0
v -11.399999952316284 2.480000000000001 0
v -11.399999952316284 2.480000000000001 0
v -11.399999952316284 2.480000000000001 0
v -11.399999952316284 2.480000000000001 2.4800000190734863
v -11.399999952316284 4.233624796867371 1.7536247968673706
v -11.399999952316284 4.960000019073487 1.5185619913264897e-16
v -11.399999952316284 4.233624796867371 -1.7536247968673706
v -11.399999952316284 2.4800000000000013 -2.4800000190734863
v -11.399999952316284 0.7263752031326303 -1.7536247968673706
v -11.399999952316284 -1.907348545771015e-8 -4.555686238677265e-16
v -11.399999952316284 0.7263752031326303 1.7536247968673706
v -11.399999952316284 2.4800000000000004 2.4800000190734863
v -3.8000000476837155 2.479999999999999 0
v -3.8000000476837155 2.479999999999999 0
v -3.8000000476837155 2.479999999999999 0
v -3.8000000476837155 2.479999999999999 0
v -3.8000000476837155 2.479999999999999 0
v -3.8000000476837155 2.479999999999999 0
v -3.8000000476837155 2.479999999999999 0
v -3.8000000476837155 2.479999999999999 0
v -3.8000000476837155 2.479999999999999 2.4800000190734863
v -3.800000047683715 4.233624796867369 1.7536247968673706
v -3.800000047683715 4.960000019073485 1.5185619913264897e-16
v -3.800000047683715 4.233624796867369 -1.7536247968673706
v -3.8000000476837155 2.4799999999999995 -2.4800000190734863
v -3.800000047683716 0.7263752031326285 -1.7536247968673706
v -3.800000047683716 -1.9073487234066988e-8 -4.555686238677265e-16
v -3.800000047683716 0.7263752031326285 1.7536247968673706
v -3.8000000476837155 2.4799999999999986 2.4800000190734863
vt 0 1
vt 0.125 1
vt 0.25 1
vt 0.375 1
vt 0.5 1
vt 0.625 1
vt 0.75 1
vt 0.875 1
vt 1 1
vt 0 0
vt 0.125 0
vt 0.25 0
vt 0.375 0
vt 0.5 0
vt 0.625 0
vt 0.75 0
vt 0.875 0
vt 1 0
vt 0.5 0.5
vt 0.5 0.5
vt 0.5 0.5
vt 0.5 0.5
vt 0.5 0.5
vt 0.5 0.5
vt 0.5 0.5
vt 0.5 0.5
vt 1 0.5
vt 0.8535534143447876 0.8535534143447876
vt 0.5 1
vt 0.1464466154575348 0.8535534143447876
vt 0 0.5
vt 0.1464466154575348 0.1464466154575348
vt 0.5 0
vt 0.8535534143447876 0.1464466154575348
vt 1 0.5
vt 0.5 0.5
vt 0.5 0.5
vt 0.5 0.5
vt 0.5 0.5
vt 0.5 0.5
vt 0.5 0.5
vt 0.5 0.5
vt 0.5 0.5
vt 1 0.5
vt 0.8535534143447876 0.1464466154575348
vt 0.5 0
vt 0.1464466154575348 0.1464466154575348
vt 0 0.5
vt 0.1464466154575348 0.8535534143447876
vt 0.5 1
vt 0.8535534143447876 0.8535534143447876
vt 1 0.5
vn 0 0 1
vn 1.5700924586837752e-16 0.7071067811865476 0.7071067811865476
vn 2.220446049250313e-16 1 6.123234262925839e-17
vn 1.5700924586837752e-16 0.7071067811865476 -0.7071067811865476
vn 2.7192622655495665e-32 1.2246468525851679e-16 -1
vn -1.5700924586837752e-16 -0.7071067811865476 -0.7071067811865476
vn -2.220446049250313e-16 -1 -1.8369701465288538e-16
vn -1.5700924586837752e-16 -0.7071067811865476 0.7071067811865476
vn -5.438524531099133e-32 -2.4492937051703357e-16 1
vn 0 0 1
vn 1.5700924586837752e-16 0.7071067811865476 0.7071067811865476
vn 2.220446049250313e-16 1 6.123234262925839e-17
vn 1.5700924586837752e-16 0.7071067811865476 -0.7071067811865476
vn 2.7192622655495665e-32 1.2246468525851679e-16 -1
vn -1.5700924586837752e-16 -0.7071067811865476 -0.7071067811865476
vn -2.220446049250313e-16 -1 -1.8369701465288538e-16
vn -1.5700924586837752e-16 -0.7071067811865476 0.7071067811865476
vn -5.438524531099133e-32 -2.4492937051703357e-16 1
vn -1 2.220446049250313e-16 0
vn -1 2.220446049250313e-16 0
vn -1 2.220446049250313e-16 0
vn -1 2.220446049250313e-16 0
vn -1 2.220446049250313e-16 0
vn -1 2.220446049250313e-16 0
vn -1 2.220446049250313e-16 0
vn -1 2.220446049250313e-16 0
vn -1 2.220446049250313e-16 0
vn -1 2.220446049250313e-16 0
vn -1 2.220446049250313e-16 0
vn -1 2.220446049250313e-16 0
vn -1 2.220446049250313e-16 0
vn -1 2.220446049250313e-16 0
vn -1 2.220446049250313e-16 0
vn -1 2.220446049250313e-16 0
vn -1 2.220446049250313e-16 0
vn 1 -2.220446049250313e-16 0
vn 1 -2.220446049250313e-16 0
vn 1 -2.220446049250313e-16 0
vn 1 -2.220446049250313e-16 0
vn 1 -2.220446049250313e-16 0
vn 1 -2.220446049250313e-16 0
vn 1 -2.220446049250313e-16 0
vn 1 -2.220446049250313e-16 0
vn 1 -2.220446049250313e-16 0
vn 1 -2.220446049250313e-16 0
vn 1 -2.220446049250313e-16 0
vn 1 -2.220446049250313e-16 0
vn 1 -2.220446049250313e-16 0
vn 1 -2.220446049250313e-16 0
vn 1 -2.220446049250313e-16 0
vn 1 -2.220446049250313e-16 0
vn 1 -2.220446049250313e-16 0
f 732/732/732 741/741/741 733/733/733
f 741/741/741 742/742/742 733/733/733
f 733/733/733 742/742/742 734/734/734
f 742/742/742 743/743/743 734/734/734
f 734/734/734 743/743/743 735/735/735
f 743/743/743 744/744/744 735/735/735
f 735/735/735 744/744/744 736/736/736
f 744/744/744 745/745/745 736/736/736
f 736/736/736 745/745/745 737/737/737
f 745/745/745 746/746/746 737/737/737
f 737/737/737 746/746/746 738/738/738
f 746/746/746 747/747/747 738/738/738
f 738/738/738 747/747/747 739/739/739
f 747/747/747 748/748/748 739/739/739
f 739/739/739 748/748/748 740/740/740
f 748/748/748 749/749/749 740/740/740
f 758/758/758 759/759/759 750/750/750
f 759/759/759 760/760/760 751/751/751
f 760/760/760 761/761/761 752/752/752
f 761/761/761 762/762/762 753/753/753
f 762/762/762 763/763/763 754/754/754
f 763/763/763 764/764/764 755/755/755
f 764/764/764 765/765/765 756/756/756
f 765/765/765 766/766/766 757/757/757
f 776/776/776 775/775/775 767/767/767
f 777/777/777 776/776/776 768/768/768
f 778/778/778 777/777/777 769/769/769
f 779/779/779 778/778/778 770/770/770
f 780/780/780 779/779/779 771/771/771
f 781/781/781 780/780/780 772/772/772
f 782/782/782 781/781/781 773/773/773
f 783/783/783 782/782/782 774/774/774
o miner_podband
usemtl accent
v -6.799999988079071 5.159999997317791 2.200000047683716
v -6.799999988079071 5.159999997317791 -2.200000047683716
v -6.799999988079071 4.920000002682209 2.200000047683716
v -6.799999988079071 4.920000002682209 -2.200000047683716
v -8.400000011920929 5.159999997317791 -2.200000047683716
v -8.400000011920929 5.159999997317791 2.200000047683716
v -8.400000011920929 4.920000002682209 -2.200000047683716
v -8.400000011920929 4.920000002682209 2.200000047683716
v -8.400000011920929 5.159999997317791 -2.200000047683716
v -6.799999988079071 5.159999997317791 -2.200000047683716
v -8.400000011920929 5.159999997317791 2.200000047683716
v -6.799999988079071 5.159999997317791 2.200000047683716
v -8.400000011920929 4.920000002682209 2.200000047683716
v -6.799999988079071 4.920000002682209 2.200000047683716
v -8.400000011920929 4.920000002682209 -2.200000047683716
v -6.799999988079071 4.920000002682209 -2.200000047683716
v -8.400000011920929 5.159999997317791 2.200000047683716
v -6.799999988079071 5.159999997317791 2.200000047683716
v -8.400000011920929 4.920000002682209 2.200000047683716
v -6.799999988079071 4.920000002682209 2.200000047683716
v -6.799999988079071 5.159999997317791 -2.200000047683716
v -8.400000011920929 5.159999997317791 -2.200000047683716
v -6.799999988079071 4.920000002682209 -2.200000047683716
v -8.400000011920929 4.920000002682209 -2.200000047683716
vt 0 1
vt 1 1
vt 0 0
vt 1 0
vt 0 1
vt 1 1
vt 0 0
vt 1 0
vt 0 1
vt 1 1
vt 0 0
vt 1 0
vt 0 1
vt 1 1
vt 0 0
vt 1 0
vt 0 1
vt 1 1
vt 0 0
vt 1 0
vt 0 1
vt 1 1
vt 0 0
vt 1 0
vn 1 0 0
vn 1 0 0
vn 1 0 0
vn 1 0 0
vn -1 0 0
vn -1 0 0
vn -1 0 0
vn -1 0 0
vn 0 1 0
vn 0 1 0
vn 0 1 0
vn 0 1 0
vn 0 -1 0
vn 0 -1 0
vn 0 -1 0
vn 0 -1 0
vn 0 0 1
vn 0 0 1
vn 0 0 1
vn 0 0 1
vn 0 0 -1
vn 0 0 -1
vn 0 0 -1
vn 0 0 -1
f 784/784/784 786/786/786 785/785/785
f 786/786/786 787/787/787 785/785/785
f 788/788/788 790/790/790 789/789/789
f 790/790/790 791/791/791 789/789/789
f 792/792/792 794/794/794 793/793/793
f 794/794/794 795/795/795 793/793/793
f 796/796/796 798/798/798 797/797/797
f 798/798/798 799/799/799 797/797/797
f 800/800/800 802/802/802 801/801/801
f 802/802/802 803/803/803 801/801/801
f 804/804/804 806/806/806 805/805/805
f 806/806/806 807/807/807 805/805/805
o miner_engine_nacelle
usemtl plate
v -2.4 -1.4400000572204583 15.199999952316285
v -1.3817662239074706 -1.0182337760925286 15.199999952316285
v -0.9599999427795409 5.335503151099997e-16 15.199999952316285
v -1.3817662239074706 1.01823377609253 15.199999952316285
v -2.4 1.4400000572204597 15.199999952316285
v -3.418233776092529 1.01823377609253 15.199999952316285
v -3.840000057220459 8.862485874787043e-16 15.199999952316285
v -3.418233776092529 -1.0182337760925286 15.199999952316285
v -2.4000000000000004 -1.4400000572204583 15.199999952316285
v -2.4 -1.2383999824523932 9.600000047683716
v -1.5243189573287963 -0.8756810426712043 9.600000047683716
v -1.1616000175476073 -6.975550114967495e-16 9.600000047683716
v -1.5243189573287963 0.875681042671203 9.600000047683716
v -2.4 1.238399982452392 9.600000047683716
v -3.2756810426712035 0.875681042671203 9.600000047683716
v -3.6383999824523925 -3.942344917010098e-16 9.600000047683716
v -3.2756810426712035 -0.8756810426712043 9.600000047683716
v -2.4000000000000004 -1.2383999824523932 9.600000047683716
v -2.4 6.217248832021758e-16 15.199999952316285
v -2.4 6.217248832021758e-16 15.199999952316285
v -2.4 6.217248832021758e-16 15.199999952316285
v -2.4 6.217248832021758e-16 15.199999952316285
v -2.4 6.217248832021758e-16 15.199999952316285
v -2.4 6.217248832021758e-16 15.199999952316285
v -2.4 6.217248832021758e-16 15.199999952316285
v -2.4 6.217248832021758e-16 15.199999952316285
v -2.4 -1.4400000572204583 15.199999952316285
v -1.3817662239074706 -1.0182337760925286 15.199999952316285
v -0.9599999427795409 5.335503151099997e-16 15.199999952316285
v -1.3817662239074706 1.01823377609253 15.199999952316285
v -2.4 1.4400000572204597 15.199999952316285
v -3.418233776092529 1.01823377609253 15.199999952316285
v -3.840000057220459 8.862485874787043e-16 15.199999952316285
v -3.418233776092529 -1.0182337760925286 15.199999952316285
v -2.4000000000000004 -1.4400000572204583 15.199999952316285
v -2.4 -6.217248832021758e-16 9.600000047683716
v -2.4 -6.217248832021758e-16 9.600000047683716
v -2.4 -6.217248832021758e-16 9.600000047683716
v -2.4 -6.217248832021758e-16 9.600000047683716
v -2.4 -6.217248832021758e-16 9.600000047683716
v -2.4 -6.217248832021758e-16 9.600000047683716
v -2.4 -6.217248832021758e-16 9.600000047683716
v -2.4 -6.217248832021758e-16 9.600000047683716
v -2.4 -1.2383999824523932 9.600000047683716
v -1.5243189573287963 -0.8756810426712043 9.600000047683716
v -1.1616000175476073 -6.975550114967495e-16 9.600000047683716
v -1.5243189573287963 0.875681042671203 9.600000047683716
v -2.4 1.238399982452392 9.600000047683716
v -3.2756810426712035 0.875681042671203 9.600000047683716
v -3.6383999824523925 -3.942344917010098e-16 9.600000047683716
v -3.2756810426712035 -0.8756810426712043 9.600000047683716
v -2.4000000000000004 -1.2383999824523932 9.600000047683716
vt 0 1
vt 0.125 1
vt 0.25 1
vt 0.375 1
vt 0.5 1
vt 0.625 1
vt 0.75 1
vt 0.875 1
vt 1 1
vt 0 0
vt 0.125 0
vt 0.25 0
vt 0.375 0
vt 0.5 0
vt 0.625 0
vt 0.75 0
vt 0.875 0
vt 1 0
vt 0.5 0.5
vt 0.5 0.5
vt 0.5 0.5
vt 0.5 0.5
vt 0.5 0.5
vt 0.5 0.5
vt 0.5 0.5
vt 0.5 0.5
vt 1 0.5
vt 0.8535534143447876 0.8535534143447876
vt 0.5 1
vt 0.1464466154575348 0.8535534143447876
vt 0 0.5
vt 0.1464466154575348 0.1464466154575348
vt 0.5 0
vt 0.8535534143447876 0.1464466154575348
vt 1 0.5
vt 0.5 0.5
vt 0.5 0.5
vt 0.5 0.5
vt 0.5 0.5
vt 0.5 0.5
vt 0.5 0.5
vt 0.5 0.5
vt 0.5 0.5
vt 1 0.5
vt 0.8535534143447876 0.1464466154575348
vt 0.5 0
vt 0.1464466154575348 0.1464466154575348
vt 0 0.5
vt 0.1464466154575348 0.8535534143447876
vt 0.5 1
vt 0.8535534143447876 0.8535534143447876
vt 1 0.5
vn 0 -0.9993526292408158 -0.03597669286452981
vn 0.7066490209083861 -0.7066490209083861 -0.03597669382306533
vn 0.9993526292408158 -6.918112778192988e-17 -0.035976692864530035
vn 0.7066490209083861 0.7066490209083861 -0.03597669382306565
vn 1.2238539445663223e-16 0.9993526292408158 -0.03597669286453026
vn -0.7066490209083861 0.7066490209083861 -0.03597669382306565
vn -0.9993526292408158 1.7558966774877944e-16 -0.035976692864530035
vn -0.7066490209083861 -0.7066490209083861 -0.03597669382306533
vn -2.4477078891326446e-16 -0.9993526292408158 -0.03597669286452981
vn 0 -0.9993526292408158 -0.03597669286452981
vn 0.7066490209083861 -0.7066490209083861 -0.03597669382306533
vn 0.9993526292408158 -6.918112778192988e-17 -0.035976692864530035
vn 0.7066490209083861 0.7066490209083861 -0.03597669382306565
vn 1.2238539445663223e-16 0.9993526292408158 -0.03597669286453026
vn -0.7066490209083861 0.7066490209083861 -0.03597669382306565
vn -0.9993526292408158 1.7558966774877944e-16 -0.035976692864530035
vn -0.7066490209083861 -0.7066490209083861 -0.03597669382306533
vn -2.4477078891326446e-16 -0.9993526292408158 -0.03597669286452981
vn 0 2.220446049250313e-16 1
vn 0 2.220446049250313e-16 1
vn 0 2.220446049250313e-16 1
vn 0 2.220446049250313e-16 1
vn 0 2.220446049250313e-16 1
vn 0 2.220446049250313e-16 1
vn 0 2.220446049250313e-16 1
vn 0 2.220446049250313e-16 1
vn 0 2.220446049250313e-16 1
vn 0 2.220446049250313e-16 1
vn 0 2.220446049250313e-16 1
vn 0 2.220446049250313e-16 1
vn 0 2.220446049250313e-16 1
vn 0 2.220446049250313e-16 1
vn 0 2.220446049250313e-16 1
vn 0 2.220446049250313e-16 1
vn 0 2.220446049250313e-16 1
vn 0 -2.220446049250313e-16 -1
vn 0 -2.220446049250313e-16 -1
vn 0 -2.220446049250313e-16 -1
vn 0 -2.220446049250313e-16 -1
vn 0 -2.220446049250313e-16 -1
vn 0 -2.220446049250313e-16 -1
vn 0 -2.220446049250313e-16 -1
vn 0 -2.220446049250313e-16 -1
vn 0 -2.220446049250313e-16 -1
vn 0 -2.220446049250313e-16 -1
vn 0 -2.220446049250313e-16 -1
vn 0 -2.220446049250313e-16 -1
vn 0 -2.220446049250313e-16 -1
vn 0 -2.220446049250313e-16 -1
vn 0 -2.220446049250313e-16 -1
vn 0 -2.220446049250313e-16 -1
vn 0 -2.220446049250313e-16 -1
f 808/808/808 817/817/817 809/809/809
f 817/817/817 818/818/818 809/809/809
f 809/809/809 818/818/818 810/810/810
f 818/818/818 819/819/819 810/810/810
f 810/810/810 819/819/819 811/811/811
f 819/819/819 820/820/820 811/811/811
f 811/811/811 820/820/820 812/812/812
f 820/820/820 821/821/821 812/812/812
f 812/812/812 821/821/821 813/813/813
f 821/821/821 822/822/822 813/813/813
f 813/813/813 822/822/822 814/814/814
f 822/822/822 823/823/823 814/814/814
f 814/814/814 823/823/823 815/815/815
f 823/823/823 824/824/824 815/815/815
f 815/815/815 824/824/824 816/816/816
f 824/824/824 825/825/825 816/816/816
f 834/834/834 835/835/835 826/826/826
f 835/835/835 836/836/836 827/827/827
f 836/836/836 837/837/837 828/828/828
f 837/837/837 838/838/838 829/829/829
f 838/838/838 839/839/839 830/830/830
f 839/839/839 840/840/840 831/831/831
f 840/840/840 841/841/841 832/832/832
f 841/841/841 842/842/842 833/833/833
f 852/852/852 851/851/851 843/843/843
f 853/853/853 852/852/852 844/844/844
f 854/854/854 853/853/853 845/845/845
f 855/855/855 854/854/854 846/846/846
f 856/856/856 855/855/855 847/847/847
f 857/857/857 856/856/856 848/848/848
f 858/858/858 857/857/857 849/849/849
f 859/859/859 858/858/858 850/850/850
o miner_engine_bell
usemtl thruster
v -2.4 -1.0368000268936157 15.60000000298023
v -1.666871690750122 -0.7331283092498779 15.60000000298023
v -1.3631999731063842 -1.9076766850220495e-17 15.60000000298023
v -1.666871690750122 0.7331283092498779 15.60000000298023
v -2.4 1.0368000268936157 15.60000000298023
v -3.133128309249878 0.7331283092498779 15.60000000298023
v -3.4368000268936156 2.348659871376645e-16 15.60000000298023
v -3.133128309249878 -0.7331283092498779 15.60000000298023
v -2.4000000000000004 -1.0368000268936157 15.60000000298023
v -2.4 -1.0368000268936157 15.199999997019766
v -1.666871690750122 -0.7331283092498779 15.199999997019766
v -1.3631999731063842 -1.07894610143722e-16 15.199999997019766
v -1.666871690750122 0.7331283092498779 15.199999997019766
v -2.4 1.0368000268936157 15.199999997019766
v -3.133128309249878 0.7331283092498779 15.199999997019766
v -3.4368000268936156 1.46048143844163e-16 15.199999997019766
v -3.133128309249878 -0.7331283092498779 15.199999997019766
v -2.4000000000000004 -1.0368000268936157 15.199999997019766
v -2.4 4.440892164675075e-17 15.60000000298023
v -2.4 4.440892164675075e-17 15.60000000298023
v -2.4 4.440892164675075e-17 15.60000000298023
v -2.4 4.440892164675075e-17 15.60000000298023
v -2.4 4.440892164675075e-17 15.60000000298023
v -2.4 4.440892164675075e-17 15.60000000298023
v -2.4 4.440892164675075e-17 15.60000000298023
v -2.4 4.440892164675075e-17 15.60000000298023
v -2.4 -1.0368000268936157 15.60000000298023
v -1.666871690750122 -0.7331283092498779 15.60000000298023
v -1.3631999731063842 -1.9076766850220495e-17 15.60000000298023
v -1.666871690750122 0.7331283092498779 15.60000000298023
v -2.4 1.0368000268936157 15.60000000298023
v -3.133128309249878 0.7331283092498779 15.60000000298023
v -3.4368000268936156 2.348659871376645e-16 15.60000000298023
v -3.133128309249878 -0.7331283092498779 15.60000000298023
v -2.4000000000000004 -1.0368000268936157 15.60000000298023
v -2.4 -4.440892164675075e-17 15.199999997019766
v -2.4 -4.440892164675075e-17 15.199999997019766
v -2.4 -4.440892164675075e-17 15.199999997019766
v -2.4 -4.440892164675075e-17 15.199999997019766
v -2.4 -4.440892164675075e-17 15.199999997019766
v -2.4 -4.440892164675075e-17 15.199999997019766
v -2.4 -4.440892164675075e-17 15.199999997019766
v -2.4 -4.440892164675075e-17 15.199999997019766
v -2.4 -1.0368000268936157 15.199999997019766
v -1.666871690750122 -0.7331283092498779 15.199999997019766
v -1.3631999731063842 -1.07894610143722e-16 15.199999997019766
v -1.666871690750122 0.7331283092498779 15.199999997019766
v -2.4 1.0368000268936157 15.199999997019766
v -3.133128309249878 0.7331283092498779 15.199999997019766
v -3.4368000268936156 1.46048143844163e-16 15.199999997019766
v -3.133128309249878 -0.7331283092498779 15.199999997019766
v -2.4000000000000004 -1.0368000268936157 15.199999997019766
vt 0 1
vt 0.125 1
vt 0.25 1
vt 0.375 1
vt 0.5 1
vt 0.625 1
vt 0.75 1
vt 0.875 1
vt 1 1
vt 0 0
vt 0.125 0
vt 0.25 0
vt 0.375 0
vt 0.5 0
vt 0.625 0
vt 0.75 0
vt 0.875 0
vt 1 0
vt 0.5 0.5
vt 0.5 0.5
vt 0.5 0.5
vt 0.5 0.5
vt 0.5 0.5
vt 0.5 0.5
vt 0.5 0.5
vt 0.5 0.5
vt 1 0.5
vt 0.8535534143447876 0.8535534143447876
vt 0.5 1
vt 0.1464466154575348 0.8535534143447876
vt 0 0.5
vt 0.1464466154575348 0.1464466154575348
vt 0.5 0
vt 0.8535534143447876 0.1464466154575348
vt 1 0.5
vt 0.5 0.5
vt 0.5 0.5
vt 0.5 0.5
vt 0.5 0.5
vt 0.5 0.5
vt 0.5 0.5
vt 0.5 0.5
vt 0.5 0.5
vt 1 0.5
vt 0.8535534143447876 0.1464466154575348
vt 0.5 0
vt 0.1464466154575348 0.1464466154575348
vt 0 0.5
vt 0.1464466154575348 0.8535534143447876
vt 0.5 1
vt 0.8535534143447876 0.8535534143447876
vt 1 0.5
vn 0 -1 2.220446049250313e-16
vn 0.7071067811865476 -0.7071067811865476 1.5700924586837752e-16
vn 1 -6.123234262925839e-17 1.3596311327747833e-32
vn 0.7071067811865476 0.7071067811865476 -1.5700924586837752e-16
vn 1.2246468525851679e-16 1 -2.220446049250313e-16
vn -0.7071067811865476 0.7071067811865476 -1.5700924586837752e-16
vn -1 1.8369701465288538e-16 -4.078893104450762e-32
vn -0.7071067811865476 -0.7071067811865476 1.5700924586837752e-16
vn -2.4492937051703357e-16 -1 2.220446049250313e-16
vn 0 -1 2.220446049250313e-16
vn 0.7071067811865476 -0.7071067811865476 1.5700924586837752e-16
vn 1 -6.123234262925839e-17 1.3596311327747833e-32
vn 0.7071067811865476 0.7071067811865476 -1.5700924586837752e-16
vn 1.2246468525851679e-16 1 -2.220446049250313e-16
vn -0.7071067811865476 0.7071067811865476 -1.5700924586837752e-16
vn -1 1.8369701465288538e-16 -4.078893104450762e-32
vn -0.7071067811865476 -0.7071067811865476 1.5700924586837752e-16
vn -2.4492937051703357e-16 -1 2.220446049250313e-16
vn 0 2.220446049250313e-16 1
vn 0 2.220446049250313e-16 1
vn 0 2.220446049250313e-16 1
vn 0 2.220446049250313e-16 1
vn 0 2.220446049250313e-16 1
vn 0 2.220446049250313e-16 1
vn 0 2.220446049250313e-16 1
vn 0 2.220446049250313e-16 1
vn 0 2.220446049250313e-16 1
vn 0 2.220446049250313e-16 1
vn 0 2.220446049250313e-16 1
vn 0 2.220446049250313e-16 1
vn 0 2.220446049250313e-16 1
vn 0 2.220446049250313e-16 1
vn 0 2.220446049250313e-16 1
vn 0 2.220446049250313e-16 1
vn 0 2.220446049250313e-16 1
vn 0 -2.220446049250313e-16 -1
vn 0 -2.220446049250313e-16 -1
vn 0 -2.220446049250313e-16 -1
vn 0 -2.220446049250313e-16 -1
vn 0 -2.220446049250313e-16 -1
vn 0 -2.220446049250313e-16 -1
vn 0 -2.220446049250313e-16 -1
vn 0 -2.220446049250313e-16 -1
vn 0 -2.220446049250313e-16 -1
vn 0 -2.220446049250313e-16 -1
vn 0 -2.220446049250313e-16 -1
vn 0 -2.220446049250313e-16 -1
vn 0 -2.220446049250313e-16 -1
vn 0 -2.220446049250313e-16 -1
vn 0 -2.220446049250313e-16 -1
vn 0 -2.220446049250313e-16 -1
vn 0 -2.220446049250313e-16 -1
f 860/860/860 869/869/869 861/861/861
f 869/869/869 870/870/870 861/861/861
f 861/861/861 870/870/870 862/862/862
f 870/870/870 871/871/871 862/862/862
f 862/862/862 871/871/871 863/863/863
f 871/871/871 872/872/872 863/863/863
f 863/863/863 872/872/872 864/864/864
f 872/872/872 873/873/873 864/864/864
f 864/864/864 873/873/873 865/865/865
f 873/873/873 874/874/874 865/865/865
f 865/865/865 874/874/874 866/866/866
f 874/874/874 875/875/875 866/866/866
f 866/866/866 875/875/875 867/867/867
f 875/875/875 876/876/876 867/867/867
f 867/867/867 876/876/876 868/868/868
f 876/876/876 877/877/877 868/868/868
f 886/886/886 887/887/887 878/878/878
f 887/887/887 888/888/888 879/879/879
f 888/888/888 889/889/889 880/880/880
f 889/889/889 890/890/890 881/881/881
f 890/890/890 891/891/891 882/882/882
f 891/891/891 892/892/892 883/883/883
f 892/892/892 893/893/893 884/884/884
f 893/893/893 894/894/894 885/885/885
f 904/904/904 903/903/903 895/895/895
f 905/905/905 904/904/904 896/896/896
f 906/906/906 905/905/905 897/897/897
f 907/907/907 906/906/906 898/898/898
f 908/908/908 907/907/907 899/899/899
f 909/909/909 908/908/908 900/900/900
f 910/910/910 909/909/909 901/901/901
f 911/911/911 910/910/910 902/902/902
o miner_arm
usemtl plate
v -8.999999976158142 1.299999976158142 10.399999952316284
v -8.999999976158142 1.299999976158142 4.8000000476837155
v -8.999999976158142 -0.49999997615814207 10.399999952316284
v -8.999999976158142 -0.49999997615814207 4.8000000476837155
v -10.200000023841858 1.299999976158142 4.8000000476837155
v -10.200000023841858 1.299999976158142 10.399999952316284
v -10.200000023841858 -0.49999997615814207 4.8000000476837155
v -10.200000023841858 -0.49999997615814207 10.399999952316284
v -10.200000023841858 1.299999976158142 4.8000000476837155
v -8.999999976158142 1.299999976158142 4.8000000476837155
v -10.200000023841858 1.299999976158142 10.399999952316284
v -8.999999976158142 1.299999976158142 10.399999952316284
v -10.200000023841858 -0.49999997615814207 10.399999952316284
v -8.999999976158142 -0.49999997615814207 10.399999952316284
v -10.200000023841858 -0.49999997615814207 4.8000000476837155
v -8.999999976158142 -0.49999997615814207 4.8000000476837155
v -10.200000023841858 1.299999976158142 10.399999952316284
v -8.999999976158142 1.299999976158142 10.399999952316284
v -10.200000023841858 -0.49999997615814207 10.399999952316284
v -8.999999976158142 -0.49999997615814207 10.399999952316284
v -8.999999976158142 1.299999976158142 4.8000000476837155
v -10.200000023841858 1.299999976158142 4.8000000476837155
v -8.999999976158142 -0.49999997615814207 4.8000000476837155
v -10.200000023841858 -0.49999997615814207 4.8000000476837155
vt 0 1
vt 1 1
vt 0 0
vt 1 0
vt 0 1
vt 1 1
vt 0 0
vt 1 0
vt 0 1
vt 1 1
vt 0 0
vt 1 0
vt 0 1
vt 1 1
vt 0 0
vt 1 0
vt 0 1
vt 1 1
vt 0 0
vt 1 0
vt 0 1
vt 1 1
vt 0 0
vt 1 0
vn 1 0 0
vn 1 0 0
vn 1 0 0
vn 1 0 0
vn -1 0 0
vn -1 0 0
vn -1 0 0
vn -1 0 0
vn 0 1 0
vn 0 1 0
vn 0 1 0
vn 0 1 0
vn 0 -1 0
vn 0 -1 0
vn 0 -1 0
vn 0 -1 0
vn 0 0 1
vn 0 0 1
vn 0 0 1
vn 0 0 1
vn 0 0 -1
vn 0 0 -1
vn 0 0 -1
vn 0 0 -1
f 912/912/912 914/914/914 913/913/913
f 914/914/914 915/915/915 913/913/913
f 916/916/916 918/918/918 917/917/917
f 918/918/918 919/919/919 917/917/917
f 920/920/920 922/922/922 921/921/921
f 922/922/922 923/923/923 921/921/921
f 924/924/924 926/926/926 925/925/925
f 926/926/926 927/927/927 925/925/925
f 928/928/928 930/930/930 929/929/929
f 930/930/930 931/931/931 929/929/929
f 932/932/932 934/934/934 933/933/933
f 934/934/934 935/935/935 933/933/933
o miner_orepod
usemtl hull
v 3.8000000476837155 2.480000000000001 2.4800000190734863
v 3.800000047683716 4.233624796867371 1.7536247968673706
v 3.800000047683716 4.960000019073487 1.5185619913264897e-16
v 3.800000047683716 4.233624796867371 -1.7536247968673706
v 3.8000000476837155 2.4800000000000013 -2.4800000190734863
v 3.800000047683715 0.7263752031326303 -1.7536247968673706
v 3.800000047683715 -1.907348545771015e-8 -4.555686238677265e-16
v 3.800000047683715 0.7263752031326303 1.7536247968673706
v 3.8000000476837155 2.4800000000000004 2.4800000190734863
v 11.399999952316284 2.479999999999999 2.4800000190734863
v 11.399999952316284 4.233624796867369 1.7536247968673706
v 11.399999952316284 4.960000019073485 1.5185619913264897e-16
v 11.399999952316284 4.233624796867369 -1.7536247968673706
v 11.399999952316284 2.4799999999999995 -2.4800000190734863
v 11.399999952316284 0.7263752031326285 -1.7536247968673706
v 11.399999952316284 -1.9073487234066988e-8 -4.555686238677265e-16
v 11.399999952316284 0.7263752031326285 1.7536247968673706
v 11.399999952316284 2.4799999999999986 2.4800000190734863
v 3.8000000476837155 2.480000000000001 0
v 3.8000000476837155 2.480000000000001 0
v 3.8000000476837155 2.480000000000001 0
v 3.8000000476837155 2.480000000000001 0
v 3.8000000476837155 2.480000000000001 0
v 3.8000000476837155 2.480000000000001 0
v 3.8000000476837155 2.480000000000001 0
v 3.8000000476837155 2.480000000000001 0
v 3.8000000476837155 2.480000000000001 2.4800000190734863
v 3.800000047683716 4.233624796867371 1.7536247968673706
v 3.800000047683716 4.960000019073487 1.5185619913264897e-16
v 3.800000047683716 4.233624796867371 -1.7536247968673706
v 3.8000000476837155 2.4800000000000013 -2.4800000190734863
v 3.800000047683715 0.7263752031326303 -1.7536247968673706
v 3.800000047683715 -1.907348545771015e-8 -4.555686238677265e-16
v 3.800000047683715 0.7263752031326303 1.7536247968673706
v 3.8000000476837155 2.4800000000000004 2.4800000190734863
v 11.399999952316284 2.479999999999999 0
v 11.399999952316284 2.479999999999999 0
v 11.399999952316284 2.479999999999999 0
v 11.399999952316284 2.479999999999999 0
v 11.399999952316284 2.479999999999999 0
v 11.399999952316284 2.479999999999999 0
v 11.399999952316284 2.479999999999999 0
v 11.399999952316284 2.479999999999999 0
v 11.399999952316284 2.479999999999999 2.4800000190734863
v 11.399999952316284 4.233624796867369 1.7536247968673706
v 11.399999952316284 4.960000019073485 1.5185619913264897e-16
v 11.399999952316284 4.233624796867369 -1.7536247968673706
v 11.399999952316284 2.4799999999999995 -2.4800000190734863
v 11.399999952316284 0.7263752031326285 -1.7536247968673706
v 11.399999952316284 -1.9073487234066988e-8 -4.555686238677265e-16
v 11.399999952316284 0.7263752031326285 1.7536247968673706
v 11.399999952316284 2.4799999999999986 2.4800000190734863
vt 0 1
vt 0.125 1
vt 0.25 1
vt 0.375 1
vt 0.5 1
vt 0.625 1
vt 0.75 1
vt 0.875 1
vt 1 1
vt 0 0
vt 0.125 0
vt 0.25 0
vt 0.375 0
vt 0.5 0
vt 0.625 0
vt 0.75 0
vt 0.875 0
vt 1 0
vt 0.5 0.5
vt 0.5 0.5
vt 0.5 0.5
vt 0.5 0.5
vt 0.5 0.5
vt 0.5 0.5
vt 0.5 0.5
vt 0.5 0.5
vt 1 0.5
vt 0.8535534143447876 0.8535534143447876
vt 0.5 1
vt 0.1464466154575348 0.8535534143447876
vt 0 0.5
vt 0.1464466154575348 0.1464466154575348
vt 0.5 0
vt 0.8535534143447876 0.1464466154575348
vt 1 0.5
vt 0.5 0.5
vt 0.5 0.5
vt 0.5 0.5
vt 0.5 0.5
vt 0.5 0.5
vt 0.5 0.5
vt 0.5 0.5
vt 0.5 0.5
vt 1 0.5
vt 0.8535534143447876 0.1464466154575348
vt 0.5 0
vt 0.1464466154575348 0.1464466154575348
vt 0 0.5
vt 0.1464466154575348 0.8535534143447876
vt 0.5 1
vt 0.8535534143447876 0.8535534143447876
vt 1 0.5
vn 0 0 1
vn 1.5700924586837752e-16 0.7071067811865476 0.7071067811865476
vn 2.220446049250313e-16 1 6.123234262925839e-17
vn 1.5700924586837752e-16 0.7071067811865476 -0.7071067811865476
vn 2.7192622655495665e-32 1.2246468525851679e-16 -1
vn -1.5700924586837752e-16 -0.7071067811865476 -0.7071067811865476
vn -2.220446049250313e-16 -1 -1.8369701465288538e-16
vn -1.5700924586837752e-16 -0.7071067811865476 0.7071067811865476
vn -5.438524531099133e-32 -2.4492937051703357e-16 1
vn 0 0 1
vn 1.5700924586837752e-16 0.7071067811865476 0.7071067811865476
vn 2.220446049250313e-16 1 6.123234262925839e-17
vn 1.5700924586837752e-16 0.7071067811865476 -0.7071067811865476
vn 2.7192622655495665e-32 1.2246468525851679e-16 -1
vn -1.5700924586837752e-16 -0.7071067811865476 -0.7071067811865476
vn -2.220446049250313e-16 -1 -1.8369701465288538e-16
vn -1.5700924586837752e-16 -0.7071067811865476 0.7071067811865476
vn -5.438524531099133e-32 -2.4492937051703357e-16 1
vn -1 2.220446049250313e-16 0
vn -1 2.220446049250313e-16 0
vn -1 2.220446049250313e-16 0
vn -1 2.220446049250313e-16 0
vn -1 2.220446049250313e-16 0
vn -1 2.220446049250313e-16 0
vn -1 2.220446049250313e-16 0
vn -1 2.220446049250313e-16 0
vn -1 2.220446049250313e-16 0
vn -1 2.220446049250313e-16 0
vn -1 2.220446049250313e-16 0
vn -1 2.220446049250313e-16 0
vn -1 2.220446049250313e-16 0
vn -1 2.220446049250313e-16 0
vn -1 2.220446049250313e-16 0
vn -1 2.220446049250313e-16 0
vn -1 2.220446049250313e-16 0
vn 1 -2.220446049250313e-16 0
vn 1 -2.220446049250313e-16 0
vn 1 -2.220446049250313e-16 0
vn 1 -2.220446049250313e-16 0
vn 1 -2.220446049250313e-16 0
vn 1 -2.220446049250313e-16 0
vn 1 -2.220446049250313e-16 0
vn 1 -2.220446049250313e-16 0
vn 1 -2.220446049250313e-16 0
vn 1 -2.220446049250313e-16 0
vn 1 -2.220446049250313e-16 0
vn 1 -2.220446049250313e-16 0
vn 1 -2.220446049250313e-16 0
vn 1 -2.220446049250313e-16 0
vn 1 -2.220446049250313e-16 0
vn 1 -2.220446049250313e-16 0
vn 1 -2.220446049250313e-16 0
f 936/936/936 945/945/945 937/937/937
f 945/945/945 946/946/946 937/937/937
f 937/937/937 946/946/946 938/938/938
f 946/946/946 947/947/947 938/938/938
f 938/938/938 947/947/947 939/939/939
f 947/947/947 948/948/948 939/939/939
f 939/939/939 948/948/948 940/940/940
f 948/948/948 949/949/949 940/940/940
f 940/940/940 949/949/949 941/941/941
f 949/949/949 950/950/950 941/941/941
f 941/941/941 950/950/950 942/942/942
f 950/950/950 951/951/951 942/942/942
f 942/942/942 951/951/951 943/943/943
f 951/951/951 952/952/952 943/943/943
f 943/943/943 952/952/952 944/944/944
f 952/952/952 953/953/953 944/944/944
f 962/962/962 963/963/963 954/954/954
f 963/963/963 964/964/964 955/955/955
f 964/964/964 965/965/965 956/956/956
f 965/965/965 966/966/966 957/957/957
f 966/966/966 967/967/967 958/958/958
f 967/967/967 968/968/968 959/959/959
f 968/968/968 969/969/969 960/960/960
f 969/969/969 970/970/970 961/961/961
f 980/980/980 979/979/979 971/971/971
f 981/981/981 980/980/980 972/972/972
f 982/982/982 981/981/981 973/973/973
f 983/983/983 982/982/982 974/974/974
f 984/984/984 983/983/983 975/975/975
f 985/985/985 984/984/984 976/976/976
f 986/986/986 985/985/985 977/977/977
f 987/987/987 986/986/986 978/978/978
o miner_podband
usemtl accent
v 8.400000011920929 5.159999997317791 2.200000047683716
v 8.400000011920929 5.159999997317791 -2.200000047683716
v 8.400000011920929 4.920000002682209 2.200000047683716
v 8.400000011920929 4.920000002682209 -2.200000047683716
v 6.799999988079071 5.159999997317791 -2.200000047683716
v 6.799999988079071 5.159999997317791 2.200000047683716
v 6.799999988079071 4.920000002682209 -2.200000047683716
v 6.799999988079071 4.920000002682209 2.200000047683716
v 6.799999988079071 5.159999997317791 -2.200000047683716
v 8.400000011920929 5.159999997317791 -2.200000047683716
v 6.799999988079071 5.159999997317791 2.200000047683716
v 8.400000011920929 5.159999997317791 2.200000047683716
v 6.799999988079071 4.920000002682209 2.200000047683716
v 8.400000011920929 4.920000002682209 2.200000047683716
v 6.799999988079071 4.920000002682209 -2.200000047683716
v 8.400000011920929 4.920000002682209 -2.200000047683716
v 6.799999988079071 5.159999997317791 2.200000047683716
v 8.400000011920929 5.159999997317791 2.200000047683716
v 6.799999988079071 4.920000002682209 2.200000047683716
v 8.400000011920929 4.920000002682209 2.200000047683716
v 8.400000011920929 5.159999997317791 -2.200000047683716
v 6.799999988079071 5.159999997317791 -2.200000047683716
v 8.400000011920929 4.920000002682209 -2.200000047683716
v 6.799999988079071 4.920000002682209 -2.200000047683716
vt 0 1
vt 1 1
vt 0 0
vt 1 0
vt 0 1
vt 1 1
vt 0 0
vt 1 0
vt 0 1
vt 1 1
vt 0 0
vt 1 0
vt 0 1
vt 1 1
vt 0 0
vt 1 0
vt 0 1
vt 1 1
vt 0 0
vt 1 0
vt 0 1
vt 1 1
vt 0 0
vt 1 0
vn 1 0 0
vn 1 0 0
vn 1 0 0
vn 1 0 0
vn -1 0 0
vn -1 0 0
vn -1 0 0
vn -1 0 0
vn 0 1 0
vn 0 1 0
vn 0 1 0
vn 0 1 0
vn 0 -1 0
vn 0 -1 0
vn 0 -1 0
vn 0 -1 0
vn 0 0 1
vn 0 0 1
vn 0 0 1
vn 0 0 1
vn 0 0 -1
vn 0 0 -1
vn 0 0 -1
vn 0 0 -1
f 988/988/988 990/990/990 989/989/989
f 990/990/990 991/991/991 989/989/989
f 992/992/992 994/994/994 993/993/993
f 994/994/994 995/995/995 993/993/993
f 996/996/996 998/998/998 997/997/997
f 998/998/998 999/999/999 997/997/997
f 1000/1000/1000 1002/1002/1002 1001/1001/1001
f 1002/1002/1002 1003/1003/1003 1001/1001/1001
f 1004/1004/1004 1006/1006/1006 1005/1005/1005
f 1006/1006/1006 1007/1007/1007 1005/1005/1005
f 1008/1008/1008 1010/1010/1010 1009/1009/1009
f 1010/1010/1010 1011/1011/1011 1009/1009/1009
o miner_engine_nacelle
usemtl plate
v 2.4 -1.4400000572204583 15.199999952316285
v 3.418233776092529 -1.0182337760925286 15.199999952316285
v 3.840000057220459 5.335503151099997e-16 15.199999952316285
v 3.418233776092529 1.01823377609253 15.199999952316285
v 2.4 1.4400000572204597 15.199999952316285
v 1.3817662239074706 1.01823377609253 15.199999952316285
v 0.9599999427795409 8.862485874787043e-16 15.199999952316285
v 1.3817662239074706 -1.0182337760925286 15.199999952316285
v 2.3999999999999995 -1.4400000572204583 15.199999952316285
v 2.4 -1.2383999824523932 9.600000047683716
v 3.2756810426712035 -0.8756810426712043 9.600000047683716
v 3.6383999824523925 -6.975550114967495e-16 9.600000047683716
v 3.2756810426712035 0.875681042671203 9.600000047683716
v 2.4 1.238399982452392 9.600000047683716
v 1.5243189573287963 0.875681042671203 9.600000047683716
v 1.1616000175476073 -3.942344917010098e-16 9.600000047683716
v 1.5243189573287963 -0.8756810426712043 9.600000047683716
v 2.3999999999999995 -1.2383999824523932 9.600000047683716
v 2.4 6.217248832021758e-16 15.199999952316285
v 2.4 6.217248832021758e-16 15.199999952316285
v 2.4 6.217248832021758e-16 15.199999952316285
v 2.4 6.217248832021758e-16 15.199999952316285
v 2.4 6.217248832021758e-16 15.199999952316285
v 2.4 6.217248832021758e-16 15.199999952316285
v 2.4 6.217248832021758e-16 15.199999952316285
v 2.4 6.217248832021758e-16 15.199999952316285
v 2.4 -1.4400000572204583 15.199999952316285
v 3.418233776092529 -1.0182337760925286 15.199999952316285
v 3.840000057220459 5.335503151099997e-16 15.199999952316285
v 3.418233776092529 1.01823377609253 15.199999952316285
v 2.4 1.4400000572204597 15.199999952316285
v 1.3817662239074706 1.01823377609253 15.199999952316285
v 0.9599999427795409 8.862485874787043e-16 15.199999952316285
v 1.3817662239074706 -1.0182337760925286 15.199999952316285
v 2.3999999999999995 -1.4400000572204583 15.199999952316285
v 2.4 -6.217248832021758e-16 9.600000047683716
v 2.4 -6.217248832021758e-16 9.600000047683716
v 2.4 -6.217248832021758e-16 9.600000047683716
v 2.4 -6.217248832021758e-16 9.600000047683716
v 2.4 -6.217248832021758e-16 9.600000047683716
v 2.4 -6.217248832021758e-16 9.600000047683716
v 2.4 -6.217248832021758e-16 9.600000047683716
v 2.4 -6.217248832021758e-16 9.600000047683716
v 2.4 -1.2383999824523932 9.600000047683716
v 3.2756810426712035 -0.8756810426712043 9.600000047683716
v 3.6383999824523925 -6.975550114967495e-16 9.600000047683716
v 3.2756810426712035 0.875681042671203 9.600000047683716
v 2.4 1.238399982452392 9.600000047683716
v 1.5243189573287963 0.875681042671203 9.600000047683716
v 1.1616000175476073 -3.942344917010098e-16 9.600000047683716
v 1.5243189573287963 -0.8756810426712043 9.600000047683716
v 2.3999999999999995 -1.2383999824523932 9.600000047683716
vt 0 1
vt 0.125 1
vt 0.25 1
vt 0.375 1
vt 0.5 1
vt 0.625 1
vt 0.75 1
vt 0.875 1
vt 1 1
vt 0 0
vt 0.125 0
vt 0.25 0
vt 0.375 0
vt 0.5 0
vt 0.625 0
vt 0.75 0
vt 0.875 0
vt 1 0
vt 0.5 0.5
vt 0.5 0.5
vt 0.5 0.5
vt 0.5 0.5
vt 0.5 0.5
vt 0.5 0.5
vt 0.5 0.5
vt 0.5 0.5
vt 1 0.5
vt 0.8535534143447876 0.8535534143447876
vt 0.5 1
vt 0.1464466154575348 0.8535534143447876
vt 0 0.5
vt 0.1464466154575348 0.1464466154575348
vt 0.5 0
vt 0.8535534143447876 0.1464466154575348
vt 1 0.5
vt 0.5 0.5
vt 0.5 0.5
vt 0.5 0.5
vt 0.5 0.5
vt 0.5 0.5
vt 0.5 0.5
vt 0.5 0.5
vt 0.5 0.5
vt 1 0.5
vt 0.8535534143447876 0.1464466154575348
vt 0.5 0
vt 0.1464466154575348 0.1464466154575348
vt 0 0.5
vt 0.1464466154575348 0.8535534143447876
vt 0.5 1
vt 0.8535534143447876 0.8535534143447876
vt 1 0.5
vn 0 -0.9993526292408158 -0.03597669286452981
vn 0.7066490209083861 -0.7066490209083861 -0.03597669382306533
vn 0.9993526292408158 -6.918112778192988e-17 -0.035976692864530035
vn 0.7066490209083861 0.7066490209083861 -0.03597669382306565
vn 1.2238539445663223e-16 0.9993526292408158 -0.03597669286453026
vn -0.7066490209083861 0.7066490209083861 -0.03597669382306565
vn -0.9993526292408158 1.7558966774877944e-16 -0.035976692864530035
vn -0.7066490209083861 -0.7066490209083861 -0.03597669382306533
vn -2.4477078891326446e-16 -0.9993526292408158 -0.03597669286452981
vn 0 -0.9993526292408158 -0.03597669286452981
vn 0.7066490209083861 -0.7066490209083861 -0.03597669382306533
vn 0.9993526292408158 -6.918112778192988e-17 -0.035976692864530035
vn 0.7066490209083861 0.7066490209083861 -0.03597669382306565
vn 1.2238539445663223e-16 0.9993526292408158 -0.03597669286453026
vn -0.7066490209083861 0.7066490209083861 -0.03597669382306565
vn -0.9993526292408158 1.7558966774877944e-16 -0.035976692864530035
vn -0.7066490209083861 -0.7066490209083861 -0.03597669382306533
vn -2.4477078891326446e-16 -0.9993526292408158 -0.03597669286452981
vn 0 2.220446049250313e-16 1
vn 0 2.220446049250313e-16 1
vn 0 2.220446049250313e-16 1
vn 0 2.220446049250313e-16 1
vn 0 2.220446049250313e-16 1
vn 0 2.220446049250313e-16 1
vn 0 2.220446049250313e-16 1
vn 0 2.220446049250313e-16 1
vn 0 2.220446049250313e-16 1
vn 0 2.220446049250313e-16 1
vn 0 2.220446049250313e-16 1
vn 0 2.220446049250313e-16 1
vn 0 2.220446049250313e-16 1
vn 0 2.220446049250313e-16 1
vn 0 2.220446049250313e-16 1
vn 0 2.220446049250313e-16 1
vn 0 2.220446049250313e-16 1
vn 0 -2.220446049250313e-16 -1
vn 0 -2.220446049250313e-16 -1
vn 0 -2.220446049250313e-16 -1
vn 0 -2.220446049250313e-16 -1
vn 0 -2.220446049250313e-16 -1
vn 0 -2.220446049250313e-16 -1
vn 0 -2.220446049250313e-16 -1
vn 0 -2.220446049250313e-16 -1
vn 0 -2.220446049250313e-16 -1
vn 0 -2.220446049250313e-16 -1
vn 0 -2.220446049250313e-16 -1
vn 0 -2.220446049250313e-16 -1
vn 0 -2.220446049250313e-16 -1
vn 0 -2.220446049250313e-16 -1
vn 0 -2.220446049250313e-16 -1
vn 0 -2.220446049250313e-16 -1
vn 0 -2.220446049250313e-16 -1
f 1012/1012/1012 1021/1021/1021 1013/1013/1013
f 1021/1021/1021 1022/1022/1022 1013/1013/1013
f 1013/1013/1013 1022/1022/1022 1014/1014/1014
f 1022/1022/1022 1023/1023/1023 1014/1014/1014
f 1014/1014/1014 1023/1023/1023 1015/1015/1015
f 1023/1023/1023 1024/1024/1024 1015/1015/1015
f 1015/1015/1015 1024/1024/1024 1016/1016/1016
f 1024/1024/1024 1025/1025/1025 1016/1016/1016
f 1016/1016/1016 1025/1025/1025 1017/1017/1017
f 1025/1025/1025 1026/1026/1026 1017/1017/1017
f 1017/1017/1017 1026/1026/1026 1018/1018/1018
f 1026/1026/1026 1027/1027/1027 1018/1018/1018
f 1018/1018/1018 1027/1027/1027 1019/1019/1019
f 1027/1027/1027 1028/1028/1028 1019/1019/1019
f 1019/1019/1019 1028/1028/1028 1020/1020/1020
f 1028/1028/1028 1029/1029/1029 1020/1020/1020
f 1038/1038/1038 1039/1039/1039 1030/1030/1030
f 1039/1039/1039 1040/1040/1040 1031/1031/1031
f 1040/1040/1040 1041/1041/1041 1032/1032/1032
f 1041/1041/1041 1042/1042/1042 1033/1033/1033
f 1042/1042/1042 1043/1043/1043 1034/1034/1034
f 1043/1043/1043 1044/1044/1044 1035/1035/1035
f 1044/1044/1044 1045/1045/1045 1036/1036/1036
f 1045/1045/1045 1046/1046/1046 1037/1037/1037
f 1056/1056/1056 1055/1055/1055 1047/1047/1047
f 1057/1057/1057 1056/1056/1056 1048/1048/1048
f 1058/1058/1058 1057/1057/1057 1049/1049/1049
f 1059/1059/1059 1058/1058/1058 1050/1050/1050
f 1060/1060/1060 1059/1059/1059 1051/1051/1051
f 1061/1061/1061 1060/1060/1060 1052/1052/1052
f 1062/1062/1062 1061/1061/1061 1053/1053/1053
f 1063/1063/1063 1062/1062/1062 1054/1054/1054
o miner_engine_bell
usemtl thruster
v 2.4 -1.0368000268936157 15.60000000298023
v 3.133128309249878 -0.7331283092498779 15.60000000298023
v 3.4368000268936156 -1.9076766850220495e-17 15.60000000298023
v 3.133128309249878 0.7331283092498779 15.60000000298023
v 2.4 1.0368000268936157 15.60000000298023
v 1.666871690750122 0.7331283092498779 15.60000000298023
v 1.3631999731063842 2.348659871376645e-16 15.60000000298023
v 1.666871690750122 -0.7331283092498779 15.60000000298023
v 2.3999999999999995 -1.0368000268936157 15.60000000298023
v 2.4 -1.0368000268936157 15.199999997019766
v 3.133128309249878 -0.7331283092498779 15.199999997019766
v 3.4368000268936156 -1.07894610143722e-16 15.199999997019766
v 3.133128309249878 0.7331283092498779 15.199999997019766
v 2.4 1.0368000268936157 15.199999997019766
v 1.666871690750122 0.7331283092498779 15.199999997019766
v 1.3631999731063842 1.46048143844163e-16 15.199999997019766
v 1.666871690750122 -0.7331283092498779 15.199999997019766
v 2.3999999999999995 -1.0368000268936157 15.199999997019766
v 2.4 4.440892164675075e-17 15.60000000298023
v 2.4 4.440892164675075e-17 15.60000000298023
v 2.4 4.440892164675075e-17 15.60000000298023
v 2.4 4.440892164675075e-17 15.60000000298023
v 2.4 4.440892164675075e-17 15.60000000298023
v 2.4 4.440892164675075e-17 15.60000000298023
v 2.4 4.440892164675075e-17 15.60000000298023
v 2.4 4.440892164675075e-17 15.60000000298023
v 2.4 -1.0368000268936157 15.60000000298023
v 3.133128309249878 -0.7331283092498779 15.60000000298023
v 3.4368000268936156 -1.9076766850220495e-17 15.60000000298023
v 3.133128309249878 0.7331283092498779 15.60000000298023
v 2.4 1.0368000268936157 15.60000000298023
v 1.666871690750122 0.7331283092498779 15.60000000298023
v 1.3631999731063842 2.348659871376645e-16 15.60000000298023
v 1.666871690750122 -0.7331283092498779 15.60000000298023
v 2.3999999999999995 -1.0368000268936157 15.60000000298023
v 2.4 -4.440892164675075e-17 15.199999997019766
v 2.4 -4.440892164675075e-17 15.199999997019766
v 2.4 -4.440892164675075e-17 15.199999997019766
v 2.4 -4.440892164675075e-17 15.199999997019766
v 2.4 -4.440892164675075e-17 15.199999997019766
v 2.4 -4.440892164675075e-17 15.199999997019766
v 2.4 -4.440892164675075e-17 15.199999997019766
v 2.4 -4.440892164675075e-17 15.199999997019766
v 2.4 -1.0368000268936157 15.199999997019766
v 3.133128309249878 -0.7331283092498779 15.199999997019766
v 3.4368000268936156 -1.07894610143722e-16 15.199999997019766
v 3.133128309249878 0.7331283092498779 15.199999997019766
v 2.4 1.0368000268936157 15.199999997019766
v 1.666871690750122 0.7331283092498779 15.199999997019766
v 1.3631999731063842 1.46048143844163e-16 15.199999997019766
v 1.666871690750122 -0.7331283092498779 15.199999997019766
v 2.3999999999999995 -1.0368000268936157 15.199999997019766
vt 0 1
vt 0.125 1
vt 0.25 1
vt 0.375 1
vt 0.5 1
vt 0.625 1
vt 0.75 1
vt 0.875 1
vt 1 1
vt 0 0
vt 0.125 0
vt 0.25 0
vt 0.375 0
vt 0.5 0
vt 0.625 0
vt 0.75 0
vt 0.875 0
vt 1 0
vt 0.5 0.5
vt 0.5 0.5
vt 0.5 0.5
vt 0.5 0.5
vt 0.5 0.5
vt 0.5 0.5
vt 0.5 0.5
vt 0.5 0.5
vt 1 0.5
vt 0.8535534143447876 0.8535534143447876
vt 0.5 1
vt 0.1464466154575348 0.8535534143447876
vt 0 0.5
vt 0.1464466154575348 0.1464466154575348
vt 0.5 0
vt 0.8535534143447876 0.1464466154575348
vt 1 0.5
vt 0.5 0.5
vt 0.5 0.5
vt 0.5 0.5
vt 0.5 0.5
vt 0.5 0.5
vt 0.5 0.5
vt 0.5 0.5
vt 0.5 0.5
vt 1 0.5
vt 0.8535534143447876 0.1464466154575348
vt 0.5 0
vt 0.1464466154575348 0.1464466154575348
vt 0 0.5
vt 0.1464466154575348 0.8535534143447876
vt 0.5 1
vt 0.8535534143447876 0.8535534143447876
vt 1 0.5
vn 0 -1 2.220446049250313e-16
vn 0.7071067811865476 -0.7071067811865476 1.5700924586837752e-16
vn 1 -6.123234262925839e-17 1.3596311327747833e-32
vn 0.7071067811865476 0.7071067811865476 -1.5700924586837752e-16
vn 1.2246468525851679e-16 1 -2.220446049250313e-16
vn -0.7071067811865476 0.7071067811865476 -1.5700924586837752e-16
vn -1 1.8369701465288538e-16 -4.078893104450762e-32
vn -0.7071067811865476 -0.7071067811865476 1.5700924586837752e-16
vn -2.4492937051703357e-16 -1 2.220446049250313e-16
vn 0 -1 2.220446049250313e-16
vn 0.7071067811865476 -0.7071067811865476 1.5700924586837752e-16
vn 1 -6.123234262925839e-17 1.3596311327747833e-32
vn 0.7071067811865476 0.7071067811865476 -1.5700924586837752e-16
vn 1.2246468525851679e-16 1 -2.220446049250313e-16
vn -0.7071067811865476 0.7071067811865476 -1.5700924586837752e-16
vn -1 1.8369701465288538e-16 -4.078893104450762e-32
vn -0.7071067811865476 -0.7071067811865476 1.5700924586837752e-16
vn -2.4492937051703357e-16 -1 2.220446049250313e-16
vn 0 2.220446049250313e-16 1
vn 0 2.220446049250313e-16 1
vn 0 2.220446049250313e-16 1
vn 0 2.220446049250313e-16 1
vn 0 2.220446049250313e-16 1
vn 0 2.220446049250313e-16 1
vn 0 2.220446049250313e-16 1
vn 0 2.220446049250313e-16 1
vn 0 2.220446049250313e-16 1
vn 0 2.220446049250313e-16 1
vn 0 2.220446049250313e-16 1
vn 0 2.220446049250313e-16 1
vn 0 2.220446049250313e-16 1
vn 0 2.220446049250313e-16 1
vn 0 2.220446049250313e-16 1
vn 0 2.220446049250313e-16 1
vn 0 2.220446049250313e-16 1
vn 0 -2.220446049250313e-16 -1
vn 0 -2.220446049250313e-16 -1
vn 0 -2.220446049250313e-16 -1
vn 0 -2.220446049250313e-16 -1
vn 0 -2.220446049250313e-16 -1
vn 0 -2.220446049250313e-16 -1
vn 0 -2.220446049250313e-16 -1
vn 0 -2.220446049250313e-16 -1
vn 0 -2.220446049250313e-16 -1
vn 0 -2.220446049250313e-16 -1
vn 0 -2.220446049250313e-16 -1
vn 0 -2.220446049250313e-16 -1
vn 0 -2.220446049250313e-16 -1
vn 0 -2.220446049250313e-16 -1
vn 0 -2.220446049250313e-16 -1
vn 0 -2.220446049250313e-16 -1
vn 0 -2.220446049250313e-16 -1
f 1064/1064/1064 1073/1073/1073 1065/1065/1065
f 1073/1073/1073 1074/1074/1074 1065/1065/1065
f 1065/1065/1065 1074/1074/1074 1066/1066/1066
f 1074/1074/1074 1075/1075/1075 1066/1066/1066
f 1066/1066/1066 1075/1075/1075 1067/1067/1067
f 1075/1075/1075 1076/1076/1076 1067/1067/1067
f 1067/1067/1067 1076/1076/1076 1068/1068/1068
f 1076/1076/1076 1077/1077/1077 1068/1068/1068
f 1068/1068/1068 1077/1077/1077 1069/1069/1069
f 1077/1077/1077 1078/1078/1078 1069/1069/1069
f 1069/1069/1069 1078/1078/1078 1070/1070/1070
f 1078/1078/1078 1079/1079/1079 1070/1070/1070
f 1070/1070/1070 1079/1079/1079 1071/1071/1071
f 1079/1079/1079 1080/1080/1080 1071/1071/1071
f 1071/1071/1071 1080/1080/1080 1072/1072/1072
f 1080/1080/1080 1081/1081/1081 1072/1072/1072
f 1090/1090/1090 1091/1091/1091 1082/1082/1082
f 1091/1091/1091 1092/1092/1092 1083/1083/1083
f 1092/1092/1092 1093/1093/1093 1084/1084/1084
f 1093/1093/1093 1094/1094/1094 1085/1085/1085
f 1094/1094/1094 1095/1095/1095 1086/1086/1086
f 1095/1095/1095 1096/1096/1096 1087/1087/1087
f 1096/1096/1096 1097/1097/1097 1088/1088/1088
f 1097/1097/1097 1098/1098/1098 1089/1089/1089
f 1108/1108/1108 1107/1107/1107 1099/1099/1099
f 1109/1109/1109 1108/1108/1108 1100/1100/1100
f 1110/1110/1110 1109/1109/1109 1101/1101/1101
f 1111/1111/1111 1110/1110/1110 1102/1102/1102
f 1112/1112/1112 1111/1111/1111 1103/1103/1103
f 1113/1113/1113 1112/1112/1112 1104/1104/1104
f 1114/1114/1114 1113/1113/1113 1105/1105/1105
f 1115/1115/1115 1114/1114/1114 1106/1106/1106
o miner_arm
usemtl plate
v 10.200000023841858 1.299999976158142 10.399999952316284
v 10.200000023841858 1.299999976158142 4.8000000476837155
v 10.200000023841858 -0.49999997615814207 10.399999952316284
v 10.200000023841858 -0.49999997615814207 4.8000000476837155
v 8.999999976158142 1.299999976158142 4.8000000476837155
v 8.999999976158142 1.299999976158142 10.399999952316284
v 8.999999976158142 -0.49999997615814207 4.8000000476837155
v 8.999999976158142 -0.49999997615814207 10.399999952316284
v 8.999999976158142 1.299999976158142 4.8000000476837155
v 10.200000023841858 1.299999976158142 4.8000000476837155
v 8.999999976158142 1.299999976158142 10.399999952316284
v 10.200000023841858 1.299999976158142 10.399999952316284
v 8.999999976158142 -0.49999997615814207 10.399999952316284
v 10.200000023841858 -0.49999997615814207 10.399999952316284
v 8.999999976158142 -0.49999997615814207 4.8000000476837155
v 10.200000023841858 -0.49999997615814207 4.8000000476837155
v 8.999999976158142 1.299999976158142 10.399999952316284
v 10.200000023841858 1.299999976158142 10.399999952316284
v 8.999999976158142 -0.49999997615814207 10.399999952316284
v 10.200000023841858 -0.49999997615814207 10.399999952316284
v 10.200000023841858 1.299999976158142 4.8000000476837155
v 8.999999976158142 1.299999976158142 4.8000000476837155
v 10.200000023841858 -0.49999997615814207 4.8000000476837155
v 8.999999976158142 -0.49999997615814207 4.8000000476837155
vt 0 1
vt 1 1
vt 0 0
vt 1 0
vt 0 1
vt 1 1
vt 0 0
vt 1 0
vt 0 1
vt 1 1
vt 0 0
vt 1 0
vt 0 1
vt 1 1
vt 0 0
vt 1 0
vt 0 1
vt 1 1
vt 0 0
vt 1 0
vt 0 1
vt 1 1
vt 0 0
vt 1 0
vn 1 0 0
vn 1 0 0
vn 1 0 0
vn 1 0 0
vn -1 0 0
vn -1 0 0
vn -1 0 0
vn -1 0 0
vn 0 1 0
vn 0 1 0
vn 0 1 0
vn 0 1 0
vn 0 -1 0
vn 0 -1 0
vn 0 -1 0
vn 0 -1 0
vn 0 0 1
vn 0 0 1
vn 0 0 1
vn 0 0 1
vn 0 0 -1
vn 0 0 -1
vn 0 0 -1
vn 0 0 -1
f 1116/1116/1116 1118/1118/1118 1117/1117/1117
f 1118/1118/1118 1119/1119/1119 1117/1117/1117
f 1120/1120/1120 1122/1122/1122 1121/1121/1121
f 1122/1122/1122 1123/1123/1123 1121/1121/1121
f 1124/1124/1124 1126/1126/1126 1125/1125/1125
f 1126/1126/1126 1127/1127/1127 1125/1125/1125
f 1128/1128/1128 1130/1130/1130 1129/1129/1129
f 1130/1130/1130 1131/1131/1131 1129/1129/1129
f 1132/1132/1132 1134/1134/1134 1133/1133/1133
f 1134/1134/1134 1135/1135/1135 1133/1133/1133
f 1136/1136/1136 1138/1138/1138 1137/1137/1137
f 1138/1138/1138 1139/1139/1139 1137/1137/1137
o miner_bridge
usemtl glass
v 2 4.8 9.399999952316284
v 2 4.8 5.8000000476837155
v 2 2.8 9.399999952316284
v 2 2.8 5.8000000476837155
v -2 4.8 5.8000000476837155
v -2 4.8 9.399999952316284
v -2 2.8 5.8000000476837155
v -2 2.8 9.399999952316284
v -2 4.8 5.8000000476837155
v 2 4.8 5.8000000476837155
v -2 4.8 9.399999952316284
v 2 4.8 9.399999952316284
v -2 2.8 9.399999952316284
v 2 2.8 9.399999952316284
v -2 2.8 5.8000000476837155
v 2 2.8 5.8000000476837155
v -2 4.8 9.399999952316284
v 2 4.8 9.399999952316284
v -2 2.8 9.399999952316284
v 2 2.8 9.399999952316284
v 2 4.8 5.8000000476837155
v -2 4.8 5.8000000476837155
v 2 2.8 5.8000000476837155
v -2 2.8 5.8000000476837155
vt 0 1
vt 1 1
vt 0 0
vt 1 0
vt 0 1
vt 1 1
vt 0 0
vt 1 0
vt 0 1
vt 1 1
vt 0 0
vt 1 0
vt 0 1
vt 1 1
vt 0 0
vt 1 0
vt 0 1
vt 1 1
vt 0 0
vt 1 0
vt 0 1
vt 1 1
vt 0 0
vt 1 0
vn 1 0 0
vn 1 0 0
vn 1 0 0
vn 1 0 0
vn -1 0 0
vn -1 0 0
vn -1 0 0
vn -1 0 0
vn 0 1 0
vn 0 1 0
vn 0 1 0
vn 0 1 0
vn 0 -1 0
vn 0 -1 0
vn 0 -1 0
vn 0 -1 0
vn 0 0 1
vn 0 0 1
vn 0 0 1
vn 0 0 1
vn 0 0 -1
vn 0 0 -1
vn 0 0 -1
vn 0 0 -1
f 1140/1140/1140 1142/1142/1142 1141/1141/1141
f 1142/1142/1142 1143/1143/1143 1141/1141/1141
f 1144/1144/1144 1146/1146/1146 1145/1145/1145
f 1146/1146/1146 1147/1147/1147 1145/1145/1145
f 1148/1148/1148 1150/1150/1150 1149/1149/1149
f 1150/1150/1150 1151/1151/1151 1149/1149/1149
f 1152/1152/1152 1154/1154/1154 1153/1153/1153
f 1154/1154/1154 1155/1155/1155 1153/1153/1153
f 1156/1156/1156 1158/1158/1158 1157/1157/1157
f 1158/1158/1158 1159/1159/1159 1157/1157/1157
f 1160/1160/1160 1162/1162/1162 1161/1161/1161
f 1162/1162/1162 1163/1163/1163 1161/1161/1161
