mtllib Structure.mtl
o structure_hull
usemtl hull
v -61.37375561696179 -24.999998650460874 -148.1693645693221
v 61.37375561696179 -24.999998650460874 -148.1693645693221
v 148.1693645693221 -24.999998650460874 -61.37375561696179
v -148.1693645693221 -24.999998650460874 61.37375561696179
v -148.1693645693221 -24.999998650460874 -61.37375561696179
v -61.37375561696179 -24.999998650460874 -148.1693645693221
v 61.37375561696179 -24.999998650460874 148.1693645693221
v -61.37375561696179 -24.999998650460874 148.1693645693221
v -148.1693645693221 -24.999998650460874 61.37375561696179
v 148.1693645693221 -24.999998650460874 -61.37375561696179
v 148.1693645693221 -24.999998650460874 61.37375561696179
v 61.37375561696179 -24.999998650460874 148.1693645693221
v -148.1693645693221 -24.999998650460874 61.37375561696179
v -61.37375561696179 -24.999998650460874 -148.1693645693221
v 148.1693645693221 -24.999998650460874 -61.37375561696179
v 148.1693645693221 -24.999998650460874 -61.37375561696179
v 61.37375561696179 -24.999998650460874 148.1693645693221
v -148.1693645693221 -24.999998650460874 61.37375561696179
v 148.1693645693221 17.452830413602435 -61.37375561696179
v 61.37375561696179 17.452830413602435 -148.1693645693221
v -61.37375561696179 17.452830413602435 -148.1693645693221
v -61.37375561696179 17.452830413602435 -148.1693645693221
v -148.1693645693221 17.452830413602435 -61.37375561696179
v -148.1693645693221 17.452830413602435 61.37375561696179
v -148.1693645693221 17.452830413602435 61.37375561696179
v -61.37375561696179 17.452830413602435 148.1693645693221
v 61.37375561696179 17.452830413602435 148.1693645693221
v 61.37375561696179 17.452830413602435 148.1693645693221
v 148.1693645693221 17.452830413602435 61.37375561696179
v 148.1693645693221 17.452830413602435 -61.37375561696179
v 148.1693645693221 17.452830413602435 -61.37375561696179
v -61.37375561696179 17.452830413602435 -148.1693645693221
v -148.1693645693221 17.452830413602435 61.37375561696179
v -148.1693645693221 17.452830413602435 61.37375561696179
v 61.37375561696179 17.452830413602435 148.1693645693221
v 148.1693645693221 17.452830413602435 -61.37375561696179
v -61.37375561696179 -24.999998650460874 -148.1693645693221
v -148.1693645693221 -24.999998650460874 -61.37375561696179
v -62.936825572319755 -21.226414532031654 -151.9429458762115
v -148.1693645693221 -24.999998650460874 -61.37375561696179
v -151.9429458762115 -21.226414532031654 -62.936825572319755
v -62.936825572319755 -21.226414532031654 -151.9429458762115
v -62.936825572319755 -21.226414532031654 -151.9429458762115
v -151.9429458762115 -21.226414532031654 -62.936825572319755
v -62.936825572319755 13.679246295173213 -151.9429458762115
v -151.9429458762115 -21.226414532031654 -62.936825572319755
v -151.9429458762115 13.679246295173213 -62.936825572319755
v -62.936825572319755 13.679246295173213 -151.9429458762115
v -62.936825572319755 13.679246295173213 -151.9429458762115
v -151.9429458762115 13.679246295173213 -62.936825572319755
v -61.37375561696179 17.452830413602435 -148.1693645693221
v -151.9429458762115 13.679246295173213 -62.936825572319755
v -148.1693645693221 17.452830413602435 -61.37375561696179
v -61.37375561696179 17.452830413602435 -148.1693645693221
v -148.1693645693221 -24.999998650460874 -61.37375561696179
v -148.1693645693221 -24.999998650460874 61.37375561696179
v -151.9429458762115 -21.226414532031654 -62.936825572319755
v -148.1693645693221 -24.999998650460874 61.37375561696179
v -151.9429458762115 -21.226414532031654 62.936825572319755
v -151.9429458762115 -21.226414532031654 -62.936825572319755
v -151.9429458762115 -21.226414532031654 -62.936825572319755
v -151.9429458762115 -21.226414532031654 62.936825572319755
v -151.9429458762115 13.679246295173213 -62.936825572319755
v -151.9429458762115 -21.226414532031654 62.936825572319755
v -151.9429458762115 13.679246295173213 62.936825572319755
v -151.9429458762115 13.679246295173213 -62.936825572319755
v -151.9429458762115 13.679246295173213 -62.936825572319755
v -151.9429458762115 13.679246295173213 62.936825572319755
v -148.1693645693221 17.452830413602435 -61.37375561696179
v -151.9429458762115 13.679246295173213 62.936825572319755
v -148.1693645693221 17.452830413602435 61.37375561696179
v -148.1693645693221 17.452830413602435 -61.37375561696179
v -148.1693645693221 -24.999998650460874 61.37375561696179
v -61.37375561696179 -24.999998650460874 148.1693645693221
v -151.9429458762115 -21.226414532031654 62.936825572319755
v -61.37375561696179 -24.999998650460874 148.1693645693221
v -62.936825572319755 -21.226414532031654 151.9429458762115
v -151.9429458762115 -21.226414532031654 62.936825572319755
v -151.9429458762115 -21.226414532031654 62.936825572319755
v -62.936825572319755 -21.226414532031654 151.9429458762115
v -151.9429458762115 13.679246295173213 62.936825572319755
v -62.936825572319755 -21.226414532031654 151.9429458762115
v -62.936825572319755 13.679246295173213 151.9429458762115
v -151.9429458762115 13.679246295173213 62.936825572319755
v -151.9429458762115 13.679246295173213 62.936825572319755
v -62.936825572319755 13.679246295173213 151.9429458762115
v -148.1693645693221 17.452830413602435 61.37375561696179
v -62.936825572319755 13.679246295173213 151.9429458762115
v -61.37375561696179 17.452830413602435 148.1693645693221
v -148.1693645693221 17.452830413602435 61.37375561696179
v -61.37375561696179 -24.999998650460874 148.1693645693221
v 61.37375561696179 -24.999998650460874 148.1693645693221
v -62.936825572319755 -21.226414532031654 151.9429458762115
v 61.37375561696179 -24.999998650460874 148.1693645693221
v 62.936825572319755 -21.226414532031654 151.9429458762115
v -62.936825572319755 -21.226414532031654 151.9429458762115
v -62.936825572319755 -21.226414532031654 151.9429458762115
v 62.936825572319755 -21.226414532031654 151.9429458762115
v -62.936825572319755 13.679246295173213 151.9429458762115
v 62.936825572319755 -21.226414532031654 151.9429458762115
v 62.936825572319755 13.679246295173213 151.9429458762115
v -62.936825572319755 13.679246295173213 151.9429458762115
v -62.936825572319755 13.679246295173213 151.9429458762115
v 62.936825572319755 13.679246295173213 151.9429458762115
v -61.37375561696179 17.452830413602435 148.1693645693221
v 62.936825572319755 13.679246295173213 151.9429458762115
v 61.37375561696179 17.452830413602435 148.1693645693221
v -61.37375561696179 17.452830413602435 148.1693645693221
v 61.37375561696179 -24.999998650460874 148.1693645693221
v 148.1693645693221 -24.999998650460874 61.37375561696179
v 62.936825572319755 -21.226414532031654 151.9429458762115
v 148.1693645693221 -24.999998650460874 61.37375561696179
v 151.9429458762115 -21.226414532031654 62.936825572319755
v 62.936825572319755 -21.226414532031654 151.9429458762115
v 62.936825572319755 -21.226414532031654 151.9429458762115
v 151.9429458762115 -21.226414532031654 62.936825572319755
v 62.936825572319755 13.679246295173213 151.9429458762115
v 151.9429458762115 -21.226414532031654 62.936825572319755
v 151.9429458762115 13.679246295173213 62.936825572319755
v 62.936825572319755 13.679246295173213 151.9429458762115
v 62.936825572319755 13.679246295173213 151.9429458762115
v 151.9429458762115 13.679246295173213 62.936825572319755
v 61.37375561696179 17.452830413602435 148.1693645693221
v 151.9429458762115 13.679246295173213 62.936825572319755
v 148.1693645693221 17.452830413602435 61.37375561696179
v 61.37375561696179 17.452830413602435 148.1693645693221
v 148.1693645693221 -24.999998650460874 61.37375561696179
v 148.1693645693221 -24.999998650460874 -61.37375561696179
v 151.9429458762115 -21.226414532031654 62.936825572319755
v 148.1693645693221 -24.999998650460874 -61.37375561696179
v 151.9429458762115 -21.226414532031654 -62.936825572319755
v 151.9429458762115 -21.226414532031654 62.936825572319755
v 151.9429458762115 -21.226414532031654 62.936825572319755
v 151.9429458762115 -21.226414532031654 -62.936825572319755
v 151.9429458762115 13.679246295173213 62.936825572319755
v 151.9429458762115 -21.226414532031654 -62.936825572319755
v 151.9429458762115 13.679246295173213 -62.936825572319755
v 151.9429458762115 13.679246295173213 62.936825572319755
v 151.9429458762115 13.679246295173213 62.936825572319755
v 151.9429458762115 13.679246295173213 -62.936825572319755
v 148.1693645693221 17.452830413602435 61.37375561696179
v 151.9429458762115 13.679246295173213 -62.936825572319755
v 148.1693645693221 17.452830413602435 -61.37375561696179
v 148.1693645693221 17.452830413602435 61.37375561696179
v 148.1693645693221 -24.999998650460874 -61.37375561696179
v 61.37375561696179 -24.999998650460874 -148.1693645693221
v 151.9429458762115 -21.226414532031654 -62.936825572319755
v 61.37375561696179 -24.999998650460874 -148.1693645693221
v 62.936825572319755 -21.226414532031654 -151.9429458762115
v 151.9429458762115 -21.226414532031654 -62.936825572319755
v 151.9429458762115 -21.226414532031654 -62.936825572319755
v 62.936825572319755 -21.226414532031654 -151.9429458762115
v 151.9429458762115 13.679246295173213 -62.936825572319755
v 62.936825572319755 -21.226414532031654 -151.9429458762115
v 62.936825572319755 13.679246295173213 -151.9429458762115
v 151.9429458762115 13.679246295173213 -62.936825572319755
v 151.9429458762115 13.679246295173213 -62.936825572319755
v 62.936825572319755 13.679246295173213 -151.9429458762115
v 148.1693645693221 17.452830413602435 -61.37375561696179
v 62.936825572319755 13.679246295173213 -151.9429458762115
v 61.37375561696179 17.452830413602435 -148.1693645693221
v 148.1693645693221 17.452830413602435 -61.37375561696179
v 61.37375561696179 -24.999998650460874 -148.1693645693221
v -61.37375561696179 -24.999998650460874 -148.1693645693221
v 62.936825572319755 -21.226414532031654 -151.9429458762115
v -61.37375561696179 -24.999998650460874 -148.1693645693221
v -62.936825572319755 -21.226414532031654 -151.9429458762115
v 62.936825572319755 -21.226414532031654 -151.9429458762115
v 62.936825572319755 -21.226414532031654 -151.9429458762115
v -62.936825572319755 -21.226414532031654 -151.9429458762115
v 62.936825572319755 13.679246295173213 -151.9429458762115
v -62.936825572319755 -21.226414532031654 -151.9429458762115
v -62.936825572319755 13.679246295173213 -151.9429458762115
v 62.936825572319755 13.679246295173213 -151.9429458762115
v 62.936825572319755 13.679246295173213 -151.9429458762115
v -62.936825572319755 13.679246295173213 -151.9429458762115
v 61.37375561696179 17.452830413602435 -148.1693645693221
v -62.936825572319755 13.679246295173213 -151.9429458762115
v -61.37375561696179 17.452830413602435 -148.1693645693221
v 61.37375561696179 17.452830413602435 -148.1693645693221
vt -1.3011236190795898 3.141190528869629
vt 1.3011236190795898 3.141190528869629
vt 3.141190528869629 1.3011236190795898
vt -3.141190528869629 -1.3011236190795898
vt -3.141190528869629 1.3011236190795898
vt -1.3011236190795898 3.141190528869629
vt 1.3011236190795898 -3.141190528869629
vt -1.3011236190795898 -3.141190528869629
vt -3.141190528869629 -1.3011236190795898
vt 3.141190528869629 1.3011236190795898
vt 3.141190528869629 -1.3011236190795898
vt 1.3011236190795898 -3.141190528869629
vt -3.141190528869629 -1.3011236190795898
vt -1.3011236190795898 3.141190528869629
vt 3.141190528869629 1.3011236190795898
vt 3.141190528869629 1.3011236190795898
vt 1.3011236190795898 -3.141190528869629
vt -3.141190528869629 -1.3011236190795898
vt 3.141190528869629 1.3011236190795898
vt 1.3011236190795898 3.141190528869629
vt -1.3011236190795898 3.141190528869629
vt -1.3011236190795898 3.141190528869629
vt -3.141190528869629 1.3011236190795898
vt -3.141190528869629 -1.3011236190795898
vt -3.141190528869629 -1.3011236190795898
vt -1.3011236190795898 -3.141190528869629
vt 1.3011236190795898 -3.141190528869629
vt 1.3011236190795898 -3.141190528869629
vt 3.141190528869629 -1.3011236190795898
vt 3.141190528869629 1.3011236190795898
vt 3.141190528869629 1.3011236190795898
vt -1.3011236190795898 3.141190528869629
vt -3.141190528869629 -1.3011236190795898
vt -3.141190528869629 -1.3011236190795898
vt 1.3011236190795898 -3.141190528869629
vt 3.141190528869629 1.3011236190795898
vt 3.141190528869629 1.0800000429153442
vt 1.3011236190795898 1.0800000429153442
vt 3.2211904525756836 1
vt 1.3011236190795898 1.0800000429153442
vt 1.3342607021331787 1
vt 3.2211904525756836 1
vt 3.2211904525756836 1
vt 1.3342607021331787 1
vt 3.2211904525756836 0.25999999046325684
vt 1.3342607021331787 1
vt 1.3342607021331787 0.25999999046325684
vt 3.2211904525756836 0.25999999046325684
vt 3.2211904525756836 0.25999999046325684
vt 1.3342607021331787 0.25999999046325684
vt 3.141190528869629 0.18000000715255737
vt 1.3342607021331787 0.25999999046325684
vt 1.3011236190795898 0.18000000715255737
vt 3.141190528869629 0.18000000715255737
vt 1.3011236190795898 1.0800000429153442
vt -1.3011236190795898 1.0800000429153442
vt 1.3342607021331787 1
vt -1.3011236190795898 1.0800000429153442
vt -1.3342607021331787 1
vt 1.3342607021331787 1
vt 1.3342607021331787 1
vt -1.3342607021331787 1
vt 1.3342607021331787 0.25999999046325684
vt -1.3342607021331787 1
vt -1.3342607021331787 0.25999999046325684
vt 1.3342607021331787 0.25999999046325684
vt 1.3342607021331787 0.25999999046325684
vt -1.3342607021331787 0.25999999046325684
vt 1.3011236190795898 0.18000000715255737
vt -1.3342607021331787 0.25999999046325684
vt -1.3011236190795898 0.18000000715255737
vt 1.3011236190795898 0.18000000715255737
vt -3.141190528869629 1.0800000429153442
vt -1.3011236190795898 1.0800000429153442
vt -3.2211904525756836 1
vt -1.3011236190795898 1.0800000429153442
vt -1.3342607021331787 1
vt -3.2211904525756836 1
vt -3.2211904525756836 1
vt -1.3342607021331787 1
vt -3.2211904525756836 0.25999999046325684
vt -1.3342607021331787 1
vt -1.3342607021331787 0.25999999046325684
vt -3.2211904525756836 0.25999999046325684
vt -3.2211904525756836 0.25999999046325684
vt -1.3342607021331787 0.25999999046325684
vt -3.141190528869629 0.18000000715255737
vt -1.3342607021331787 0.25999999046325684
vt -1.3011236190795898 0.18000000715255737
vt -3.141190528869629 0.18000000715255737
vt -1.3011236190795898 1.0800000429153442
vt 1.3011236190795898 1.0800000429153442
vt -1.3342607021331787 1
vt 1.3011236190795898 1.0800000429153442
vt 1.3342607021331787 1
vt -1.3342607021331787 1
vt -1.3342607021331787 1
vt 1.3342607021331787 1
vt -1.3342607021331787 0.25999999046325684
vt 1.3342607021331787 1
vt 1.3342607021331787 0.25999999046325684
vt -1.3342607021331787 0.25999999046325684
vt -1.3342607021331787 0.25999999046325684
vt 1.3342607021331787 0.25999999046325684
vt -1.3011236190795898 0.18000000715255737
vt 1.3342607021331787 0.25999999046325684
vt 1.3011236190795898 0.18000000715255737
vt -1.3011236190795898 0.18000000715255737
vt -3.141190528869629 1.0800000429153442
vt -1.3011236190795898 1.0800000429153442
vt -3.2211904525756836 1
vt -1.3011236190795898 1.0800000429153442
vt -1.3342607021331787 1
vt -3.2211904525756836 1
vt -3.2211904525756836 1
vt -1.3342607021331787 1
vt -3.2211904525756836 0.25999999046325684
vt -1.3342607021331787 1
vt -1.3342607021331787 0.25999999046325684
vt -3.2211904525756836 0.25999999046325684
vt -3.2211904525756836 0.25999999046325684
vt -1.3342607021331787 0.25999999046325684
vt -3.141190528869629 0.18000000715255737
vt -1.3342607021331787 0.25999999046325684
vt -1.3011236190795898 0.18000000715255737
vt -3.141190528869629 0.18000000715255737
vt -1.3011236190795898 1.0800000429153442
vt 1.3011236190795898 1.0800000429153442
vt -1.3342607021331787 1
vt 1.3011236190795898 1.0800000429153442
vt 1.3342607021331787 1
vt -1.3342607021331787 1
vt -1.3342607021331787 1
vt 1.3342607021331787 1
vt -1.3342607021331787 0.25999999046325684
vt 1.3342607021331787 1
vt 1.3342607021331787 0.25999999046325684
vt -1.3342607021331787 0.25999999046325684
vt -1.3342607021331787 0.25999999046325684
vt 1.3342607021331787 0.25999999046325684
vt -1.3011236190795898 0.18000000715255737
vt 1.3342607021331787 0.25999999046325684
vt 1.3011236190795898 0.18000000715255737
vt -1.3011236190795898 0.18000000715255737
vt 3.141190528869629 1.0800000429153442
vt 1.3011236190795898 1.0800000429153442
vt 3.2211904525756836 1
vt 1.3011236190795898 1.0800000429153442
vt 1.3342607021331787 1
vt 3.2211904525756836 1
vt 3.2211904525756836 1
vt 1.3342607021331787 1
vt 3.2211904525756836 0.25999999046325684
vt 1.3342607021331787 1
vt 1.3342607021331787 0.25999999046325684
vt 3.2211904525756836 0.25999999046325684
vt 3.2211904525756836 0.25999999046325684
vt 1.3342607021331787 0.25999999046325684
vt 3.141190528869629 0.18000000715255737
vt 1.3342607021331787 0.25999999046325684
vt 1.3011236190795898 0.18000000715255737
vt 3.141190528869629 0.18000000715255737
vt 1.3011236190795898 1.0800000429153442
vt -1.3011236190795898 1.0800000429153442
vt 1.3342607021331787 1
vt -1.3011236190795898 1.0800000429153442
vt -1.3342607021331787 1
vt 1.3342607021331787 1
vt 1.3342607021331787 1
vt -1.3342607021331787 1
vt 1.3342607021331787 0.25999999046325684
vt -1.3342607021331787 1
vt -1.3342607021331787 0.25999999046325684
vt 1.3342607021331787 0.25999999046325684
vt 1.3342607021331787 0.25999999046325684
vt -1.3342607021331787 0.25999999046325684
vt 1.3011236190795898 0.18000000715255737
vt -1.3342607021331787 0.25999999046325684
vt -1.3011236190795898 0.18000000715255737
vt 1.3011236190795898 0.18000000715255737
vn 0 -1 -6.123234262925839e-17
vn 0 -1 -6.123234262925839e-17
vn 0 -1 -6.123234262925839e-17
vn 0 -1 -6.123234262925839e-17
vn 0 -1 -6.123234262925839e-17
vn 0 -1 -6.123234262925839e-17
vn 0 -1 -6.123234262925839e-17
vn 0 -1 -6.123234262925839e-17
vn 0 -1 -6.123234262925839e-17
vn 0 -1 -6.123234262925839e-17
vn 0 -1 -6.123234262925839e-17
vn 0 -1 -6.123234262925839e-17
vn 0 -1 -6.123234262925839e-17
vn 0 -1 -6.123234262925839e-17
vn 0 -1 -6.123234262925839e-17
vn 0 -1 -6.123234262925839e-17
vn 0 -1 -6.123234262925839e-17
vn 0 -1 -6.123234262925839e-17
vn 0 1 6.123234262925839e-17
vn 0 1 6.123234262925839e-17
vn 0 1 6.123234262925839e-17
vn 0 1 6.123234262925839e-17
vn 0 1 6.123234262925839e-17
vn 0 1 6.123234262925839e-17
vn 0 1 6.123234262925839e-17
vn 0 1 6.123234262925839e-17
vn 0 1 6.123234262925839e-17
vn 0 1 6.123234262925839e-17
vn 0 1 6.123234262925839e-17
vn 0 1 6.123234262925839e-17
vn 0 1 6.123234262925839e-17
vn 0 1 6.123234262925839e-17
vn 0 1 6.123234262925839e-17
vn 0 1 6.123234262925839e-17
vn 0 1 6.123234262925839e-17
vn 0 1 6.123234262925839e-17
vn -0.5000001779791999 -0.7071065294858595 -0.5000001779791999
vn -0.5000001779791999 -0.7071065294858595 -0.5000001779791999
vn -0.5000001779791999 -0.7071065294858595 -0.5000001779791999
vn -0.5000001779791999 -0.7071065294858595 -0.5000001779791999
vn -0.5000001779791999 -0.7071065294858595 -0.5000001779791999
vn -0.5000001779791999 -0.7071065294858595 -0.5000001779791999
vn -0.7071067811865475 4.329780375814312e-17 -0.7071067811865475
vn -0.7071067811865475 4.329780375814312e-17 -0.7071067811865475
vn -0.7071067811865475 4.329780375814312e-17 -0.7071067811865475
vn -0.7071067811865475 4.329780375814312e-17 -0.7071067811865475
vn -0.7071067811865475 4.329780375814312e-17 -0.7071067811865475
vn -0.7071067811865475 4.329780375814312e-17 -0.7071067811865475
vn -0.5000001271034712 0.7071066014350491 -0.5000001271034712
vn -0.5000001271034712 0.7071066014350491 -0.5000001271034712
vn -0.5000001271034712 0.7071066014350491 -0.5000001271034712
vn -0.5000001271034712 0.7071066014350491 -0.5000001271034712
vn -0.5000001271034712 0.7071066014350491 -0.5000001271034712
vn -0.5000001271034712 0.7071066014350491 -0.5000001271034712
vn -0.7071071090120097 -0.7071064533609335 -4.3297782080938334e-17
vn -0.7071071090120097 -0.7071064533609335 -4.3297782080938334e-17
vn -0.7071071090120097 -0.7071064533609335 -4.3297782080938334e-17
vn -0.7071071090120097 -0.7071064533609335 -4.3297782080938334e-17
vn -0.7071071090120097 -0.7071064533609335 -4.3297782080938334e-17
vn -0.7071071090120097 -0.7071064533609335 -4.3297782080938334e-17
vn -1 0 0
vn -1 0 0
vn -1 0 0
vn -1 0 0
vn -1 0 0
vn -1 0 0
vn -0.7071070196050905 0.7071065427679242 4.3297790523250637e-17
vn -0.7071070196050905 0.7071065427679242 4.3297790523250637e-17
vn -0.7071070196050905 0.7071065427679242 4.3297790523250637e-17
vn -0.7071070494073914 0.7071065129656019 4.3297785389662245e-17
vn -0.7071070494073914 0.7071065129656019 4.3297785389662245e-17
vn -0.7071070494073914 0.7071065129656019 4.3297785389662245e-17
vn -0.5000001779791999 -0.7071065294858595 0.5000001779791999
vn -0.5000001779791999 -0.7071065294858595 0.5000001779791999
vn -0.5000001779791999 -0.7071065294858595 0.5000001779791999
vn -0.5000001779791999 -0.7071065294858595 0.5000001779791999
vn -0.5000001779791999 -0.7071065294858595 0.5000001779791999
vn -0.5000001779791999 -0.7071065294858595 0.5000001779791999
vn -0.7071067811865475 -4.329780375814312e-17 0.7071067811865475
vn -0.7071067811865475 -4.329780375814312e-17 0.7071067811865475
vn -0.7071067811865475 -4.329780375814312e-17 0.7071067811865475
vn -0.7071067811865475 -4.329780375814312e-17 0.7071067811865475
vn -0.7071067811865475 -4.329780375814312e-17 0.7071067811865475
vn -0.7071067811865475 -4.329780375814312e-17 0.7071067811865475
vn -0.5000001271034712 0.7071066014350491 0.5000001271034712
vn -0.5000001271034712 0.7071066014350491 0.5000001271034712
vn -0.5000001271034712 0.7071066014350491 0.5000001271034712
vn -0.5000001271034712 0.7071066014350491 0.5000001271034712
vn -0.5000001271034712 0.7071066014350491 0.5000001271034712
vn -0.5000001271034712 0.7071066014350491 0.5000001271034712
vn 0 -0.7071064533609335 0.7071071090120097
vn 0 -0.7071064533609335 0.7071071090120097
vn 0 -0.7071064533609335 0.7071071090120097
vn 0 -0.7071064533609335 0.7071071090120097
vn 0 -0.7071064533609335 0.7071071090120097
vn 0 -0.7071064533609335 0.7071071090120097
vn 0 -6.123234262925839e-17 1
vn 0 -6.123234262925839e-17 1
vn 0 -6.123234262925839e-17 1
vn 0 -6.123234262925839e-17 1
vn 0 -6.123234262925839e-17 1
vn 0 -6.123234262925839e-17 1
vn 0 0.7071065427679242 0.7071070196050905
vn 0 0.7071065427679242 0.7071070196050905
vn 0 0.7071065427679242 0.7071070196050905
vn 0 0.7071065129656019 0.7071070494073914
vn 0 0.7071065129656019 0.7071070494073914
vn 0 0.7071065129656019 0.7071070494073914
vn 0.5000001779791999 -0.7071065294858595 0.5000001779791999
vn 0.5000001779791999 -0.7071065294858595 0.5000001779791999
vn 0.5000001779791999 -0.7071065294858595 0.5000001779791999
vn 0.5000001779791999 -0.7071065294858595 0.5000001779791999
vn 0.5000001779791999 -0.7071065294858595 0.5000001779791999
vn 0.5000001779791999 -0.7071065294858595 0.5000001779791999
vn 0.7071067811865475 -4.329780375814312e-17 0.7071067811865475
vn 0.7071067811865475 -4.329780375814312e-17 0.7071067811865475
vn 0.7071067811865475 -4.329780375814312e-17 0.7071067811865475
vn 0.7071067811865475 -4.329780375814312e-17 0.7071067811865475
vn 0.7071067811865475 -4.329780375814312e-17 0.7071067811865475
vn 0.7071067811865475 -4.329780375814312e-17 0.7071067811865475
vn 0.5000001271034712 0.7071066014350491 0.5000001271034712
vn 0.5000001271034712 0.7071066014350491 0.5000001271034712
vn 0.5000001271034712 0.7071066014350491 0.5000001271034712
vn 0.5000001271034712 0.7071066014350491 0.5000001271034712
vn 0.5000001271034712 0.7071066014350491 0.5000001271034712
vn 0.5000001271034712 0.7071066014350491 0.5000001271034712
vn 0.7071071090120097 -0.7071064533609335 -4.3297782080938334e-17
vn 0.7071071090120097 -0.7071064533609335 -4.3297782080938334e-17
vn 0.7071071090120097 -0.7071064533609335 -4.3297782080938334e-17
vn 0.7071071090120097 -0.7071064533609335 -4.3297782080938334e-17
vn 0.7071071090120097 -0.7071064533609335 -4.3297782080938334e-17
vn 0.7071071090120097 -0.7071064533609335 -4.3297782080938334e-17
vn 1 0 0
vn 1 0 0
vn 1 0 0
vn 1 0 0
vn 1 0 0
vn 1 0 0
vn 0.7071070196050905 0.7071065427679242 4.3297790523250637e-17
vn 0.7071070196050905 0.7071065427679242 4.3297790523250637e-17
vn 0.7071070196050905 0.7071065427679242 4.3297790523250637e-17
vn 0.7071070494073914 0.7071065129656019 4.3297785389662245e-17
vn 0.7071070494073914 0.7071065129656019 4.3297785389662245e-17
vn 0.7071070494073914 0.7071065129656019 4.3297785389662245e-17
vn 0.5000001779791999 -0.7071065294858595 -0.5000001779791999
vn 0.5000001779791999 -0.7071065294858595 -0.5000001779791999
vn 0.5000001779791999 -0.7071065294858595 -0.5000001779791999
vn 0.5000001779791999 -0.7071065294858595 -0.5000001779791999
vn 0.5000001779791999 -0.7071065294858595 -0.5000001779791999
vn 0.5000001779791999 -0.7071065294858595 -0.5000001779791999
vn 0.7071067811865475 4.329780375814312e-17 -0.7071067811865475
vn 0.7071067811865475 4.329780375814312e-17 -0.7071067811865475
vn 0.7071067811865475 4.329780375814312e-17 -0.7071067811865475
vn 0.7071067811865475 4.329780375814312e-17 -0.7071067811865475
vn 0.7071067811865475 4.329780375814312e-17 -0.7071067811865475
vn 0.7071067811865475 4.329780375814312e-17 -0.7071067811865475
vn 0.5000001271034712 0.7071066014350491 -0.5000001271034712
vn 0.5000001271034712 0.7071066014350491 -0.5000001271034712
vn 0.5000001271034712 0.7071066014350491 -0.5000001271034712
vn 0.5000001271034712 0.7071066014350491 -0.5000001271034712
vn 0.5000001271034712 0.7071066014350491 -0.5000001271034712
vn 0.5000001271034712 0.7071066014350491 -0.5000001271034712
vn 0 -0.7071064533609335 -0.7071071090120097
vn 0 -0.7071064533609335 -0.7071071090120097
vn 0 -0.7071064533609335 -0.7071071090120097
vn 0 -0.7071064533609335 -0.7071071090120097
vn 0 -0.7071064533609335 -0.7071071090120097
vn 0 -0.7071064533609335 -0.7071071090120097
vn 0 6.123234262925839e-17 -1
vn 0 6.123234262925839e-17 -1
vn 0 6.123234262925839e-17 -1
vn 0 6.123234262925839e-17 -1
vn 0 6.123234262925839e-17 -1
vn 0 6.123234262925839e-17 -1
vn 0 0.7071065427679242 -0.7071070196050905
vn 0 0.7071065427679242 -0.7071070196050905
vn 0 0.7071065427679242 -0.7071070196050905
vn 0 0.7071065129656019 -0.7071070494073914
vn 0 0.7071065129656019 -0.7071070494073914
vn 0 0.7071065129656019 -0.7071070494073914
f 1/1/1 2/2/2 3/3/3
f 4/4/4 5/5/5 6/6/6
f 7/7/7 8/8/8 9/9/9
f 10/10/10 11/11/11 12/12/12
f 13/13/13 14/14/14 15/15/15
f 16/16/16 17/17/17 18/18/18
f 19/19/19 20/20/20 21/21/21
f 22/22/22 23/23/23 24/24/24
f 25/25/25 26/26/26 27/27/27
f 28/28/28 29/29/29 30/30/30
f 31/31/31 32/32/32 33/33/33
f 34/34/34 35/35/35 36/36/36
f 37/37/37 38/38/38 39/39/39
f 40/40/40 41/41/41 42/42/42
f 43/43/43 44/44/44 45/45/45
f 46/46/46 47/47/47 48/48/48
f 49/49/49 50/50/50 51/51/51
f 52/52/52 53/53/53 54/54/54
f 55/55/55 56/56/56 57/57/57
f 58/58/58 59/59/59 60/60/60
f 61/61/61 62/62/62 63/63/63
f 64/64/64 65/65/65 66/66/66
f 67/67/67 68/68/68 69/69/69
f 70/70/70 71/71/71 72/72/72
f 73/73/73 74/74/74 75/75/75
f 76/76/76 77/77/77 78/78/78
f 79/79/79 80/80/80 81/81/81
f 82/82/82 83/83/83 84/84/84
f 85/85/85 86/86/86 87/87/87
f 88/88/88 89/89/89 90/90/90
f 91/91/91 92/92/92 93/93/93
f 94/94/94 95/95/95 96/96/96
f 97/97/97 98/98/98 99/99/99
f 100/100/100 101/101/101 102/102/102
f 103/103/103 104/104/104 105/105/105
f 106/106/106 107/107/107 108/108/108
f 109/109/109 110/110/110 111/111/111
f 112/112/112 113/113/113 114/114/114
f 115/115/115 116/116/116 117/117/117
f 118/118/118 119/119/119 120/120/120
f 121/121/121 122/122/122 123/123/123
f 124/124/124 125/125/125 126/126/126
f 127/127/127 128/128/128 129/129/129
f 130/130/130 131/131/131 132/132/132
f 133/133/133 134/134/134 135/135/135
f 136/136/136 137/137/137 138/138/138
f 139/139/139 140/140/140 141/141/141
f 142/142/142 143/143/143 144/144/144
f 145/145/145 146/146/146 147/147/147
f 148/148/148 149/149/149 150/150/150
f 151/151/151 152/152/152 153/153/153
f 154/154/154 155/155/155 156/156/156
f 157/157/157 158/158/158 159/159/159
f 160/160/160 161/161/161 162/162/162
f 163/163/163 164/164/164 165/165/165
f 166/166/166 167/167/167 168/168/168
f 169/169/169 170/170/170 171/171/171
f 172/172/172 173/173/173 174/174/174
f 175/175/175 176/176/176 177/177/177
f 178/178/178 179/179/179 180/180/180
o structure_spine
usemtl plate
v -47.87153230523163 17.452830357371635 -115.572101664993
v 47.87153230523163 17.452830357371635 -115.572101664993
v 115.572101664993 17.452830357371635 -47.87153230523163
v -115.572101664993 17.452830357371635 47.87153230523163
v -115.572101664993 17.452830357371635 -47.87153230523163
v -47.87153230523163 17.452830357371635 -115.572101664993
v 47.87153230523163 17.452830357371635 115.572101664993
v -47.87153230523163 17.452830357371635 115.572101664993
v -115.572101664993 17.452830357371635 47.87153230523163
v 115.572101664993 17.452830357371635 -47.87153230523163
v 115.572101664993 17.452830357371635 47.87153230523163
v 47.87153230523163 17.452830357371635 115.572101664993
v -115.572101664993 17.452830357371635 47.87153230523163
v -47.87153230523163 17.452830357371635 -115.572101664993
v 115.572101664993 17.452830357371635 -47.87153230523163
v 115.572101664993 17.452830357371635 -47.87153230523163
v 47.87153230523163 17.452830357371635 115.572101664993
v -115.572101664993 17.452830357371635 47.87153230523163
v 115.572101664993 50.47169771959197 -47.87153230523163
v 47.87153230523163 50.47169771959197 -115.572101664993
v -47.87153230523163 50.47169771959197 -115.572101664993
v -47.87153230523163 50.47169771959197 -115.572101664993
v -115.572101664993 50.47169771959197 -47.87153230523163
v -115.572101664993 50.47169771959197 47.87153230523163
v -115.572101664993 50.47169771959197 47.87153230523163
v -47.87153230523163 50.47169771959197 115.572101664993
v 47.87153230523163 50.47169771959197 115.572101664993
v 47.87153230523163 50.47169771959197 115.572101664993
v 115.572101664993 50.47169771959197 47.87153230523163
v 115.572101664993 50.47169771959197 -47.87153230523163
v 115.572101664993 50.47169771959197 -47.87153230523163
v -47.87153230523163 50.47169771959197 -115.572101664993
v -115.572101664993 50.47169771959197 47.87153230523163
v -115.572101664993 50.47169771959197 47.87153230523163
v 47.87153230523163 50.47169771959197 115.572101664993
v 115.572101664993 50.47169771959197 -47.87153230523163
v -47.87153230523163 17.452830357371635 -115.572101664993
v -115.572101664993 17.452830357371635 -47.87153230523163
v -49.04383196021026 20.283019149078513 -118.40228764516003
v -115.572101664993 17.452830357371635 -47.87153230523163
v -118.40228764516003 20.283019149078513 -49.04383196021026
v -49.04383196021026 20.283019149078513 -118.40228764516003
v -49.04383196021026 20.283019149078513 -118.40228764516003
v -118.40228764516003 20.283019149078513 -49.04383196021026
v -49.04383196021026 47.64150892788509 -118.40228764516003
v -118.40228764516003 20.283019149078513 -49.04383196021026
v -118.40228764516003 47.64150892788509 -49.04383196021026
v -49.04383196021026 47.64150892788509 -118.40228764516003
v -49.04383196021026 47.64150892788509 -118.40228764516003
v -118.40228764516003 47.64150892788509 -49.04383196021026
v -47.87153230523163 50.47169771959197 -115.572101664993
v -118.40228764516003 47.64150892788509 -49.04383196021026
v -115.572101664993 50.47169771959197 -47.87153230523163
v -47.87153230523163 50.47169771959197 -115.572101664993
v -115.572101664993 17.452830357371635 -47.87153230523163
v -115.572101664993 17.452830357371635 47.87153230523163
v -118.40228764516003 20.283019149078513 -49.04383196021026
v -115.572101664993 17.452830357371635 47.87153230523163
v -118.40228764516003 20.283019149078513 49.04383196021026
v -118.40228764516003 20.283019149078513 -49.04383196021026
v -118.40228764516003 20.283019149078513 -49.04383196021026
v -118.40228764516003 20.283019149078513 49.04383196021026
v -118.40228764516003 47.64150892788509 -49.04383196021026
v -118.40228764516003 20.283019149078513 49.04383196021026
v -118.40228764516003 47.64150892788509 49.04383196021026
v -118.40228764516003 47.64150892788509 -49.04383196021026
v -118.40228764516003 47.64150892788509 -49.04383196021026
v -118.40228764516003 47.64150892788509 49.04383196021026
v -115.572101664993 50.47169771959197 -47.87153230523163
v -118.40228764516003 47.64150892788509 49.04383196021026
v -115.572101664993 50.47169771959197 47.87153230523163
v -115.572101664993 50.47169771959197 -47.87153230523163
v -115.572101664993 17.452830357371635 47.87153230523163
v -47.87153230523163 17.452830357371635 115.572101664993
v -118.40228764516003 20.283019149078513 49.04383196021026
v -47.87153230523163 17.452830357371635 115.572101664993
v -49.04383196021026 20.283019149078513 118.40228764516003
v -118.40228764516003 20.283019149078513 49.04383196021026
v -118.40228764516003 20.283019149078513 49.04383196021026
v -49.04383196021026 20.283019149078513 118.40228764516003
v -118.40228764516003 47.64150892788509 49.04383196021026
v -49.04383196021026 20.283019149078513 118.40228764516003
v -49.04383196021026 47.64150892788509 118.40228764516003
v -118.40228764516003 47.64150892788509 49.04383196021026
v -118.40228764516003 47.64150892788509 49.04383196021026
v -49.04383196021026 47.64150892788509 118.40228764516003
v -115.572101664993 50.47169771959197 47.87153230523163
v -49.04383196021026 47.64150892788509 118.40228764516003
v -47.87153230523163 50.47169771959197 115.572101664993
v -115.572101664993 50.47169771959197 47.87153230523163
v -47.87153230523163 17.452830357371635 115.572101664993
v 47.87153230523163 17.452830357371635 115.572101664993
v -49.04383196021026 20.283019149078513 118.40228764516003
v 47.87153230523163 17.452830357371635 115.572101664993
v 49.04383196021026 20.283019149078513 118.40228764516003
v -49.04383196021026 20.283019149078513 118.40228764516003
v -49.04383196021026 20.283019149078513 118.40228764516003
v 49.04383196021026 20.283019149078513 118.40228764516003
v -49.04383196021026 47.64150892788509 118.40228764516003
v 49.04383196021026 20.283019149078513 118.40228764516003
v 49.04383196021026 47.64150892788509 118.40228764516003
v -49.04383196021026 47.64150892788509 118.40228764516003
v -49.04383196021026 47.64150892788509 118.40228764516003
v 49.04383196021026 47.64150892788509 118.40228764516003
v -47.87153230523163 50.47169771959197 115.572101664993
v 49.04383196021026 47.64150892788509 118.40228764516003
v 47.87153230523163 50.47169771959197 115.572101664993
v -47.87153230523163 50.47169771959197 115.572101664993
v 47.87153230523163 17.452830357371635 115.572101664993
v 115.572101664993 17.452830357371635 47.87153230523163
v 49.04383196021026 20.283019149078513 118.40228764516003
v 115.572101664993 17.452830357371635 47.87153230523163
v 118.40228764516003 20.283019149078513 49.04383196021026
v 49.04383196021026 20.283019149078513 118.40228764516003
v 49.04383196021026 20.283019149078513 118.40228764516003
v 118.40228764516003 20.283019149078513 49.04383196021026
v 49.04383196021026 47.64150892788509 118.40228764516003
v 118.40228764516003 20.283019149078513 49.04383196021026
v 118.40228764516003 47.64150892788509 49.04383196021026
v 49.04383196021026 47.64150892788509 118.40228764516003
v 49.04383196021026 47.64150892788509 118.40228764516003
v 118.40228764516003 47.64150892788509 49.04383196021026
v 47.87153230523163 50.47169771959197 115.572101664993
v 118.40228764516003 47.64150892788509 49.04383196021026
v 115.572101664993 50.47169771959197 47.87153230523163
v 47.87153230523163 50.47169771959197 115.572101664993
v 115.572101664993 17.452830357371635 47.87153230523163
v 115.572101664993 17.452830357371635 -47.87153230523163
v 118.40228764516003 20.283019149078513 49.04383196021026
v 115.572101664993 17.452830357371635 -47.87153230523163
v 118.40228764516003 20.283019149078513 -49.04383196021026
v 118.40228764516003 20.283019149078513 49.04383196021026
v 118.40228764516003 20.283019149078513 49.04383196021026
v 118.40228764516003 20.283019149078513 -49.04383196021026
v 118.40228764516003 47.64150892788509 49.04383196021026
v 118.40228764516003 20.283019149078513 -49.04383196021026
v 118.40228764516003 47.64150892788509 -49.04383196021026
v 118.40228764516003 47.64150892788509 49.04383196021026
v 118.40228764516003 47.64150892788509 49.04383196021026
v 118.40228764516003 47.64150892788509 -49.04383196021026
v 115.572101664993 50.47169771959197 47.87153230523163
v 118.40228764516003 47.64150892788509 -49.04383196021026
v 115.572101664993 50.47169771959197 -47.87153230523163
v 115.572101664993 50.47169771959197 47.87153230523163
v 115.572101664993 17.452830357371635 -47.87153230523163
v 47.87153230523163 17.452830357371635 -115.572101664993
v 118.40228764516003 20.283019149078513 -49.04383196021026
v 47.87153230523163 17.452830357371635 -115.572101664993
v 49.04383196021026 20.283019149078513 -118.40228764516003
v 118.40228764516003 20.283019149078513 -49.04383196021026
v 118.40228764516003 20.283019149078513 -49.04383196021026
v 49.04383196021026 20.283019149078513 -118.40228764516003
v 118.40228764516003 47.64150892788509 -49.04383196021026
v 49.04383196021026 20.283019149078513 -118.40228764516003
v 49.04383196021026 47.64150892788509 -118.40228764516003
v 118.40228764516003 47.64150892788509 -49.04383196021026
v 118.40228764516003 47.64150892788509 -49.04383196021026
v 49.04383196021026 47.64150892788509 -118.40228764516003
v 115.572101664993 50.47169771959197 -47.87153230523163
v 49.04383196021026 47.64150892788509 -118.40228764516003
v 47.87153230523163 50.47169771959197 -115.572101664993
v 115.572101664993 50.47169771959197 -47.87153230523163
v 47.87153230523163 17.452830357371635 -115.572101664993
v -47.87153230523163 17.452830357371635 -115.572101664993
v 49.04383196021026 20.283019149078513 -118.40228764516003
v -47.87153230523163 17.452830357371635 -115.572101664993
v -49.04383196021026 20.283019149078513 -118.40228764516003
v 49.04383196021026 20.283019149078513 -118.40228764516003
v 49.04383196021026 20.283019149078513 -118.40228764516003
v -49.04383196021026 20.283019149078513 -118.40228764516003
v 49.04383196021026 47.64150892788509 -118.40228764516003
v -49.04383196021026 20.283019149078513 -118.40228764516003
v -49.04383196021026 47.64150892788509 -118.40228764516003
v 49.04383196021026 47.64150892788509 -118.40228764516003
v 49.04383196021026 47.64150892788509 -118.40228764516003
v -49.04383196021026 47.64150892788509 -118.40228764516003
v 47.87153230523163 50.47169771959197 -115.572101664993
v -49.04383196021026 47.64150892788509 -118.40228764516003
v -47.87153230523163 50.47169771959197 -115.572101664993
v 47.87153230523163 50.47169771959197 -115.572101664993
vt -1.0148764848709106 2.4501285552978516
vt 1.0148764848709106 2.4501285552978516
vt 2.4501285552978516 1.0148764848709106
vt -2.4501285552978516 -1.0148764848709106
vt -2.4501285552978516 1.0148764848709106
vt -1.0148764848709106 2.4501285552978516
vt 1.0148764848709106 -2.4501285552978516
vt -1.0148764848709106 -2.4501285552978516
vt -2.4501285552978516 -1.0148764848709106
vt 2.4501285552978516 1.0148764848709106
vt 2.4501285552978516 -1.0148764848709106
vt 1.0148764848709106 -2.4501285552978516
vt -2.4501285552978516 -1.0148764848709106
vt -1.0148764848709106 2.4501285552978516
vt 2.4501285552978516 1.0148764848709106
vt 2.4501285552978516 1.0148764848709106
vt 1.0148764848709106 -2.4501285552978516
vt -2.4501285552978516 -1.0148764848709106
vt 2.4501285552978516 1.0148764848709106
vt 1.0148764848709106 2.4501285552978516
vt -1.0148764848709106 2.4501285552978516
vt -1.0148764848709106 2.4501285552978516
vt -2.4501285552978516 1.0148764848709106
vt -2.4501285552978516 -1.0148764848709106
vt -2.4501285552978516 -1.0148764848709106
vt -1.0148764848709106 -2.4501285552978516
vt 1.0148764848709106 -2.4501285552978516
vt 1.0148764848709106 -2.4501285552978516
vt 2.4501285552978516 -1.0148764848709106
vt 2.4501285552978516 1.0148764848709106
vt 2.4501285552978516 1.0148764848709106
vt -1.0148764848709106 2.4501285552978516
vt -2.4501285552978516 -1.0148764848709106
vt -2.4501285552978516 -1.0148764848709106
vt 1.0148764848709106 -2.4501285552978516
vt 2.4501285552978516 1.0148764848709106
vt 2.4501285552978516 1.059999942779541
vt 1.0148764848709106 1.059999942779541
vt 2.5101284980773926 1
vt 1.0148764848709106 1.059999942779541
vt 1.0397292375564575 1
vt 2.5101284980773926 1
vt 2.5101284980773926 1
vt 1.0397292375564575 1
vt 2.5101284980773926 0.41999998688697815
vt 1.0397292375564575 1
vt 1.0397292375564575 0.41999998688697815
vt 2.5101284980773926 0.41999998688697815
vt 2.5101284980773926 0.41999998688697815
vt 1.0397292375564575 0.41999998688697815
vt 2.4501285552978516 0.36000001430511475
vt 1.0397292375564575 0.41999998688697815
vt 1.0148764848709106 0.36000001430511475
vt 2.4501285552978516 0.36000001430511475
vt 1.0148764848709106 1.059999942779541
vt -1.0148764848709106 1.059999942779541
vt 1.0397292375564575 1
vt -1.0148764848709106 1.059999942779541
vt -1.0397292375564575 1
vt 1.0397292375564575 1
vt 1.0397292375564575 1
vt -1.0397292375564575 1
vt 1.0397292375564575 0.41999998688697815
vt -1.0397292375564575 1
vt -1.0397292375564575 0.41999998688697815
vt 1.0397292375564575 0.41999998688697815
vt 1.0397292375564575 0.41999998688697815
vt -1.0397292375564575 0.41999998688697815
vt 1.0148764848709106 0.36000001430511475
vt -1.0397292375564575 0.41999998688697815
vt -1.0148764848709106 0.36000001430511475
vt 1.0148764848709106 0.36000001430511475
vt -2.4501285552978516 1.059999942779541
vt -1.0148764848709106 1.059999942779541
vt -2.5101284980773926 1
vt -1.0148764848709106 1.059999942779541
vt -1.0397292375564575 1
vt -2.5101284980773926 1
vt -2.5101284980773926 1
vt -1.0397292375564575 1
vt -2.5101284980773926 0.41999998688697815
vt -1.0397292375564575 1
vt -1.0397292375564575 0.41999998688697815
vt -2.5101284980773926 0.41999998688697815
vt -2.5101284980773926 0.41999998688697815
vt -1.0397292375564575 0.41999998688697815
vt -2.4501285552978516 0.36000001430511475
vt -1.0397292375564575 0.41999998688697815
vt -1.0148764848709106 0.36000001430511475
vt -2.4501285552978516 0.36000001430511475
vt -1.0148764848709106 1.059999942779541
vt 1.0148764848709106 1.059999942779541
vt -1.0397292375564575 1
vt 1.0148764848709106 1.059999942779541
vt 1.0397292375564575 1
vt -1.0397292375564575 1
vt -1.0397292375564575 1
vt 1.0397292375564575 1
vt -1.0397292375564575 0.41999998688697815
vt 1.0397292375564575 1
vt 1.0397292375564575 0.41999998688697815
vt -1.0397292375564575 0.41999998688697815
vt -1.0397292375564575 0.41999998688697815
vt 1.0397292375564575 0.41999998688697815
vt -1.0148764848709106 0.36000001430511475
vt 1.0397292375564575 0.41999998688697815
vt 1.0148764848709106 0.36000001430511475
vt -1.0148764848709106 0.36000001430511475
vt -2.4501285552978516 1.059999942779541
vt -1.0148764848709106 1.059999942779541
vt -2.5101284980773926 1
vt -1.0148764848709106 1.059999942779541
vt -1.0397292375564575 1
vt -2.5101284980773926 1
vt -2.5101284980773926 1
vt -1.0397292375564575 1
vt -2.5101284980773926 0.41999998688697815
vt -1.0397292375564575 1
vt -1.0397292375564575 0.41999998688697815
vt -2.5101284980773926 0.41999998688697815
vt -2.5101284980773926 0.41999998688697815
vt -1.0397292375564575 0.41999998688697815
vt -2.4501285552978516 0.36000001430511475
vt -1.0397292375564575 0.41999998688697815
vt -1.0148764848709106 0.36000001430511475
vt -2.4501285552978516 0.36000001430511475
vt -1.0148764848709106 1.059999942779541
vt 1.0148764848709106 1.059999942779541
vt -1.0397292375564575 1
vt 1.0148764848709106 1.059999942779541
vt 1.0397292375564575 1
vt -1.0397292375564575 1
vt -1.0397292375564575 1
vt 1.0397292375564575 1
vt -1.0397292375564575 0.41999998688697815
vt 1.0397292375564575 1
vt 1.0397292375564575 0.41999998688697815
vt -1.0397292375564575 0.41999998688697815
vt -1.0397292375564575 0.41999998688697815
vt 1.0397292375564575 0.41999998688697815
vt -1.0148764848709106 0.36000001430511475
vt 1.0397292375564575 0.41999998688697815
vt 1.0148764848709106 0.36000001430511475
vt -1.0148764848709106 0.36000001430511475
vt 2.4501285552978516 1.059999942779541
vt 1.0148764848709106 1.059999942779541
vt 2.5101284980773926 1
vt 1.0148764848709106 1.059999942779541
vt 1.0397292375564575 1
vt 2.5101284980773926 1
vt 2.5101284980773926 1
vt 1.0397292375564575 1
vt 2.5101284980773926 0.41999998688697815
vt 1.0397292375564575 1
vt 1.0397292375564575 0.41999998688697815
vt 2.5101284980773926 0.41999998688697815
vt 2.5101284980773926 0.41999998688697815
vt 1.0397292375564575 0.41999998688697815
vt 2.4501285552978516 0.36000001430511475
vt 1.0397292375564575 0.41999998688697815
vt 1.0148764848709106 0.36000001430511475
vt 2.4501285552978516 0.36000001430511475
vt 1.0148764848709106 1.059999942779541
vt -1.0148764848709106 1.059999942779541
vt 1.0397292375564575 1
vt -1.0148764848709106 1.059999942779541
vt -1.0397292375564575 1
vt 1.0397292375564575 1
vt 1.0397292375564575 1
vt -1.0397292375564575 1
vt 1.0397292375564575 0.41999998688697815
vt -1.0397292375564575 1
vt -1.0397292375564575 0.41999998688697815
vt 1.0397292375564575 0.41999998688697815
vt 1.0397292375564575 0.41999998688697815
vt -1.0397292375564575 0.41999998688697815
vt 1.0148764848709106 0.36000001430511475
vt -1.0397292375564575 0.41999998688697815
vt -1.0148764848709106 0.36000001430511475
vt 1.0148764848709106 0.36000001430511475
vn 0 -1 -6.123234262925839e-17
vn 0 -1 -6.123234262925839e-17
vn 0 -1 -6.123234262925839e-17
vn 0 -1 -6.123234262925839e-17
vn 0 -1 -6.123234262925839e-17
vn 0 -1 -6.123234262925839e-17
vn 0 -1 -6.123234262925839e-17
vn 0 -1 -6.123234262925839e-17
vn 0 -1 -6.123234262925839e-17
vn 0 -1 -6.123234262925839e-17
vn 0 -1 -6.123234262925839e-17
vn 0 -1 -6.123234262925839e-17
vn 0 -1 -6.123234262925839e-17
vn 0 -1 -6.123234262925839e-17
vn 0 -1 -6.123234262925839e-17
vn 0 -1 -6.123234262925839e-17
vn 0 -1 -6.123234262925839e-17
vn 0 -1 -6.123234262925839e-17
vn 0 1 6.123234262925839e-17
vn 0 1 6.123234262925839e-17
vn 0 1 6.123234262925839e-17
vn 0 1 6.123234262925839e-17
vn 0 1 6.123234262925839e-17
vn 0 1 6.123234262925839e-17
vn 0 1 6.123234262925839e-17
vn 0 1 6.123234262925839e-17
vn 0 1 6.123234262925839e-17
vn 0 1 6.123234262925839e-17
vn 0 1 6.123234262925839e-17
vn 0 1 6.123234262925839e-17
vn 0 1 6.123234262925839e-17
vn 0 1 6.123234262925839e-17
vn 0 1 6.123234262925839e-17
vn 0 1 6.123234262925839e-17
vn 0 1 6.123234262925839e-17
vn 0 1 6.123234262925839e-17
vn -0.5000003516797683 -0.7071062838358998 -0.5000003516797683
vn -0.5000003516797683 -0.7071062838358998 -0.5000003516797683
vn -0.5000003516797683 -0.7071062838358998 -0.5000003516797683
vn -0.5000003516797683 -0.7071062838358998 -0.5000003516797683
vn -0.5000003516797683 -0.7071062838358998 -0.5000003516797683
vn -0.5000003516797683 -0.7071062838358998 -0.5000003516797683
vn -0.7071067811865475 4.329780375814312e-17 -0.7071067811865475
vn -0.7071067811865475 4.329780375814312e-17 -0.7071067811865475
vn -0.7071067811865475 4.329780375814312e-17 -0.7071067811865475
vn -0.7071067811865475 4.329780375814312e-17 -0.7071067811865475
vn -0.7071067811865475 4.329780375814312e-17 -0.7071067811865475
vn -0.7071067811865475 4.329780375814312e-17 -0.7071067811865475
vn -0.5000003516797683 0.7071062838358998 -0.5000003516797683
vn -0.5000003516797683 0.7071062838358998 -0.5000003516797683
vn -0.5000003516797683 0.7071062838358998 -0.5000003516797683
vn -0.5000003516797683 0.7071062838358998 -0.5000003516797683
vn -0.5000003516797683 0.7071062838358998 -0.5000003516797683
vn -0.5000003516797683 0.7071062838358998 -0.5000003516797683
vn -0.7071071388143318 -0.7071064235585823 -4.329778059708003e-17
vn -0.7071071388143318 -0.7071064235585823 -4.329778059708003e-17
vn -0.7071071388143318 -0.7071064235585823 -4.329778059708003e-17
vn -0.7071071090120097 -0.7071064533609335 -4.3297782080938334e-17
vn -0.7071071090120097 -0.7071064533609335 -4.3297782080938334e-17
vn -0.7071071090120097 -0.7071064533609335 -4.3297782080938334e-17
vn -1 0 0
vn -1 0 0
vn -1 0 0
vn -1 0 0
vn -1 0 0
vn -1 0 0
vn -0.7071071090120097 0.7071064533609335 4.3297782080938334e-17
vn -0.7071071090120097 0.7071064533609335 4.3297782080938334e-17
vn -0.7071071090120097 0.7071064533609335 4.3297782080938334e-17
vn -0.7071071388143318 0.7071064235585823 4.329778059708003e-17
vn -0.7071071388143318 0.7071064235585823 4.329778059708003e-17
vn -0.7071071388143318 0.7071064235585823 4.329778059708003e-17
vn -0.5000003516797683 -0.7071062838358998 0.5000003516797683
vn -0.5000003516797683 -0.7071062838358998 0.5000003516797683
vn -0.5000003516797683 -0.7071062838358998 0.5000003516797683
vn -0.5000003516797683 -0.7071062838358998 0.5000003516797683
vn -0.5000003516797683 -0.7071062838358998 0.5000003516797683
vn -0.5000003516797683 -0.7071062838358998 0.5000003516797683
vn -0.7071067811865475 -4.329780375814312e-17 0.7071067811865475
vn -0.7071067811865475 -4.329780375814312e-17 0.7071067811865475
vn -0.7071067811865475 -4.329780375814312e-17 0.7071067811865475
vn -0.7071067811865475 -4.329780375814312e-17 0.7071067811865475
vn -0.7071067811865475 -4.329780375814312e-17 0.7071067811865475
vn -0.7071067811865475 -4.329780375814312e-17 0.7071067811865475
vn -0.5000003516797683 0.7071062838358998 0.5000003516797683
vn -0.5000003516797683 0.7071062838358998 0.5000003516797683
vn -0.5000003516797683 0.7071062838358998 0.5000003516797683
vn -0.5000003516797683 0.7071062838358998 0.5000003516797683
vn -0.5000003516797683 0.7071062838358998 0.5000003516797683
vn -0.5000003516797683 0.7071062838358998 0.5000003516797683
vn 0 -0.7071064235585823 0.7071071388143318
vn 0 -0.7071064235585823 0.7071071388143318
vn 0 -0.7071064235585823 0.7071071388143318
vn 0 -0.7071064533609335 0.7071071090120097
vn 0 -0.7071064533609335 0.7071071090120097
vn 0 -0.7071064533609335 0.7071071090120097
vn 0 -6.123234262925839e-17 1
vn 0 -6.123234262925839e-17 1
vn 0 -6.123234262925839e-17 1
vn 0 -6.123234262925839e-17 1
vn 0 -6.123234262925839e-17 1
vn 0 -6.123234262925839e-17 1
vn 0 0.7071064533609335 0.7071071090120097
vn 0 0.7071064533609335 0.7071071090120097
vn 0 0.7071064533609335 0.7071071090120097
vn 0 0.7071064235585823 0.7071071388143318
vn 0 0.7071064235585823 0.7071071388143318
vn 0 0.7071064235585823 0.7071071388143318
vn 0.5000003516797683 -0.7071062838358998 0.5000003516797683
vn 0.5000003516797683 -0.7071062838358998 0.5000003516797683
vn 0.5000003516797683 -0.7071062838358998 0.5000003516797683
vn 0.5000003516797683 -0.7071062838358998 0.5000003516797683
vn 0.5000003516797683 -0.7071062838358998 0.5000003516797683
vn 0.5000003516797683 -0.7071062838358998 0.5000003516797683
vn 0.7071067811865475 -4.329780375814312e-17 0.7071067811865475
vn 0.7071067811865475 -4.329780375814312e-17 0.7071067811865475
vn 0.7071067811865475 -4.329780375814312e-17 0.7071067811865475
vn 0.7071067811865475 -4.329780375814312e-17 0.7071067811865475
vn 0.7071067811865475 -4.329780375814312e-17 0.7071067811865475
vn 0.7071067811865475 -4.329780375814312e-17 0.7071067811865475
vn 0.5000003516797683 0.7071062838358998 0.5000003516797683
vn 0.5000003516797683 0.7071062838358998 0.5000003516797683
vn 0.5000003516797683 0.7071062838358998 0.5000003516797683
vn 0.5000003516797683 0.7071062838358998 0.5000003516797683
vn 0.5000003516797683 0.7071062838358998 0.5000003516797683
vn 0.5000003516797683 0.7071062838358998 0.5000003516797683
vn 0.7071071388143318 -0.7071064235585823 -4.329778059708003e-17
vn 0.7071071388143318 -0.7071064235585823 -4.329778059708003e-17
vn 0.7071071388143318 -0.7071064235585823 -4.329778059708003e-17
vn 0.7071071090120097 -0.7071064533609335 -4.3297782080938334e-17
vn 0.7071071090120097 -0.7071064533609335 -4.3297782080938334e-17
vn 0.7071071090120097 -0.7071064533609335 -4.3297782080938334e-17
vn 1 0 0
vn 1 0 0
vn 1 0 0
vn 1 0 0
vn 1 0 0
vn 1 0 0
vn 0.7071071090120097 0.7071064533609335 4.3297782080938334e-17
vn 0.7071071090120097 0.7071064533609335 4.3297782080938334e-17
vn 0.7071071090120097 0.7071064533609335 4.3297782080938334e-17
vn 0.7071071388143318 0.7071064235585823 4.329778059708003e-17
vn 0.7071071388143318 0.7071064235585823 4.329778059708003e-17
vn 0.7071071388143318 0.7071064235585823 4.329778059708003e-17
vn 0.5000003516797683 -0.7071062838358998 -0.5000003516797683
vn 0.5000003516797683 -0.7071062838358998 -0.5000003516797683
vn 0.5000003516797683 -0.7071062838358998 -0.5000003516797683
vn 0.5000003516797683 -0.7071062838358998 -0.5000003516797683
vn 0.5000003516797683 -0.7071062838358998 -0.5000003516797683
vn 0.5000003516797683 -0.7071062838358998 -0.5000003516797683
vn 0.7071067811865475 4.329780375814312e-17 -0.7071067811865475
vn 0.7071067811865475 4.329780375814312e-17 -0.7071067811865475
vn 0.7071067811865475 4.329780375814312e-17 -0.7071067811865475
vn 0.7071067811865475 4.329780375814312e-17 -0.7071067811865475
vn 0.7071067811865475 4.329780375814312e-17 -0.7071067811865475
vn 0.7071067811865475 4.329780375814312e-17 -0.7071067811865475
vn 0.5000003516797683 0.7071062838358998 -0.5000003516797683
vn 0.5000003516797683 0.7071062838358998 -0.5000003516797683
vn 0.5000003516797683 0.7071062838358998 -0.5000003516797683
vn 0.5000003516797683 0.7071062838358998 -0.5000003516797683
vn 0.5000003516797683 0.7071062838358998 -0.5000003516797683
vn 0.5000003516797683 0.7071062838358998 -0.5000003516797683
vn 0 -0.7071064235585823 -0.7071071388143318
vn 0 -0.7071064235585823 -0.7071071388143318
vn 0 -0.7071064235585823 -0.7071071388143318
vn 0 -0.7071064533609335 -0.7071071090120097
vn 0 -0.7071064533609335 -0.7071071090120097
vn 0 -0.7071064533609335 -0.7071071090120097
vn 0 6.123234262925839e-17 -1
vn 0 6.123234262925839e-17 -1
vn 0 6.123234262925839e-17 -1
vn 0 6.123234262925839e-17 -1
vn 0 6.123234262925839e-17 -1
vn 0 6.123234262925839e-17 -1
vn 0 0.7071064533609335 -0.7071071090120097
vn 0 0.7071064533609335 -0.7071071090120097
vn 0 0.7071064533609335 -0.7071071090120097
vn 0 0.7071064235585823 -0.7071071388143318
vn 0 0.7071064235585823 -0.7071071388143318
vn 0 0.7071064235585823 -0.7071071388143318
f 181/181/181 182/182/182 183/183/183
f 184/184/184 185/185/185 186/186/186
f 187/187/187 188/188/188 189/189/189
f 190/190/190 191/191/191 192/192/192
f 193/193/193 194/194/194 195/195/195
f 196/196/196 197/197/197 198/198/198
f 199/199/199 200/200/200 201/201/201
f 202/202/202 203/203/203 204/204/204
f 205/205/205 206/206/206 207/207/207
f 208/208/208 209/209/209 210/210/210
f 211/211/211 212/212/212 213/213/213
f 214/214/214 215/215/215 216/216/216
f 217/217/217 218/218/218 219/219/219
f 220/220/220 221/221/221 222/222/222
f 223/223/223 224/224/224 225/225/225
f 226/226/226 227/227/227 228/228/228
f 229/229/229 230/230/230 231/231/231
f 232/232/232 233/233/233 234/234/234
f 235/235/235 236/236/236 237/237/237
f 238/238/238 239/239/239 240/240/240
f 241/241/241 242/242/242 243/243/243
f 244/244/244 245/245/245 246/246/246
f 247/247/247 248/248/248 249/249/249
f 250/250/250 251/251/251 252/252/252
f 253/253/253 254/254/254 255/255/255
f 256/256/256 257/257/257 258/258/258
f 259/259/259 260/260/260 261/261/261
f 262/262/262 263/263/263 264/264/264
f 265/265/265 266/266/266 267/267/267
f 268/268/268 269/269/269 270/270/270
f 271/271/271 272/272/272 273/273/273
f 274/274/274 275/275/275 276/276/276
f 277/277/277 278/278/278 279/279/279
f 280/280/280 281/281/281 282/282/282
f 283/283/283 284/284/284 285/285/285
f 286/286/286 287/287/287 288/288/288
f 289/289/289 290/290/290 291/291/291
f 292/292/292 293/293/293 294/294/294
f 295/295/295 296/296/296 297/297/297
f 298/298/298 299/299/299 300/300/300
f 301/301/301 302/302/302 303/303/303
f 304/304/304 305/305/305 306/306/306
f 307/307/307 308/308/308 309/309/309
f 310/310/310 311/311/311 312/312/312
f 313/313/313 314/314/314 315/315/315
f 316/316/316 317/317/317 318/318/318
f 319/319/319 320/320/320 321/321/321
f 322/322/322 323/323/323 324/324/324
f 325/325/325 326/326/326 327/327/327
f 328/328/328 329/329/329 330/330/330
f 331/331/331 332/332/332 333/333/333
f 334/334/334 335/335/335 336/336/336
f 337/337/337 338/338/338 339/339/339
f 340/340/340 341/341/341 342/342/342
f 343/343/343 344/344/344 345/345/345
f 346/346/346 347/347/347 348/348/348
f 349/349/349 350/350/350 351/351/351
f 352/352/352 353/353/353 354/354/354
f 355/355/355 356/356/356 357/357/357
f 358/358/358 359/359/359 360/360/360
o structure_skirt
usemtl plate
v -67.69164553228414 -27.358490397345346 -163.42209195191006
v 67.69164553228414 -27.358490397345346 -163.42209195191006
v 163.42209195191006 -27.358490397345346 -67.69164553228414
v -163.42209195191006 -27.358490397345346 67.69164553228414
v -163.42209195191006 -27.358490397345346 -67.69164553228414
v -67.69164553228414 -27.358490397345346 -163.42209195191006
v 67.69164553228414 -27.358490397345346 163.42209195191006
v -67.69164553228414 -27.358490397345346 163.42209195191006
v -163.42209195191006 -27.358490397345346 67.69164553228414
v 163.42209195191006 -27.358490397345346 -67.69164553228414
v 163.42209195191006 -27.358490397345346 67.69164553228414
v 67.69164553228414 -27.358490397345346 163.42209195191006
v -163.42209195191006 -27.358490397345346 67.69164553228414
v -67.69164553228414 -27.358490397345346 -163.42209195191006
v 163.42209195191006 -27.358490397345346 -67.69164553228414
v 163.42209195191006 -27.358490397345346 -67.69164553228414
v 67.69164553228414 -27.358490397345346 163.42209195191006
v -163.42209195191006 -27.358490397345346 67.69164553228414
v 163.42209195191006 -16.981131963010103 -67.69164553228414
v 67.69164553228414 -16.981131963010103 -163.42209195191006
v -67.69164553228414 -16.981131963010103 -163.42209195191006
v -67.69164553228414 -16.981131963010103 -163.42209195191006
v -163.42209195191006 -16.981131963010103 -67.69164553228414
v -163.42209195191006 -16.981131963010103 67.69164553228414
v -163.42209195191006 -16.981131963010103 67.69164553228414
v -67.69164553228414 -16.981131963010103 163.42209195191006
v 67.69164553228414 -16.981131963010103 163.42209195191006
v 67.69164553228414 -16.981131963010103 163.42209195191006
v 163.42209195191006 -16.981131963010103 67.69164553228414
v 163.42209195191006 -16.981131963010103 -67.69164553228414
v 163.42209195191006 -16.981131963010103 -67.69164553228414
v -67.69164553228414 -16.981131963010103 -163.42209195191006
v -163.42209195191006 -16.981131963010103 67.69164553228414
v -163.42209195191006 -16.981131963010103 67.69164553228414
v 67.69164553228414 -16.981131963010103 163.42209195191006
v 163.42209195191006 -16.981131963010103 -67.69164553228414
v -67.69164553228414 -27.358490397345346 -163.42209195191006
v -163.42209195191006 -27.358490397345346 -67.69164553228414
v -68.6685656601528 -24.999999971884602 -165.7805802687159
v -163.42209195191006 -27.358490397345346 -67.69164553228414
v -165.7805802687159 -24.999999971884602 -68.6685656601528
v -68.6685656601528 -24.999999971884602 -165.7805802687159
v -68.6685656601528 -24.999999971884602 -165.7805802687159
v -165.7805802687159 -24.999999971884602 -68.6685656601528
v -68.6685656601528 -19.339622783843637 -165.7805802687159
v -165.7805802687159 -24.999999971884602 -68.6685656601528
v -165.7805802687159 -19.339622783843637 -68.6685656601528
v -68.6685656601528 -19.339622783843637 -165.7805802687159
v -68.6685656601528 -19.339622783843637 -165.7805802687159
v -165.7805802687159 -19.339622783843637 -68.6685656601528
v -67.69164553228414 -16.981131963010103 -163.42209195191006
v -165.7805802687159 -19.339622783843637 -68.6685656601528
v -163.42209195191006 -16.981131963010103 -67.69164553228414
v -67.69164553228414 -16.981131963010103 -163.42209195191006
v -163.42209195191006 -27.358490397345346 -67.69164553228414
v -163.42209195191006 -27.358490397345346 67.69164553228414
v -165.7805802687159 -24.999999971884602 -68.6685656601528
v -163.42209195191006 -27.358490397345346 67.69164553228414
v -165.7805802687159 -24.999999971884602 68.6685656601528
v -165.7805802687159 -24.999999971884602 -68.6685656601528
v -165.7805802687159 -24.999999971884602 -68.6685656601528
v -165.7805802687159 -24.999999971884602 68.6685656601528
v -165.7805802687159 -19.339622783843637 -68.6685656601528
v -165.7805802687159 -24.999999971884602 68.6685656601528
v -165.7805802687159 -19.339622783843637 68.6685656601528
v -165.7805802687159 -19.339622783843637 -68.6685656601528
v -165.7805802687159 -19.339622783843637 -68.6685656601528
v -165.7805802687159 -19.339622783843637 68.6685656601528
v -163.42209195191006 -16.981131963010103 -67.69164553228414
v -165.7805802687159 -19.339622783843637 68.6685656601528
v -163.42209195191006 -16.981131963010103 67.69164553228414
v -163.42209195191006 -16.981131963010103 -67.69164553228414
v -163.42209195191006 -27.358490397345346 67.69164553228414
v -67.69164553228414 -27.358490397345346 163.42209195191006
v -165.7805802687159 -24.999999971884602 68.6685656601528
v -67.69164553228414 -27.358490397345346 163.42209195191006
v -68.6685656601528 -24.999999971884602 165.7805802687159
v -165.7805802687159 -24.999999971884602 68.6685656601528
v -165.7805802687159 -24.999999971884602 68.6685656601528
v -68.6685656601528 -24.999999971884602 165.7805802687159
v -165.7805802687159 -19.339622783843637 68.6685656601528
v -68.6685656601528 -24.999999971884602 165.7805802687159
v -68.6685656601528 -19.339622783843637 165.7805802687159
v -165.7805802687159 -19.339622783843637 68.6685656601528
v -165.7805802687159 -19.339622783843637 68.6685656601528
v -68.6685656601528 -19.339622783843637 165.7805802687159
v -163.42209195191006 -16.981131963010103 67.69164553228414
v -68.6685656601528 -19.339622783843637 165.7805802687159
v -67.69164553228414 -16.981131963010103 163.42209195191006
v -163.42209195191006 -16.981131963010103 67.69164553228414
v -67.69164553228414 -27.358490397345346 163.42209195191006
v 67.69164553228414 -27.358490397345346 163.42209195191006
v -68.6685656601528 -24.999999971884602 165.7805802687159
v 67.69164553228414 -27.358490397345346 163.42209195191006
v 68.6685656601528 -24.999999971884602 165.7805802687159
v -68.6685656601528 -24.999999971884602 165.7805802687159
v -68.6685656601528 -24.999999971884602 165.7805802687159
v 68.6685656601528 -24.999999971884602 165.7805802687159
v -68.6685656601528 -19.339622783843637 165.7805802687159
v 68.6685656601528 -24.999999971884602 165.7805802687159
v 68.6685656601528 -19.339622783843637 165.7805802687159
v -68.6685656601528 -19.339622783843637 165.7805802687159
v -68.6685656601528 -19.339622783843637 165.7805802687159
v 68.6685656601528 -19.339622783843637 165.7805802687159
v -67.69164553228414 -16.981131963010103 163.42209195191006
v 68.6685656601528 -19.339622783843637 165.7805802687159
v 67.69164553228414 -16.981131963010103 163.42209195191006
v -67.69164553228414 -16.981131963010103 163.42209195191006
v 67.69164553228414 -27.358490397345346 163.42209195191006
v 163.42209195191006 -27.358490397345346 67.69164553228414
v 68.6685656601528 -24.999999971884602 165.7805802687159
v 163.42209195191006 -27.358490397345346 67.69164553228414
v 165.7805802687159 -24.999999971884602 68.6685656601528
v 68.6685656601528 -24.999999971884602 165.7805802687159
v 68.6685656601528 -24.999999971884602 165.7805802687159
v 165.7805802687159 -24.999999971884602 68.6685656601528
v 68.6685656601528 -19.339622783843637 165.7805802687159
v 165.7805802687159 -24.999999971884602 68.6685656601528
v 165.7805802687159 -19.339622783843637 68.6685656601528
v 68.6685656601528 -19.339622783843637 165.7805802687159
v 68.6685656601528 -19.339622783843637 165.7805802687159
v 165.7805802687159 -19.339622783843637 68.6685656601528
v 67.69164553228414 -16.981131963010103 163.42209195191006
v 165.7805802687159 -19.339622783843637 68.6685656601528
v 163.42209195191006 -16.981131963010103 67.69164553228414
v 67.69164553228414 -16.981131963010103 163.42209195191006
v 163.42209195191006 -27.358490397345346 67.69164553228414
v 163.42209195191006 -27.358490397345346 -67.69164553228414
v 165.7805802687159 -24.999999971884602 68.6685656601528
v 163.42209195191006 -27.358490397345346 -67.69164553228414
v 165.7805802687159 -24.999999971884602 -68.6685656601528
v 165.7805802687159 -24.999999971884602 68.6685656601528
v 165.7805802687159 -24.999999971884602 68.6685656601528
v 165.7805802687159 -24.999999971884602 -68.6685656601528
v 165.7805802687159 -19.339622783843637 68.6685656601528
v 165.7805802687159 -24.999999971884602 -68.6685656601528
v 165.7805802687159 -19.339622783843637 -68.6685656601528
v 165.7805802687159 -19.339622783843637 68.6685656601528
v 165.7805802687159 -19.339622783843637 68.6685656601528
v 165.7805802687159 -19.339622783843637 -68.6685656601528
v 163.42209195191006 -16.981131963010103 67.69164553228414
v 165.7805802687159 -19.339622783843637 -68.6685656601528
v 163.42209195191006 -16.981131963010103 -67.69164553228414
v 163.42209195191006 -16.981131963010103 67.69164553228414
v 163.42209195191006 -27.358490397345346 -67.69164553228414
v 67.69164553228414 -27.358490397345346 -163.42209195191006
v 165.7805802687159 -24.999999971884602 -68.6685656601528
v 67.69164553228414 -27.358490397345346 -163.42209195191006
v 68.6685656601528 -24.999999971884602 -165.7805802687159
v 165.7805802687159 -24.999999971884602 -68.6685656601528
v 165.7805802687159 -24.999999971884602 -68.6685656601528
v 68.6685656601528 -24.999999971884602 -165.7805802687159
v 165.7805802687159 -19.339622783843637 -68.6685656601528
v 68.6685656601528 -24.999999971884602 -165.7805802687159
v 68.6685656601528 -19.339622783843637 -165.7805802687159
v 165.7805802687159 -19.339622783843637 -68.6685656601528
v 165.7805802687159 -19.339622783843637 -68.6685656601528
v 68.6685656601528 -19.339622783843637 -165.7805802687159
v 163.42209195191006 -16.981131963010103 -67.69164553228414
v 68.6685656601528 -19.339622783843637 -165.7805802687159
v 67.69164553228414 -16.981131963010103 -163.42209195191006
v 163.42209195191006 -16.981131963010103 -67.69164553228414
v 67.69164553228414 -27.358490397345346 -163.42209195191006
v -67.69164553228414 -27.358490397345346 -163.42209195191006
v 68.6685656601528 -24.999999971884602 -165.7805802687159
v -67.69164553228414 -27.358490397345346 -163.42209195191006
v -68.6685656601528 -24.999999971884602 -165.7805802687159
v 68.6685656601528 -24.999999971884602 -165.7805802687159
v 68.6685656601528 -24.999999971884602 -165.7805802687159
v -68.6685656601528 -24.999999971884602 -165.7805802687159
v 68.6685656601528 -19.339622783843637 -165.7805802687159
v -68.6685656601528 -24.999999971884602 -165.7805802687159
v -68.6685656601528 -19.339622783843637 -165.7805802687159
v 68.6685656601528 -19.339622783843637 -165.7805802687159
v 68.6685656601528 -19.339622783843637 -165.7805802687159
v -68.6685656601528 -19.339622783843637 -165.7805802687159
v 67.69164553228414 -16.981131963010103 -163.42209195191006
v -68.6685656601528 -19.339622783843637 -165.7805802687159
v -67.69164553228414 -16.981131963010103 -163.42209195191006
v 67.69164553228414 -16.981131963010103 -163.42209195191006
vt -1.4350628852844238 3.464548349380493
vt 1.4350628852844238 3.464548349380493
vt 3.464548349380493 1.4350628852844238
vt -3.464548349380493 -1.4350628852844238
vt -3.464548349380493 1.4350628852844238
vt -1.4350628852844238 3.464548349380493
vt 1.4350628852844238 -3.464548349380493
vt -1.4350628852844238 -3.464548349380493
vt -3.464548349380493 -1.4350628852844238
vt 3.464548349380493 1.4350628852844238
vt 3.464548349380493 -1.4350628852844238
vt 1.4350628852844238 -3.464548349380493
vt -3.464548349380493 -1.4350628852844238
vt -1.4350628852844238 3.464548349380493
vt 3.464548349380493 1.4350628852844238
vt 3.464548349380493 1.4350628852844238
vt 1.4350628852844238 -3.464548349380493
vt -3.464548349380493 -1.4350628852844238
vt 3.464548349380493 1.4350628852844238
vt 1.4350628852844238 3.464548349380493
vt -1.4350628852844238 3.464548349380493
vt -1.4350628852844238 3.464548349380493
vt -3.464548349380493 1.4350628852844238
vt -3.464548349380493 -1.4350628852844238
vt -3.464548349380493 -1.4350628852844238
vt -1.4350628852844238 -3.464548349380493
vt 1.4350628852844238 -3.464548349380493
vt 1.4350628852844238 -3.464548349380493
vt 3.464548349380493 -1.4350628852844238
vt 3.464548349380493 1.4350628852844238
vt 3.464548349380493 1.4350628852844238
vt -1.4350628852844238 3.464548349380493
vt -3.464548349380493 -1.4350628852844238
vt -3.464548349380493 -1.4350628852844238
vt 1.4350628852844238 -3.464548349380493
vt 3.464548349380493 1.4350628852844238
vt 3.464548349380493 1.0499999523162842
vt 1.4350628852844238 1.0499999523162842
vt 3.5145483016967773 1
vt 1.4350628852844238 1.0499999523162842
vt 1.4557735919952393 1
vt 3.5145483016967773 1
vt 3.5145483016967773 1
vt 1.4557735919952393 1
vt 3.5145483016967773 0.8799999952316284
vt 1.4557735919952393 1
vt 1.4557735919952393 0.8799999952316284
vt 3.5145483016967773 0.8799999952316284
vt 3.5145483016967773 0.8799999952316284
vt 1.4557735919952393 0.8799999952316284
vt 3.464548349380493 0.8299999833106995
vt 1.4557735919952393 0.8799999952316284
vt 1.4350628852844238 0.8299999833106995
vt 3.464548349380493 0.8299999833106995
vt 1.4350628852844238 1.0499999523162842
vt -1.4350628852844238 1.0499999523162842
vt 1.4557735919952393 1
vt -1.4350628852844238 1.0499999523162842
vt -1.4557735919952393 1
vt 1.4557735919952393 1
vt 1.4557735919952393 1
vt -1.4557735919952393 1
vt 1.4557735919952393 0.8799999952316284
vt -1.4557735919952393 1
vt -1.4557735919952393 0.8799999952316284
vt 1.4557735919952393 0.8799999952316284
vt 1.4557735919952393 0.8799999952316284
vt -1.4557735919952393 0.8799999952316284
vt 1.4350628852844238 0.8299999833106995
vt -1.4557735919952393 0.8799999952316284
vt -1.4350628852844238 0.8299999833106995
vt 1.4350628852844238 0.8299999833106995
vt -3.464548349380493 1.0499999523162842
vt -1.4350628852844238 1.0499999523162842
vt -3.5145483016967773 1
vt -1.4350628852844238 1.0499999523162842
vt -1.4557735919952393 1
vt -3.5145483016967773 1
vt -3.5145483016967773 1
vt -1.4557735919952393 1
vt -3.5145483016967773 0.8799999952316284
vt -1.4557735919952393 1
vt -1.4557735919952393 0.8799999952316284
vt -3.5145483016967773 0.8799999952316284
vt -3.5145483016967773 0.8799999952316284
vt -1.4557735919952393 0.8799999952316284
vt -3.464548349380493 0.8299999833106995
vt -1.4557735919952393 0.8799999952316284
vt -1.4350628852844238 0.8299999833106995
vt -3.464548349380493 0.8299999833106995
vt -1.4350628852844238 1.0499999523162842
vt 1.4350628852844238 1.0499999523162842
vt -1.4557735919952393 1
vt 1.4350628852844238 1.0499999523162842
vt 1.4557735919952393 1
vt -1.4557735919952393 1
vt -1.4557735919952393 1
vt 1.4557735919952393 1
vt -1.4557735919952393 0.8799999952316284
vt 1.4557735919952393 1
vt 1.4557735919952393 0.8799999952316284
vt -1.4557735919952393 0.8799999952316284
vt -1.4557735919952393 0.8799999952316284
vt 1.4557735919952393 0.8799999952316284
vt -1.4350628852844238 0.8299999833106995
vt 1.4557735919952393 0.8799999952316284
vt 1.4350628852844238 0.8299999833106995
vt -1.4350628852844238 0.8299999833106995
vt -3.464548349380493 1.0499999523162842
vt -1.4350628852844238 1.0499999523162842
vt -3.5145483016967773 1
vt -1.4350628852844238 1.0499999523162842
vt -1.4557735919952393 1
vt -3.5145483016967773 1
vt -3.5145483016967773 1
vt -1.4557735919952393 1
vt -3.5145483016967773 0.8799999952316284
vt -1.4557735919952393 1
vt -1.4557735919952393 0.8799999952316284
vt -3.5145483016967773 0.8799999952316284
vt -3.5145483016967773 0.8799999952316284
vt -1.4557735919952393 0.8799999952316284
vt -3.464548349380493 0.8299999833106995
vt -1.4557735919952393 0.8799999952316284
vt -1.4350628852844238 0.8299999833106995
vt -3.464548349380493 0.8299999833106995
vt -1.4350628852844238 1.0499999523162842
vt 1.4350628852844238 1.0499999523162842
vt -1.4557735919952393 1
vt 1.4350628852844238 1.0499999523162842
vt 1.4557735919952393 1
vt -1.4557735919952393 1
vt -1.4557735919952393 1
vt 1.4557735919952393 1
vt -1.4557735919952393 0.8799999952316284
vt 1.4557735919952393 1
vt 1.4557735919952393 0.8799999952316284
vt -1.4557735919952393 0.8799999952316284
vt -1.4557735919952393 0.8799999952316284
vt 1.4557735919952393 0.8799999952316284
vt -1.4350628852844238 0.8299999833106995
vt 1.4557735919952393 0.8799999952316284
vt 1.4350628852844238 0.8299999833106995
vt -1.4350628852844238 0.8299999833106995
vt 3.464548349380493 1.0499999523162842
vt 1.4350628852844238 1.0499999523162842
vt 3.5145483016967773 1
vt 1.4350628852844238 1.0499999523162842
vt 1.4557735919952393 1
vt 3.5145483016967773 1
vt 3.5145483016967773 1
vt 1.4557735919952393 1
vt 3.5145483016967773 0.8799999952316284
vt 1.4557735919952393 1
vt 1.4557735919952393 0.8799999952316284
vt 3.5145483016967773 0.8799999952316284
vt 3.5145483016967773 0.8799999952316284
vt 1.4557735919952393 0.8799999952316284
vt 3.464548349380493 0.8299999833106995
vt 1.4557735919952393 0.8799999952316284
vt 1.4350628852844238 0.8299999833106995
vt 3.464548349380493 0.8299999833106995
vt 1.4350628852844238 1.0499999523162842
vt -1.4350628852844238 1.0499999523162842
vt 1.4557735919952393 1
vt -1.4350628852844238 1.0499999523162842
vt -1.4557735919952393 1
vt 1.4557735919952393 1
vt 1.4557735919952393 1
vt -1.4557735919952393 1
vt 1.4557735919952393 0.8799999952316284
vt -1.4557735919952393 1
vt -1.4557735919952393 0.8799999952316284
vt 1.4557735919952393 0.8799999952316284
vt 1.4557735919952393 0.8799999952316284
vt -1.4557735919952393 0.8799999952316284
vt 1.4350628852844238 0.8299999833106995
vt -1.4557735919952393 0.8799999952316284
vt -1.4350628852844238 0.8299999833106995
vt 1.4350628852844238 0.8299999833106995
vn 0 -1 -6.123234262925839e-17
vn 0 -1 -6.123234262925839e-17
vn 0 -1 -6.123234262925839e-17
vn 0 -1 -6.123234262925839e-17
vn 0 -1 -6.123234262925839e-17
vn 0 -1 -6.123234262925839e-17
vn 0 -1 -6.123234262925839e-17
vn 0 -1 -6.123234262925839e-17
vn 0 -1 -6.123234262925839e-17
vn 0 -1 -6.123234262925839e-17
vn 0 -1 -6.123234262925839e-17
vn 0 -1 -6.123234262925839e-17
vn 0 -1 -6.123234262925839e-17
vn 0 -1 -6.123234262925839e-17
vn 0 -1 -6.123234262925839e-17
vn 0 -1 -6.123234262925839e-17
vn 0 -1 -6.123234262925839e-17
vn 0 -1 -6.123234262925839e-17
vn 0 1 6.123234262925839e-17
vn 0 1 6.123234262925839e-17
vn 0 1 6.123234262925839e-17
vn 0 1 6.123234262925839e-17
vn 0 1 6.123234262925839e-17
vn 0 1 6.123234262925839e-17
vn 0 1 6.123234262925839e-17
vn 0 1 6.123234262925839e-17
vn 0 1 6.123234262925839e-17
vn 0 1 6.123234262925839e-17
vn 0 1 6.123234262925839e-17
vn 0 1 6.123234262925839e-17
vn 0 1 6.123234262925839e-17
vn 0 1 6.123234262925839e-17
vn 0 1 6.123234262925839e-17
vn 0 1 6.123234262925839e-17
vn 0 1 6.123234262925839e-17
vn 0 1 6.123234262925839e-17
vn -0.5000000551543109 -0.7071067031865645 -0.5000000551543109
vn -0.5000000551543109 -0.7071067031865645 -0.5000000551543109
vn -0.5000000551543109 -0.7071067031865645 -0.5000000551543109
vn -0.5000000762277352 -0.7071066733842338 -0.5000000762277352
vn -0.5000000762277352 -0.7071066733842338 -0.5000000762277352
vn -0.5000000762277352 -0.7071066733842338 -0.5000000762277352
vn -0.7071067811865475 4.329780375814312e-17 -0.7071067811865475
vn -0.7071067811865475 4.329780375814312e-17 -0.7071067811865475
vn -0.7071067811865475 4.329780375814312e-17 -0.7071067811865475
vn -0.7071067811865475 4.329780375814312e-17 -0.7071067811865475
vn -0.7071067811865475 4.329780375814312e-17 -0.7071067811865475
vn -0.7071067811865475 4.329780375814312e-17 -0.7071067811865475
vn -0.500000106030047 0.7071066312373852 -0.500000106030047
vn -0.500000106030047 0.7071066312373852 -0.500000106030047
vn -0.500000106030047 0.7071066312373852 -0.500000106030047
vn -0.500000106030047 0.7071066312373852 -0.500000106030047
vn -0.500000106030047 0.7071066312373852 -0.500000106030047
vn -0.500000106030047 0.7071066312373852 -0.500000106030047
vn -0.7071071090120097 -0.7071064533609335 -4.3297782080938334e-17
vn -0.7071071090120097 -0.7071064533609335 -4.3297782080938334e-17
vn -0.7071071090120097 -0.7071064533609335 -4.3297782080938334e-17
vn -0.7071071090120097 -0.7071064533609335 -4.3297782080938334e-17
vn -0.7071071090120097 -0.7071064533609335 -4.3297782080938334e-17
vn -0.7071071090120097 -0.7071064533609335 -4.3297782080938334e-17
vn -1 0 0
vn -1 0 0
vn -1 0 0
vn -1 0 0
vn -1 0 0
vn -1 0 0
vn -0.7071071388143318 0.7071064235585823 4.329778059708003e-17
vn -0.7071071388143318 0.7071064235585823 4.329778059708003e-17
vn -0.7071071388143318 0.7071064235585823 4.329778059708003e-17
vn -0.7071071388143318 0.7071064235585823 4.329778059708003e-17
vn -0.7071071388143318 0.7071064235585823 4.329778059708003e-17
vn -0.7071071388143318 0.7071064235585823 4.329778059708003e-17
vn -0.5000000551543109 -0.7071067031865645 0.5000000551543109
vn -0.5000000551543109 -0.7071067031865645 0.5000000551543109
vn -0.5000000551543109 -0.7071067031865645 0.5000000551543109
vn -0.5000000762277352 -0.7071066733842338 0.5000000762277352
vn -0.5000000762277352 -0.7071066733842338 0.5000000762277352
vn -0.5000000762277352 -0.7071066733842338 0.5000000762277352
vn -0.7071067811865475 -4.329780375814312e-17 0.7071067811865475
vn -0.7071067811865475 -4.329780375814312e-17 0.7071067811865475
vn -0.7071067811865475 -4.329780375814312e-17 0.7071067811865475
vn -0.7071067811865475 -4.329780375814312e-17 0.7071067811865475
vn -0.7071067811865475 -4.329780375814312e-17 0.7071067811865475
vn -0.7071067811865475 -4.329780375814312e-17 0.7071067811865475
vn -0.500000106030047 0.7071066312373852 0.500000106030047
vn -0.500000106030047 0.7071066312373852 0.500000106030047
vn -0.500000106030047 0.7071066312373852 0.500000106030047
vn -0.500000106030047 0.7071066312373852 0.500000106030047
vn -0.500000106030047 0.7071066312373852 0.500000106030047
vn -0.500000106030047 0.7071066312373852 0.500000106030047
vn 0 -0.7071064533609335 0.7071071090120097
vn 0 -0.7071064533609335 0.7071071090120097
vn 0 -0.7071064533609335 0.7071071090120097
vn 0 -0.7071064533609335 0.7071071090120097
vn 0 -0.7071064533609335 0.7071071090120097
vn 0 -0.7071064533609335 0.7071071090120097
vn 0 -6.123234262925839e-17 1
vn 0 -6.123234262925839e-17 1
vn 0 -6.123234262925839e-17 1
vn 0 -6.123234262925839e-17 1
vn 0 -6.123234262925839e-17 1
vn 0 -6.123234262925839e-17 1
vn 0 0.7071064235585823 0.7071071388143318
vn 0 0.7071064235585823 0.7071071388143318
vn 0 0.7071064235585823 0.7071071388143318
vn 0 0.7071064235585823 0.7071071388143318
vn 0 0.7071064235585823 0.7071071388143318
vn 0 0.7071064235585823 0.7071071388143318
vn 0.5000000551543109 -0.7071067031865645 0.5000000551543109
vn 0.5000000551543109 -0.7071067031865645 0.5000000551543109
vn 0.5000000551543109 -0.7071067031865645 0.5000000551543109
vn 0.5000000762277352 -0.7071066733842338 0.5000000762277352
vn 0.5000000762277352 -0.7071066733842338 0.5000000762277352
vn 0.5000000762277352 -0.7071066733842338 0.5000000762277352
vn 0.7071067811865475 -4.329780375814312e-17 0.7071067811865475
vn 0.7071067811865475 -4.329780375814312e-17 0.7071067811865475
vn 0.7071067811865475 -4.329780375814312e-17 0.7071067811865475
vn 0.7071067811865475 -4.329780375814312e-17 0.7071067811865475
vn 0.7071067811865475 -4.329780375814312e-17 0.7071067811865475
vn 0.7071067811865475 -4.329780375814312e-17 0.7071067811865475
vn 0.500000106030047 0.7071066312373852 0.500000106030047
vn 0.500000106030047 0.7071066312373852 0.500000106030047
vn 0.500000106030047 0.7071066312373852 0.500000106030047
vn 0.500000106030047 0.7071066312373852 0.500000106030047
vn 0.500000106030047 0.7071066312373852 0.500000106030047
vn 0.500000106030047 0.7071066312373852 0.500000106030047
vn 0.7071071090120097 -0.7071064533609335 -4.3297782080938334e-17
vn 0.7071071090120097 -0.7071064533609335 -4.3297782080938334e-17
vn 0.7071071090120097 -0.7071064533609335 -4.3297782080938334e-17
vn 0.7071071090120097 -0.7071064533609335 -4.3297782080938334e-17
vn 0.7071071090120097 -0.7071064533609335 -4.3297782080938334e-17
vn 0.7071071090120097 -0.7071064533609335 -4.3297782080938334e-17
vn 1 0 0
vn 1 0 0
vn 1 0 0
vn 1 0 0
vn 1 0 0
vn 1 0 0
vn 0.7071071388143318 0.7071064235585823 4.329778059708003e-17
vn 0.7071071388143318 0.7071064235585823 4.329778059708003e-17
vn 0.7071071388143318 0.7071064235585823 4.329778059708003e-17
vn 0.7071071388143318 0.7071064235585823 4.329778059708003e-17
vn 0.7071071388143318 0.7071064235585823 4.329778059708003e-17
vn 0.7071071388143318 0.7071064235585823 4.329778059708003e-17
vn 0.5000000551543109 -0.7071067031865645 -0.5000000551543109
vn 0.5000000551543109 -0.7071067031865645 -0.5000000551543109
vn 0.5000000551543109 -0.7071067031865645 -0.5000000551543109
vn 0.5000000762277352 -0.7071066733842338 -0.5000000762277352
vn 0.5000000762277352 -0.7071066733842338 -0.5000000762277352
vn 0.5000000762277352 -0.7071066733842338 -0.5000000762277352
vn 0.7071067811865475 4.329780375814312e-17 -0.7071067811865475
vn 0.7071067811865475 4.329780375814312e-17 -0.7071067811865475
vn 0.7071067811865475 4.329780375814312e-17 -0.7071067811865475
vn 0.7071067811865475 4.329780375814312e-17 -0.7071067811865475
vn 0.7071067811865475 4.329780375814312e-17 -0.7071067811865475
vn 0.7071067811865475 4.329780375814312e-17 -0.7071067811865475
vn 0.500000106030047 0.7071066312373852 -0.500000106030047
vn 0.500000106030047 0.7071066312373852 -0.500000106030047
vn 0.500000106030047 0.7071066312373852 -0.500000106030047
vn 0.500000106030047 0.7071066312373852 -0.500000106030047
vn 0.500000106030047 0.7071066312373852 -0.500000106030047
vn 0.500000106030047 0.7071066312373852 -0.500000106030047
vn 0 -0.7071064533609335 -0.7071071090120097
vn 0 -0.7071064533609335 -0.7071071090120097
vn 0 -0.7071064533609335 -0.7071071090120097
vn 0 -0.7071064533609335 -0.7071071090120097
vn 0 -0.7071064533609335 -0.7071071090120097
vn 0 -0.7071064533609335 -0.7071071090120097
vn 0 6.123234262925839e-17 -1
vn 0 6.123234262925839e-17 -1
vn 0 6.123234262925839e-17 -1
vn 0 6.123234262925839e-17 -1
vn 0 6.123234262925839e-17 -1
vn 0 6.123234262925839e-17 -1
vn 0 0.7071064235585823 -0.7071071388143318
vn 0 0.7071064235585823 -0.7071071388143318
vn 0 0.7071064235585823 -0.7071071388143318
vn 0 0.7071064235585823 -0.7071071388143318
vn 0 0.7071064235585823 -0.7071071388143318
vn 0 0.7071064235585823 -0.7071071388143318
f 361/361/361 362/362/362 363/363/363
f 364/364/364 365/365/365 366/366/366
f 367/367/367 368/368/368 369/369/369
f 370/370/370 371/371/371 372/372/372
f 373/373/373 374/374/374 375/375/375
f 376/376/376 377/377/377 378/378/378
f 379/379/379 380/380/380 381/381/381
f 382/382/382 383/383/383 384/384/384
f 385/385/385 386/386/386 387/387/387
f 388/388/388 389/389/389 390/390/390
f 391/391/391 392/392/392 393/393/393
f 394/394/394 395/395/395 396/396/396
f 397/397/397 398/398/398 399/399/399
f 400/400/400 401/401/401 402/402/402
f 403/403/403 404/404/404 405/405/405
f 406/406/406 407/407/407 408/408/408
f 409/409/409 410/410/410 411/411/411
f 412/412/412 413/413/413 414/414/414
f 415/415/415 416/416/416 417/417/417
f 418/418/418 419/419/419 420/420/420
f 421/421/421 422/422/422 423/423/423
f 424/424/424 425/425/425 426/426/426
f 427/427/427 428/428/428 429/429/429
f 430/430/430 431/431/431 432/432/432
f 433/433/433 434/434/434 435/435/435
f 436/436/436 437/437/437 438/438/438
f 439/439/439 440/440/440 441/441/441
f 442/442/442 443/443/443 444/444/444
f 445/445/445 446/446/446 447/447/447
f 448/448/448 449/449/449 450/450/450
f 451/451/451 452/452/452 453/453/453
f 454/454/454 455/455/455 456/456/456
f 457/457/457 458/458/458 459/459/459
f 460/460/460 461/461/461 462/462/462
f 463/463/463 464/464/464 465/465/465
f 466/466/466 467/467/467 468/468/468
f 469/469/469 470/470/470 471/471/471
f 472/472/472 473/473/473 474/474/474
f 475/475/475 476/476/476 477/477/477
f 478/478/478 479/479/479 480/480/480
f 481/481/481 482/482/482 483/483/483
f 484/484/484 485/485/485 486/486/486
f 487/487/487 488/488/488 489/489/489
f 490/490/490 491/491/491 492/492/492
f 493/493/493 494/494/494 495/495/495
f 496/496/496 497/497/497 498/498/498
f 499/499/499 500/500/500 501/501/501
f 502/502/502 503/503/503 504/504/504
f 505/505/505 506/506/506 507/507/507
f 508/508/508 509/509/509 510/510/510
f 511/511/511 512/512/512 513/513/513
f 514/514/514 515/515/515 516/516/516
f 517/517/517 518/518/518 519/519/519
f 520/520/520 521/521/521 522/522/522
f 523/523/523 524/524/524 525/525/525
f 526/526/526 527/527/527 528/528/528
f 529/529/529 530/530/530 531/531/531
f 532/532/532 533/533/533 534/534/534
f 535/535/535 536/536/536 537/537/537
f 538/538/538 539/539/539 540/540/540
o structure_deck2
usemtl hull
v -46.03031952426119 40.09433948206452 -111.12702342699158
v 46.03031952426119 40.09433948206452 -111.12702342699158
v 111.12702342699158 40.09433948206452 -46.03031952426119
v -111.12702342699158 40.09433948206452 46.03031952426119
v -111.12702342699158 40.09433948206452 -46.03031952426119
v -46.03031952426119 40.09433948206452 -111.12702342699158
v 46.03031952426119 40.09433948206452 111.12702342699158
v -46.03031952426119 40.09433948206452 111.12702342699158
v -111.12702342699158 40.09433948206452 46.03031952426119
v 111.12702342699158 40.09433948206452 -46.03031952426119
v 111.12702342699158 40.09433948206452 46.03031952426119
v 46.03031952426119 40.09433948206452 111.12702342699158
v -111.12702342699158 40.09433948206452 46.03031952426119
v -46.03031952426119 40.09433948206452 -111.12702342699158
v 111.12702342699158 40.09433948206452 -46.03031952426119
v 111.12702342699158 40.09433948206452 -46.03031952426119
v 46.03031952426119 40.09433948206452 111.12702342699158
v -111.12702342699158 40.09433948206452 46.03031952426119
v 111.12702342699158 54.24528308915642 -46.03031952426119
v 46.03031952426119 54.24528308915642 -111.12702342699158
v -46.03031952426119 54.24528308915642 -111.12702342699158
v -46.03031952426119 54.24528308915642 -111.12702342699158
v -111.12702342699158 54.24528308915642 -46.03031952426119
v -111.12702342699158 54.24528308915642 46.03031952426119
v -111.12702342699158 54.24528308915642 46.03031952426119
v -46.03031952426119 54.24528308915642 111.12702342699158
v 46.03031952426119 54.24528308915642 111.12702342699158
v 46.03031952426119 54.24528308915642 111.12702342699158
v 111.12702342699158 54.24528308915642 46.03031952426119
v 111.12702342699158 54.24528308915642 -46.03031952426119
v 111.12702342699158 54.24528308915642 -46.03031952426119
v -46.03031952426119 54.24528308915642 -111.12702342699158
v -111.12702342699158 54.24528308915642 46.03031952426119
v -111.12702342699158 54.24528308915642 46.03031952426119
v 46.03031952426119 54.24528308915642 111.12702342699158
v 111.12702342699158 54.24528308915642 -46.03031952426119
v -46.03031952426119 40.09433948206452 -111.12702342699158
v -111.12702342699158 40.09433948206452 -46.03031952426119
v -47.00723684058999 42.45282990752526 -113.48551174379745
v -111.12702342699158 40.09433948206452 -46.03031952426119
v -113.48551174379745 42.45282990752526 -47.00723684058999
v -47.00723684058999 42.45282990752526 -113.48551174379745
v -47.00723684058999 42.45282990752526 -113.48551174379745
v -113.48551174379745 42.45282990752526 -47.00723684058999
v -47.00723684058999 51.88679266369568 -113.48551174379745
v -113.48551174379745 42.45282990752526 -47.00723684058999
v -113.48551174379745 51.88679266369568 -47.00723684058999
v -47.00723684058999 51.88679266369568 -113.48551174379745
v -47.00723684058999 51.88679266369568 -113.48551174379745
v -113.48551174379745 51.88679266369568 -47.00723684058999
v -46.03031952426119 54.24528308915642 -111.12702342699158
v -113.48551174379745 51.88679266369568 -47.00723684058999
v -111.12702342699158 54.24528308915642 -46.03031952426119
v -46.03031952426119 54.24528308915642 -111.12702342699158
v -111.12702342699158 40.09433948206452 -46.03031952426119
v -111.12702342699158 40.09433948206452 46.03031952426119
v -113.48551174379745 42.45282990752526 -47.00723684058999
v -111.12702342699158 40.09433948206452 46.03031952426119
v -113.48551174379745 42.45282990752526 47.00723684058999
v -113.48551174379745 42.45282990752526 -47.00723684058999
v -113.48551174379745 42.45282990752526 -47.00723684058999
v -113.48551174379745 42.45282990752526 47.00723684058999
v -113.48551174379745 51.88679266369568 -47.00723684058999
v -113.48551174379745 42.45282990752526 47.00723684058999
v -113.48551174379745 51.88679266369568 47.00723684058999
v -113.48551174379745 51.88679266369568 -47.00723684058999
v -113.48551174379745 51.88679266369568 -47.00723684058999
v -113.48551174379745 51.88679266369568 47.00723684058999
v -111.12702342699158 54.24528308915642 -46.03031952426119
v -113.48551174379745 51.88679266369568 47.00723684058999
v -111.12702342699158 54.24528308915642 46.03031952426119
v -111.12702342699158 54.24528308915642 -46.03031952426119
v -111.12702342699158 40.09433948206452 46.03031952426119
v -46.03031952426119 40.09433948206452 111.12702342699158
v -113.48551174379745 42.45282990752526 47.00723684058999
v -46.03031952426119 40.09433948206452 111.12702342699158
v -47.00723684058999 42.45282990752526 113.48551174379745
v -113.48551174379745 42.45282990752526 47.00723684058999
v -113.48551174379745 42.45282990752526 47.00723684058999
v -47.00723684058999 42.45282990752526 113.48551174379745
v -113.48551174379745 51.88679266369568 47.00723684058999
v -47.00723684058999 42.45282990752526 113.48551174379745
v -47.00723684058999 51.88679266369568 113.48551174379745
v -113.48551174379745 51.88679266369568 47.00723684058999
v -113.48551174379745 51.88679266369568 47.00723684058999
v -47.00723684058999 51.88679266369568 113.48551174379745
v -111.12702342699158 54.24528308915642 46.03031952426119
v -47.00723684058999 51.88679266369568 113.48551174379745
v -46.03031952426119 54.24528308915642 111.12702342699158
v -111.12702342699158 54.24528308915642 46.03031952426119
v -46.03031952426119 40.09433948206452 111.12702342699158
v 46.03031952426119 40.09433948206452 111.12702342699158
v -47.00723684058999 42.45282990752526 113.48551174379745
v 46.03031952426119 40.09433948206452 111.12702342699158
v 47.00723684058999 42.45282990752526 113.48551174379745
v -47.00723684058999 42.45282990752526 113.48551174379745
v -47.00723684058999 42.45282990752526 113.48551174379745
v 47.00723684058999 42.45282990752526 113.48551174379745
v -47.00723684058999 51.88679266369568 113.48551174379745
v 47.00723684058999 42.45282990752526 113.48551174379745
v 47.00723684058999 51.88679266369568 113.48551174379745
v -47.00723684058999 51.88679266369568 113.48551174379745
v -47.00723684058999 51.88679266369568 113.48551174379745
v 47.00723684058999 51.88679266369568 113.48551174379745
v -46.03031952426119 54.24528308915642 111.12702342699158
v 47.00723684058999 51.88679266369568 113.48551174379745
v 46.03031952426119 54.24528308915642 111.12702342699158
v -46.03031952426119 54.24528308915642 111.12702342699158
v 46.03031952426119 40.09433948206452 111.12702342699158
v 111.12702342699158 40.09433948206452 46.03031952426119
v 47.00723684058999 42.45282990752526 113.48551174379745
v 111.12702342699158 40.09433948206452 46.03031952426119
v 113.48551174379745 42.45282990752526 47.00723684058999
v 47.00723684058999 42.45282990752526 113.48551174379745
v 47.00723684058999 42.45282990752526 113.48551174379745
v 113.48551174379745 42.45282990752526 47.00723684058999
v 47.00723684058999 51.88679266369568 113.48551174379745
v 113.48551174379745 42.45282990752526 47.00723684058999
v 113.48551174379745 51.88679266369568 47.00723684058999
v 47.00723684058999 51.88679266369568 113.48551174379745
v 47.00723684058999 51.88679266369568 113.48551174379745
v 113.48551174379745 51.88679266369568 47.00723684058999
v 46.03031952426119 54.24528308915642 111.12702342699158
v 113.48551174379745 51.88679266369568 47.00723684058999
v 111.12702342699158 54.24528308915642 46.03031952426119
v 46.03031952426119 54.24528308915642 111.12702342699158
v 111.12702342699158 40.09433948206452 46.03031952426119
v 111.12702342699158 40.09433948206452 -46.03031952426119
v 113.48551174379745 42.45282990752526 47.00723684058999
v 111.12702342699158 40.09433948206452 -46.03031952426119
v 113.48551174379745 42.45282990752526 -47.00723684058999
v 113.48551174379745 42.45282990752526 47.00723684058999
v 113.48551174379745 42.45282990752526 47.00723684058999
v 113.48551174379745 42.45282990752526 -47.00723684058999
v 113.48551174379745 51.88679266369568 47.00723684058999
v 113.48551174379745 42.45282990752526 -47.00723684058999
v 113.48551174379745 51.88679266369568 -47.00723684058999
v 113.48551174379745 51.88679266369568 47.00723684058999
v 113.48551174379745 51.88679266369568 47.00723684058999
v 113.48551174379745 51.88679266369568 -47.00723684058999
v 111.12702342699158 54.24528308915642 46.03031952426119
v 113.48551174379745 51.88679266369568 -47.00723684058999
v 111.12702342699158 54.24528308915642 -46.03031952426119
v 111.12702342699158 54.24528308915642 46.03031952426119
v 111.12702342699158 40.09433948206452 -46.03031952426119
v 46.03031952426119 40.09433948206452 -111.12702342699158
v 113.48551174379745 42.45282990752526 -47.00723684058999
v 46.03031952426119 40.09433948206452 -111.12702342699158
v 47.00723684058999 42.45282990752526 -113.48551174379745
v 113.48551174379745 42.45282990752526 -47.00723684058999
v 113.48551174379745 42.45282990752526 -47.00723684058999
v 47.00723684058999 42.45282990752526 -113.48551174379745
v 113.48551174379745 51.88679266369568 -47.00723684058999
v 47.00723684058999 42.45282990752526 -113.48551174379745
v 47.00723684058999 51.88679266369568 -113.48551174379745
v 113.48551174379745 51.88679266369568 -47.00723684058999
v 113.48551174379745 51.88679266369568 -47.00723684058999
v 47.00723684058999 51.88679266369568 -113.48551174379745
v 111.12702342699158 54.24528308915642 -46.03031952426119
v 47.00723684058999 51.88679266369568 -113.48551174379745
v 46.03031952426119 54.24528308915642 -111.12702342699158
v 111.12702342699158 54.24528308915642 -46.03031952426119
v 46.03031952426119 40.09433948206452 -111.12702342699158
v -46.03031952426119 40.09433948206452 -111.12702342699158
v 47.00723684058999 42.45282990752526 -113.48551174379745
v -46.03031952426119 40.09433948206452 -111.12702342699158
v -47.00723684058999 42.45282990752526 -113.48551174379745
v 47.00723684058999 42.45282990752526 -113.48551174379745
v 47.00723684058999 42.45282990752526 -113.48551174379745
v -47.00723684058999 42.45282990752526 -113.48551174379745
v 47.00723684058999 51.88679266369568 -113.48551174379745
v -47.00723684058999 42.45282990752526 -113.48551174379745
v -47.00723684058999 51.88679266369568 -113.48551174379745
v 47.00723684058999 51.88679266369568 -113.48551174379745
v 47.00723684058999 51.88679266369568 -113.48551174379745
v -47.00723684058999 51.88679266369568 -113.48551174379745
v 46.03031952426119 54.24528308915642 -111.12702342699158
v -47.00723684058999 51.88679266369568 -113.48551174379745
v -46.03031952426119 54.24528308915642 -111.12702342699158
v 46.03031952426119 54.24528308915642 -111.12702342699158
vt -0.9758427739143372 2.3558928966522217
vt 0.9758427739143372 2.3558928966522217
vt 2.3558928966522217 0.9758427739143372
vt -2.3558928966522217 -0.9758427739143372
vt -2.3558928966522217 0.9758427739143372
vt -0.9758427739143372 2.3558928966522217
vt 0.9758427739143372 -2.3558928966522217
vt -0.9758427739143372 -2.3558928966522217
vt -2.3558928966522217 -0.9758427739143372
vt 2.3558928966522217 0.9758427739143372
vt 2.3558928966522217 -0.9758427739143372
vt 0.9758427739143372 -2.3558928966522217
vt -2.3558928966522217 -0.9758427739143372
vt -0.9758427739143372 2.3558928966522217
vt 2.3558928966522217 0.9758427739143372
vt 2.3558928966522217 0.9758427739143372
vt 0.9758427739143372 -2.3558928966522217
vt -2.3558928966522217 -0.9758427739143372
vt 2.3558928966522217 0.9758427739143372
vt 0.9758427739143372 2.3558928966522217
vt -0.9758427739143372 2.3558928966522217
vt -0.9758427739143372 2.3558928966522217
vt -2.3558928966522217 0.9758427739143372
vt -2.3558928966522217 -0.9758427739143372
vt -2.3558928966522217 -0.9758427739143372
vt -0.9758427739143372 -2.3558928966522217
vt 0.9758427739143372 -2.3558928966522217
vt 0.9758427739143372 -2.3558928966522217
vt 2.3558928966522217 -0.9758427739143372
vt 2.3558928966522217 0.9758427739143372
vt 2.3558928966522217 0.9758427739143372
vt -0.9758427739143372 2.3558928966522217
vt -2.3558928966522217 -0.9758427739143372
vt -2.3558928966522217 -0.9758427739143372
vt 0.9758427739143372 -2.3558928966522217
vt 2.3558928966522217 0.9758427739143372
vt 2.3558928966522217 1.0499999523162842
vt 0.9758427739143372 1.0499999523162842
vt 2.405892848968506 1
vt 0.9758427739143372 1.0499999523162842
vt 0.9965534210205078 1
vt 2.405892848968506 1
vt 2.405892848968506 1
vt 0.9965534210205078 1
vt 2.405892848968506 0.800000011920929
vt 0.9965534210205078 1
vt 0.9965534210205078 0.800000011920929
vt 2.405892848968506 0.800000011920929
vt 2.405892848968506 0.800000011920929
vt 0.9965534210205078 0.800000011920929
vt 2.3558928966522217 0.75
vt 0.9965534210205078 0.800000011920929
vt 0.9758427739143372 0.75
vt 2.3558928966522217 0.75
vt 0.9758427739143372 1.0499999523162842
vt -0.9758427739143372 1.0499999523162842
vt 0.9965534210205078 1
vt -0.9758427739143372 1.0499999523162842
vt -0.9965534210205078 1
vt 0.9965534210205078 1
vt 0.9965534210205078 1
vt -0.9965534210205078 1
vt 0.9965534210205078 0.800000011920929
vt -0.9965534210205078 1
vt -0.9965534210205078 0.800000011920929
vt 0.9965534210205078 0.800000011920929
vt 0.9965534210205078 0.800000011920929
vt -0.9965534210205078 0.800000011920929
vt 0.9758427739143372 0.75
vt -0.9965534210205078 0.800000011920929
vt -0.9758427739143372 0.75
vt 0.9758427739143372 0.75
vt -2.3558928966522217 1.0499999523162842
vt -0.9758427739143372 1.0499999523162842
vt -2.405892848968506 1
vt -0.9758427739143372 1.0499999523162842
vt -0.9965534210205078 1
vt -2.405892848968506 1
vt -2.405892848968506 1
vt -0.9965534210205078 1
vt -2.405892848968506 0.800000011920929
vt -0.9965534210205078 1
vt -0.9965534210205078 0.800000011920929
vt -2.405892848968506 0.800000011920929
vt -2.405892848968506 0.800000011920929
vt -0.9965534210205078 0.800000011920929
vt -2.3558928966522217 0.75
vt -0.9965534210205078 0.800000011920929
vt -0.9758427739143372 0.75
vt -2.3558928966522217 0.75
vt -0.9758427739143372 1.0499999523162842
vt 0.9758427739143372 1.0499999523162842
vt -0.9965534210205078 1
vt 0.9758427739143372 1.0499999523162842
vt 0.9965534210205078 1
vt -0.9965534210205078 1
vt -0.9965534210205078 1
vt 0.9965534210205078 1
vt -0.9965534210205078 0.800000011920929
vt 0.9965534210205078 1
vt 0.9965534210205078 0.800000011920929
vt -0.9965534210205078 0.800000011920929
vt -0.9965534210205078 0.800000011920929
vt 0.9965534210205078 0.800000011920929
vt -0.9758427739143372 0.75
vt 0.9965534210205078 0.800000011920929
vt 0.9758427739143372 0.75
vt -0.9758427739143372 0.75
vt -2.3558928966522217 1.0499999523162842
vt -0.9758427739143372 1.0499999523162842
vt -2.405892848968506 1
vt -0.9758427739143372 1.0499999523162842
vt -0.9965534210205078 1
vt -2.405892848968506 1
vt -2.405892848968506 1
vt -0.9965534210205078 1
vt -2.405892848968506 0.800000011920929
vt -0.9965534210205078 1
vt -0.9965534210205078 0.800000011920929
vt -2.405892848968506 0.800000011920929
vt -2.405892848968506 0.800000011920929
vt -0.9965534210205078 0.800000011920929
vt -2.3558928966522217 0.75
vt -0.9965534210205078 0.800000011920929
vt -0.9758427739143372 0.75
vt -2.3558928966522217 0.75
vt -0.9758427739143372 1.0499999523162842
vt 0.9758427739143372 1.0499999523162842
vt -0.9965534210205078 1
vt 0.9758427739143372 1.0499999523162842
vt 0.9965534210205078 1
vt -0.9965534210205078 1
vt -0.9965534210205078 1
vt 0.9965534210205078 1
vt -0.9965534210205078 0.800000011920929
vt 0.9965534210205078 1
vt 0.9965534210205078 0.800000011920929
vt -0.9965534210205078 0.800000011920929
vt -0.9965534210205078 0.800000011920929
vt 0.9965534210205078 0.800000011920929
vt -0.9758427739143372 0.75
vt 0.9965534210205078 0.800000011920929
vt 0.9758427739143372 0.75
vt -0.9758427739143372 0.75
vt 0.9758427739143372 1.0499999523162842
vt 2.3558928966522217 1.0499999523162842
vt 0.9965534210205078 1
vt 2.3558928966522217 1.0499999523162842
vt 2.405892848968506 1
vt 0.9965534210205078 1
vt 2.405892848968506 1
vt 0.9965534210205078 1
vt 2.405892848968506 0.800000011920929
vt 0.9965534210205078 1
vt 0.9965534210205078 0.800000011920929
vt 2.405892848968506 0.800000011920929
vt 2.405892848968506 0.800000011920929
vt 0.9965534210205078 0.800000011920929
vt 2.3558928966522217 0.75
vt 0.9965534210205078 0.800000011920929
vt 0.9758427739143372 0.75
vt 2.3558928966522217 0.75
vt 0.9758427739143372 1.0499999523162842
vt -0.9758427739143372 1.0499999523162842
vt 0.9965534210205078 1
vt -0.9758427739143372 1.0499999523162842
vt -0.9965534210205078 1
vt 0.9965534210205078 1
vt 0.9965534210205078 1
vt -0.9965534210205078 1
vt 0.9965534210205078 0.800000011920929
vt -0.9965534210205078 1
vt -0.9965534210205078 0.800000011920929
vt 0.9965534210205078 0.800000011920929
vt 0.9965534210205078 0.800000011920929
vt -0.9965534210205078 0.800000011920929
vt 0.9758427739143372 0.75
vt -0.9965534210205078 0.800000011920929
vt -0.9758427739143372 0.75
vt 0.9758427739143372 0.75
vn 0 -1 -6.123234262925839e-17
vn 0 -1 -6.123234262925839e-17
vn 0 -1 -6.123234262925839e-17
vn 0 -1 -6.123234262925839e-17
vn 0 -1 -6.123234262925839e-17
vn 0 -1 -6.123234262925839e-17
vn 0 -1 -6.123234262925839e-17
vn 0 -1 -6.123234262925839e-17
vn 0 -1 -6.123234262925839e-17
vn 0 -1 -6.123234262925839e-17
vn 0 -1 -6.123234262925839e-17
vn 0 -1 -6.123234262925839e-17
vn 0 -1 -6.123234262925839e-17
vn 0 -1 -6.123234262925839e-17
vn 0 -1 -6.123234262925839e-17
vn 0 -1 -6.123234262925839e-17
vn 0 -1 -6.123234262925839e-17
vn 0 -1 -6.123234262925839e-17
vn 0 1 6.123234262925839e-17
vn 0 1 6.123234262925839e-17
vn 0 1 6.123234262925839e-17
vn 0 1 6.123234262925839e-17
vn 0 1 6.123234262925839e-17
vn 0 1 6.123234262925839e-17
vn 0 1 6.123234262925839e-17
vn 0 1 6.123234262925839e-17
vn 0 1 6.123234262925839e-17
vn 0 1 6.123234262925839e-17
vn 0 1 6.123234262925839e-17
vn 0 1 6.123234262925839e-17
vn 0 1 6.123234262925839e-17
vn 0 1 6.123234262925839e-17
vn 0 1 6.123234262925839e-17
vn 0 1 6.123234262925839e-17
vn 0 1 6.123234262925839e-17
vn 0 1 6.123234262925839e-17
vn -0.5000003008040607 -0.7071063557851094 -0.5000003008040607
vn -0.5000003008040607 -0.7071063557851094 -0.5000003008040607
vn -0.5000003008040607 -0.7071063557851094 -0.5000003008040607
vn -0.5000003008040607 -0.7071063557851094 -0.5000003008040607
vn -0.5000003008040607 -0.7071063557851094 -0.5000003008040607
vn -0.5000003008040607 -0.7071063557851094 -0.5000003008040607
vn -0.7071067811865475 4.329780375814312e-17 -0.7071067811865475
vn -0.7071067811865475 4.329780375814312e-17 -0.7071067811865475
vn -0.7071067811865475 4.329780375814312e-17 -0.7071067811865475
vn -0.7071067811865475 4.329780375814312e-17 -0.7071067811865475
vn -0.7071067811865475 4.329780375814312e-17 -0.7071067811865475
vn -0.7071067811865475 4.329780375814312e-17 -0.7071067811865475
vn -0.5000002499283461 0.7071064277343142 -0.5000002499283461
vn -0.5000002499283461 0.7071064277343142 -0.5000002499283461
vn -0.5000002499283461 0.7071064277343142 -0.5000002499283461
vn -0.5000002499283461 0.7071064277343142 -0.5000002499283461
vn -0.5000002499283461 0.7071064277343142 -0.5000002499283461
vn -0.5000002499283461 0.7071064277343142 -0.5000002499283461
vn -0.7071071090120097 -0.7071064533609335 -4.3297782080938334e-17
vn -0.7071071090120097 -0.7071064533609335 -4.3297782080938334e-17
vn -0.7071071090120097 -0.7071064533609335 -4.3297782080938334e-17
vn -0.7071071388143318 -0.7071064235585823 -4.329778059708003e-17
vn -0.7071071388143318 -0.7071064235585823 -4.329778059708003e-17
vn -0.7071071388143318 -0.7071064235585823 -4.329778059708003e-17
vn -1 0 0
vn -1 0 0
vn -1 0 0
vn -1 0 0
vn -1 0 0
vn -1 0 0
vn -0.7071071090120097 0.7071064533609335 4.3297782080938334e-17
vn -0.7071071090120097 0.7071064533609335 4.3297782080938334e-17
vn -0.7071071090120097 0.7071064533609335 4.3297782080938334e-17
vn -0.7071070792097137 0.7071064831632558 4.329778390580423e-17
vn -0.7071070792097137 0.7071064831632558 4.329778390580423e-17
vn -0.7071070792097137 0.7071064831632558 4.329778390580423e-17
vn -0.5000003008040607 -0.7071063557851094 0.5000003008040607
vn -0.5000003008040607 -0.7071063557851094 0.5000003008040607
vn -0.5000003008040607 -0.7071063557851094 0.5000003008040607
vn -0.5000003008040607 -0.7071063557851094 0.5000003008040607
vn -0.5000003008040607 -0.7071063557851094 0.5000003008040607
vn -0.5000003008040607 -0.7071063557851094 0.5000003008040607
vn -0.7071067811865475 -4.329780375814312e-17 0.7071067811865475
vn -0.7071067811865475 -4.329780375814312e-17 0.7071067811865475
vn -0.7071067811865475 -4.329780375814312e-17 0.7071067811865475
vn -0.7071067811865475 -4.329780375814312e-17 0.7071067811865475
vn -0.7071067811865475 -4.329780375814312e-17 0.7071067811865475
vn -0.7071067811865475 -4.329780375814312e-17 0.7071067811865475
vn -0.5000002499283461 0.7071064277343142 0.5000002499283461
vn -0.5000002499283461 0.7071064277343142 0.5000002499283461
vn -0.5000002499283461 0.7071064277343142 0.5000002499283461
vn -0.5000002499283461 0.7071064277343142 0.5000002499283461
vn -0.5000002499283461 0.7071064277343142 0.5000002499283461
vn -0.5000002499283461 0.7071064277343142 0.5000002499283461
vn 0 -0.7071064533609335 0.7071071090120097
vn 0 -0.7071064533609335 0.7071071090120097
vn 0 -0.7071064533609335 0.7071071090120097
vn 0 -0.7071064235585823 0.7071071388143318
vn 0 -0.7071064235585823 0.7071071388143318
vn 0 -0.7071064235585823 0.7071071388143318
vn 0 -6.123234262925839e-17 1
vn 0 -6.123234262925839e-17 1
vn 0 -6.123234262925839e-17 1
vn 0 -6.123234262925839e-17 1
vn 0 -6.123234262925839e-17 1
vn 0 -6.123234262925839e-17 1
vn 0 0.7071064533609335 0.7071071090120097
vn 0 0.7071064533609335 0.7071071090120097
vn 0 0.7071064533609335 0.7071071090120097
vn 0 0.7071064831632558 0.7071070792097137
vn 0 0.7071064831632558 0.7071070792097137
vn 0 0.7071064831632558 0.7071070792097137
vn 0.5000003008040607 -0.7071063557851094 0.5000003008040607
vn 0.5000003008040607 -0.7071063557851094 0.5000003008040607
vn 0.5000003008040607 -0.7071063557851094 0.5000003008040607
vn 0.5000003008040607 -0.7071063557851094 0.5000003008040607
vn 0.5000003008040607 -0.7071063557851094 0.5000003008040607
vn 0.5000003008040607 -0.7071063557851094 0.5000003008040607
vn 0.7071067811865475 -4.329780375814312e-17 0.7071067811865475
vn 0.7071067811865475 -4.329780375814312e-17 0.7071067811865475
vn 0.7071067811865475 -4.329780375814312e-17 0.7071067811865475
vn 0.7071067811865475 -4.329780375814312e-17 0.7071067811865475
vn 0.7071067811865475 -4.329780375814312e-17 0.7071067811865475
vn 0.7071067811865475 -4.329780375814312e-17 0.7071067811865475
vn 0.5000002499283461 0.7071064277343142 0.5000002499283461
vn 0.5000002499283461 0.7071064277343142 0.5000002499283461
vn 0.5000002499283461 0.7071064277343142 0.5000002499283461
vn 0.5000002499283461 0.7071064277343142 0.5000002499283461
vn 0.5000002499283461 0.7071064277343142 0.5000002499283461
vn 0.5000002499283461 0.7071064277343142 0.5000002499283461
vn 0.7071071090120097 -0.7071064533609335 -4.3297782080938334e-17
vn 0.7071071090120097 -0.7071064533609335 -4.3297782080938334e-17
vn 0.7071071090120097 -0.7071064533609335 -4.3297782080938334e-17
vn 0.7071071388143318 -0.7071064235585823 -4.329778059708003e-17
vn 0.7071071388143318 -0.7071064235585823 -4.329778059708003e-17
vn 0.7071071388143318 -0.7071064235585823 -4.329778059708003e-17
vn 1 0 0
vn 1 0 0
vn 1 0 0
vn 1 0 0
vn 1 0 0
vn 1 0 0
vn 0.7071071090120097 0.7071064533609335 4.3297782080938334e-17
vn 0.7071071090120097 0.7071064533609335 4.3297782080938334e-17
vn 0.7071071090120097 0.7071064533609335 4.3297782080938334e-17
vn 0.7071070792097137 0.7071064831632558 4.329778390580423e-17
vn 0.7071070792097137 0.7071064831632558 4.329778390580423e-17
vn 0.7071070792097137 0.7071064831632558 4.329778390580423e-17
vn 0.5000003008040607 -0.7071063557851094 -0.5000003008040607
vn 0.5000003008040607 -0.7071063557851094 -0.5000003008040607
vn 0.5000003008040607 -0.7071063557851094 -0.5000003008040607
vn 0.5000003008040607 -0.7071063557851094 -0.5000003008040607
vn 0.5000003008040607 -0.7071063557851094 -0.5000003008040607
vn 0.5000003008040607 -0.7071063557851094 -0.5000003008040607
vn 0.7071067811865475 4.329780375814312e-17 -0.7071067811865475
vn 0.7071067811865475 4.329780375814312e-17 -0.7071067811865475
vn 0.7071067811865475 4.329780375814312e-17 -0.7071067811865475
vn 0.7071067811865475 4.329780375814312e-17 -0.7071067811865475
vn 0.7071067811865475 4.329780375814312e-17 -0.7071067811865475
vn 0.7071067811865475 4.329780375814312e-17 -0.7071067811865475
vn 0.5000002499283461 0.7071064277343142 -0.5000002499283461
vn 0.5000002499283461 0.7071064277343142 -0.5000002499283461
vn 0.5000002499283461 0.7071064277343142 -0.5000002499283461
vn 0.5000002499283461 0.7071064277343142 -0.5000002499283461
vn 0.5000002499283461 0.7071064277343142 -0.5000002499283461
vn 0.5000002499283461 0.7071064277343142 -0.5000002499283461
vn 0 -0.7071064533609335 -0.7071071090120097
vn 0 -0.7071064533609335 -0.7071071090120097
vn 0 -0.7071064533609335 -0.7071071090120097
vn 0 -0.7071064235585823 -0.7071071388143318
vn 0 -0.7071064235585823 -0.7071071388143318
vn 0 -0.7071064235585823 -0.7071071388143318
vn 0 6.123234262925839e-17 -1
vn 0 6.123234262925839e-17 -1
vn 0 6.123234262925839e-17 -1
vn 0 6.123234262925839e-17 -1
vn 0 6.123234262925839e-17 -1
vn 0 6.123234262925839e-17 -1
vn 0 0.7071064533609335 -0.7071071090120097
vn 0 0.7071064533609335 -0.7071071090120097
vn 0 0.7071064533609335 -0.7071071090120097
vn 0 0.7071064831632558 -0.7071070792097137
vn 0 0.7071064831632558 -0.7071070792097137
vn 0 0.7071064831632558 -0.7071070792097137
f 541/541/541 542/542/542 543/543/543
f 544/544/544 545/545/545 546/546/546
f 547/547/547 548/548/548 549/549/549
f 550/550/550 551/551/551 552/552/552
f 553/553/553 554/554/554 555/555/555
f 556/556/556 557/557/557 558/558/558
f 559/559/559 560/560/560 561/561/561
f 562/562/562 563/563/563 564/564/564
f 565/565/565 566/566/566 567/567/567
f 568/568/568 569/569/569 570/570/570
f 571/571/571 572/572/572 573/573/573
f 574/574/574 575/575/575 576/576/576
f 577/577/577 578/578/578 579/579/579
f 580/580/580 581/581/581 582/582/582
f 583/583/583 584/584/584 585/585/585
f 586/586/586 587/587/587 588/588/588
f 589/589/589 590/590/590 591/591/591
f 592/592/592 593/593/593 594/594/594
f 595/595/595 596/596/596 597/597/597
f 598/598/598 599/599/599 600/600/600
f 601/601/601 602/602/602 603/603/603
f 604/604/604 605/605/605 606/606/606
f 607/607/607 608/608/608 609/609/609
f 610/610/610 611/611/611 612/612/612
f 613/613/613 614/614/614 615/615/615
f 616/616/616 617/617/617 618/618/618
f 619/619/619 620/620/620 621/621/621
f 622/622/622 623/623/623 624/624/624
f 625/625/625 626/626/626 627/627/627
f 628/628/628 629/629/629 630/630/630
f 631/631/631 632/632/632 633/633/633
f 634/634/634 635/635/635 636/636/636
f 637/637/637 638/638/638 639/639/639
f 640/640/640 641/641/641 642/642/642
f 643/643/643 644/644/644 645/645/645
f 646/646/646 647/647/647 648/648/648
f 649/649/649 650/650/650 651/651/651
f 652/652/652 653/653/653 654/654/654
f 655/655/655 656/656/656 657/657/657
f 658/658/658 659/659/659 660/660/660
f 661/661/661 662/662/662 663/663/663
f 664/664/664 665/665/665 666/666/666
f 667/667/667 668/668/668 669/669/669
f 670/670/670 671/671/671 672/672/672
f 673/673/673 674/674/674 675/675/675
f 676/676/676 677/677/677 678/678/678
f 679/679/679 680/680/680 681/681/681
f 682/682/682 683/683/683 684/684/684
f 685/685/685 686/686/686 687/687/687
f 688/688/688 689/689/689 690/690/690
f 691/691/691 692/692/692 693/693/693
f 694/694/694 695/695/695 696/696/696
f 697/697/697 698/698/698 699/699/699
f 700/700/700 701/701/701 702/702/702
f 703/703/703 704/704/704 705/705/705
f 706/706/706 707/707/707 708/708/708
f 709/709/709 710/710/710 711/711/711
f 712/712/712 713/713/713 714/714/714
f 715/715/715 716/716/716 717/717/717
f 718/718/718 719/719/719 720/720/720
o structure_deck3
usemtl plate
v -37.004764912263404 56.13207564039051 -89.33740966724899
v 37.004764912263404 56.13207564039051 -89.33740966724899
v 89.33740966724899 56.13207564039051 -37.004764912263404
v -89.33740966724899 56.13207564039051 37.004764912263404
v -89.33740966724899 56.13207564039051 -37.004764912263404
v -37.004764912263404 56.13207564039051 -89.33740966724899
v 37.004764912263404 56.13207564039051 89.33740966724899
v -37.004764912263404 56.13207564039051 89.33740966724899
v -89.33740966724899 56.13207564039051 37.004764912263404
v 89.33740966724899 56.13207564039051 -37.004764912263404
v 89.33740966724899 56.13207564039051 37.004764912263404
v 37.004764912263404 56.13207564039051 89.33740966724899
v -89.33740966724899 56.13207564039051 37.004764912263404
v -37.004764912263404 56.13207564039051 -89.33740966724899
v 89.33740966724899 56.13207564039051 -37.004764912263404
v 89.33740966724899 56.13207564039051 -37.004764912263404
v 37.004764912263404 56.13207564039051 89.33740966724899
v -89.33740966724899 56.13207564039051 37.004764912263404
v 89.33740966724899 67.45283045577554 -37.004764912263404
v 37.004764912263404 67.45283045577554 -89.33740966724899
v -37.004764912263404 67.45283045577554 -89.33740966724899
v -37.004764912263404 67.45283045577554 -89.33740966724899
v -89.33740966724899 67.45283045577554 -37.004764912263404
v -89.33740966724899 67.45283045577554 37.004764912263404
v -89.33740966724899 67.45283045577554 37.004764912263404
v -37.004764912263404 67.45283045577554 89.33740966724899
v 37.004764912263404 67.45283045577554 89.33740966724899
v 37.004764912263404 67.45283045577554 89.33740966724899
v 89.33740966724899 67.45283045577554 37.004764912263404
v 89.33740966724899 67.45283045577554 -37.004764912263404
v 89.33740966724899 67.45283045577554 -37.004764912263404
v -37.004764912263404 67.45283045577554 -89.33740966724899
v -89.33740966724899 67.45283045577554 37.004764912263404
v -89.33740966724899 67.45283045577554 37.004764912263404
v 37.004764912263404 67.45283045577554 89.33740966724899
v 89.33740966724899 67.45283045577554 -37.004764912263404
v -37.004764912263404 56.13207564039051 -89.33740966724899
v -89.33740966724899 56.13207564039051 -37.004764912263404
v -37.786299889942384 58.0188680510476 -91.22420032069368
v -89.33740966724899 56.13207564039051 -37.004764912263404
v -91.22420032069368 58.0188680510476 -37.786299889942384
v -37.786299889942384 58.0188680510476 -91.22420032069368
v -37.786299889942384 58.0188680510476 -91.22420032069368
v -91.22420032069368 58.0188680510476 -37.786299889942384
v -37.786299889942384 65.56603751795473 -91.22420032069368
v -91.22420032069368 58.0188680510476 -37.786299889942384
v -91.22420032069368 65.56603751795473 -37.786299889942384
v -37.786299889942384 65.56603751795473 -91.22420032069368
v -37.786299889942384 65.56603751795473 -91.22420032069368
v -91.22420032069368 65.56603751795473 -37.786299889942384
v -37.004764912263404 67.45283045577554 -89.33740966724899
v -91.22420032069368 65.56603751795473 -37.786299889942384
v -89.33740966724899 67.45283045577554 -37.004764912263404
v -37.004764912263404 67.45283045577554 -89.33740966724899
v -89.33740966724899 56.13207564039051 -37.004764912263404
v -89.33740966724899 56.13207564039051 37.004764912263404
v -91.22420032069368 58.0188680510476 -37.786299889942384
v -89.33740966724899 56.13207564039051 37.004764912263404
v -91.22420032069368 58.0188680510476 37.786299889942384
v -91.22420032069368 58.0188680510476 -37.786299889942384
v -91.22420032069368 58.0188680510476 -37.786299889942384
v -91.22420032069368 58.0188680510476 37.786299889942384
v -91.22420032069368 65.56603751795473 -37.786299889942384
v -91.22420032069368 58.0188680510476 37.786299889942384
v -91.22420032069368 65.56603751795473 37.786299889942384
v -91.22420032069368 65.56603751795473 -37.786299889942384
v -91.22420032069368 65.56603751795473 -37.786299889942384
v -91.22420032069368 65.56603751795473 37.786299889942384
v -89.33740966724899 67.45283045577554 -37.004764912263404
v -91.22420032069368 65.56603751795473 37.786299889942384
v -89.33740966724899 67.45283045577554 37.004764912263404
v -89.33740966724899 67.45283045577554 -37.004764912263404
v -89.33740966724899 56.13207564039051 37.004764912263404
v -37.004764912263404 56.13207564039051 89.33740966724899
v -91.22420032069368 58.0188680510476 37.786299889942384
v -37.004764912263404 56.13207564039051 89.33740966724899
v -37.786299889942384 58.0188680510476 91.22420032069368
v -91.22420032069368 58.0188680510476 37.786299889942384
v -91.22420032069368 58.0188680510476 37.786299889942384
v -37.786299889942384 58.0188680510476 91.22420032069368
v -91.22420032069368 65.56603751795473 37.786299889942384
v -37.786299889942384 58.0188680510476 91.22420032069368
v -37.786299889942384 65.56603751795473 91.22420032069368
v -91.22420032069368 65.56603751795473 37.786299889942384
v -91.22420032069368 65.56603751795473 37.786299889942384
v -37.786299889942384 65.56603751795473 91.22420032069368
v -89.33740966724899 67.45283045577554 37.004764912263404
v -37.786299889942384 65.56603751795473 91.22420032069368
v -37.004764912263404 67.45283045577554 89.33740966724899
v -89.33740966724899 67.45283045577554 37.004764912263404
v -37.004764912263404 56.13207564039051 89.33740966724899
v 37.004764912263404 56.13207564039051 89.33740966724899
v -37.786299889942384 58.0188680510476 91.22420032069368
v 37.004764912263404 56.13207564039051 89.33740966724899
v 37.786299889942384 58.0188680510476 91.22420032069368
v -37.786299889942384 58.0188680510476 91.22420032069368
v -37.786299889942384 58.0188680510476 91.22420032069368
v 37.786299889942384 58.0188680510476 91.22420032069368
v -37.786299889942384 65.56603751795473 91.22420032069368
v 37.786299889942384 58.0188680510476 91.22420032069368
v 37.786299889942384 65.56603751795473 91.22420032069368
v -37.786299889942384 65.56603751795473 91.22420032069368
v -37.786299889942384 65.56603751795473 91.22420032069368
v 37.786299889942384 65.56603751795473 91.22420032069368
v -37.004764912263404 67.45283045577554 89.33740966724899
v 37.786299889942384 65.56603751795473 91.22420032069368
v 37.004764912263404 67.45283045577554 89.33740966724899
v -37.004764912263404 67.45283045577554 89.33740966724899
v 37.004764912263404 56.13207564039051 89.33740966724899
v 89.33740966724899 56.13207564039051 37.004764912263404
v 37.786299889942384 58.0188680510476 91.22420032069368
v 89.33740966724899 56.13207564039051 37.004764912263404
v 91.22420032069368 58.0188680510476 37.786299889942384
v 37.786299889942384 58.0188680510476 91.22420032069368
v 37.786299889942384 58.0188680510476 91.22420032069368
v 91.22420032069368 58.0188680510476 37.786299889942384
v 37.786299889942384 65.56603751795473 91.22420032069368
v 91.22420032069368 58.0188680510476 37.786299889942384
v 91.22420032069368 65.56603751795473 37.786299889942384
v 37.786299889942384 65.56603751795473 91.22420032069368
v 37.786299889942384 65.56603751795473 91.22420032069368
v 91.22420032069368 65.56603751795473 37.786299889942384
v 37.004764912263404 67.45283045577554 89.33740966724899
v 91.22420032069368 65.56603751795473 37.786299889942384
v 89.33740966724899 67.45283045577554 37.004764912263404
v 37.004764912263404 67.45283045577554 89.33740966724899
v 89.33740966724899 56.13207564039051 37.004764912263404
v 89.33740966724899 56.13207564039051 -37.004764912263404
v 91.22420032069368 58.0188680510476 37.786299889942384
v 89.33740966724899 56.13207564039051 -37.004764912263404
v 91.22420032069368 58.0188680510476 -37.786299889942384
v 91.22420032069368 58.0188680510476 37.786299889942384
v 91.22420032069368 58.0188680510476 37.786299889942384
v 91.22420032069368 58.0188680510476 -37.786299889942384
v 91.22420032069368 65.56603751795473 37.786299889942384
v 91.22420032069368 58.0188680510476 -37.786299889942384
v 91.22420032069368 65.56603751795473 -37.786299889942384
v 91.22420032069368 65.56603751795473 37.786299889942384
v 91.22420032069368 65.56603751795473 37.786299889942384
v 91.22420032069368 65.56603751795473 -37.786299889942384
v 89.33740966724899 67.45283045577554 37.004764912263404
v 91.22420032069368 65.56603751795473 -37.786299889942384
v 89.33740966724899 67.45283045577554 -37.004764912263404
v 89.33740966724899 67.45283045577554 37.004764912263404
v 89.33740966724899 56.13207564039051 -37.004764912263404
v 37.004764912263404 56.13207564039051 -89.33740966724899
v 91.22420032069368 58.0188680510476 -37.786299889942384
v 37.004764912263404 56.13207564039051 -89.33740966724899
v 37.786299889942384 58.0188680510476 -91.22420032069368
v 91.22420032069368 58.0188680510476 -37.786299889942384
v 91.22420032069368 58.0188680510476 -37.786299889942384
v 37.786299889942384 58.0188680510476 -91.22420032069368
v 91.22420032069368 65.56603751795473 -37.786299889942384
v 37.786299889942384 58.0188680510476 -91.22420032069368
v 37.786299889942384 65.56603751795473 -91.22420032069368
v 91.22420032069368 65.56603751795473 -37.786299889942384
v 91.22420032069368 65.56603751795473 -37.786299889942384
v 37.786299889942384 65.56603751795473 -91.22420032069368
v 89.33740966724899 67.45283045577554 -37.004764912263404
v 37.786299889942384 65.56603751795473 -91.22420032069368
v 37.004764912263404 67.45283045577554 -89.33740966724899
v 89.33740966724899 67.45283045577554 -37.004764912263404
v 37.004764912263404 56.13207564039051 -89.33740966724899
v -37.004764912263404 56.13207564039051 -89.33740966724899
v 37.786299889942384 58.0188680510476 -91.22420032069368
v -37.004764912263404 56.13207564039051 -89.33740966724899
v -37.786299889942384 58.0188680510476 -91.22420032069368
v 37.786299889942384 58.0188680510476 -91.22420032069368
v 37.786299889942384 58.0188680510476 -91.22420032069368
v -37.786299889942384 58.0188680510476 -91.22420032069368
v 37.786299889942384 65.56603751795473 -91.22420032069368
v -37.786299889942384 58.0188680510476 -91.22420032069368
v -37.786299889942384 65.56603751795473 -91.22420032069368
v 37.786299889942384 65.56603751795473 -91.22420032069368
v 37.786299889942384 65.56603751795473 -91.22420032069368
v -37.786299889942384 65.56603751795473 -91.22420032069368
v 37.004764912263404 67.45283045577554 -89.33740966724899
v -37.786299889942384 65.56603751795473 -91.22420032069368
v -37.004764912263404 67.45283045577554 -89.33740966724899
v 37.004764912263404 67.45283045577554 -89.33740966724899
vt -0.7845010161399841 1.8939530849456787
vt 0.7845010161399841 1.8939530849456787
vt 1.8939530849456787 0.7845010161399841
vt -1.8939530849456787 -0.7845010161399841
vt -1.8939530849456787 0.7845010161399841
vt -0.7845010161399841 1.8939530849456787
vt 0.7845010161399841 -1.8939530849456787
vt -0.7845010161399841 -1.8939530849456787
vt -1.8939530849456787 -0.7845010161399841
vt 1.8939530849456787 0.7845010161399841
vt 1.8939530849456787 -0.7845010161399841
vt 0.7845010161399841 -1.8939530849456787
vt -1.8939530849456787 -0.7845010161399841
vt -0.7845010161399841 1.8939530849456787
vt 1.8939530849456787 0.7845010161399841
vt 1.8939530849456787 0.7845010161399841
vt 0.7845010161399841 -1.8939530849456787
vt -1.8939530849456787 -0.7845010161399841
vt 1.8939530849456787 0.7845010161399841
vt 0.7845010161399841 1.8939530849456787
vt -0.7845010161399841 1.8939530849456787
vt -0.7845010161399841 1.8939530849456787
vt -1.8939530849456787 0.7845010161399841
vt -1.8939530849456787 -0.7845010161399841
vt -1.8939530849456787 -0.7845010161399841
vt -0.7845010161399841 -1.8939530849456787
vt 0.7845010161399841 -1.8939530849456787
vt 0.7845010161399841 -1.8939530849456787
vt 1.8939530849456787 -0.7845010161399841
vt 1.8939530849456787 0.7845010161399841
vt 1.8939530849456787 0.7845010161399841
vt -0.7845010161399841 1.8939530849456787
vt -1.8939530849456787 -0.7845010161399841
vt -1.8939530849456787 -0.7845010161399841
vt 0.7845010161399841 -1.8939530849456787
vt 1.8939530849456787 0.7845010161399841
vt 1.8939530849456787 1.0399999618530273
vt 0.7845010161399841 1.0399999618530273
vt 1.933953046798706 1
vt 0.7845010161399841 1.0399999618530273
vt 0.8010695576667786 1
vt 1.933953046798706 1
vt 1.933953046798706 1
vt 0.8010695576667786 1
vt 1.933953046798706 0.8399999737739563
vt 0.8010695576667786 1
vt 0.8010695576667786 0.8399999737739563
vt 1.933953046798706 0.8399999737739563
vt 1.933953046798706 0.8399999737739563
vt 0.8010695576667786 0.8399999737739563
vt 1.8939530849456787 0.800000011920929
vt 0.8010695576667786 0.8399999737739563
vt 0.7845010161399841 0.800000011920929
vt 1.8939530849456787 0.800000011920929
vt 0.7845010161399841 1.0399999618530273
vt -0.7845010161399841 1.0399999618530273
vt 0.8010695576667786 1
vt -0.7845010161399841 1.0399999618530273
vt -0.8010695576667786 1
vt 0.8010695576667786 1
vt 0.8010695576667786 1
vt -0.8010695576667786 1
vt 0.8010695576667786 0.8399999737739563
vt -0.8010695576667786 1
vt -0.8010695576667786 0.8399999737739563
vt 0.8010695576667786 0.8399999737739563
vt 0.8010695576667786 0.8399999737739563
vt -0.8010695576667786 0.8399999737739563
vt 0.7845010161399841 0.800000011920929
vt -0.8010695576667786 0.8399999737739563
vt -0.7845010161399841 0.800000011920929
vt 0.7845010161399841 0.800000011920929
vt -1.8939530849456787 1.0399999618530273
vt -0.7845010161399841 1.0399999618530273
vt -1.933953046798706 1
vt -0.7845010161399841 1.0399999618530273
vt -0.8010695576667786 1
vt -1.933953046798706 1
vt -1.933953046798706 1
vt -0.8010695576667786 1
vt -1.933953046798706 0.8399999737739563
vt -0.8010695576667786 1
vt -0.8010695576667786 0.8399999737739563
vt -1.933953046798706 0.8399999737739563
vt -1.933953046798706 0.8399999737739563
vt -0.8010695576667786 0.8399999737739563
vt -1.8939530849456787 0.800000011920929
vt -0.8010695576667786 0.8399999737739563
vt -0.7845010161399841 0.800000011920929
vt -1.8939530849456787 0.800000011920929
vt -0.7845010161399841 1.0399999618530273
vt 0.7845010161399841 1.0399999618530273
vt -0.8010695576667786 1
vt 0.7845010161399841 1.0399999618530273
vt 0.8010695576667786 1
vt -0.8010695576667786 1
vt -0.8010695576667786 1
vt 0.8010695576667786 1
vt -0.8010695576667786 0.8399999737739563
vt 0.8010695576667786 1
vt 0.8010695576667786 0.8399999737739563
vt -0.8010695576667786 0.8399999737739563
vt -0.8010695576667786 0.8399999737739563
vt 0.8010695576667786 0.8399999737739563
vt -0.7845010161399841 0.800000011920929
vt 0.8010695576667786 0.8399999737739563
vt 0.7845010161399841 0.800000011920929
vt -0.7845010161399841 0.800000011920929
vt -1.8939530849456787 1.0399999618530273
vt -0.7845010161399841 1.0399999618530273
vt -1.933953046798706 1
vt -0.7845010161399841 1.0399999618530273
vt -0.8010695576667786 1
vt -1.933953046798706 1
vt -1.933953046798706 1
vt -0.8010695576667786 1
vt -1.933953046798706 0.8399999737739563
vt -0.8010695576667786 1
vt -0.8010695576667786 0.8399999737739563
vt -1.933953046798706 0.8399999737739563
vt -1.933953046798706 0.8399999737739563
vt -0.8010695576667786 0.8399999737739563
vt -1.8939530849456787 0.800000011920929
vt -0.8010695576667786 0.8399999737739563
vt -0.7845010161399841 0.800000011920929
vt -1.8939530849456787 0.800000011920929
vt -0.7845010161399841 1.0399999618530273
vt 0.7845010161399841 1.0399999618530273
vt -0.8010695576667786 1
vt 0.7845010161399841 1.0399999618530273
vt 0.8010695576667786 1
vt -0.8010695576667786 1
vt -0.8010695576667786 1
vt 0.8010695576667786 1
vt -0.8010695576667786 0.8399999737739563
vt 0.8010695576667786 1
vt 0.8010695576667786 0.8399999737739563
vt -0.8010695576667786 0.8399999737739563
vt -0.8010695576667786 0.8399999737739563
vt 0.8010695576667786 0.8399999737739563
vt -0.7845010161399841 0.800000011920929
vt 0.8010695576667786 0.8399999737739563
vt 0.7845010161399841 0.800000011920929
vt -0.7845010161399841 0.800000011920929
vt 1.8939530849456787 1.0399999618530273
vt 0.7845010161399841 1.0399999618530273
vt 1.933953046798706 1
vt 0.7845010161399841 1.0399999618530273
vt 0.8010695576667786 1
vt 1.933953046798706 1
vt 0.8010695576667786 1
vt 1.933953046798706 1
vt 0.8010695576667786 0.8399999737739563
vt 1.933953046798706 1
vt 1.933953046798706 0.8399999737739563
vt 0.8010695576667786 0.8399999737739563
vt 0.8010695576667786 0.8399999737739563
vt 1.933953046798706 0.8399999737739563
vt 0.7845010161399841 0.800000011920929
vt 1.933953046798706 0.8399999737739563
vt 1.8939530849456787 0.800000011920929
vt 0.7845010161399841 0.800000011920929
vt 0.7845010161399841 1.0399999618530273
vt -0.7845010161399841 1.0399999618530273
vt 0.8010695576667786 1
vt -0.7845010161399841 1.0399999618530273
vt -0.8010695576667786 1
vt 0.8010695576667786 1
vt 0.8010695576667786 1
vt -0.8010695576667786 1
vt 0.8010695576667786 0.8399999737739563
vt -0.8010695576667786 1
vt -0.8010695576667786 0.8399999737739563
vt 0.8010695576667786 0.8399999737739563
vt 0.8010695576667786 0.8399999737739563
vt -0.8010695576667786 0.8399999737739563
vt 0.7845010161399841 0.800000011920929
vt -0.8010695576667786 0.8399999737739563
vt -0.7845010161399841 0.800000011920929
vt 0.7845010161399841 0.800000011920929
vn 0 -1 -6.123234262925839e-17
vn 0 -1 -6.123234262925839e-17
vn 0 -1 -6.123234262925839e-17
vn 0 -1 -6.123234262925839e-17
vn 0 -1 -6.123234262925839e-17
vn 0 -1 -6.123234262925839e-17
vn 0 -1 -6.123234262925839e-17
vn 0 -1 -6.123234262925839e-17
vn 0 -1 -6.123234262925839e-17
vn 0 -1 -6.123234262925839e-17
vn 0 -1 -6.123234262925839e-17
vn 0 -1 -6.123234262925839e-17
vn 0 -1 -6.123234262925839e-17
vn 0 -1 -6.123234262925839e-17
vn 0 -1 -6.123234262925839e-17
vn 0 -1 -6.123234262925839e-17
vn 0 -1 -6.123234262925839e-17
vn 0 -1 -6.123234262925839e-17
vn 0 1 6.123234262925839e-17
vn 0 1 6.123234262925839e-17
vn 0 1 6.123234262925839e-17
vn 0 1 6.123234262925839e-17
vn 0 1 6.123234262925839e-17
vn 0 1 6.123234262925839e-17
vn 0 1 6.123234262925839e-17
vn 0 1 6.123234262925839e-17
vn 0 1 6.123234262925839e-17
vn 0 1 6.123234262925839e-17
vn 0 1 6.123234262925839e-17
vn 0 1 6.123234262925839e-17
vn 0 1 6.123234262925839e-17
vn 0 1 6.123234262925839e-17
vn 0 1 6.123234262925839e-17
vn 0 1 6.123234262925839e-17
vn 0 1 6.123234262925839e-17
vn 0 1 6.123234262925839e-17
vn -0.5000001779791999 -0.7071065294858595 -0.5000001779791999
vn -0.5000001779791999 -0.7071065294858595 -0.5000001779791999
vn -0.5000001779791999 -0.7071065294858595 -0.5000001779791999
vn -0.5000001779791999 -0.7071065294858595 -0.5000001779791999
vn -0.5000001779791999 -0.7071065294858595 -0.5000001779791999
vn -0.5000001779791999 -0.7071065294858595 -0.5000001779791999
vn -0.7071067811865475 4.329780375814312e-17 -0.7071067811865475
vn -0.7071067811865475 4.329780375814312e-17 -0.7071067811865475
vn -0.7071067811865475 4.329780375814312e-17 -0.7071067811865475
vn -0.7071067811865475 4.329780375814312e-17 -0.7071067811865475
vn -0.7071067811865475 4.329780375814312e-17 -0.7071067811865475
vn -0.7071067811865475 4.329780375814312e-17 -0.7071067811865475
vn -0.5000002288549218 0.707106457536665 -0.5000002288549218
vn -0.5000002288549218 0.707106457536665 -0.5000002288549218
vn -0.5000002288549218 0.707106457536665 -0.5000002288549218
vn -0.5000002288549218 0.707106457536665 -0.5000002288549218
vn -0.5000002288549218 0.707106457536665 -0.5000002288549218
vn -0.5000002288549218 0.707106457536665 -0.5000002288549218
vn -0.7071071090120097 -0.7071064533609335 -4.3297782080938334e-17
vn -0.7071071090120097 -0.7071064533609335 -4.3297782080938334e-17
vn -0.7071071090120097 -0.7071064533609335 -4.3297782080938334e-17
vn -0.7071071090120097 -0.7071064533609335 -4.3297782080938334e-17
vn -0.7071071090120097 -0.7071064533609335 -4.3297782080938334e-17
vn -0.7071071090120097 -0.7071064533609335 -4.3297782080938334e-17
vn -1 0 0
vn -1 0 0
vn -1 0 0
vn -1 0 0
vn -1 0 0
vn -1 0 0
vn -0.7071071388143318 0.7071064235585823 4.329778059708003e-17
vn -0.7071071388143318 0.7071064235585823 4.329778059708003e-17
vn -0.7071071388143318 0.7071064235585823 4.329778059708003e-17
vn -0.7071071984189449 0.7071063639539038 4.329777728835553e-17
vn -0.7071071984189449 0.7071063639539038 4.329777728835553e-17
vn -0.7071071984189449 0.7071063639539038 4.329777728835553e-17
vn -0.5000001779791999 -0.7071065294858595 0.5000001779791999
vn -0.5000001779791999 -0.7071065294858595 0.5000001779791999
vn -0.5000001779791999 -0.7071065294858595 0.5000001779791999
vn -0.5000001779791999 -0.7071065294858595 0.5000001779791999
vn -0.5000001779791999 -0.7071065294858595 0.5000001779791999
vn -0.5000001779791999 -0.7071065294858595 0.5000001779791999
vn -0.7071067811865475 -4.329780375814312e-17 0.7071067811865475
vn -0.7071067811865475 -4.329780375814312e-17 0.7071067811865475
vn -0.7071067811865475 -4.329780375814312e-17 0.7071067811865475
vn -0.7071067811865475 -4.329780375814312e-17 0.7071067811865475
vn -0.7071067811865475 -4.329780375814312e-17 0.7071067811865475
vn -0.7071067811865475 -4.329780375814312e-17 0.7071067811865475
vn -0.5000002288549218 0.707106457536665 0.5000002288549218
vn -0.5000002288549218 0.707106457536665 0.5000002288549218
vn -0.5000002288549218 0.707106457536665 0.5000002288549218
vn -0.5000002288549218 0.707106457536665 0.5000002288549218
vn -0.5000002288549218 0.707106457536665 0.5000002288549218
vn -0.5000002288549218 0.707106457536665 0.5000002288549218
vn 0 -0.7071064533609335 0.7071071090120097
vn 0 -0.7071064533609335 0.7071071090120097
vn 0 -0.7071064533609335 0.7071071090120097
vn 0 -0.7071064533609335 0.7071071090120097
vn 0 -0.7071064533609335 0.7071071090120097
vn 0 -0.7071064533609335 0.7071071090120097
vn 0 -6.123234262925839e-17 1
vn 0 -6.123234262925839e-17 1
vn 0 -6.123234262925839e-17 1
vn 0 -6.123234262925839e-17 1
vn 0 -6.123234262925839e-17 1
vn 0 -6.123234262925839e-17 1
vn 0 0.7071064235585823 0.7071071388143318
vn 0 0.7071064235585823 0.7071071388143318
vn 0 0.7071064235585823 0.7071071388143318
vn 0 0.7071063639539038 0.7071071984189449
vn 0 0.7071063639539038 0.7071071984189449
vn 0 0.7071063639539038 0.7071071984189449
vn 0.5000001779791999 -0.7071065294858595 0.5000001779791999
vn 0.5000001779791999 -0.7071065294858595 0.5000001779791999
vn 0.5000001779791999 -0.7071065294858595 0.5000001779791999
vn 0.5000001779791999 -0.7071065294858595 0.5000001779791999
vn 0.5000001779791999 -0.7071065294858595 0.5000001779791999
vn 0.5000001779791999 -0.7071065294858595 0.5000001779791999
vn 0.7071067811865475 -4.329780375814312e-17 0.7071067811865475
vn 0.7071067811865475 -4.329780375814312e-17 0.7071067811865475
vn 0.7071067811865475 -4.329780375814312e-17 0.7071067811865475
vn 0.7071067811865475 -4.329780375814312e-17 0.7071067811865475
vn 0.7071067811865475 -4.329780375814312e-17 0.7071067811865475
vn 0.7071067811865475 -4.329780375814312e-17 0.7071067811865475
vn 0.5000002288549218 0.707106457536665 0.5000002288549218
vn 0.5000002288549218 0.707106457536665 0.5000002288549218
vn 0.5000002288549218 0.707106457536665 0.5000002288549218
vn 0.5000002288549218 0.707106457536665 0.5000002288549218
vn 0.5000002288549218 0.707106457536665 0.5000002288549218
vn 0.5000002288549218 0.707106457536665 0.5000002288549218
vn 0.7071071090120097 -0.7071064533609335 -4.3297782080938334e-17
vn 0.7071071090120097 -0.7071064533609335 -4.3297782080938334e-17
vn 0.7071071090120097 -0.7071064533609335 -4.3297782080938334e-17
vn 0.7071071090120097 -0.7071064533609335 -4.3297782080938334e-17
vn 0.7071071090120097 -0.7071064533609335 -4.3297782080938334e-17
vn 0.7071071090120097 -0.7071064533609335 -4.3297782080938334e-17
vn 1 0 0
vn 1 0 0
vn 1 0 0
vn 1 0 0
vn 1 0 0
vn 1 0 0
vn 0.7071071388143318 0.7071064235585823 4.329778059708003e-17
vn 0.7071071388143318 0.7071064235585823 4.329778059708003e-17
vn 0.7071071388143318 0.7071064235585823 4.329778059708003e-17
vn 0.7071071984189449 0.7071063639539038 4.329777728835553e-17
vn 0.7071071984189449 0.7071063639539038 4.329777728835553e-17
vn 0.7071071984189449 0.7071063639539038 4.329777728835553e-17
vn 0.5000001779791999 -0.7071065294858595 -0.5000001779791999
vn 0.5000001779791999 -0.7071065294858595 -0.5000001779791999
vn 0.5000001779791999 -0.7071065294858595 -0.5000001779791999
vn 0.5000001779791999 -0.7071065294858595 -0.5000001779791999
vn 0.5000001779791999 -0.7071065294858595 -0.5000001779791999
vn 0.5000001779791999 -0.7071065294858595 -0.5000001779791999
vn 0.7071067811865475 4.329780375814312e-17 -0.7071067811865475
vn 0.7071067811865475 4.329780375814312e-17 -0.7071067811865475
vn 0.7071067811865475 4.329780375814312e-17 -0.7071067811865475
vn 0.7071067811865475 4.329780375814312e-17 -0.7071067811865475
vn 0.7071067811865475 4.329780375814312e-17 -0.7071067811865475
vn 0.7071067811865475 4.329780375814312e-17 -0.7071067811865475
vn 0.5000002288549218 0.707106457536665 -0.5000002288549218
vn 0.5000002288549218 0.707106457536665 -0.5000002288549218
vn 0.5000002288549218 0.707106457536665 -0.5000002288549218
vn 0.5000002288549218 0.707106457536665 -0.5000002288549218
vn 0.5000002288549218 0.707106457536665 -0.5000002288549218
vn 0.5000002288549218 0.707106457536665 -0.5000002288549218
vn 0 -0.7071064533609335 -0.7071071090120097
vn 0 -0.7071064533609335 -0.7071071090120097
vn 0 -0.7071064533609335 -0.7071071090120097
vn 0 -0.7071064533609335 -0.7071071090120097
vn 0 -0.7071064533609335 -0.7071071090120097
vn 0 -0.7071064533609335 -0.7071071090120097
vn 0 6.123234262925839e-17 -1
vn 0 6.123234262925839e-17 -1
vn 0 6.123234262925839e-17 -1
vn 0 6.123234262925839e-17 -1
vn 0 6.123234262925839e-17 -1
vn 0 6.123234262925839e-17 -1
vn 0 0.7071064235585823 -0.7071071388143318
vn 0 0.7071064235585823 -0.7071071388143318
vn 0 0.7071064235585823 -0.7071071388143318
vn 0 0.7071063639539038 -0.7071071984189449
vn 0 0.7071063639539038 -0.7071071984189449
vn 0 0.7071063639539038 -0.7071071984189449
f 721/721/721 722/722/722 723/723/723
f 724/724/724 725/725/725 726/726/726
f 727/727/727 728/728/728 729/729/729
f 730/730/730 731/731/731 732/732/732
f 733/733/733 734/734/734 735/735/735
f 736/736/736 737/737/737 738/738/738
f 739/739/739 740/740/740 741/741/741
f 742/742/742 743/743/743 744/744/744
f 745/745/745 746/746/746 747/747/747
f 748/748/748 749/749/749 750/750/750
f 751/751/751 752/752/752 753/753/753
f 754/754/754 755/755/755 756/756/756
f 757/757/757 758/758/758 759/759/759
f 760/760/760 761/761/761 762/762/762
f 763/763/763 764/764/764 765/765/765
f 766/766/766 767/767/767 768/768/768
f 769/769/769 770/770/770 771/771/771
f 772/772/772 773/773/773 774/774/774
f 775/775/775 776/776/776 777/777/777
f 778/778/778 779/779/779 780/780/780
f 781/781/781 782/782/782 783/783/783
f 784/784/784 785/785/785 786/786/786
f 787/787/787 788/788/788 789/789/789
f 790/790/790 791/791/791 792/792/792
f 793/793/793 794/794/794 795/795/795
f 796/796/796 797/797/797 798/798/798
f 799/799/799 800/800/800 801/801/801
f 802/802/802 803/803/803 804/804/804
f 805/805/805 806/806/806 807/807/807
f 808/808/808 809/809/809 810/810/810
f 811/811/811 812/812/812 813/813/813
f 814/814/814 815/815/815 816/816/816
f 817/817/817 818/818/818 819/819/819
f 820/820/820 821/821/821 822/822/822
f 823/823/823 824/824/824 825/825/825
f 826/826/826 827/827/827 828/828/828
f 829/829/829 830/830/830 831/831/831
f 832/832/832 833/833/833 834/834/834
f 835/835/835 836/836/836 837/837/837
f 838/838/838 839/839/839 840/840/840
f 841/841/841 842/842/842 843/843/843
f 844/844/844 845/845/845 846/846/846
f 847/847/847 848/848/848 849/849/849
f 850/850/850 851/851/851 852/852/852
f 853/853/853 854/854/854 855/855/855
f 856/856/856 857/857/857 858/858/858
f 859/859/859 860/860/860 861/861/861
f 862/862/862 863/863/863 864/864/864
f 865/865/865 866/866/866 867/867/867
f 868/868/868 869/869/869 870/870/870
f 871/871/871 872/872/872 873/873/873
f 874/874/874 875/875/875 876/876/876
f 877/877/877 878/878/878 879/879/879
f 880/880/880 881/881/881 882/882/882
f 883/883/883 884/884/884 885/885/885
f 886/886/886 887/887/887 888/888/888
f 889/889/889 890/890/890 891/891/891
f 892/892/892 893/893/893 894/894/894
f 895/895/895 896/896/896 897/897/897
f 898/898/898 899/899/899 900/900/900
o structure_core
usemtl plate
v 0 139.1509433962264 66.981130051163
v 47.362812285153375 139.1509433962264 47.362812285153375
v 66.981130051163 139.1509433962264 4.101411504083442e-15
v 47.362812285153375 139.1509433962264 -47.362812285153375
v 8.202823008166883e-15 139.1509433962264 -66.981130051163
v -47.362812285153375 139.1509433962264 -47.362812285153375
v -66.981130051163 139.1509433962264 -1.2304234824393952e-14
v -47.362812285153375 139.1509433962264 47.362812285153375
v -1.6405646016333767e-14 139.1509433962264 66.981130051163
v 0 68.39622641509435 75.47169923782349
v 53.36655198403125 68.39622641509435 53.36655198403125
v 75.47169923782349 68.39622641509435 4.6213085655362515e-15
v 53.36655198403125 68.39622641509435 -53.36655198403125
v 9.242617131072503e-15 68.39622641509435 -75.47169923782349
v -53.36655198403125 68.39622641509435 -53.36655198403125
v -75.47169923782349 68.39622641509435 -1.3863926633039636e-14
v -53.36655198403125 68.39622641509435 53.36655198403125
v -1.8485234262145006e-14 68.39622641509435 75.47169923782349
v 0 139.1509433962264 0
v 0 139.1509433962264 0
v 0 139.1509433962264 0
v 0 139.1509433962264 0
v 0 139.1509433962264 0
v 0 139.1509433962264 0
v 0 139.1509433962264 0
v 0 139.1509433962264 0
v 0 139.1509433962264 66.981130051163
v 47.362812285153375 139.1509433962264 47.362812285153375
v 66.981130051163 139.1509433962264 4.101411504083442e-15
v 47.362812285153375 139.1509433962264 -47.362812285153375
v 8.202823008166883e-15 139.1509433962264 -66.981130051163
v -47.362812285153375 139.1509433962264 -47.362812285153375
v -66.981130051163 139.1509433962264 -1.2304234824393952e-14
v -47.362812285153375 139.1509433962264 47.362812285153375
v -1.6405646016333767e-14 139.1509433962264 66.981130051163
v 0 68.39622641509435 0
v 0 68.39622641509435 0
v 0 68.39622641509435 0
v 0 68.39622641509435 0
v 0 68.39622641509435 0
v 0 68.39622641509435 0
v 0 68.39622641509435 0
v 0 68.39622641509435 0
v 0 68.39622641509435 75.47169923782349
v 53.36655198403125 68.39622641509435 53.36655198403125
v 75.47169923782349 68.39622641509435 4.6213085655362515e-15
v 53.36655198403125 68.39622641509435 -53.36655198403125
v 9.242617131072503e-15 68.39622641509435 -75.47169923782349
v -53.36655198403125 68.39622641509435 -53.36655198403125
v -75.47169923782349 68.39622641509435 -1.3863926633039636e-14
v -53.36655198403125 68.39622641509435 53.36655198403125
v -1.8485234262145006e-14 68.39622641509435 75.47169923782349
vt 0 1
vt 0.125 1
vt 0.25 1
vt 0.375 1
vt 0.5 1
vt 0.625 1
vt 0.75 1
vt 0.875 1
vt 1 1
vt 0 0
vt 0.125 0
vt 0.25 0
vt 0.375 0
vt 0.5 0
vt 0.625 0
vt 0.75 0
vt 0.875 0
vt 1 0
vt 0.5 0.5
vt 0.5 0.5
vt 0.5 0.5
vt 0.5 0.5
vt 0.5 0.5
vt 0.5 0.5
vt 0.5 0.5
vt 0.5 0.5
vt 1 0.5
vt 0.8535534143447876 0.8535534143447876
vt 0.5 1
vt 0.1464466154575348 0.8535534143447876
vt 0 0.5
vt 0.1464466154575348 0.1464466154575348
vt 0.5 0
vt 0.8535534143447876 0.1464466154575348
vt 1 0.5
vt 0.5 0.5
vt 0.5 0.5
vt 0.5 0.5
vt 0.5 0.5
vt 0.5 0.5
vt 0.5 0.5
vt 0.5 0.5
vt 0.5 0.5
vt 1 0.5
vt 0.8535534143447876 0.1464466154575348
vt 0.5 0
vt 0.1464466154575348 0.1464466154575348
vt 0 0.5
vt 0.1464466154575348 0.8535534143447876
vt 0.5 1
vt 0.8535534143447876 0.8535534143447876
vt 1 0.5
vn 0 0.11914522326256417 0.992876838169626
vn 0.7020699451587811 0.11914522319208634 0.7020699451587811
vn 0.992876838169626 0.11914522326256417 6.079617424103098e-17
vn 0.7020699451587811 0.11914522319208634 -0.7020699451587811
vn 1.2159234848206195e-16 0.11914522326256417 -0.992876838169626
vn -0.7020699451587811 0.11914522319208634 -0.7020699451587811
vn -0.992876838169626 0.11914522326256417 -1.8238852272309293e-16
vn -0.7020699451587811 0.11914522319208634 0.7020699451587811
vn -2.431846969641239e-16 0.11914522326256417 0.992876838169626
vn 0 0.11914522326256417 0.992876838169626
vn 0.7020699451587811 0.11914522319208634 0.7020699451587811
vn 0.992876838169626 0.11914522326256417 6.079617424103098e-17
vn 0.7020699451587811 0.11914522319208634 -0.7020699451587811
vn 1.2159234848206195e-16 0.11914522326256417 -0.992876838169626
vn -0.7020699451587811 0.11914522319208634 -0.7020699451587811
vn -0.992876838169626 0.11914522326256417 -1.8238852272309293e-16
vn -0.7020699451587811 0.11914522319208634 0.7020699451587811
vn -2.431846969641239e-16 0.11914522326256417 0.992876838169626
vn 0 1 0
vn 0 1 0
vn 0 1 0
vn 0 1 0
vn 0 1 0
vn 0 1 0
vn 0 1 0
vn 0 1 0
vn 0 1 0
vn 0 1 0
vn 0 1 0
vn 0 1 0
vn 0 1 0
vn 0 1 0
vn 0 1 0
vn 0 1 0
vn 0 1 0
vn 0 -1 0
vn 0 -1 0
vn 0 -1 0
vn 0 -1 0
vn 0 -1 0
vn 0 -1 0
vn 0 -1 0
vn 0 -1 0
vn 0 -1 0
vn 0 -1 0
vn 0 -1 0
vn 0 -1 0
vn 0 -1 0
vn 0 -1 0
vn 0 -1 0
vn 0 -1 0
vn 0 -1 0
f 901/901/901 910/910/910 902/902/902
f 910/910/910 911/911/911 902/902/902
f 902/902/902 911/911/911 903/903/903
f 911/911/911 912/912/912 903/903/903
f 903/903/903 912/912/912 904/904/904
f 912/912/912 913/913/913 904/904/904
f 904/904/904 913/913/913 905/905/905
f 913/913/913 914/914/914 905/905/905
f 905/905/905 914/914/914 906/906/906
f 914/914/914 915/915/915 906/906/906
f 906/906/906 915/915/915 907/907/907
f 915/915/915 916/916/916 907/907/907
f 907/907/907 916/916/916 908/908/908
f 916/916/916 917/917/917 908/908/908
f 908/908/908 917/917/917 909/909/909
f 917/917/917 918/918/918 909/909/909
f 927/927/927 928/928/928 919/919/919
f 928/928/928 929/929/929 920/920/920
f 929/929/929 930/930/930 921/921/921
f 930/930/930 931/931/931 922/922/922
f 931/931/931 932/932/932 923/923/923
f 932/932/932 933/933/933 924/924/924
f 933/933/933 934/934/934 925/925/925
f 934/934/934 935/935/935 926/926/926
f 945/945/945 944/944/944 936/936/936
f 946/946/946 945/945/945 937/937/937
f 947/947/947 946/946/946 938/938/938
f 948/948/948 947/947/947 939/939/939
f 949/949/949 948/948/948 940/940/940
f 950/950/950 949/949/949 941/941/941
f 951/951/951 950/950/950 942/942/942
f 952/952/952 951/951/951 943/943/943
o structure_cap
usemtl hull
v 0 167.4528307509872 40.09434074725745
v 28.350980214352877 167.4528307509872 28.350980214352877
v 40.09434074725745 167.4528307509872 2.455070185195622e-15
v 28.350980214352877 167.4528307509872 -28.350980214352877
v 4.910140370391244e-15 167.4528307509872 -40.09434074725745
v -28.350980214352877 167.4528307509872 -28.350980214352877
v -40.09434074725745 167.4528307509872 -7.365210555586866e-15
v -28.350980214352877 167.4528307509872 28.350980214352877
v -9.820280740782488e-15 167.4528307509872 40.09434074725745
v 0 139.15094283391844 66.981130051163
v 47.362812285153375 139.15094283391844 47.362812285153375
v 66.981130051163 139.15094283391844 4.101411504083442e-15
v 47.362812285153375 139.15094283391844 -47.362812285153375
v 8.202823008166883e-15 139.15094283391844 -66.981130051163
v -47.362812285153375 139.15094283391844 -47.362812285153375
v -66.981130051163 139.15094283391844 -1.2304234824393952e-14
v -47.362812285153375 139.15094283391844 47.362812285153375
v -1.6405646016333767e-14 139.15094283391844 66.981130051163
v 0 167.4528307509872 0
v 0 167.4528307509872 0
v 0 167.4528307509872 0
v 0 167.4528307509872 0
v 0 167.4528307509872 0
v 0 167.4528307509872 0
v 0 167.4528307509872 0
v 0 167.4528307509872 0
v 0 167.4528307509872 40.09434074725745
v 28.350980214352877 167.4528307509872 28.350980214352877
v 40.09434074725745 167.4528307509872 2.455070185195622e-15
v 28.350980214352877 167.4528307509872 -28.350980214352877
v 4.910140370391244e-15 167.4528307509872 -40.09434074725745
v -28.350980214352877 167.4528307509872 -28.350980214352877
v -40.09434074725745 167.4528307509872 -7.365210555586866e-15
v -28.350980214352877 167.4528307509872 28.350980214352877
v -9.820280740782488e-15 167.4528307509872 40.09434074725745
v 0 139.15094283391844 0
v 0 139.15094283391844 0
v 0 139.15094283391844 0
v 0 139.15094283391844 0
v 0 139.15094283391844 0
v 0 139.15094283391844 0
v 0 139.15094283391844 0
v 0 139.15094283391844 0
v 0 139.15094283391844 66.981130051163
v 47.362812285153375 139.15094283391844 47.362812285153375
v 66.981130051163 139.15094283391844 4.101411504083442e-15
v 47.362812285153375 139.15094283391844 -47.362812285153375
v 8.202823008166883e-15 139.15094283391844 -66.981130051163
v -47.362812285153375 139.15094283391844 -47.362812285153375
v -66.981130051163 139.15094283391844 -1.2304234824393952e-14
v -47.362812285153375 139.15094283391844 47.362812285153375
v -1.6405646016333767e-14 139.15094283391844 66.981130051163
vt 0 1
vt 0.125 1
vt 0.25 1
vt 0.375 1
vt 0.5 1
vt 0.625 1
vt 0.75 1
vt 0.875 1
vt 1 1
vt 0 0
vt 0.125 0
vt 0.25 0
vt 0.375 0
vt 0.5 0
vt 0.625 0
vt 0.75 0
vt 0.875 0
vt 1 0
vt 0.5 0.5
vt 0.5 0.5
vt 0.5 0.5
vt 0.5 0.5
vt 0.5 0.5
vt 0.5 0.5
vt 0.5 0.5
vt 0.5 0.5
vt 1 0.5
vt 0.8535534143447876 0.8535534143447876
vt 0.5 1
vt 0.1464466154575348 0.8535534143447876
vt 0 0.5
vt 0.1464466154575348 0.1464466154575348
vt 0.5 0
vt 0.8535534143447876 0.1464466154575348
vt 1 0.5
vt 0.5 0.5
vt 0.5 0.5
vt 0.5 0.5
vt 0.5 0.5
vt 0.5 0.5
vt 0.5 0.5
vt 0.5 0.5
vt 0.5 0.5
vt 1 0.5
vt 0.8535534143447876 0.1464466154575348
vt 0.5 0
vt 0.1464466154575348 0.1464466154575348
vt 0 0.5
vt 0.1464466154575348 0.8535534143447876
vt 0.5 1
vt 0.8535534143447876 0.8535534143447876
vt 1 0.5
vn 0 0.6887494493828358 0.7249994454996781
vn 0.5126520374462314 0.6887494297670637 0.5126520374462314
vn 0.7249994454996781 0.6887494493828358 4.4393411439977884e-17
vn 0.5126520374462314 0.6887494297670637 -0.5126520374462314
vn 8.878682287995577e-17 0.6887494493828358 -0.7249994454996781
vn -0.5126520374462314 0.6887494297670637 -0.5126520374462314
vn -0.7249994454996781 0.6887494493828358 -1.3318023762865617e-16
vn -0.5126520374462314 0.6887494297670637 0.5126520374462314
vn -1.7757364575991154e-16 0.6887494493828358 0.7249994454996781
vn 0 0.6887494493828358 0.7249994454996781
vn 0.5126520374462314 0.6887494297670637 0.5126520374462314
vn 0.7249994454996781 0.6887494493828358 4.4393411439977884e-17
vn 0.5126520374462314 0.6887494297670637 -0.5126520374462314
vn 8.878682287995577e-17 0.6887494493828358 -0.7249994454996781
vn -0.5126520374462314 0.6887494297670637 -0.5126520374462314
vn -0.7249994454996781 0.6887494493828358 -1.3318023762865617e-16
vn -0.5126520374462314 0.6887494297670637 0.5126520374462314
vn -1.7757364575991154e-16 0.6887494493828358 0.7249994454996781
vn 0 1 0
vn 0 1 0
vn 0 1 0
vn 0 1 0
vn 0 1 0
vn 0 1 0
vn 0 1 0
vn 0 1 0
vn 0 1 0
vn 0 1 0
vn 0 1 0
vn 0 1 0
vn 0 1 0
vn 0 1 0
vn 0 1 0
vn 0 1 0
vn 0 1 0
vn 0 -1 0
vn 0 -1 0
vn 0 -1 0
vn 0 -1 0
vn 0 -1 0
vn 0 -1 0
vn 0 -1 0
vn 0 -1 0
vn 0 -1 0
vn 0 -1 0
vn 0 -1 0
vn 0 -1 0
vn 0 -1 0
vn 0 -1 0
vn 0 -1 0
vn 0 -1 0
vn 0 -1 0
f 953/953/953 962/962/962 954/954/954
f 962/962/962 963/963/963 954/954/954
f 954/954/954 963/963/963 955/955/955
f 963/963/963 964/964/964 955/955/955
f 955/955/955 964/964/964 956/956/956
f 964/964/964 965/965/965 956/956/956
f 956/956/956 965/965/965 957/957/957
f 965/965/965 966/966/966 957/957/957
f 957/957/957 966/966/966 958/958/958
f 966/966/966 967/967/967 958/958/958
f 958/958/958 967/967/967 959/959/959
f 967/967/967 968/968/968 959/959/959
f 959/959/959 968/968/968 960/960/960
f 968/968/968 969/969/969 960/960/960
f 960/960/960 969/969/969 961/961/961
f 969/969/969 970/970/970 961/961/961
f 979/979/979 980/980/980 971/971/971
f 980/980/980 981/981/981 972/972/972
f 981/981/981 982/982/982 973/973/973
f 982/982/982 983/983/983 974/974/974
f 983/983/983 984/984/984 975/975/975
f 984/984/984 985/985/985 976/976/976
f 985/985/985 986/986/986 977/977/977
f 986/986/986 987/987/987 978/978/978
f 997/997/997 996/996/996 988/988/988
f 998/998/998 997/997/997 989/989/989
f 999/999/999 998/998/998 990/990/990
f 1000/1000/1000 999/999/999 991/991/991
f 1001/1001/1001 1000/1000/1000 992/992/992
f 1002/1002/1002 1001/1001/1001 993/993/993
f 1003/1003/1003 1002/1002/1002 994/994/994
f 1004/1004/1004 1003/1003/1003 995/995/995
o structure_control
usemtl glass
v 0 182.54716989566697 28.30188791706877
v 20.012456291126757 182.54716989566697 20.012456291126757
v 28.30188791706877 182.54716989566697 1.7329908291299545e-15
v 20.012456291126757 182.54716989566697 -20.012456291126757
v 3.465981658259909e-15 182.54716989566697 -28.30188791706877
v -20.012456291126757 182.54716989566697 -20.012456291126757
v -28.30188791706877 182.54716989566697 -5.198972175246236e-15
v -20.012456291126757 182.54716989566697 20.012456291126757
v -6.931963316519818e-15 182.54716989566697 28.30188791706877
v 0 166.50943387791796 40.09434074725745
v 28.350980214352877 166.50943387791796 28.350980214352877
v 40.09434074725745 166.50943387791796 2.455070185195622e-15
v 28.350980214352877 166.50943387791796 -28.350980214352877
v 4.910140370391244e-15 166.50943387791796 -40.09434074725745
v -28.350980214352877 166.50943387791796 -28.350980214352877
v -40.09434074725745 166.50943387791796 -7.365210555586866e-15
v -28.350980214352877 166.50943387791796 28.350980214352877
v -9.820280740782488e-15 166.50943387791796 40.09434074725745
v 0 182.54716989566697 0
v 0 182.54716989566697 0
v 0 182.54716989566697 0
v 0 182.54716989566697 0
v 0 182.54716989566697 0
v 0 182.54716989566697 0
v 0 182.54716989566697 0
v 0 182.54716989566697 0
v 0 182.54716989566697 28.30188791706877
v 20.012456291126757 182.54716989566697 20.012456291126757
v 28.30188791706877 182.54716989566697 1.7329908291299545e-15
v 20.012456291126757 182.54716989566697 -20.012456291126757
v 3.465981658259909e-15 182.54716989566697 -28.30188791706877
v -20.012456291126757 182.54716989566697 -20.012456291126757
v -28.30188791706877 182.54716989566697 -5.198972175246236e-15
v -20.012456291126757 182.54716989566697 20.012456291126757
v -6.931963316519818e-15 182.54716989566697 28.30188791706877
v 0 166.50943387791796 0
v 0 166.50943387791796 0
v 0 166.50943387791796 0
v 0 166.50943387791796 0
v 0 166.50943387791796 0
v 0 166.50943387791796 0
v 0 166.50943387791796 0
v 0 166.50943387791796 0
v 0 166.50943387791796 40.09434074725745
v 28.350980214352877 166.50943387791796 28.350980214352877
v 40.09434074725745 166.50943387791796 2.455070185195622e-15
v 28.350980214352877 166.50943387791796 -28.350980214352877
v 4.910140370391244e-15 166.50943387791796 -40.09434074725745
v -28.350980214352877 166.50943387791796 -28.350980214352877
v -40.09434074725745 166.50943387791796 -7.365210555586866e-15
v -28.350980214352877 166.50943387791796 28.350980214352877
v -9.820280740782488e-15 166.50943387791796 40.09434074725745
vt 0 1
vt 0.125 1
vt 0.25 1
vt 0.375 1
vt 0.5 1
vt 0.625 1
vt 0.75 1
vt 0.875 1
vt 1 1
vt 0 0
vt 0.125 0
vt 0.25 0
vt 0.375 0
vt 0.5 0
vt 0.625 0
vt 0.75 0
vt 0.875 0
vt 1 0
vt 0.5 0.5
vt 0.5 0.5
vt 0.5 0.5
vt 0.5 0.5
vt 0.5 0.5
vt 0.5 0.5
vt 0.5 0.5
vt 0.5 0.5
vt 1 0.5
vt 0.8535534143447876 0.8535534143447876
vt 0.5 1
vt 0.1464466154575348 0.8535534143447876
vt 0 0.5
vt 0.1464466154575348 0.1464466154575348
vt 0.5 0
vt 0.8535534143447876 0.1464466154575348
vt 1 0.5
vt 0.5 0.5
vt 0.5 0.5
vt 0.5 0.5
vt 0.5 0.5
vt 0.5 0.5
vt 0.5 0.5
vt 0.5 0.5
vt 0.5 0.5
vt 1 0.5
vt 0.8535534143447876 0.1464466154575348
vt 0.5 0
vt 0.1464466154575348 0.1464466154575348
vt 0 0.5
vt 0.1464466154575348 0.8535534143447876
vt 0.5 1
vt 0.8535534143447876 0.8535534143447876
vt 1 0.5
vn 0 0.592390469821417 0.8056509984259691
vn 0.5696812825089611 0.5923904731829255 0.5696812825089611
vn 0.8056509984259691 0.592390469821417 4.93318963359851e-17
vn 0.5696812825089611 0.5923904731829255 -0.5696812825089611
vn 9.86637926719702e-17 0.592390469821417 -0.8056509984259691
vn -0.5696812825089611 0.5923904731829255 -0.5696812825089611
vn -0.8056509984259691 0.592390469821417 -1.479956856992329e-16
vn -0.5696812825089611 0.5923904731829255 0.5696812825089611
vn -1.973275853439404e-16 0.592390469821417 0.8056509984259691
vn 0 0.592390469821417 0.8056509984259691
vn 0.5696812825089611 0.5923904731829255 0.5696812825089611
vn 0.8056509984259691 0.592390469821417 4.93318963359851e-17
vn 0.5696812825089611 0.5923904731829255 -0.5696812825089611
vn 9.86637926719702e-17 0.592390469821417 -0.8056509984259691
vn -0.5696812825089611 0.5923904731829255 -0.5696812825089611
vn -0.8056509984259691 0.592390469821417 -1.479956856992329e-16
vn -0.5696812825089611 0.5923904731829255 0.5696812825089611
vn -1.973275853439404e-16 0.592390469821417 0.8056509984259691
vn 0 1 0
vn 0 1 0
vn 0 1 0
vn 0 1 0
vn 0 1 0
vn 0 1 0
vn 0 1 0
vn 0 1 0
vn 0 1 0
vn 0 1 0
vn 0 1 0
vn 0 1 0
vn 0 1 0
vn 0 1 0
vn 0 1 0
vn 0 1 0
vn 0 1 0
vn 0 -1 0
vn 0 -1 0
vn 0 -1 0
vn 0 -1 0
vn 0 -1 0
vn 0 -1 0
vn 0 -1 0
vn 0 -1 0
vn 0 -1 0
vn 0 -1 0
vn 0 -1 0
vn 0 -1 0
vn 0 -1 0
vn 0 -1 0
vn 0 -1 0
vn 0 -1 0
vn 0 -1 0
f 1005/1005/1005 1014/1014/1014 1006/1006/1006
f 1014/1014/1014 1015/1015/1015 1006/1006/1006
f 1006/1006/1006 1015/1015/1015 1007/1007/1007
f 1015/1015/1015 1016/1016/1016 1007/1007/1007
f 1007/1007/1007 1016/1016/1016 1008/1008/1008
f 1016/1016/1016 1017/1017/1017 1008/1008/1008
f 1008/1008/1008 1017/1017/1017 1009/1009/1009
f 1017/1017/1017 1018/1018/1018 1009/1009/1009
f 1009/1009/1009 1018/1018/1018 1010/1010/1010
f 1018/1018/1018 1019/1019/1019 1010/1010/1010
f 1010/1010/1010 1019/1019/1019 1011/1011/1011
f 1019/1019/1019 1020/1020/1020 1011/1011/1011
f 1011/1011/1011 1020/1020/1020 1012/1012/1012
f 1020/1020/1020 1021/1021/1021 1012/1012/1012
f 1012/1012/1012 1021/1021/1021 1013/1013/1013
f 1021/1021/1021 1022/1022/1022 1013/1013/1013
f 1031/1031/1031 1032/1032/1032 1023/1023/1023
f 1032/1032/1032 1033/1033/1033 1024/1024/1024
f 1033/1033/1033 1034/1034/1034 1025/1025/1025
f 1034/1034/1034 1035/1035/1035 1026/1026/1026
f 1035/1035/1035 1036/1036/1036 1027/1027/1027
f 1036/1036/1036 1037/1037/1037 1028/1028/1028
f 1037/1037/1037 1038/1038/1038 1029/1029/1029
f 1038/1038/1038 1039/1039/1039 1030/1030/1030
f 1049/1049/1049 1048/1048/1048 1040/1040/1040
f 1050/1050/1050 1049/1049/1049 1041/1041/1041
f 1051/1051/1051 1050/1050/1050 1042/1042/1042
f 1052/1052/1052 1051/1051/1051 1043/1043/1043
f 1053/1053/1053 1052/1052/1052 1044/1044/1044
f 1054/1054/1054 1053/1053/1053 1045/1045/1045
f 1055/1055/1055 1054/1054/1054 1046/1046/1046
f 1056/1056/1056 1055/1055/1055 1047/1047/1047
o structure_window_0
usemtl accent
v 45.78475262816178 88.9150943466515 73.05603976562072
v 46.506796824032435 88.9150943466515 71.312870875317
v 45.78475262816178 85.61320754014096 73.05603976562072
v 46.506796824032435 85.61320754014096 71.312870875317
v 7.285496954544062 88.9150943466515 55.066876535472815
v 6.563452758673403 88.9150943466515 56.810045425776536
v 7.285496954544062 85.61320754014096 55.066876535472815
v 6.563452758673403 85.61320754014096 56.810045425776536
v 7.285496954544062 88.9150943466515 55.066876535472815
v 46.506796824032435 88.9150943466515 71.312870875317
v 6.563452758673403 88.9150943466515 56.810045425776536
v 45.78475262816178 88.9150943466515 73.05603976562072
v 6.563452758673403 85.61320754014096 56.810045425776536
v 45.78475262816178 85.61320754014096 73.05603976562072
v 7.285496954544062 85.61320754014096 55.066876535472815
v 46.506796824032435 85.61320754014096 71.312870875317
v 6.563452758673403 88.9150943466515 56.810045425776536
v 45.78475262816178 88.9150943466515 73.05603976562072
v 6.563452758673403 85.61320754014096 56.810045425776536
v 45.78475262816178 85.61320754014096 73.05603976562072
v 46.506796824032435 88.9150943466515 71.312870875317
v 7.285496954544062 88.9150943466515 55.066876535472815
v 46.506796824032435 85.61320754014096 71.312870875317
v 7.285496954544062 85.61320754014096 55.066876535472815
vt 0 1
vt 1 1
vt 0 0
vt 1 0
vt 0 1
vt 1 1
vt 0 0
vt 1 0
vt 0 1
vt 1 1
vt 0 0
vt 1 0
vt 0 1
vt 1 1
vt 0 0
vt 1 0
vt 0 1
vt 1 1
vt 0 0
vt 1 0
vt 0 1
vt 1 1
vt 0 0
vt 1 0
vn 0.9238795325112868 0 0.3826834323650897
vn 0.9238795325112868 0 0.3826834323650897
vn 0.9238795325112868 0 0.3826834323650897
vn 0.9238795325112868 0 0.3826834323650897
vn -0.9238795325112868 0 -0.3826834323650897
vn -0.9238795325112868 0 -0.3826834323650897
vn -0.9238795325112868 0 -0.3826834323650897
vn -0.9238795325112868 0 -0.3826834323650897
vn 0 1 0
vn 0 1 0
vn 0 1 0
vn 0 1 0
vn 0 -1 0
vn 0 -1 0
vn 0 -1 0
vn 0 -1 0
vn -0.3826834323650897 0 0.9238795325112868
vn -0.3826834323650897 0 0.9238795325112868
vn -0.3826834323650897 0 0.9238795325112868
vn -0.3826834323650897 0 0.9238795325112868
vn 0.3826834323650897 0 -0.9238795325112868
vn 0.3826834323650897 0 -0.9238795325112868
vn 0.3826834323650897 0 -0.9238795325112868
vn 0.3826834323650897 0 -0.9238795325112868
f 1057/1057/1057 1059/1059/1059 1058/1058/1058
f 1059/1059/1059 1060/1060/1060 1058/1058/1058
f 1061/1061/1061 1063/1063/1063 1062/1062/1062
f 1063/1063/1063 1064/1064/1064 1062/1062/1062
f 1065/1065/1065 1067/1067/1067 1066/1066/1066
f 1067/1067/1067 1068/1068/1068 1066/1066/1066
f 1069/1069/1069 1071/1071/1071 1070/1070/1070
f 1071/1071/1071 1072/1072/1072 1070/1070/1070
f 1073/1073/1073 1075/1075/1075 1074/1074/1074
f 1075/1075/1075 1076/1076/1076 1074/1074/1074
f 1077/1077/1077 1079/1079/1079 1078/1078/1078
f 1079/1079/1079 1080/1080/1080 1078/1078/1078
o structure_window_0
usemtl accent
v 45.78475262816178 112.50000000702886 73.05603976562072
v 46.506796824032435 112.50000000702886 71.312870875317
v 45.78475262816178 109.19811320051832 73.05603976562072
v 46.506796824032435 109.19811320051832 71.312870875317
v 7.285496954544062 112.50000000702886 55.066876535472815
v 6.563452758673403 112.50000000702886 56.810045425776536
v 7.285496954544062 109.19811320051832 55.066876535472815
v 6.563452758673403 109.19811320051832 56.810045425776536
v 7.285496954544062 112.50000000702886 55.066876535472815
v 46.506796824032435 112.50000000702886 71.312870875317
v 6.563452758673403 112.50000000702886 56.810045425776536
v 45.78475262816178 112.50000000702886 73.05603976562072
v 6.563452758673403 109.19811320051832 56.810045425776536
v 45.78475262816178 109.19811320051832 73.05603976562072
v 7.285496954544062 109.19811320051832 55.066876535472815
v 46.506796824032435 109.19811320051832 71.312870875317
v 6.563452758673403 112.50000000702886 56.810045425776536
v 45.78475262816178 112.50000000702886 73.05603976562072
v 6.563452758673403 109.19811320051832 56.810045425776536
v 45.78475262816178 109.19811320051832 73.05603976562072
v 46.506796824032435 112.50000000702886 71.312870875317
v 7.285496954544062 112.50000000702886 55.066876535472815
v 46.506796824032435 109.19811320051832 71.312870875317
v 7.285496954544062 109.19811320051832 55.066876535472815
vt 0 1
vt 1 1
vt 0 0
vt 1 0
vt 0 1
vt 1 1
vt 0 0
vt 1 0
vt 0 1
vt 1 1
vt 0 0
vt 1 0
vt 0 1
vt 1 1
vt 0 0
vt 1 0
vt 0 1
vt 1 1
vt 0 0
vt 1 0
vt 0 1
vt 1 1
vt 0 0
vt 1 0
vn 0.9238795325112868 0 0.3826834323650897
vn 0.9238795325112868 0 0.3826834323650897
vn 0.9238795325112868 0 0.3826834323650897
vn 0.9238795325112868 0 0.3826834323650897
vn -0.9238795325112868 0 -0.3826834323650897
vn -0.9238795325112868 0 -0.3826834323650897
vn -0.9238795325112868 0 -0.3826834323650897
vn -0.9238795325112868 0 -0.3826834323650897
vn 0 1 0
vn 0 1 0
vn 0 1 0
vn 0 1 0
vn 0 -1 0
vn 0 -1 0
vn 0 -1 0
vn 0 -1 0
vn -0.3826834323650897 0 0.9238795325112868
vn -0.3826834323650897 0 0.9238795325112868
vn -0.3826834323650897 0 0.9238795325112868
vn -0.3826834323650897 0 0.9238795325112868
vn 0.3826834323650897 0 -0.9238795325112868
vn 0.3826834323650897 0 -0.9238795325112868
vn 0.3826834323650897 0 -0.9238795325112868
vn 0.3826834323650897 0 -0.9238795325112868
f 1081/1081/1081 1083/1083/1083 1082/1082/1082
f 1083/1083/1083 1084/1084/1084 1082/1082/1082
f 1085/1085/1085 1087/1087/1087 1086/1086/1086
f 1087/1087/1087 1088/1088/1088 1086/1086/1086
f 1089/1089/1089 1091/1091/1091 1090/1090/1090
f 1091/1091/1091 1092/1092/1092 1090/1090/1090
f 1093/1093/1093 1095/1095/1095 1094/1094/1094
f 1095/1095/1095 1096/1096/1096 1094/1094/1094
f 1097/1097/1097 1099/1099/1099 1098/1098/1098
f 1099/1099/1099 1100/1100/1100 1098/1098/1098
f 1101/1101/1101 1103/1103/1103 1102/1102/1102
f 1103/1103/1103 1104/1104/1104 1102/1102/1102
o structure_window_0
usemtl accent
v 45.78475262816178 133.2547169987042 73.05603976562072
v 46.506796824032435 133.2547169987042 71.312870875317
v 45.78475262816178 130.8962263975222 73.05603976562072
v 46.506796824032435 130.8962263975222 71.312870875317
v 7.285496954544062 133.2547169987042 55.066876535472815
v 6.563452758673403 133.2547169987042 56.810045425776536
v 7.285496954544062 130.8962263975222 55.066876535472815
v 6.563452758673403 130.8962263975222 56.810045425776536
v 7.285496954544062 133.2547169987042 55.066876535472815
v 46.506796824032435 133.2547169987042 71.312870875317
v 6.563452758673403 133.2547169987042 56.810045425776536
v 45.78475262816178 133.2547169987042 73.05603976562072
v 6.563452758673403 130.8962263975222 56.810045425776536
v 45.78475262816178 130.8962263975222 73.05603976562072
v 7.285496954544062 130.8962263975222 55.066876535472815
v 46.506796824032435 130.8962263975222 71.312870875317
v 6.563452758673403 133.2547169987042 56.810045425776536
v 45.78475262816178 133.2547169987042 73.05603976562072
v 6.563452758673403 130.8962263975222 56.810045425776536
v 45.78475262816178 130.8962263975222 73.05603976562072
v 46.506796824032435 133.2547169987042 71.312870875317
v 7.285496954544062 133.2547169987042 55.066876535472815
v 46.506796824032435 130.8962263975222 71.312870875317
v 7.285496954544062 130.8962263975222 55.066876535472815
vt 0 1
vt 1 1
vt 0 0
vt 1 0
vt 0 1
vt 1 1
vt 0 0
vt 1 0
vt 0 1
vt 1 1
vt 0 0
vt 1 0
vt 0 1
vt 1 1
vt 0 0
vt 1 0
vt 0 1
vt 1 1
vt 0 0
vt 1 0
vt 0 1
vt 1 1
vt 0 0
vt 1 0
vn 0.9238795325112868 0 0.3826834323650897
vn 0.9238795325112868 0 0.3826834323650897
vn 0.9238795325112868 0 0.3826834323650897
vn 0.9238795325112868 0 0.3826834323650897
vn -0.9238795325112868 0 -0.3826834323650897
vn -0.9238795325112868 0 -0.3826834323650897
vn -0.9238795325112868 0 -0.3826834323650897
vn -0.9238795325112868 0 -0.3826834323650897
vn 0 1 0
vn 0 1 0
vn 0 1 0
vn 0 1 0
vn 0 -1 0
vn 0 -1 0
vn 0 -1 0
vn 0 -1 0
vn -0.3826834323650897 0 0.9238795325112868
vn -0.3826834323650897 0 0.9238795325112868
vn -0.3826834323650897 0 0.9238795325112868
vn -0.3826834323650897 0 0.9238795325112868
vn 0.3826834323650897 0 -0.9238795325112868
vn 0.3826834323650897 0 -0.9238795325112868
vn 0.3826834323650897 0 -0.9238795325112868
vn 0.3826834323650897 0 -0.9238795325112868
f 1105/1105/1105 1107/1107/1107 1106/1106/1106
f 1107/1107/1107 1108/1108/1108 1106/1106/1106
f 1109/1109/1109 1111/1111/1111 1110/1110/1110
f 1111/1111/1111 1112/1112/1112 1110/1110/1110
f 1113/1113/1113 1115/1115/1115 1114/1114/1114
f 1115/1115/1115 1116/1116/1116 1114/1114/1114
f 1117/1117/1117 1119/1119/1119 1118/1118/1118
f 1119/1119/1119 1120/1120/1120 1118/1118/1118
f 1121/1121/1121 1123/1123/1123 1122/1122/1122
f 1123/1123/1123 1124/1124/1124 1122/1122/1122
f 1125/1125/1125 1127/1127/1127 1126/1126/1126
f 1127/1127/1127 1128/1128/1128 1126/1126/1126
o structure_rib_0
usemtl hull
v 51.74333823528791 139.1509433962264 53.293167666151724
v 53.54844879221016 139.1509433962264 48.93524527804718
v 51.74333823528791 68.39622641509435 53.293167666151724
v 53.54844879221016 68.39622641509435 48.93524527804718
v 48.318942121299 139.1509433962264 46.7691126904352
v 46.51383156437675 139.1509433962264 51.12703507853975
v 48.318942121299 68.39622641509435 46.7691126904352
v 46.51383156437675 68.39622641509435 51.12703507853975
v 48.318942121299 139.1509433962264 46.7691126904352
v 53.54844879221016 139.1509433962264 48.93524527804718
v 46.51383156437675 139.1509433962264 51.12703507853975
v 51.74333823528791 139.1509433962264 53.293167666151724
v 46.51383156437675 68.39622641509435 51.12703507853975
v 51.74333823528791 68.39622641509435 53.293167666151724
v 48.318942121299 68.39622641509435 46.7691126904352
v 53.54844879221016 68.39622641509435 48.93524527804718
v 46.51383156437675 139.1509433962264 51.12703507853975
v 51.74333823528791 139.1509433962264 53.293167666151724
v 46.51383156437675 68.39622641509435 51.12703507853975
v 51.74333823528791 68.39622641509435 53.293167666151724
v 53.54844879221016 139.1509433962264 48.93524527804718
v 48.318942121299 139.1509433962264 46.7691126904352
v 53.54844879221016 68.39622641509435 48.93524527804718
v 48.318942121299 68.39622641509435 46.7691126904352
vt 0 1
vt 1 1
vt 0 0
vt 1 0
vt 0 1
vt 1 1
vt 0 0
vt 1 0
vt 0 1
vt 1 1
vt 0 0
vt 1 0
vt 0 1
vt 1 1
vt 0 0
vt 1 0
vt 0 1
vt 1 1
vt 0 0
vt 1 0
vt 0 1
vt 1 1
vt 0 0
vt 1 0
vn 0.9238795325112868 0 0.3826834323650897
vn 0.9238795325112868 0 0.3826834323650897
vn 0.9238795325112868 0 0.3826834323650897
vn 0.9238795325112868 0 0.3826834323650897
vn -0.9238795325112868 0 -0.3826834323650897
vn -0.9238795325112868 0 -0.3826834323650897
vn -0.9238795325112868 0 -0.3826834323650897
vn -0.9238795325112868 0 -0.3826834323650897
vn 0 1 0
vn 0 1 0
vn 0 1 0
vn 0 1 0
vn 0 -1 0
vn 0 -1 0
vn 0 -1 0
vn 0 -1 0
vn -0.3826834323650897 0 0.9238795325112868
vn -0.3826834323650897 0 0.9238795325112868
vn -0.3826834323650897 0 0.9238795325112868
vn -0.3826834323650897 0 0.9238795325112868
vn 0.3826834323650897 0 -0.9238795325112868
vn 0.3826834323650897 0 -0.9238795325112868
vn 0.3826834323650897 0 -0.9238795325112868
vn 0.3826834323650897 0 -0.9238795325112868
f 1129/1129/1129 1131/1131/1131 1130/1130/1130
f 1131/1131/1131 1132/1132/1132 1130/1130/1130
f 1133/1133/1133 1135/1135/1135 1134/1134/1134
f 1135/1135/1135 1136/1136/1136 1134/1134/1134
f 1137/1137/1137 1139/1139/1139 1138/1138/1138
f 1139/1139/1139 1140/1140/1140 1138/1138/1138
f 1141/1141/1141 1143/1143/1143 1142/1142/1142
f 1143/1143/1143 1144/1144/1144 1142/1142/1142
f 1145/1145/1145 1147/1147/1147 1146/1146/1146
f 1147/1147/1147 1148/1148/1148 1146/1146/1146
f 1149/1149/1149 1151/1151/1151 1150/1150/1150
f 1151/1151/1151 1152/1152/1152 1150/1150/1150
o structure_seam_0
usemtl plate
v 41.67349656869287 23.58490562874753 166.4133485706185
v 70.55526547944888 23.58490562874753 96.6865903609457
v 41.67349656869287 20.754717012761898 166.4133485706185
v 70.55526547944888 20.754717012761898 96.6865903609457
v 66.63313523274763 23.58490562874753 95.0619908193683
v 37.75136632199162 23.58490562874753 164.7887490290411
v 66.63313523274763 20.754717012761898 95.0619908193683
v 37.75136632199162 20.754717012761898 164.7887490290411
v 66.63313523274763 23.58490562874753 95.0619908193683
v 70.55526547944888 23.58490562874753 96.6865903609457
v 37.75136632199162 23.58490562874753 164.7887490290411
v 41.67349656869287 23.58490562874753 166.4133485706185
v 37.75136632199162 20.754717012761898 164.7887490290411
v 41.67349656869287 20.754717012761898 166.4133485706185
v 66.63313523274763 20.754717012761898 95.0619908193683
v 70.55526547944888 20.754717012761898 96.6865903609457
v 37.75136632199162 23.58490562874753 164.7887490290411
v 41.67349656869287 23.58490562874753 166.4133485706185
v 37.75136632199162 20.754717012761898 164.7887490290411
v 41.67349656869287 20.754717012761898 166.4133485706185
v 70.55526547944888 23.58490562874753 96.6865903609457
v 66.63313523274763 23.58490562874753 95.0619908193683
v 70.55526547944888 20.754717012761898 96.6865903609457
v 66.63313523274763 20.754717012761898 95.0619908193683
vt 0 1
vt 1 1
vt 0 0
vt 1 0
vt 0 1
vt 1 1
vt 0 0
vt 1 0
vt 0 1
vt 1 1
vt 0 0
vt 1 0
vt 0 1
vt 1 1
vt 0 0
vt 1 0
vt 0 1
vt 1 1
vt 0 0
vt 1 0
vt 0 1
vt 1 1
vt 0 0
vt 1 0
vn 0.9238795325112868 0 0.3826834323650897
vn 0.9238795325112868 0 0.3826834323650897
vn 0.9238795325112868 0 0.3826834323650897
vn 0.9238795325112868 0 0.3826834323650897
vn -0.9238795325112868 0 -0.3826834323650897
vn -0.9238795325112868 0 -0.3826834323650897
vn -0.9238795325112868 0 -0.3826834323650897
vn -0.9238795325112868 0 -0.3826834323650897
vn 0 1 0
vn 0 1 0
vn 0 1 0
vn 0 1 0
vn 0 -1 0
vn 0 -1 0
vn 0 -1 0
vn 0 -1 0
vn -0.3826834323650897 0 0.9238795325112868
vn -0.3826834323650897 0 0.9238795325112868
vn -0.3826834323650897 0 0.9238795325112868
vn -0.3826834323650897 0 0.9238795325112868
vn 0.3826834323650897 0 -0.9238795325112868
vn 0.3826834323650897 0 -0.9238795325112868
vn 0.3826834323650897 0 -0.9238795325112868
vn 0.3826834323650897 0 -0.9238795325112868
f 1153/1153/1153 1155/1155/1155 1154/1154/1154
f 1155/1155/1155 1156/1156/1156 1154/1154/1154
f 1157/1157/1157 1159/1159/1159 1158/1158/1158
f 1159/1159/1159 1160/1160/1160 1158/1158/1158
f 1161/1161/1161 1163/1163/1163 1162/1162/1162
f 1163/1163/1163 1164/1164/1164 1162/1162/1162
f 1165/1165/1165 1167/1167/1167 1166/1166/1166
f 1167/1167/1167 1168/1168/1168 1166/1166/1166
f 1169/1169/1169 1171/1171/1171 1170/1170/1170
f 1171/1171/1171 1172/1172/1172 1170/1170/1170
f 1173/1173/1173 1175/1175/1175 1174/1174/1174
f 1175/1175/1175 1176/1176/1176 1174/1174/1174
o structure_window_1
usemtl accent
v 71.312870875317 88.9150943466515 46.50679682403244
v 73.05603976562072 88.9150943466515 45.78475262816178
v 71.312870875317 85.61320754014096 46.50679682403244
v 73.05603976562072 85.61320754014096 45.78475262816178
v 56.810045425776536 88.9150943466515 6.563452758673414
v 55.066876535472815 88.9150943466515 7.285496954544072
v 56.810045425776536 85.61320754014096 6.563452758673414
v 55.066876535472815 85.61320754014096 7.285496954544072
v 56.810045425776536 88.9150943466515 6.563452758673414
v 73.05603976562072 88.9150943466515 45.78475262816178
v 55.066876535472815 88.9150943466515 7.285496954544072
v 71.312870875317 88.9150943466515 46.50679682403244
v 55.066876535472815 85.61320754014096 7.285496954544072
v 71.312870875317 85.61320754014096 46.50679682403244
v 56.810045425776536 85.61320754014096 6.563452758673414
v 73.05603976562072 85.61320754014096 45.78475262816178
v 55.066876535472815 88.9150943466515 7.285496954544072
v 71.312870875317 88.9150943466515 46.50679682403244
v 55.066876535472815 85.61320754014096 7.285496954544072
v 71.312870875317 85.61320754014096 46.50679682403244
v 73.05603976562072 88.9150943466515 45.78475262816178
v 56.810045425776536 88.9150943466515 6.563452758673414
v 73.05603976562072 85.61320754014096 45.78475262816178
v 56.810045425776536 85.61320754014096 6.563452758673414
vt 0 1
vt 1 1
vt 0 0
vt 1 0
vt 0 1
vt 1 1
vt 0 0
vt 1 0
vt 0 1
vt 1 1
vt 0 0
vt 1 0
vt 0 1
vt 1 1
vt 0 0
vt 1 0
vt 0 1
vt 1 1
vt 0 0
vt 1 0
vt 0 1
vt 1 1
vt 0 0
vt 1 0
vn 0.38268343236508995 0 0.9238795325112866
vn 0.38268343236508995 0 0.9238795325112866
vn 0.38268343236508995 0 0.9238795325112866
vn 0.38268343236508995 0 0.9238795325112866
vn -0.38268343236508995 0 -0.9238795325112866
vn -0.38268343236508995 0 -0.9238795325112866
vn -0.38268343236508995 0 -0.9238795325112866
vn -0.38268343236508995 0 -0.9238795325112866
vn 0 1 0
vn 0 1 0
vn 0 1 0
vn 0 1 0
vn 0 -1 0
vn 0 -1 0
vn 0 -1 0
vn 0 -1 0
vn -0.9238795325112866 0 0.38268343236508995
vn -0.9238795325112866 0 0.38268343236508995
vn -0.9238795325112866 0 0.38268343236508995
vn -0.9238795325112866 0 0.38268343236508995
vn 0.9238795325112866 0 -0.38268343236508995
vn 0.9238795325112866 0 -0.38268343236508995
vn 0.9238795325112866 0 -0.38268343236508995
vn 0.9238795325112866 0 -0.38268343236508995
f 1177/1177/1177 1179/1179/1179 1178/1178/1178
f 1179/1179/1179 1180/1180/1180 1178/1178/1178
f 1181/1181/1181 1183/1183/1183 1182/1182/1182
f 1183/1183/1183 1184/1184/1184 1182/1182/1182
f 1185/1185/1185 1187/1187/1187 1186/1186/1186
f 1187/1187/1187 1188/1188/1188 1186/1186/1186
f 1189/1189/1189 1191/1191/1191 1190/1190/1190
f 1191/1191/1191 1192/1192/1192 1190/1190/1190
f 1193/1193/1193 1195/1195/1195 1194/1194/1194
f 1195/1195/1195 1196/1196/1196 1194/1194/1194
f 1197/1197/1197 1199/1199/1199 1198/1198/1198
f 1199/1199/1199 1200/1200/1200 1198/1198/1198
o structure_window_1
usemtl accent
v 71.312870875317 112.50000000702886 46.50679682403244
v 73.05603976562072 112.50000000702886 45.78475262816178
v 71.312870875317 109.19811320051832 46.50679682403244
v 73.05603976562072 109.19811320051832 45.78475262816178
v 56.810045425776536 112.50000000702886 6.563452758673414
v 55.066876535472815 112.50000000702886 7.285496954544072
v 56.810045425776536 109.19811320051832 6.563452758673414
v 55.066876535472815 109.19811320051832 7.285496954544072
v 56.810045425776536 112.50000000702886 6.563452758673414
v 73.05603976562072 112.50000000702886 45.78475262816178
v 55.066876535472815 112.50000000702886 7.285496954544072
v 71.312870875317 112.50000000702886 46.50679682403244
v 55.066876535472815 109.19811320051832 7.285496954544072
v 71.312870875317 109.19811320051832 46.50679682403244
v 56.810045425776536 109.19811320051832 6.563452758673414
v 73.05603976562072 109.19811320051832 45.78475262816178
v 55.066876535472815 112.50000000702886 7.285496954544072
v 71.312870875317 112.50000000702886 46.50679682403244
v 55.066876535472815 109.19811320051832 7.285496954544072
v 71.312870875317 109.19811320051832 46.50679682403244
v 73.05603976562072 112.50000000702886 45.78475262816178
v 56.810045425776536 112.50000000702886 6.563452758673414
v 73.05603976562072 109.19811320051832 45.78475262816178
v 56.810045425776536 109.19811320051832 6.563452758673414
vt 0 1
vt 1 1
vt 0 0
vt 1 0
vt 0 1
vt 1 1
vt 0 0
vt 1 0
vt 0 1
vt 1 1
vt 0 0
vt 1 0
vt 0 1
vt 1 1
vt 0 0
vt 1 0
vt 0 1
vt 1 1
vt 0 0
vt 1 0
vt 0 1
vt 1 1
vt 0 0
vt 1 0
vn 0.38268343236508995 0 0.9238795325112866
vn 0.38268343236508995 0 0.9238795325112866
vn 0.38268343236508995 0 0.9238795325112866
vn 0.38268343236508995 0 0.9238795325112866
vn -0.38268343236508995 0 -0.9238795325112866
vn -0.38268343236508995 0 -0.9238795325112866
vn -0.38268343236508995 0 -0.9238795325112866
vn -0.38268343236508995 0 -0.9238795325112866
vn 0 1 0
vn 0 1 0
vn 0 1 0
vn 0 1 0
vn 0 -1 0
vn 0 -1 0
vn 0 -1 0
vn 0 -1 0
vn -0.9238795325112866 0 0.38268343236508995
vn -0.9238795325112866 0 0.38268343236508995
vn -0.9238795325112866 0 0.38268343236508995
vn -0.9238795325112866 0 0.38268343236508995
vn 0.9238795325112866 0 -0.38268343236508995
vn 0.9238795325112866 0 -0.38268343236508995
vn 0.9238795325112866 0 -0.38268343236508995
vn 0.9238795325112866 0 -0.38268343236508995
f 1201/1201/1201 1203/1203/1203 1202/1202/1202
f 1203/1203/1203 1204/1204/1204 1202/1202/1202
f 1205/1205/1205 1207/1207/1207 1206/1206/1206
f 1207/1207/1207 1208/1208/1208 1206/1206/1206
f 1209/1209/1209 1211/1211/1211 1210/1210/1210
f 1211/1211/1211 1212/1212/1212 1210/1210/1210
f 1213/1213/1213 1215/1215/1215 1214/1214/1214
f 1215/1215/1215 1216/1216/1216 1214/1214/1214
f 1217/1217/1217 1219/1219/1219 1218/1218/1218
f 1219/1219/1219 1220/1220/1220 1218/1218/1218
f 1221/1221/1221 1223/1223/1223 1222/1222/1222
f 1223/1223/1223 1224/1224/1224 1222/1222/1222
o structure_window_1
usemtl accent
v 71.312870875317 133.2547169987042 46.50679682403244
v 73.05603976562072 133.2547169987042 45.78475262816178
v 71.312870875317 130.8962263975222 46.50679682403244
v 73.05603976562072 130.8962263975222 45.78475262816178
v 56.810045425776536 133.2547169987042 6.563452758673414
v 55.066876535472815 133.2547169987042 7.285496954544072
v 56.810045425776536 130.8962263975222 6.563452758673414
v 55.066876535472815 130.8962263975222 7.285496954544072
v 56.810045425776536 133.2547169987042 6.563452758673414
v 73.05603976562072 133.2547169987042 45.78475262816178
v 55.066876535472815 133.2547169987042 7.285496954544072
v 71.312870875317 133.2547169987042 46.50679682403244
v 55.066876535472815 130.8962263975222 7.285496954544072
v 71.312870875317 130.8962263975222 46.50679682403244
v 56.810045425776536 130.8962263975222 6.563452758673414
v 73.05603976562072 130.8962263975222 45.78475262816178
v 55.066876535472815 133.2547169987042 7.285496954544072
v 71.312870875317 133.2547169987042 46.50679682403244
v 55.066876535472815 130.8962263975222 7.285496954544072
v 71.312870875317 130.8962263975222 46.50679682403244
v 73.05603976562072 133.2547169987042 45.78475262816178
v 56.810045425776536 133.2547169987042 6.563452758673414
v 73.05603976562072 130.8962263975222 45.78475262816178
v 56.810045425776536 130.8962263975222 6.563452758673414
vt 0 1
vt 1 1
vt 0 0
vt 1 0
vt 0 1
vt 1 1
vt 0 0
vt 1 0
vt 0 1
vt 1 1
vt 0 0
vt 1 0
vt 0 1
vt 1 1
vt 0 0
vt 1 0
vt 0 1
vt 1 1
vt 0 0
vt 1 0
vt 0 1
vt 1 1
vt 0 0
vt 1 0
vn 0.38268343236508995 0 0.9238795325112866
vn 0.38268343236508995 0 0.9238795325112866
vn 0.38268343236508995 0 0.9238795325112866
vn 0.38268343236508995 0 0.9238795325112866
vn -0.38268343236508995 0 -0.9238795325112866
vn -0.38268343236508995 0 -0.9238795325112866
vn -0.38268343236508995 0 -0.9238795325112866
vn -0.38268343236508995 0 -0.9238795325112866
vn 0 1 0
vn 0 1 0
vn 0 1 0
vn 0 1 0
vn 0 -1 0
vn 0 -1 0
vn 0 -1 0
vn 0 -1 0
vn -0.9238795325112866 0 0.38268343236508995
vn -0.9238795325112866 0 0.38268343236508995
vn -0.9238795325112866 0 0.38268343236508995
vn -0.9238795325112866 0 0.38268343236508995
vn 0.9238795325112866 0 -0.38268343236508995
vn 0.9238795325112866 0 -0.38268343236508995
vn 0.9238795325112866 0 -0.38268343236508995
vn 0.9238795325112866 0 -0.38268343236508995
f 1225/1225/1225 1227/1227/1227 1226/1226/1226
f 1227/1227/1227 1228/1228/1228 1226/1226/1226
f 1229/1229/1229 1231/1231/1231 1230/1230/1230
f 1231/1231/1231 1232/1232/1232 1230/1230/1230
f 1233/1233/1233 1235/1235/1235 1234/1234/1234
f 1235/1235/1235 1236/1236/1236 1234/1234/1234
f 1237/1237/1237 1239/1239/1239 1238/1238/1238
f 1239/1239/1239 1240/1240/1240 1238/1238/1238
f 1241/1241/1241 1243/1243/1243 1242/1242/1242
f 1243/1243/1243 1244/1244/1244 1242/1242/1242
f 1245/1245/1245 1247/1247/1247 1246/1246/1246
f 1247/1247/1247 1248/1248/1248 1246/1246/1246
o structure_rib_1
usemtl hull
v 69.65882208088578 139.1509433962264 3.517308613916706
v 74.01674446899034 139.1509433962264 1.7121980569944537
v 69.65882208088578 68.39622641509435 3.517308613916706
v 74.01674446899034 68.39622641509435 1.7121980569944537
v 71.85061188137837 139.1509433962264 -3.517308613916697
v 67.49268949327382 139.1509433962264 -1.7121980569944448
v 71.85061188137837 68.39622641509435 -3.517308613916697
v 67.49268949327382 68.39622641509435 -1.7121980569944448
v 71.85061188137837 139.1509433962264 -3.517308613916697
v 74.01674446899034 139.1509433962264 1.7121980569944537
v 67.49268949327382 139.1509433962264 -1.7121980569944448
v 69.65882208088578 139.1509433962264 3.517308613916706
v 67.49268949327382 68.39622641509435 -1.7121980569944448
v 69.65882208088578 68.39622641509435 3.517308613916706
v 71.85061188137837 68.39622641509435 -3.517308613916697
v 74.01674446899034 68.39622641509435 1.7121980569944537
v 67.49268949327382 139.1509433962264 -1.7121980569944448
v 69.65882208088578 139.1509433962264 3.517308613916706
v 67.49268949327382 68.39622641509435 -1.7121980569944448
v 69.65882208088578 68.39622641509435 3.517308613916706
v 74.01674446899034 139.1509433962264 1.7121980569944537
v 71.85061188137837 139.1509433962264 -3.517308613916697
v 74.01674446899034 68.39622641509435 1.7121980569944537
v 71.85061188137837 68.39622641509435 -3.517308613916697
vt 0 1
vt 1 1
vt 0 0
vt 1 0
vt 0 1
vt 1 1
vt 0 0
vt 1 0
vt 0 1
vt 1 1
vt 0 0
vt 1 0
vt 0 1
vt 1 1
vt 0 0
vt 1 0
vt 0 1
vt 1 1
vt 0 0
vt 1 0
vt 0 1
vt 1 1
vt 0 0
vt 1 0
vn 0.38268343236508995 0 0.9238795325112866
vn 0.38268343236508995 0 0.9238795325112866
vn 0.38268343236508995 0 0.9238795325112866
vn 0.38268343236508995 0 0.9238795325112866
vn -0.38268343236508995 0 -0.9238795325112866
vn -0.38268343236508995 0 -0.9238795325112866
vn -0.38268343236508995 0 -0.9238795325112866
vn -0.38268343236508995 0 -0.9238795325112866
vn 0 1 0
vn 0 1 0
vn 0 1 0
vn 0 1 0
vn 0 -1 0
vn 0 -1 0
vn 0 -1 0
vn 0 -1 0
vn -0.9238795325112866 0 0.38268343236508995
vn -0.9238795325112866 0 0.38268343236508995
vn -0.9238795325112866 0 0.38268343236508995
vn -0.9238795325112866 0 0.38268343236508995
vn 0.9238795325112866 0 -0.38268343236508995
vn 0.9238795325112866 0 -0.38268343236508995
vn 0.9238795325112866 0 -0.38268343236508995
vn 0.9238795325112866 0 -0.38268343236508995
f 1249/1249/1249 1251/1251/1251 1250/1250/1250
f 1251/1251/1251 1252/1252/1252 1250/1250/1250
f 1253/1253/1253 1255/1255/1255 1254/1254/1254
f 1255/1255/1255 1256/1256/1256 1254/1254/1254
f 1257/1257/1257 1259/1259/1259 1258/1258/1258
f 1259/1259/1259 1260/1260/1260 1258/1258/1258
f 1261/1261/1261 1263/1263/1263 1262/1262/1262
f 1263/1263/1263 1264/1264/1264 1262/1262/1262
f 1265/1265/1265 1267/1267/1267 1266/1266/1266
f 1267/1267/1267 1268/1268/1268 1266/1266/1266
f 1269/1269/1269 1271/1271/1271 1270/1270/1270
f 1271/1271/1271 1272/1272/1272 1270/1270/1270
o structure_seam_1
usemtl plate
v 96.6865903609457 23.58490562874753 70.5552654794489
v 166.4133485706185 23.58490562874753 41.67349656869287
v 96.6865903609457 20.754717012761898 70.5552654794489
v 166.4133485706185 20.754717012761898 41.67349656869287
v 164.7887490290411 23.58490562874753 37.75136632199162
v 95.0619908193683 23.58490562874753 66.63313523274765
v 164.7887490290411 20.754717012761898 37.75136632199162
v 95.0619908193683 20.754717012761898 66.63313523274765
v 164.7887490290411 23.58490562874753 37.75136632199162
v 166.4133485706185 23.58490562874753 41.67349656869287
v 95.0619908193683 23.58490562874753 66.63313523274765
v 96.6865903609457 23.58490562874753 70.5552654794489
v 95.0619908193683 20.754717012761898 66.63313523274765
v 96.6865903609457 20.754717012761898 70.5552654794489
v 164.7887490290411 20.754717012761898 37.75136632199162
v 166.4133485706185 20.754717012761898 41.67349656869287
v 95.0619908193683 23.58490562874753 66.63313523274765
v 96.6865903609457 23.58490562874753 70.5552654794489
v 95.0619908193683 20.754717012761898 66.63313523274765
v 96.6865903609457 20.754717012761898 70.5552654794489
v 166.4133485706185 23.58490562874753 41.67349656869287
v 164.7887490290411 23.58490562874753 37.75136632199162
v 166.4133485706185 20.754717012761898 41.67349656869287
v 164.7887490290411 20.754717012761898 37.75136632199162
vt 0 1
vt 1 1
vt 0 0
vt 1 0
vt 0 1
vt 1 1
vt 0 0
vt 1 0
vt 0 1
vt 1 1
vt 0 0
vt 1 0
vt 0 1
vt 1 1
vt 0 0
vt 1 0
vt 0 1
vt 1 1
vt 0 0
vt 1 0
vt 0 1
vt 1 1
vt 0 0
vt 1 0
vn 0.38268343236508995 0 0.9238795325112866
vn 0.38268343236508995 0 0.9238795325112866
vn 0.38268343236508995 0 0.9238795325112866
vn 0.38268343236508995 0 0.9238795325112866
vn -0.38268343236508995 0 -0.9238795325112866
vn -0.38268343236508995 0 -0.9238795325112866
vn -0.38268343236508995 0 -0.9238795325112866
vn -0.38268343236508995 0 -0.9238795325112866
vn 0 1 0
vn 0 1 0
vn 0 1 0
vn 0 1 0
vn 0 -1 0
vn 0 -1 0
vn 0 -1 0
vn 0 -1 0
vn -0.9238795325112866 0 0.38268343236508995
vn -0.9238795325112866 0 0.38268343236508995
vn -0.9238795325112866 0 0.38268343236508995
vn -0.9238795325112866 0 0.38268343236508995
vn 0.9238795325112866 0 -0.38268343236508995
vn 0.9238795325112866 0 -0.38268343236508995
vn 0.9238795325112866 0 -0.38268343236508995
vn 0.9238795325112866 0 -0.38268343236508995
f 1273/1273/1273 1275/1275/1275 1274/1274/1274
f 1275/1275/1275 1276/1276/1276 1274/1274/1274
f 1277/1277/1277 1279/1279/1279 1278/1278/1278
f 1279/1279/1279 1280/1280/1280 1278/1278/1278
f 1281/1281/1281 1283/1283/1283 1282/1282/1282
f 1283/1283/1283 1284/1284/1284 1282/1282/1282
f 1285/1285/1285 1287/1287/1287 1286/1286/1286
f 1287/1287/1287 1288/1288/1288 1286/1286/1286
f 1289/1289/1289 1291/1291/1291 1290/1290/1290
f 1291/1291/1291 1292/1292/1292 1290/1290/1290
f 1293/1293/1293 1295/1295/1295 1294/1294/1294
f 1295/1295/1295 1296/1296/1296 1294/1294/1294
o structure_window_2
usemtl accent
v 55.066876535472815 88.9150943466515 -7.285496954544058
v 56.810045425776536 88.9150943466515 -6.5634527586733995
v 55.066876535472815 85.61320754014096 -7.285496954544058
v 56.810045425776536 85.61320754014096 -6.5634527586733995
v 73.05603976562072 88.9150943466515 -45.78475262816178
v 71.312870875317 88.9150943466515 -46.50679682403244
v 73.05603976562072 85.61320754014096 -45.78475262816178
v 71.312870875317 85.61320754014096 -46.50679682403244
v 73.05603976562072 88.9150943466515 -45.78475262816178
v 56.810045425776536 88.9150943466515 -6.5634527586733995
v 71.312870875317 88.9150943466515 -46.50679682403244
v 55.066876535472815 88.9150943466515 -7.285496954544058
v 71.312870875317 85.61320754014096 -46.50679682403244
v 55.066876535472815 85.61320754014096 -7.285496954544058
v 73.05603976562072 85.61320754014096 -45.78475262816178
v 56.810045425776536 85.61320754014096 -6.5634527586733995
v 71.312870875317 88.9150943466515 -46.50679682403244
v 55.066876535472815 88.9150943466515 -7.285496954544058
v 71.312870875317 85.61320754014096 -46.50679682403244
v 55.066876535472815 85.61320754014096 -7.285496954544058
v 56.810045425776536 88.9150943466515 -6.5634527586733995
v 73.05603976562072 88.9150943466515 -45.78475262816178
v 56.810045425776536 85.61320754014096 -6.5634527586733995
v 73.05603976562072 85.61320754014096 -45.78475262816178
vt 0 1
vt 1 1
vt 0 0
vt 1 0
vt 0 1
vt 1 1
vt 0 0
vt 1 0
vt 0 1
vt 1 1
vt 0 0
vt 1 0
vt 0 1
vt 1 1
vt 0 0
vt 1 0
vt 0 1
vt 1 1
vt 0 0
vt 1 0
vt 0 1
vt 1 1
vt 0 0
vt 1 0
vn -0.3826834323650898 0 0.9238795325112868
vn -0.3826834323650898 0 0.9238795325112868
vn -0.3826834323650898 0 0.9238795325112868
vn -0.3826834323650898 0 0.9238795325112868
vn 0.3826834323650898 0 -0.9238795325112868
vn 0.3826834323650898 0 -0.9238795325112868
vn 0.3826834323650898 0 -0.9238795325112868
vn 0.3826834323650898 0 -0.9238795325112868
vn 0 1 0
vn 0 1 0
vn 0 1 0
vn 0 1 0
vn 0 -1 0
vn 0 -1 0
vn 0 -1 0
vn 0 -1 0
vn -0.9238795325112868 0 -0.3826834323650898
vn -0.9238795325112868 0 -0.3826834323650898
vn -0.9238795325112868 0 -0.3826834323650898
vn -0.9238795325112868 0 -0.3826834323650898
vn 0.9238795325112868 0 0.3826834323650898
vn 0.9238795325112868 0 0.3826834323650898
vn 0.9238795325112868 0 0.3826834323650898
vn 0.9238795325112868 0 0.3826834323650898
f 1297/1297/1297 1299/1299/1299 1298/1298/1298
f 1299/1299/1299 1300/1300/1300 1298/1298/1298
f 1301/1301/1301 1303/1303/1303 1302/1302/1302
f 1303/1303/1303 1304/1304/1304 1302/1302/1302
f 1305/1305/1305 1307/1307/1307 1306/1306/1306
f 1307/1307/1307 1308/1308/1308 1306/1306/1306
f 1309/1309/1309 1311/1311/1311 1310/1310/1310
f 1311/1311/1311 1312/1312/1312 1310/1310/1310
f 1313/1313/1313 1315/1315/1315 1314/1314/1314
f 1315/1315/1315 1316/1316/1316 1314/1314/1314
f 1317/1317/1317 1319/1319/1319 1318/1318/1318
f 1319/1319/1319 1320/1320/1320 1318/1318/1318
o structure_window_2
usemtl accent
v 55.066876535472815 112.50000000702886 -7.285496954544058
v 56.810045425776536 112.50000000702886 -6.5634527586733995
v 55.066876535472815 109.19811320051832 -7.285496954544058
v 56.810045425776536 109.19811320051832 -6.5634527586733995
v 73.05603976562072 112.50000000702886 -45.78475262816178
v 71.312870875317 112.50000000702886 -46.50679682403244
v 73.05603976562072 109.19811320051832 -45.78475262816178
v 71.312870875317 109.19811320051832 -46.50679682403244
v 73.05603976562072 112.50000000702886 -45.78475262816178
v 56.810045425776536 112.50000000702886 -6.5634527586733995
v 71.312870875317 112.50000000702886 -46.50679682403244
v 55.066876535472815 112.50000000702886 -7.285496954544058
v 71.312870875317 109.19811320051832 -46.50679682403244
v 55.066876535472815 109.19811320051832 -7.285496954544058
v 73.05603976562072 109.19811320051832 -45.78475262816178
v 56.810045425776536 109.19811320051832 -6.5634527586733995
v 71.312870875317 112.50000000702886 -46.50679682403244
v 55.066876535472815 112.50000000702886 -7.285496954544058
v 71.312870875317 109.19811320051832 -46.50679682403244
v 55.066876535472815 109.19811320051832 -7.285496954544058
v 56.810045425776536 112.50000000702886 -6.5634527586733995
v 73.05603976562072 112.50000000702886 -45.78475262816178
v 56.810045425776536 109.19811320051832 -6.5634527586733995
v 73.05603976562072 109.19811320051832 -45.78475262816178
vt 0 1
vt 1 1
vt 0 0
vt 1 0
vt 0 1
vt 1 1
vt 0 0
vt 1 0
vt 0 1
vt 1 1
vt 0 0
vt 1 0
vt 0 1
vt 1 1
vt 0 0
vt 1 0
vt 0 1
vt 1 1
vt 0 0
vt 1 0
vt 0 1
vt 1 1
vt 0 0
vt 1 0
vn -0.3826834323650898 0 0.9238795325112868
vn -0.3826834323650898 0 0.9238795325112868
vn -0.3826834323650898 0 0.9238795325112868
vn -0.3826834323650898 0 0.9238795325112868
vn 0.3826834323650898 0 -0.9238795325112868
vn 0.3826834323650898 0 -0.9238795325112868
vn 0.3826834323650898 0 -0.9238795325112868
vn 0.3826834323650898 0 -0.9238795325112868
vn 0 1 0
vn 0 1 0
vn 0 1 0
vn 0 1 0
vn 0 -1 0
vn 0 -1 0
vn 0 -1 0
vn 0 -1 0
vn -0.9238795325112868 0 -0.3826834323650898
vn -0.9238795325112868 0 -0.3826834323650898
vn -0.9238795325112868 0 -0.3826834323650898
vn -0.9238795325112868 0 -0.3826834323650898
vn 0.9238795325112868 0 0.3826834323650898
vn 0.9238795325112868 0 0.3826834323650898
vn 0.9238795325112868 0 0.3826834323650898
vn 0.9238795325112868 0 0.3826834323650898
f 1321/1321/1321 1323/1323/1323 1322/1322/1322
f 1323/1323/1323 1324/1324/1324 1322/1322/1322
f 1325/1325/1325 1327/1327/1327 1326/1326/1326
f 1327/1327/1327 1328/1328/1328 1326/1326/1326
f 1329/1329/1329 1331/1331/1331 1330/1330/1330
f 1331/1331/1331 1332/1332/1332 1330/1330/1330
f 1333/1333/1333 1335/1335/1335 1334/1334/1334
f 1335/1335/1335 1336/1336/1336 1334/1334/1334
f 1337/1337/1337 1339/1339/1339 1338/1338/1338
f 1339/1339/1339 1340/1340/1340 1338/1338/1338
f 1341/1341/1341 1343/1343/1343 1342/1342/1342
f 1343/1343/1343 1344/1344/1344 1342/1342/1342
o structure_window_2
usemtl accent
v 55.066876535472815 133.2547169987042 -7.285496954544058
v 56.810045425776536 133.2547169987042 -6.5634527586733995
v 55.066876535472815 130.8962263975222 -7.285496954544058
v 56.810045425776536 130.8962263975222 -6.5634527586733995
v 73.05603976562072 133.2547169987042 -45.78475262816178
v 71.312870875317 133.2547169987042 -46.50679682403244
v 73.05603976562072 130.8962263975222 -45.78475262816178
v 71.312870875317 130.8962263975222 -46.50679682403244
v 73.05603976562072 133.2547169987042 -45.78475262816178
v 56.810045425776536 133.2547169987042 -6.5634527586733995
v 71.312870875317 133.2547169987042 -46.50679682403244
v 55.066876535472815 133.2547169987042 -7.285496954544058
v 71.312870875317 130.8962263975222 -46.50679682403244
v 55.066876535472815 130.8962263975222 -7.285496954544058
v 73.05603976562072 130.8962263975222 -45.78475262816178
v 56.810045425776536 130.8962263975222 -6.5634527586733995
v 71.312870875317 133.2547169987042 -46.50679682403244
v 55.066876535472815 133.2547169987042 -7.285496954544058
v 71.312870875317 130.8962263975222 -46.50679682403244
v 55.066876535472815 130.8962263975222 -7.285496954544058
v 56.810045425776536 133.2547169987042 -6.5634527586733995
v 73.05603976562072 133.2547169987042 -45.78475262816178
v 56.810045425776536 130.8962263975222 -6.5634527586733995
v 73.05603976562072 130.8962263975222 -45.78475262816178
vt 0 1
vt 1 1
vt 0 0
vt 1 0
vt 0 1
vt 1 1
vt 0 0
vt 1 0
vt 0 1
vt 1 1
vt 0 0
vt 1 0
vt 0 1
vt 1 1
vt 0 0
vt 1 0
vt 0 1
vt 1 1
vt 0 0
vt 1 0
vt 0 1
vt 1 1
vt 0 0
vt 1 0
vn -0.3826834323650898 0 0.9238795325112868
vn -0.3826834323650898 0 0.9238795325112868
vn -0.3826834323650898 0 0.9238795325112868
vn -0.3826834323650898 0 0.9238795325112868
vn 0.3826834323650898 0 -0.9238795325112868
vn 0.3826834323650898 0 -0.9238795325112868
vn 0.3826834323650898 0 -0.9238795325112868
vn 0.3826834323650898 0 -0.9238795325112868
vn 0 1 0
vn 0 1 0
vn 0 1 0
vn 0 1 0
vn 0 -1 0
vn 0 -1 0
vn 0 -1 0
vn 0 -1 0
vn -0.9238795325112868 0 -0.3826834323650898
vn -0.9238795325112868 0 -0.3826834323650898
vn -0.9238795325112868 0 -0.3826834323650898
vn -0.9238795325112868 0 -0.3826834323650898
vn 0.9238795325112868 0 0.3826834323650898
vn 0.9238795325112868 0 0.3826834323650898
vn 0.9238795325112868 0 0.3826834323650898
vn 0.9238795325112868 0 0.3826834323650898
f 1345/1345/1345 1347/1347/1347 1346/1346/1346
f 1347/1347/1347 1348/1348/1348 1346/1346/1346
f 1349/1349/1349 1351/1351/1351 1350/1350/1350
f 1351/1351/1351 1352/1352/1352 1350/1350/1350
f 1353/1353/1353 1355/1355/1355 1354/1354/1354
f 1355/1355/1355 1356/1356/1356 1354/1354/1354
f 1357/1357/1357 1359/1359/1359 1358/1358/1358
f 1359/1359/1359 1360/1360/1360 1358/1358/1358
f 1361/1361/1361 1363/1363/1363 1362/1362/1362
f 1363/1363/1363 1364/1364/1364 1362/1362/1362
f 1365/1365/1365 1367/1367/1367 1366/1366/1366
f 1367/1367/1367 1368/1368/1368 1366/1366/1366
o structure_rib_2
usemtl hull
v 46.7691126904352 139.1509433962264 -48.318942121299
v 51.12703507853975 139.1509433962264 -46.51383156437675
v 46.7691126904352 68.39622641509435 -48.318942121299
v 51.12703507853975 68.39622641509435 -46.51383156437675
v 53.293167666151724 139.1509433962264 -51.74333823528791
v 48.93524527804718 139.1509433962264 -53.54844879221016
v 53.293167666151724 68.39622641509435 -51.74333823528791
v 48.93524527804718 68.39622641509435 -53.54844879221016
v 53.293167666151724 139.1509433962264 -51.74333823528791
v 51.12703507853975 139.1509433962264 -46.51383156437675
v 48.93524527804718 139.1509433962264 -53.54844879221016
v 46.7691126904352 139.1509433962264 -48.318942121299
v 48.93524527804718 68.39622641509435 -53.54844879221016
v 46.7691126904352 68.39622641509435 -48.318942121299
v 53.293167666151724 68.39622641509435 -51.74333823528791
v 51.12703507853975 68.39622641509435 -46.51383156437675
v 48.93524527804718 139.1509433962264 -53.54844879221016
v 46.7691126904352 139.1509433962264 -48.318942121299
v 48.93524527804718 68.39622641509435 -53.54844879221016
v 46.7691126904352 68.39622641509435 -48.318942121299
v 51.12703507853975 139.1509433962264 -46.51383156437675
v 53.293167666151724 139.1509433962264 -51.74333823528791
v 51.12703507853975 68.39622641509435 -46.51383156437675
v 53.293167666151724 68.39622641509435 -51.74333823528791
vt 0 1
vt 1 1
vt 0 0
vt 1 0
vt 0 1
vt 1 1
vt 0 0
vt 1 0
vt 0 1
vt 1 1
vt 0 0
vt 1 0
vt 0 1
vt 1 1
vt 0 0
vt 1 0
vt 0 1
vt 1 1
vt 0 0
vt 1 0
vt 0 1
vt 1 1
vt 0 0
vt 1 0
vn -0.3826834323650898 0 0.9238795325112868
vn -0.3826834323650898 0 0.9238795325112868
vn -0.3826834323650898 0 0.9238795325112868
vn -0.3826834323650898 0 0.9238795325112868
vn 0.3826834323650898 0 -0.9238795325112868
vn 0.3826834323650898 0 -0.9238795325112868
vn 0.3826834323650898 0 -0.9238795325112868
vn 0.3826834323650898 0 -0.9238795325112868
vn 0 1 0
vn 0 1 0
vn 0 1 0
vn 0 1 0
vn 0 -1 0
vn 0 -1 0
vn 0 -1 0
vn 0 -1 0
vn -0.9238795325112868 0 -0.3826834323650898
vn -0.9238795325112868 0 -0.3826834323650898
vn -0.9238795325112868 0 -0.3826834323650898
vn -0.9238795325112868 0 -0.3826834323650898
vn 0.9238795325112868 0 0.3826834323650898
vn 0.9238795325112868 0 0.3826834323650898
vn 0.9238795325112868 0 0.3826834323650898
vn 0.9238795325112868 0 0.3826834323650898
f 1369/1369/1369 1371/1371/1371 1370/1370/1370
f 1371/1371/1371 1372/1372/1372 1370/1370/1370
f 1373/1373/1373 1375/1375/1375 1374/1374/1374
f 1375/1375/1375 1376/1376/1376 1374/1374/1374
f 1377/1377/1377 1379/1379/1379 1378/1378/1378
f 1379/1379/1379 1380/1380/1380 1378/1378/1378
f 1381/1381/1381 1383/1383/1383 1382/1382/1382
f 1383/1383/1383 1384/1384/1384 1382/1382/1382
f 1385/1385/1385 1387/1387/1387 1386/1386/1386
f 1387/1387/1387 1388/1388/1388 1386/1386/1386
f 1389/1389/1389 1391/1391/1391 1390/1390/1390
f 1391/1391/1391 1392/1392/1392 1390/1390/1390
o structure_seam_2
usemtl plate
v 95.0619908193683 23.58490562874753 -66.63313523274763
v 164.7887490290411 23.58490562874753 -37.75136632199161
v 95.0619908193683 20.754717012761898 -66.63313523274763
v 164.7887490290411 20.754717012761898 -37.75136632199161
v 166.4133485706185 23.58490562874753 -41.67349656869286
v 96.6865903609457 23.58490562874753 -70.55526547944889
v 166.4133485706185 20.754717012761898 -41.67349656869286
v 96.6865903609457 20.754717012761898 -70.55526547944889
v 166.4133485706185 23.58490562874753 -41.67349656869286
v 164.7887490290411 23.58490562874753 -37.75136632199161
v 96.6865903609457 23.58490562874753 -70.55526547944889
v 95.0619908193683 23.58490562874753 -66.63313523274763
v 96.6865903609457 20.754717012761898 -70.55526547944889
v 95.0619908193683 20.754717012761898 -66.63313523274763
v 166.4133485706185 20.754717012761898 -41.67349656869286
v 164.7887490290411 20.754717012761898 -37.75136632199161
v 96.6865903609457 23.58490562874753 -70.55526547944889
v 95.0619908193683 23.58490562874753 -66.63313523274763
v 96.6865903609457 20.754717012761898 -70.55526547944889
v 95.0619908193683 20.754717012761898 -66.63313523274763
v 164.7887490290411 23.58490562874753 -37.75136632199161
v 166.4133485706185 23.58490562874753 -41.67349656869286
v 164.7887490290411 20.754717012761898 -37.75136632199161
v 166.4133485706185 20.754717012761898 -41.67349656869286
vt 0 1
vt 1 1
vt 0 0
vt 1 0
vt 0 1
vt 1 1
vt 0 0
vt 1 0
vt 0 1
vt 1 1
vt 0 0
vt 1 0
vt 0 1
vt 1 1
vt 0 0
vt 1 0
vt 0 1
vt 1 1
vt 0 0
vt 1 0
vt 0 1
vt 1 1
vt 0 0
vt 1 0
vn -0.3826834323650898 0 0.9238795325112868
vn -0.3826834323650898 0 0.9238795325112868
vn -0.3826834323650898 0 0.9238795325112868
vn -0.3826834323650898 0 0.9238795325112868
vn 0.3826834323650898 0 -0.9238795325112868
vn 0.3826834323650898 0 -0.9238795325112868
vn 0.3826834323650898 0 -0.9238795325112868
vn 0.3826834323650898 0 -0.9238795325112868
vn 0 1 0
vn 0 1 0
vn 0 1 0
vn 0 1 0
vn 0 -1 0
vn 0 -1 0
vn 0 -1 0
vn 0 -1 0
vn -0.9238795325112868 0 -0.3826834323650898
vn -0.9238795325112868 0 -0.3826834323650898
vn -0.9238795325112868 0 -0.3826834323650898
vn -0.9238795325112868 0 -0.3826834323650898
vn 0.9238795325112868 0 0.3826834323650898
vn 0.9238795325112868 0 0.3826834323650898
vn 0.9238795325112868 0 0.3826834323650898
vn 0.9238795325112868 0 0.3826834323650898
f 1393/1393/1393 1395/1395/1395 1394/1394/1394
f 1395/1395/1395 1396/1396/1396 1394/1394/1394
f 1397/1397/1397 1399/1399/1399 1398/1398/1398
f 1399/1399/1399 1400/1400/1400 1398/1398/1398
f 1401/1401/1401 1403/1403/1403 1402/1402/1402
f 1403/1403/1403 1404/1404/1404 1402/1402/1402
f 1405/1405/1405 1407/1407/1407 1406/1406/1406
f 1407/1407/1407 1408/1408/1408 1406/1406/1406
f 1409/1409/1409 1411/1411/1411 1410/1410/1410
f 1411/1411/1411 1412/1412/1412 1410/1410/1410
f 1413/1413/1413 1415/1415/1415 1414/1414/1414
f 1415/1415/1415 1416/1416/1416 1414/1414/1414
o structure_window_3
usemtl accent
v 6.563452758673414 88.9150943466515 -56.810045425776536
v 7.285496954544072 88.9150943466515 -55.066876535472815
v 6.563452758673414 85.61320754014096 -56.810045425776536
v 7.285496954544072 85.61320754014096 -55.066876535472815
v 46.50679682403245 88.9150943466515 -71.312870875317
v 45.78475262816179 88.9150943466515 -73.05603976562072
v 46.50679682403245 85.61320754014096 -71.312870875317
v 45.78475262816179 85.61320754014096 -73.05603976562072
v 46.50679682403245 88.9150943466515 -71.312870875317
v 7.285496954544072 88.9150943466515 -55.066876535472815
v 45.78475262816179 88.9150943466515 -73.05603976562072
v 6.563452758673414 88.9150943466515 -56.810045425776536
v 45.78475262816179 85.61320754014096 -73.05603976562072
v 6.563452758673414 85.61320754014096 -56.810045425776536
v 46.50679682403245 85.61320754014096 -71.312870875317
v 7.285496954544072 85.61320754014096 -55.066876535472815
v 45.78475262816179 88.9150943466515 -73.05603976562072
v 6.563452758673414 88.9150943466515 -56.810045425776536
v 45.78475262816179 85.61320754014096 -73.05603976562072
v 6.563452758673414 85.61320754014096 -56.810045425776536
v 7.285496954544072 88.9150943466515 -55.066876535472815
v 46.50679682403245 88.9150943466515 -71.312870875317
v 7.285496954544072 85.61320754014096 -55.066876535472815
v 46.50679682403245 85.61320754014096 -71.312870875317
vt 0 1
vt 1 1
vt 0 0
vt 1 0
vt 0 1
vt 1 1
vt 0 0
vt 1 0
vt 0 1
vt 1 1
vt 0 0
vt 1 0
vt 0 1
vt 1 1
vt 0 0
vt 1 0
vt 0 1
vt 1 1
vt 0 0
vt 1 0
vt 0 1
vt 1 1
vt 0 0
vt 1 0
vn -0.9238795325112867 0 0.3826834323650898
vn -0.9238795325112867 0 0.3826834323650898
vn -0.9238795325112867 0 0.3826834323650898
vn -0.9238795325112867 0 0.3826834323650898
vn 0.9238795325112867 0 -0.3826834323650898
vn 0.9238795325112867 0 -0.3826834323650898
vn 0.9238795325112867 0 -0.3826834323650898
vn 0.9238795325112867 0 -0.3826834323650898
vn 0 1 0
vn 0 1 0
vn 0 1 0
vn 0 1 0
vn 0 -1 0
vn 0 -1 0
vn 0 -1 0
vn 0 -1 0
vn -0.3826834323650898 0 -0.9238795325112867
vn -0.3826834323650898 0 -0.9238795325112867
vn -0.3826834323650898 0 -0.9238795325112867
vn -0.3826834323650898 0 -0.9238795325112867
vn 0.3826834323650898 0 0.9238795325112867
vn 0.3826834323650898 0 0.9238795325112867
vn 0.3826834323650898 0 0.9238795325112867
vn 0.3826834323650898 0 0.9238795325112867
f 1417/1417/1417 1419/1419/1419 1418/1418/1418
f 1419/1419/1419 1420/1420/1420 1418/1418/1418
f 1421/1421/1421 1423/1423/1423 1422/1422/1422
f 1423/1423/1423 1424/1424/1424 1422/1422/1422
f 1425/1425/1425 1427/1427/1427 1426/1426/1426
f 1427/1427/1427 1428/1428/1428 1426/1426/1426
f 1429/1429/1429 1431/1431/1431 1430/1430/1430
f 1431/1431/1431 1432/1432/1432 1430/1430/1430
f 1433/1433/1433 1435/1435/1435 1434/1434/1434
f 1435/1435/1435 1436/1436/1436 1434/1434/1434
f 1437/1437/1437 1439/1439/1439 1438/1438/1438
f 1439/1439/1439 1440/1440/1440 1438/1438/1438
o structure_window_3
usemtl accent
v 6.563452758673414 112.50000000702886 -56.810045425776536
v 7.285496954544072 112.50000000702886 -55.066876535472815
v 6.563452758673414 109.19811320051832 -56.810045425776536
v 7.285496954544072 109.19811320051832 -55.066876535472815
v 46.50679682403245 112.50000000702886 -71.312870875317
v 45.78475262816179 112.50000000702886 -73.05603976562072
v 46.50679682403245 109.19811320051832 -71.312870875317
v 45.78475262816179 109.19811320051832 -73.05603976562072
v 46.50679682403245 112.50000000702886 -71.312870875317
v 7.285496954544072 112.50000000702886 -55.066876535472815
v 45.78475262816179 112.50000000702886 -73.05603976562072
v 6.563452758673414 112.50000000702886 -56.810045425776536
v 45.78475262816179 109.19811320051832 -73.05603976562072
v 6.563452758673414 109.19811320051832 -56.810045425776536
v 46.50679682403245 109.19811320051832 -71.312870875317
v 7.285496954544072 109.19811320051832 -55.066876535472815
v 45.78475262816179 112.50000000702886 -73.05603976562072
v 6.563452758673414 112.50000000702886 -56.810045425776536
v 45.78475262816179 109.19811320051832 -73.05603976562072
v 6.563452758673414 109.19811320051832 -56.810045425776536
v 7.285496954544072 112.50000000702886 -55.066876535472815
v 46.50679682403245 112.50000000702886 -71.312870875317
v 7.285496954544072 109.19811320051832 -55.066876535472815
v 46.50679682403245 109.19811320051832 -71.312870875317
vt 0 1
vt 1 1
vt 0 0
vt 1 0
vt 0 1
vt 1 1
vt 0 0
vt 1 0
vt 0 1
vt 1 1
vt 0 0
vt 1 0
vt 0 1
vt 1 1
vt 0 0
vt 1 0
vt 0 1
vt 1 1
vt 0 0
vt 1 0
vt 0 1
vt 1 1
vt 0 0
vt 1 0
vn -0.9238795325112867 0 0.3826834323650898
vn -0.9238795325112867 0 0.3826834323650898
vn -0.9238795325112867 0 0.3826834323650898
vn -0.9238795325112867 0 0.3826834323650898
vn 0.9238795325112867 0 -0.3826834323650898
vn 0.9238795325112867 0 -0.3826834323650898
vn 0.9238795325112867 0 -0.3826834323650898
vn 0.9238795325112867 0 -0.3826834323650898
vn 0 1 0
vn 0 1 0
vn 0 1 0
vn 0 1 0
vn 0 -1 0
vn 0 -1 0
vn 0 -1 0
vn 0 -1 0
vn -0.3826834323650898 0 -0.9238795325112867
vn -0.3826834323650898 0 -0.9238795325112867
vn -0.3826834323650898 0 -0.9238795325112867
vn -0.3826834323650898 0 -0.9238795325112867
vn 0.3826834323650898 0 0.9238795325112867
vn 0.3826834323650898 0 0.9238795325112867
vn 0.3826834323650898 0 0.9238795325112867
vn 0.3826834323650898 0 0.9238795325112867
f 1441/1441/1441 1443/1443/1443 1442/1442/1442
f 1443/1443/1443 1444/1444/1444 1442/1442/1442
f 1445/1445/1445 1447/1447/1447 1446/1446/1446
f 1447/1447/1447 1448/1448/1448 1446/1446/1446
f 1449/1449/1449 1451/1451/1451 1450/1450/1450
f 1451/1451/1451 1452/1452/1452 1450/1450/1450
f 1453/1453/1453 1455/1455/1455 1454/1454/1454
f 1455/1455/1455 1456/1456/1456 1454/1454/1454
f 1457/1457/1457 1459/1459/1459 1458/1458/1458
f 1459/1459/1459 1460/1460/1460 1458/1458/1458
f 1461/1461/1461 1463/1463/1463 1462/1462/1462
f 1463/1463/1463 1464/1464/1464 1462/1462/1462
o structure_window_3
usemtl accent
v 6.563452758673414 133.2547169987042 -56.810045425776536
v 7.285496954544072 133.2547169987042 -55.066876535472815
v 6.563452758673414 130.8962263975222 -56.810045425776536
v 7.285496954544072 130.8962263975222 -55.066876535472815
v 46.50679682403245 133.2547169987042 -71.312870875317
v 45.78475262816179 133.2547169987042 -73.05603976562072
v 46.50679682403245 130.8962263975222 -71.312870875317
v 45.78475262816179 130.8962263975222 -73.05603976562072
v 46.50679682403245 133.2547169987042 -71.312870875317
v 7.285496954544072 133.2547169987042 -55.066876535472815
v 45.78475262816179 133.2547169987042 -73.05603976562072
v 6.563452758673414 133.2547169987042 -56.810045425776536
v 45.78475262816179 130.8962263975222 -73.05603976562072
v 6.563452758673414 130.8962263975222 -56.810045425776536
v 46.50679682403245 130.8962263975222 -71.312870875317
v 7.285496954544072 130.8962263975222 -55.066876535472815
v 45.78475262816179 133.2547169987042 -73.05603976562072
v 6.563452758673414 133.2547169987042 -56.810045425776536
v 45.78475262816179 130.8962263975222 -73.05603976562072
v 6.563452758673414 130.8962263975222 -56.810045425776536
v 7.285496954544072 133.2547169987042 -55.066876535472815
v 46.50679682403245 133.2547169987042 -71.312870875317
v 7.285496954544072 130.8962263975222 -55.066876535472815
v 46.50679682403245 130.8962263975222 -71.312870875317
vt 0 1
vt 1 1
vt 0 0
vt 1 0
vt 0 1
vt 1 1
vt 0 0
vt 1 0
vt 0 1
vt 1 1
vt 0 0
vt 1 0
vt 0 1
vt 1 1
vt 0 0
vt 1 0
vt 0 1
vt 1 1
vt 0 0
vt 1 0
vt 0 1
vt 1 1
vt 0 0
vt 1 0
vn -0.9238795325112867 0 0.3826834323650898
vn -0.9238795325112867 0 0.3826834323650898
vn -0.9238795325112867 0 0.3826834323650898
vn -0.9238795325112867 0 0.3826834323650898
vn 0.9238795325112867 0 -0.3826834323650898
vn 0.9238795325112867 0 -0.3826834323650898
vn 0.9238795325112867 0 -0.3826834323650898
vn 0.9238795325112867 0 -0.3826834323650898
vn 0 1 0
vn 0 1 0
vn 0 1 0
vn 0 1 0
vn 0 -1 0
vn 0 -1 0
vn 0 -1 0
vn 0 -1 0
vn -0.3826834323650898 0 -0.9238795325112867
vn -0.3826834323650898 0 -0.9238795325112867
vn -0.3826834323650898 0 -0.9238795325112867
vn -0.3826834323650898 0 -0.9238795325112867
vn 0.3826834323650898 0 0.9238795325112867
vn 0.3826834323650898 0 0.9238795325112867
vn 0.3826834323650898 0 0.9238795325112867
vn 0.3826834323650898 0 0.9238795325112867
f 1465/1465/1465 1467/1467/1467 1466/1466/1466
f 1467/1467/1467 1468/1468/1468 1466/1466/1466
f 1469/1469/1469 1471/1471/1471 1470/1470/1470
f 1471/1471/1471 1472/1472/1472 1470/1470/1470
f 1473/1473/1473 1475/1475/1475 1474/1474/1474
f 1475/1475/1475 1476/1476/1476 1474/1474/1474
f 1477/1477/1477 1479/1479/1479 1478/1478/1478
f 1479/1479/1479 1480/1480/1480 1478/1478/1478
f 1481/1481/1481 1483/1483/1483 1482/1482/1482
f 1483/1483/1483 1484/1484/1484 1482/1482/1482
f 1485/1485/1485 1487/1487/1487 1486/1486/1486
f 1487/1487/1487 1488/1488/1488 1486/1486/1486
o structure_rib_3
usemtl hull
v -3.5173086139166925 139.1509433962264 -71.85061188137837
v -1.712198056994441 139.1509433962264 -67.49268949327382
v -3.5173086139166925 68.39622641509435 -71.85061188137837
v -1.712198056994441 68.39622641509435 -67.49268949327382
v 3.5173086139167102 139.1509433962264 -69.65882208088578
v 1.7121980569944584 139.1509433962264 -74.01674446899034
v 3.5173086139167102 68.39622641509435 -69.65882208088578
v 1.7121980569944584 68.39622641509435 -74.01674446899034
v 3.5173086139167102 139.1509433962264 -69.65882208088578
v -1.712198056994441 139.1509433962264 -67.49268949327382
v 1.7121980569944584 139.1509433962264 -74.01674446899034
v -3.5173086139166925 139.1509433962264 -71.85061188137837
v 1.7121980569944584 68.39622641509435 -74.01674446899034
v -3.5173086139166925 68.39622641509435 -71.85061188137837
v 3.5173086139167102 68.39622641509435 -69.65882208088578
v -1.712198056994441 68.39622641509435 -67.49268949327382
v 1.7121980569944584 139.1509433962264 -74.01674446899034
v -3.5173086139166925 139.1509433962264 -71.85061188137837
v 1.7121980569944584 68.39622641509435 -74.01674446899034
v -3.5173086139166925 68.39622641509435 -71.85061188137837
v -1.712198056994441 139.1509433962264 -67.49268949327382
v 3.5173086139167102 139.1509433962264 -69.65882208088578
v -1.712198056994441 68.39622641509435 -67.49268949327382
v 3.5173086139167102 68.39622641509435 -69.65882208088578
vt 0 1
vt 1 1
vt 0 0
vt 1 0
vt 0 1
vt 1 1
vt 0 0
vt 1 0
vt 0 1
vt 1 1
vt 0 0
vt 1 0
vt 0 1
vt 1 1
vt 0 0
vt 1 0
vt 0 1
vt 1 1
vt 0 0
vt 1 0
vt 0 1
vt 1 1
vt 0 0
vt 1 0
vn -0.9238795325112867 0 0.3826834323650898
vn -0.9238795325112867 0 0.3826834323650898
vn -0.9238795325112867 0 0.3826834323650898
vn -0.9238795325112867 0 0.3826834323650898
vn 0.9238795325112867 0 -0.3826834323650898
vn 0.9238795325112867 0 -0.3826834323650898
vn 0.9238795325112867 0 -0.3826834323650898
vn 0.9238795325112867 0 -0.3826834323650898
vn 0 1 0
vn 0 1 0
vn 0 1 0
vn 0 1 0
vn 0 -1 0
vn 0 -1 0
vn 0 -1 0
vn 0 -1 0
vn -0.3826834323650898 0 -0.9238795325112867
vn -0.3826834323650898 0 -0.9238795325112867
vn -0.3826834323650898 0 -0.9238795325112867
vn -0.3826834323650898 0 -0.9238795325112867
vn 0.3826834323650898 0 0.9238795325112867
vn 0.3826834323650898 0 0.9238795325112867
vn 0.3826834323650898 0 0.9238795325112867
vn 0.3826834323650898 0 0.9238795325112867
f 1489/1489/1489 1491/1491/1491 1490/1490/1490
f 1491/1491/1491 1492/1492/1492 1490/1490/1490
f 1493/1493/1493 1495/1495/1495 1494/1494/1494
f 1495/1495/1495 1496/1496/1496 1494/1494/1494
f 1497/1497/1497 1499/1499/1499 1498/1498/1498
f 1499/1499/1499 1500/1500/1500 1498/1498/1498
f 1501/1501/1501 1503/1503/1503 1502/1502/1502
f 1503/1503/1503 1504/1504/1504 1502/1502/1502
f 1505/1505/1505 1507/1507/1507 1506/1506/1506
f 1507/1507/1507 1508/1508/1508 1506/1506/1506
f 1509/1509/1509 1511/1511/1511 1510/1510/1510
f 1511/1511/1511 1512/1512/1512 1510/1510/1510
o structure_seam_3
usemtl plate
v 37.75136632199163 23.58490562874753 -164.7887490290411
v 66.63313523274766 23.58490562874753 -95.0619908193683
v 37.75136632199163 20.754717012761898 -164.7887490290411
v 66.63313523274766 20.754717012761898 -95.0619908193683
v 70.5552654794489 23.58490562874753 -96.6865903609457
v 41.67349656869288 23.58490562874753 -166.4133485706185
v 70.5552654794489 20.754717012761898 -96.6865903609457
v 41.67349656869288 20.754717012761898 -166.4133485706185
v 70.5552654794489 23.58490562874753 -96.6865903609457
v 66.63313523274766 23.58490562874753 -95.0619908193683
v 41.67349656869288 23.58490562874753 -166.4133485706185
v 37.75136632199163 23.58490562874753 -164.7887490290411
v 41.67349656869288 20.754717012761898 -166.4133485706185
v 37.75136632199163 20.754717012761898 -164.7887490290411
v 70.5552654794489 20.754717012761898 -96.6865903609457
v 66.63313523274766 20.754717012761898 -95.0619908193683
v 41.67349656869288 23.58490562874753 -166.4133485706185
v 37.75136632199163 23.58490562874753 -164.7887490290411
v 41.67349656869288 20.754717012761898 -166.4133485706185
v 37.75136632199163 20.754717012761898 -164.7887490290411
v 66.63313523274766 23.58490562874753 -95.0619908193683
v 70.5552654794489 23.58490562874753 -96.6865903609457
v 66.63313523274766 20.754717012761898 -95.0619908193683
v 70.5552654794489 20.754717012761898 -96.6865903609457
vt 0 1
vt 1 1
vt 0 0
vt 1 0
vt 0 1
vt 1 1
vt 0 0
vt 1 0
vt 0 1
vt 1 1
vt 0 0
vt 1 0
vt 0 1
vt 1 1
vt 0 0
vt 1 0
vt 0 1
vt 1 1
vt 0 0
vt 1 0
vt 0 1
vt 1 1
vt 0 0
vt 1 0
vn -0.9238795325112867 0 0.3826834323650898
vn -0.9238795325112867 0 0.3826834323650898
vn -0.9238795325112867 0 0.3826834323650898
vn -0.9238795325112867 0 0.3826834323650898
vn 0.9238795325112867 0 -0.3826834323650898
vn 0.9238795325112867 0 -0.3826834323650898
vn 0.9238795325112867 0 -0.3826834323650898
vn 0.9238795325112867 0 -0.3826834323650898
vn 0 1 0
vn 0 1 0
vn 0 1 0
vn 0 1 0
vn 0 -1 0
vn 0 -1 0
vn 0 -1 0
vn 0 -1 0
vn -0.3826834323650898 0 -0.9238795325112867
vn -0.3826834323650898 0 -0.9238795325112867
vn -0.3826834323650898 0 -0.9238795325112867
vn -0.3826834323650898 0 -0.9238795325112867
vn 0.3826834323650898 0 0.9238795325112867
vn 0.3826834323650898 0 0.9238795325112867
vn 0.3826834323650898 0 0.9238795325112867
vn 0.3826834323650898 0 0.9238795325112867
f 1513/1513/1513 1515/1515/1515 1514/1514/1514
f 1515/1515/1515 1516/1516/1516 1514/1514/1514
f 1517/1517/1517 1519/1519/1519 1518/1518/1518
f 1519/1519/1519 1520/1520/1520 1518/1518/1518
f 1521/1521/1521 1523/1523/1523 1522/1522/1522
f 1523/1523/1523 1524/1524/1524 1522/1522/1522
f 1525/1525/1525 1527/1527/1527 1526/1526/1526
f 1527/1527/1527 1528/1528/1528 1526/1526/1526
f 1529/1529/1529 1531/1531/1531 1530/1530/1530
f 1531/1531/1531 1532/1532/1532 1530/1530/1530
f 1533/1533/1533 1535/1535/1535 1534/1534/1534
f 1535/1535/1535 1536/1536/1536 1534/1534/1534
o structure_window_4
usemtl accent
v -45.784752628161776 88.9150943466515 -73.05603976562072
v -46.506796824032435 88.9150943466515 -71.312870875317
v -45.784752628161776 85.61320754014096 -73.05603976562072
v -46.506796824032435 85.61320754014096 -71.312870875317
v -7.285496954544058 88.9150943466515 -55.06687653547282
v -6.5634527586733995 88.9150943466515 -56.810045425776536
v -7.285496954544058 85.61320754014096 -55.06687653547282
v -6.5634527586733995 85.61320754014096 -56.810045425776536
v -7.285496954544058 88.9150943466515 -55.06687653547282
v -46.506796824032435 88.9150943466515 -71.312870875317
v -6.5634527586733995 88.9150943466515 -56.810045425776536
v -45.784752628161776 88.9150943466515 -73.05603976562072
v -6.5634527586733995 85.61320754014096 -56.810045425776536
v -45.784752628161776 85.61320754014096 -73.05603976562072
v -7.285496954544058 85.61320754014096 -55.06687653547282
v -46.506796824032435 85.61320754014096 -71.312870875317
v -6.5634527586733995 88.9150943466515 -56.810045425776536
v -45.784752628161776 88.9150943466515 -73.05603976562072
v -6.5634527586733995 85.61320754014096 -56.810045425776536
v -45.784752628161776 85.61320754014096 -73.05603976562072
v -46.506796824032435 88.9150943466515 -71.312870875317
v -7.285496954544058 88.9150943466515 -55.06687653547282
v -46.506796824032435 85.61320754014096 -71.312870875317
v -7.285496954544058 85.61320754014096 -55.06687653547282
vt 0 1
vt 1 1
vt 0 0
vt 1 0
vt 0 1
vt 1 1
vt 0 0
vt 1 0
vt 0 1
vt 1 1
vt 0 0
vt 1 0
vt 0 1
vt 1 1
vt 0 0
vt 1 0
vt 0 1
vt 1 1
vt 0 0
vt 1 0
vt 0 1
vt 1 1
vt 0 0
vt 1 0
vn -0.9238795325112868 0 -0.3826834323650896
vn -0.9238795325112868 0 -0.3826834323650896
vn -0.9238795325112868 0 -0.3826834323650896
vn -0.9238795325112868 0 -0.3826834323650896
vn 0.9238795325112868 0 0.3826834323650896
vn 0.9238795325112868 0 0.3826834323650896
vn 0.9238795325112868 0 0.3826834323650896
vn 0.9238795325112868 0 0.3826834323650896
vn 0 1 0
vn 0 1 0
vn 0 1 0
vn 0 1 0
vn 0 -1 0
vn 0 -1 0
vn 0 -1 0
vn 0 -1 0
vn 0.3826834323650896 0 -0.9238795325112868
vn 0.3826834323650896 0 -0.9238795325112868
vn 0.3826834323650896 0 -0.9238795325112868
vn 0.3826834323650896 0 -0.9238795325112868
vn -0.3826834323650896 0 0.9238795325112868
vn -0.3826834323650896 0 0.9238795325112868
vn -0.3826834323650896 0 0.9238795325112868
vn -0.3826834323650896 0 0.9238795325112868
f 1537/1537/1537 1539/1539/1539 1538/1538/1538
f 1539/1539/1539 1540/1540/1540 1538/1538/1538
f 1541/1541/1541 1543/1543/1543 1542/1542/1542
f 1543/1543/1543 1544/1544/1544 1542/1542/1542
f 1545/1545/1545 1547/1547/1547 1546/1546/1546
f 1547/1547/1547 1548/1548/1548 1546/1546/1546
f 1549/1549/1549 1551/1551/1551 1550/1550/1550
f 1551/1551/1551 1552/1552/1552 1550/1550/1550
f 1553/1553/1553 1555/1555/1555 1554/1554/1554
f 1555/1555/1555 1556/1556/1556 1554/1554/1554
f 1557/1557/1557 1559/1559/1559 1558/1558/1558
f 1559/1559/1559 1560/1560/1560 1558/1558/1558
o structure_window_4
usemtl accent
v -45.784752628161776 112.50000000702886 -73.05603976562072
v -46.506796824032435 112.50000000702886 -71.312870875317
v -45.784752628161776 109.19811320051832 -73.05603976562072
v -46.506796824032435 109.19811320051832 -71.312870875317
v -7.285496954544058 112.50000000702886 -55.06687653547282
v -6.5634527586733995 112.50000000702886 -56.810045425776536
v -7.285496954544058 109.19811320051832 -55.06687653547282
v -6.5634527586733995 109.19811320051832 -56.810045425776536
v -7.285496954544058 112.50000000702886 -55.06687653547282
v -46.506796824032435 112.50000000702886 -71.312870875317
v -6.5634527586733995 112.50000000702886 -56.810045425776536
v -45.784752628161776 112.50000000702886 -73.05603976562072
v -6.5634527586733995 109.19811320051832 -56.810045425776536
v -45.784752628161776 109.19811320051832 -73.05603976562072
v -7.285496954544058 109.19811320051832 -55.06687653547282
v -46.506796824032435 109.19811320051832 -71.312870875317
v -6.5634527586733995 112.50000000702886 -56.810045425776536
v -45.784752628161776 112.50000000702886 -73.05603976562072
v -6.5634527586733995 109.19811320051832 -56.810045425776536
v -45.784752628161776 109.19811320051832 -73.05603976562072
v -46.506796824032435 112.50000000702886 -71.312870875317
v -7.285496954544058 112.50000000702886 -55.06687653547282
v -46.506796824032435 109.19811320051832 -71.312870875317
v -7.285496954544058 109.19811320051832 -55.06687653547282
vt 0 1
vt 1 1
vt 0 0
vt 1 0
vt 0 1
vt 1 1
vt 0 0
vt 1 0
vt 0 1
vt 1 1
vt 0 0
vt 1 0
vt 0 1
vt 1 1
vt 0 0
vt 1 0
vt 0 1
vt 1 1
vt 0 0
vt 1 0
vt 0 1
vt 1 1
vt 0 0
vt 1 0
vn -0.9238795325112868 0 -0.3826834323650896
vn -0.9238795325112868 0 -0.3826834323650896
vn -0.9238795325112868 0 -0.3826834323650896
vn -0.9238795325112868 0 -0.3826834323650896
vn 0.9238795325112868 0 0.3826834323650896
vn 0.9238795325112868 0 0.3826834323650896
vn 0.9238795325112868 0 0.3826834323650896
vn 0.9238795325112868 0 0.3826834323650896
vn 0 1 0
vn 0 1 0
vn 0 1 0
vn 0 1 0
vn 0 -1 0
vn 0 -1 0
vn 0 -1 0
vn 0 -1 0
vn 0.3826834323650896 0 -0.9238795325112868
vn 0.3826834323650896 0 -0.9238795325112868
vn 0.3826834323650896 0 -0.9238795325112868
vn 0.3826834323650896 0 -0.9238795325112868
vn -0.3826834323650896 0 0.9238795325112868
vn -0.3826834323650896 0 0.9238795325112868
vn -0.3826834323650896 0 0.9238795325112868
vn -0.3826834323650896 0 0.9238795325112868
f 1561/1561/1561 1563/1563/1563 1562/1562/1562
f 1563/1563/1563 1564/1564/1564 1562/1562/1562
f 1565/1565/1565 1567/1567/1567 1566/1566/1566
f 1567/1567/1567 1568/1568/1568 1566/1566/1566
f 1569/1569/1569 1571/1571/1571 1570/1570/1570
f 1571/1571/1571 1572/1572/1572 1570/1570/1570
f 1573/1573/1573 1575/1575/1575 1574/1574/1574
f 1575/1575/1575 1576/1576/1576 1574/1574/1574
f 1577/1577/1577 1579/1579/1579 1578/1578/1578
f 1579/1579/1579 1580/1580/1580 1578/1578/1578
f 1581/1581/1581 1583/1583/1583 1582/1582/1582
f 1583/1583/1583 1584/1584/1584 1582/1582/1582
o structure_window_4
usemtl accent
v -45.784752628161776 133.2547169987042 -73.05603976562072
v -46.506796824032435 133.2547169987042 -71.312870875317
v -45.784752628161776 130.8962263975222 -73.05603976562072
v -46.506796824032435 130.8962263975222 -71.312870875317
v -7.285496954544058 133.2547169987042 -55.06687653547282
v -6.5634527586733995 133.2547169987042 -56.810045425776536
v -7.285496954544058 130.8962263975222 -55.06687653547282
v -6.5634527586733995 130.8962263975222 -56.810045425776536
v -7.285496954544058 133.2547169987042 -55.06687653547282
v -46.506796824032435 133.2547169987042 -71.312870875317
v -6.5634527586733995 133.2547169987042 -56.810045425776536
v -45.784752628161776 133.2547169987042 -73.05603976562072
v -6.5634527586733995 130.8962263975222 -56.810045425776536
v -45.784752628161776 130.8962263975222 -73.05603976562072
v -7.285496954544058 130.8962263975222 -55.06687653547282
v -46.506796824032435 130.8962263975222 -71.312870875317
v -6.5634527586733995 133.2547169987042 -56.810045425776536
v -45.784752628161776 133.2547169987042 -73.05603976562072
v -6.5634527586733995 130.8962263975222 -56.810045425776536
v -45.784752628161776 130.8962263975222 -73.05603976562072
v -46.506796824032435 133.2547169987042 -71.312870875317
v -7.285496954544058 133.2547169987042 -55.06687653547282
v -46.506796824032435 130.8962263975222 -71.312870875317
v -7.285496954544058 130.8962263975222 -55.06687653547282
vt 0 1
vt 1 1
vt 0 0
vt 1 0
vt 0 1
vt 1 1
vt 0 0
vt 1 0
vt 0 1
vt 1 1
vt 0 0
vt 1 0
vt 0 1
vt 1 1
vt 0 0
vt 1 0
vt 0 1
vt 1 1
vt 0 0
vt 1 0
vt 0 1
vt 1 1
vt 0 0
vt 1 0
vn -0.9238795325112868 0 -0.3826834323650896
vn -0.9238795325112868 0 -0.3826834323650896
vn -0.9238795325112868 0 -0.3826834323650896
vn -0.9238795325112868 0 -0.3826834323650896
vn 0.9238795325112868 0 0.3826834323650896
vn 0.9238795325112868 0 0.3826834323650896
vn 0.9238795325112868 0 0.3826834323650896
vn 0.9238795325112868 0 0.3826834323650896
vn 0 1 0
vn 0 1 0
vn 0 1 0
vn 0 1 0
vn 0 -1 0
vn 0 -1 0
vn 0 -1 0
vn 0 -1 0
vn 0.3826834323650896 0 -0.9238795325112868
vn 0.3826834323650896 0 -0.9238795325112868
vn 0.3826834323650896 0 -0.9238795325112868
vn 0.3826834323650896 0 -0.9238795325112868
vn -0.3826834323650896 0 0.9238795325112868
vn -0.3826834323650896 0 0.9238795325112868
vn -0.3826834323650896 0 0.9238795325112868
vn -0.3826834323650896 0 0.9238795325112868
f 1585/1585/1585 1587/1587/1587 1586/1586/1586
f 1587/1587/1587 1588/1588/1588 1586/1586/1586
f 1589/1589/1589 1591/1591/1591 1590/1590/1590
f 1591/1591/1591 1592/1592/1592 1590/1590/1590
f 1593/1593/1593 1595/1595/1595 1594/1594/1594
f 1595/1595/1595 1596/1596/1596 1594/1594/1594
f 1597/1597/1597 1599/1599/1599 1598/1598/1598
f 1599/1599/1599 1600/1600/1600 1598/1598/1598
f 1601/1601/1601 1603/1603/1603 1602/1602/1602
f 1603/1603/1603 1604/1604/1604 1602/1602/1602
f 1605/1605/1605 1607/1607/1607 1606/1606/1606
f 1607/1607/1607 1608/1608/1608 1606/1606/1606
o structure_rib_4
usemtl hull
v -51.74333823528791 139.1509433962264 -53.293167666151724
v -53.54844879221016 139.1509433962264 -48.93524527804718
v -51.74333823528791 68.39622641509435 -53.293167666151724
v -53.54844879221016 68.39622641509435 -48.93524527804718
v -48.318942121299 139.1509433962264 -46.7691126904352
v -46.51383156437675 139.1509433962264 -51.12703507853975
v -48.318942121299 68.39622641509435 -46.7691126904352
v -46.51383156437675 68.39622641509435 -51.12703507853975
v -48.318942121299 139.1509433962264 -46.7691126904352
v -53.54844879221016 139.1509433962264 -48.93524527804718
v -46.51383156437675 139.1509433962264 -51.12703507853975
v -51.74333823528791 139.1509433962264 -53.293167666151724
v -46.51383156437675 68.39622641509435 -51.12703507853975
v -51.74333823528791 68.39622641509435 -53.293167666151724
v -48.318942121299 68.39622641509435 -46.7691126904352
v -53.54844879221016 68.39622641509435 -48.93524527804718
v -46.51383156437675 139.1509433962264 -51.12703507853975
v -51.74333823528791 139.1509433962264 -53.293167666151724
v -46.51383156437675 68.39622641509435 -51.12703507853975
v -51.74333823528791 68.39622641509435 -53.293167666151724
v -53.54844879221016 139.1509433962264 -48.93524527804718
v -48.318942121299 139.1509433962264 -46.7691126904352
v -53.54844879221016 68.39622641509435 -48.93524527804718
v -48.318942121299 68.39622641509435 -46.7691126904352
vt 0 1
vt 1 1
vt 0 0
vt 1 0
vt 0 1
vt 1 1
vt 0 0
vt 1 0
vt 0 1
vt 1 1
vt 0 0
vt 1 0
vt 0 1
vt 1 1
vt 0 0
vt 1 0
vt 0 1
vt 1 1
vt 0 0
vt 1 0
vt 0 1
vt 1 1
vt 0 0
vt 1 0
vn -0.9238795325112868 0 -0.3826834323650896
vn -0.9238795325112868 0 -0.3826834323650896
vn -0.9238795325112868 0 -0.3826834323650896
vn -0.9238795325112868 0 -0.3826834323650896
vn 0.9238795325112868 0 0.3826834323650896
vn 0.9238795325112868 0 0.3826834323650896
vn 0.9238795325112868 0 0.3826834323650896
vn 0.9238795325112868 0 0.3826834323650896
vn 0 1 0
vn 0 1 0
vn 0 1 0
vn 0 1 0
vn 0 -1 0
vn 0 -1 0
vn 0 -1 0
vn 0 -1 0
vn 0.3826834323650896 0 -0.9238795325112868
vn 0.3826834323650896 0 -0.9238795325112868
vn 0.3826834323650896 0 -0.9238795325112868
vn 0.3826834323650896 0 -0.9238795325112868
vn -0.3826834323650896 0 0.9238795325112868
vn -0.3826834323650896 0 0.9238795325112868
vn -0.3826834323650896 0 0.9238795325112868
vn -0.3826834323650896 0 0.9238795325112868
f 1609/1609/1609 1611/1611/1611 1610/1610/1610
f 1611/1611/1611 1612/1612/1612 1610/1610/1610
f 1613/1613/1613 1615/1615/1615 1614/1614/1614
f 1615/1615/1615 1616/1616/1616 1614/1614/1614
f 1617/1617/1617 1619/1619/1619 1618/1618/1618
f 1619/1619/1619 1620/1620/1620 1618/1618/1618
f 1621/1621/1621 1623/1623/1623 1622/1622/1622
f 1623/1623/1623 1624/1624/1624 1622/1622/1622
f 1625/1625/1625 1627/1627/1627 1626/1626/1626
f 1627/1627/1627 1628/1628/1628 1626/1626/1626
f 1629/1629/1629 1631/1631/1631 1630/1630/1630
f 1631/1631/1631 1632/1632/1632 1630/1630/1630
o structure_seam_4
usemtl plate
v -41.673496568692855 23.58490562874753 -166.41334857061852
v -70.55526547944886 23.58490562874753 -96.68659036094573
v -41.673496568692855 20.754717012761898 -166.41334857061852
v -70.55526547944886 20.754717012761898 -96.68659036094573
v -66.63313523274762 23.58490562874753 -95.06199081936833
v -37.75136632199161 23.58490562874753 -164.78874902904113
v -66.63313523274762 20.754717012761898 -95.06199081936833
v -37.75136632199161 20.754717012761898 -164.78874902904113
v -66.63313523274762 23.58490562874753 -95.06199081936833
v -70.55526547944886 23.58490562874753 -96.68659036094573
v -37.75136632199161 23.58490562874753 -164.78874902904113
v -41.673496568692855 23.58490562874753 -166.41334857061852
v -37.75136632199161 20.754717012761898 -164.78874902904113
v -41.673496568692855 20.754717012761898 -166.41334857061852
v -66.63313523274762 20.754717012761898 -95.06199081936833
v -70.55526547944886 20.754717012761898 -96.68659036094573
v -37.75136632199161 23.58490562874753 -164.78874902904113
v -41.673496568692855 23.58490562874753 -166.41334857061852
v -37.75136632199161 20.754717012761898 -164.78874902904113
v -41.673496568692855 20.754717012761898 -166.41334857061852
v -70.55526547944886 23.58490562874753 -96.68659036094573
v -66.63313523274762 23.58490562874753 -95.06199081936833
v -70.55526547944886 20.754717012761898 -96.68659036094573
v -66.63313523274762 20.754717012761898 -95.06199081936833
vt 0 1
vt 1 1
vt 0 0
vt 1 0
vt 0 1
vt 1 1
vt 0 0
vt 1 0
vt 0 1
vt 1 1
vt 0 0
vt 1 0
vt 0 1
vt 1 1
vt 0 0
vt 1 0
vt 0 1
vt 1 1
vt 0 0
vt 1 0
vt 0 1
vt 1 1
vt 0 0
vt 1 0
vn -0.9238795325112868 0 -0.3826834323650896
vn -0.9238795325112868 0 -0.3826834323650896
vn -0.9238795325112868 0 -0.3826834323650896
vn -0.9238795325112868 0 -0.3826834323650896
vn 0.9238795325112868 0 0.3826834323650896
vn 0.9238795325112868 0 0.3826834323650896
vn 0.9238795325112868 0 0.3826834323650896
vn 0.9238795325112868 0 0.3826834323650896
vn 0 1 0
vn 0 1 0
vn 0 1 0
vn 0 1 0
vn 0 -1 0
vn 0 -1 0
vn 0 -1 0
vn 0 -1 0
vn 0.3826834323650896 0 -0.9238795325112868
vn 0.3826834323650896 0 -0.9238795325112868
vn 0.3826834323650896 0 -0.9238795325112868
vn 0.3826834323650896 0 -0.9238795325112868
vn -0.3826834323650896 0 0.9238795325112868
vn -0.3826834323650896 0 0.9238795325112868
vn -0.3826834323650896 0 0.9238795325112868
vn -0.3826834323650896 0 0.9238795325112868
f 1633/1633/1633 1635/1635/1635 1634/1634/1634
f 1635/1635/1635 1636/1636/1636 1634/1634/1634
f 1637/1637/1637 1639/1639/1639 1638/1638/1638
f 1639/1639/1639 1640/1640/1640 1638/1638/1638
f 1641/1641/1641 1643/1643/1643 1642/1642/1642
f 1643/1643/1643 1644/1644/1644 1642/1642/1642
f 1645/1645/1645 1647/1647/1647 1646/1646/1646
f 1647/1647/1647 1648/1648/1648 1646/1646/1646
f 1649/1649/1649 1651/1651/1651 1650/1650/1650
f 1651/1651/1651 1652/1652/1652 1650/1650/1650
f 1653/1653/1653 1655/1655/1655 1654/1654/1654
f 1655/1655/1655 1656/1656/1656 1654/1654/1654
o structure_window_5
usemtl accent
v -71.312870875317 88.9150943466515 -46.50679682403248
v -73.05603976562072 88.9150943466515 -45.78475262816181
v -71.312870875317 85.61320754014096 -46.50679682403248
v -73.05603976562072 85.61320754014096 -45.78475262816181
v -56.81004542577651 88.9150943466515 -6.563452758673453
v -55.06687653547279 88.9150943466515 -7.2854969545441115
v -56.81004542577651 85.61320754014096 -6.563452758673453
v -55.06687653547279 85.61320754014096 -7.2854969545441115
v -56.81004542577651 88.9150943466515 -6.563452758673453
v -73.05603976562072 88.9150943466515 -45.78475262816181
v -55.06687653547279 88.9150943466515 -7.2854969545441115
v -71.312870875317 88.9150943466515 -46.50679682403248
v -55.06687653547279 85.61320754014096 -7.2854969545441115
v -71.312870875317 85.61320754014096 -46.50679682403248
v -56.81004542577651 85.61320754014096 -6.563452758673453
v -73.05603976562072 85.61320754014096 -45.78475262816181
v -55.06687653547279 88.9150943466515 -7.2854969545441115
v -71.312870875317 88.9150943466515 -46.50679682403248
v -55.06687653547279 85.61320754014096 -7.2854969545441115
v -71.312870875317 85.61320754014096 -46.50679682403248
v -73.05603976562072 88.9150943466515 -45.78475262816181
v -56.81004542577651 88.9150943466515 -6.563452758673453
v -73.05603976562072 85.61320754014096 -45.78475262816181
v -56.81004542577651 85.61320754014096 -6.563452758673453
vt 0 1
vt 1 1
vt 0 0
vt 1 0
vt 0 1
vt 1 1
vt 0 0
vt 1 0
vt 0 1
vt 1 1
vt 0 0
vt 1 0
vt 0 1
vt 1 1
vt 0 0
vt 1 0
vt 0 1
vt 1 1
vt 0 0
vt 1 0
vt 0 1
vt 1 1
vt 0 0
vt 1 0
vn -0.3826834323650905 0 -0.9238795325112865
vn -0.3826834323650905 0 -0.9238795325112865
vn -0.3826834323650905 0 -0.9238795325112865
vn -0.3826834323650905 0 -0.9238795325112865
vn 0.3826834323650905 0 0.9238795325112865
vn 0.3826834323650905 0 0.9238795325112865
vn 0.3826834323650905 0 0.9238795325112865
vn 0.3826834323650905 0 0.9238795325112865
vn 0 1 0
vn 0 1 0
vn 0 1 0
vn 0 1 0
vn 0 -1 0
vn 0 -1 0
vn 0 -1 0
vn 0 -1 0
vn 0.9238795325112865 0 -0.3826834323650905
vn 0.9238795325112865 0 -0.3826834323650905
vn 0.9238795325112865 0 -0.3826834323650905
vn 0.9238795325112865 0 -0.3826834323650905
vn -0.9238795325112865 0 0.3826834323650905
vn -0.9238795325112865 0 0.3826834323650905
vn -0.9238795325112865 0 0.3826834323650905
vn -0.9238795325112865 0 0.3826834323650905
f 1657/1657/1657 1659/1659/1659 1658/1658/1658
f 1659/1659/1659 1660/1660/1660 1658/1658/1658
f 1661/1661/1661 1663/1663/1663 1662/1662/1662
f 1663/1663/1663 1664/1664/1664 1662/1662/1662
f 1665/1665/1665 1667/1667/1667 1666/1666/1666
f 1667/1667/1667 1668/1668/1668 1666/1666/1666
f 1669/1669/1669 1671/1671/1671 1670/1670/1670
f 1671/1671/1671 1672/1672/1672 1670/1670/1670
f 1673/1673/1673 1675/1675/1675 1674/1674/1674
f 1675/1675/1675 1676/1676/1676 1674/1674/1674
f 1677/1677/1677 1679/1679/1679 1678/1678/1678
f 1679/1679/1679 1680/1680/1680 1678/1678/1678
o structure_window_5
usemtl accent
v -71.312870875317 112.50000000702886 -46.50679682403248
v -73.05603976562072 112.50000000702886 -45.78475262816181
v -71.312870875317 109.19811320051832 -46.50679682403248
v -73.05603976562072 109.19811320051832 -45.78475262816181
v -56.81004542577651 112.50000000702886 -6.563452758673453
v -55.06687653547279 112.50000000702886 -7.2854969545441115
v -56.81004542577651 109.19811320051832 -6.563452758673453
v -55.06687653547279 109.19811320051832 -7.2854969545441115
v -56.81004542577651 112.50000000702886 -6.563452758673453
v -73.05603976562072 112.50000000702886 -45.78475262816181
v -55.06687653547279 112.50000000702886 -7.2854969545441115
v -71.312870875317 112.50000000702886 -46.50679682403248
v -55.06687653547279 109.19811320051832 -7.2854969545441115
v -71.312870875317 109.19811320051832 -46.50679682403248
v -56.81004542577651 109.19811320051832 -6.563452758673453
v -73.05603976562072 109.19811320051832 -45.78475262816181
v -55.06687653547279 112.50000000702886 -7.2854969545441115
v -71.312870875317 112.50000000702886 -46.50679682403248
v -55.06687653547279 109.19811320051832 -7.2854969545441115
v -71.312870875317 109.19811320051832 -46.50679682403248
v -73.05603976562072 112.50000000702886 -45.78475262816181
v -56.81004542577651 112.50000000702886 -6.563452758673453
v -73.05603976562072 109.19811320051832 -45.78475262816181
v -56.81004542577651 109.19811320051832 -6.563452758673453
vt 0 1
vt 1 1
vt 0 0
vt 1 0
vt 0 1
vt 1 1
vt 0 0
vt 1 0
vt 0 1
vt 1 1
vt 0 0
vt 1 0
vt 0 1
vt 1 1
vt 0 0
vt 1 0
vt 0 1
vt 1 1
vt 0 0
vt 1 0
vt 0 1
vt 1 1
vt 0 0
vt 1 0
vn -0.3826834323650905 0 -0.9238795325112865
vn -0.3826834323650905 0 -0.9238795325112865
vn -0.3826834323650905 0 -0.9238795325112865
vn -0.3826834323650905 0 -0.9238795325112865
vn 0.3826834323650905 0 0.9238795325112865
vn 0.3826834323650905 0 0.9238795325112865
vn 0.3826834323650905 0 0.9238795325112865
vn 0.3826834323650905 0 0.9238795325112865
vn 0 1 0
vn 0 1 0
vn 0 1 0
vn 0 1 0
vn 0 -1 0
vn 0 -1 0
vn 0 -1 0
vn 0 -1 0
vn 0.9238795325112865 0 -0.3826834323650905
vn 0.9238795325112865 0 -0.3826834323650905
vn 0.9238795325112865 0 -0.3826834323650905
vn 0.9238795325112865 0 -0.3826834323650905
vn -0.9238795325112865 0 0.3826834323650905
vn -0.9238795325112865 0 0.3826834323650905
vn -0.9238795325112865 0 0.3826834323650905
vn -0.9238795325112865 0 0.3826834323650905
f 1681/1681/1681 1683/1683/1683 1682/1682/1682
f 1683/1683/1683 1684/1684/1684 1682/1682/1682
f 1685/1685/1685 1687/1687/1687 1686/1686/1686
f 1687/1687/1687 1688/1688/1688 1686/1686/1686
f 1689/1689/1689 1691/1691/1691 1690/1690/1690
f 1691/1691/1691 1692/1692/1692 1690/1690/1690
f 1693/1693/1693 1695/1695/1695 1694/1694/1694
f 1695/1695/1695 1696/1696/1696 1694/1694/1694
f 1697/1697/1697 1699/1699/1699 1698/1698/1698
f 1699/1699/1699 1700/1700/1700 1698/1698/1698
f 1701/1701/1701 1703/1703/1703 1702/1702/1702
f 1703/1703/1703 1704/1704/1704 1702/1702/1702
o structure_window_5
usemtl accent
v -71.312870875317 133.2547169987042 -46.50679682403248
v -73.05603976562072 133.2547169987042 -45.78475262816181
v -71.312870875317 130.8962263975222 -46.50679682403248
v -73.05603976562072 130.8962263975222 -45.78475262816181
v -56.81004542577651 133.2547169987042 -6.563452758673453
v -55.06687653547279 133.2547169987042 -7.2854969545441115
v -56.81004542577651 130.8962263975222 -6.563452758673453
v -55.06687653547279 130.8962263975222 -7.2854969545441115
v -56.81004542577651 133.2547169987042 -6.563452758673453
v -73.05603976562072 133.2547169987042 -45.78475262816181
v -55.06687653547279 133.2547169987042 -7.2854969545441115
v -71.312870875317 133.2547169987042 -46.50679682403248
v -55.06687653547279 130.8962263975222 -7.2854969545441115
v -71.312870875317 130.8962263975222 -46.50679682403248
v -56.81004542577651 130.8962263975222 -6.563452758673453
v -73.05603976562072 130.8962263975222 -45.78475262816181
v -55.06687653547279 133.2547169987042 -7.2854969545441115
v -71.312870875317 133.2547169987042 -46.50679682403248
v -55.06687653547279 130.8962263975222 -7.2854969545441115
v -71.312870875317 130.8962263975222 -46.50679682403248
v -73.05603976562072 133.2547169987042 -45.78475262816181
v -56.81004542577651 133.2547169987042 -6.563452758673453
v -73.05603976562072 130.8962263975222 -45.78475262816181
v -56.81004542577651 130.8962263975222 -6.563452758673453
vt 0 1
vt 1 1
vt 0 0
vt 1 0
vt 0 1
vt 1 1
vt 0 0
vt 1 0
vt 0 1
vt 1 1
vt 0 0
vt 1 0
vt 0 1
vt 1 1
vt 0 0
vt 1 0
vt 0 1
vt 1 1
vt 0 0
vt 1 0
vt 0 1
vt 1 1
vt 0 0
vt 1 0
vn -0.3826834323650905 0 -0.9238795325112865
vn -0.3826834323650905 0 -0.9238795325112865
vn -0.3826834323650905 0 -0.9238795325112865
vn -0.3826834323650905 0 -0.9238795325112865
vn 0.3826834323650905 0 0.9238795325112865
vn 0.3826834323650905 0 0.9238795325112865
vn 0.3826834323650905 0 0.9238795325112865
vn 0.3826834323650905 0 0.9238795325112865
vn 0 1 0
vn 0 1 0
vn 0 1 0
vn 0 1 0
vn 0 -1 0
vn 0 -1 0
vn 0 -1 0
vn 0 -1 0
vn 0.9238795325112865 0 -0.3826834323650905
vn 0.9238795325112865 0 -0.3826834323650905
vn 0.9238795325112865 0 -0.3826834323650905
vn 0.9238795325112865 0 -0.3826834323650905
vn -0.9238795325112865 0 0.3826834323650905
vn -0.9238795325112865 0 0.3826834323650905
vn -0.9238795325112865 0 0.3826834323650905
vn -0.9238795325112865 0 0.3826834323650905
f 1705/1705/1705 1707/1707/1707 1706/1706/1706
f 1707/1707/1707 1708/1708/1708 1706/1706/1706
f 1709/1709/1709 1711/1711/1711 1710/1710/1710
f 1711/1711/1711 1712/1712/1712 1710/1710/1710
f 1713/1713/1713 1715/1715/1715 1714/1714/1714
f 1715/1715/1715 1716/1716/1716 1714/1714/1714
f 1717/1717/1717 1719/1719/1719 1718/1718/1718
f 1719/1719/1719 1720/1720/1720 1718/1718/1718
f 1721/1721/1721 1723/1723/1723 1722/1722/1722
f 1723/1723/1723 1724/1724/1724 1722/1722/1722
f 1725/1725/1725 1727/1727/1727 1726/1726/1726
f 1727/1727/1727 1728/1728/1728 1726/1726/1726
o structure_rib_5
usemtl hull
v -69.65882208088578 139.1509433962264 -3.517308613916715
v -74.01674446899034 139.1509433962264 -1.7121980569944604
v -69.65882208088578 68.39622641509435 -3.517308613916715
v -74.01674446899034 68.39622641509435 -1.7121980569944604
v -71.85061188137837 139.1509433962264 3.5173086139166894
v -67.49268949327382 139.1509433962264 1.7121980569944342
v -71.85061188137837 68.39622641509435 3.5173086139166894
v -67.49268949327382 68.39622641509435 1.7121980569944342
v -71.85061188137837 139.1509433962264 3.5173086139166894
v -74.01674446899034 139.1509433962264 -1.7121980569944604
v -67.49268949327382 139.1509433962264 1.7121980569944342
v -69.65882208088578 139.1509433962264 -3.517308613916715
v -67.49268949327382 68.39622641509435 1.7121980569944342
v -69.65882208088578 68.39622641509435 -3.517308613916715
v -71.85061188137837 68.39622641509435 3.5173086139166894
v -74.01674446899034 68.39622641509435 -1.7121980569944604
v -67.49268949327382 139.1509433962264 1.7121980569944342
v -69.65882208088578 139.1509433962264 -3.517308613916715
v -67.49268949327382 68.39622641509435 1.7121980569944342
v -69.65882208088578 68.39622641509435 -3.517308613916715
v -74.01674446899034 139.1509433962264 -1.7121980569944604
v -71.85061188137837 139.1509433962264 3.5173086139166894
v -74.01674446899034 68.39622641509435 -1.7121980569944604
v -71.85061188137837 68.39622641509435 3.5173086139166894
vt 0 1
vt 1 1
vt 0 0
vt 1 0
vt 0 1
vt 1 1
vt 0 0
vt 1 0
vt 0 1
vt 1 1
vt 0 0
vt 1 0
vt 0 1
vt 1 1
vt 0 0
vt 1 0
vt 0 1
vt 1 1
vt 0 0
vt 1 0
vt 0 1
vt 1 1
vt 0 0
vt 1 0
vn -0.3826834323650905 0 -0.9238795325112865
vn -0.3826834323650905 0 -0.9238795325112865
vn -0.3826834323650905 0 -0.9238795325112865
vn -0.3826834323650905 0 -0.9238795325112865
vn 0.3826834323650905 0 0.9238795325112865
vn 0.3826834323650905 0 0.9238795325112865
vn 0.3826834323650905 0 0.9238795325112865
vn 0.3826834323650905 0 0.9238795325112865
vn 0 1 0
vn 0 1 0
vn 0 1 0
vn 0 1 0
vn 0 -1 0
vn 0 -1 0
vn 0 -1 0
vn 0 -1 0
vn 0.9238795325112865 0 -0.3826834323650905
vn 0.9238795325112865 0 -0.3826834323650905
vn 0.9238795325112865 0 -0.3826834323650905
vn 0.9238795325112865 0 -0.3826834323650905
vn -0.9238795325112865 0 0.3826834323650905
vn -0.9238795325112865 0 0.3826834323650905
vn -0.9238795325112865 0 0.3826834323650905
vn -0.9238795325112865 0 0.3826834323650905
f 1729/1729/1729 1731/1731/1731 1730/1730/1730
f 1731/1731/1731 1732/1732/1732 1730/1730/1730
f 1733/1733/1733 1735/1735/1735 1734/1734/1734
f 1735/1735/1735 1736/1736/1736 1734/1734/1734
f 1737/1737/1737 1739/1739/1739 1738/1738/1738
f 1739/1739/1739 1740/1740/1740 1738/1738/1738
f 1741/1741/1741 1743/1743/1743 1742/1742/1742
f 1743/1743/1743 1744/1744/1744 1742/1742/1742
f 1745/1745/1745 1747/1747/1747 1746/1746/1746
f 1747/1747/1747 1748/1748/1748 1746/1746/1746
f 1749/1749/1749 1751/1751/1751 1750/1750/1750
f 1751/1751/1751 1752/1752/1752 1750/1750/1750
o structure_seam_5
usemtl plate
v -96.68659036094567 23.58490562874753 -70.55526547944899
v -166.41334857061847 23.58490562874753 -41.673496568692926
v -96.68659036094567 20.754717012761898 -70.55526547944899
v -166.41334857061847 20.754717012761898 -41.673496568692926
v -164.78874902904107 23.58490562874753 -37.751366321991675
v -95.06199081936828 23.58490562874753 -66.63313523274775
v -164.78874902904107 20.754717012761898 -37.751366321991675
v -95.06199081936828 20.754717012761898 -66.63313523274775
v -164.78874902904107 23.58490562874753 -37.751366321991675
v -166.41334857061847 23.58490562874753 -41.673496568692926
v -95.06199081936828 23.58490562874753 -66.63313523274775
v -96.68659036094567 23.58490562874753 -70.55526547944899
v -95.06199081936828 20.754717012761898 -66.63313523274775
v -96.68659036094567 20.754717012761898 -70.55526547944899
v -164.78874902904107 20.754717012761898 -37.751366321991675
v -166.41334857061847 20.754717012761898 -41.673496568692926
v -95.06199081936828 23.58490562874753 -66.63313523274775
v -96.68659036094567 23.58490562874753 -70.55526547944899
v -95.06199081936828 20.754717012761898 -66.63313523274775
v -96.68659036094567 20.754717012761898 -70.55526547944899
v -166.41334857061847 23.58490562874753 -41.673496568692926
v -164.78874902904107 23.58490562874753 -37.751366321991675
v -166.41334857061847 20.754717012761898 -41.673496568692926
v -164.78874902904107 20.754717012761898 -37.751366321991675
vt 0 1
vt 1 1
vt 0 0
vt 1 0
vt 0 1
vt 1 1
vt 0 0
vt 1 0
vt 0 1
vt 1 1
vt 0 0
vt 1 0
vt 0 1
vt 1 1
vt 0 0
vt 1 0
vt 0 1
vt 1 1
vt 0 0
vt 1 0
vt 0 1
vt 1 1
vt 0 0
vt 1 0
vn -0.3826834323650905 0 -0.9238795325112865
vn -0.3826834323650905 0 -0.9238795325112865
vn -0.3826834323650905 0 -0.9238795325112865
vn -0.3826834323650905 0 -0.9238795325112865
vn 0.3826834323650905 0 0.9238795325112865
vn 0.3826834323650905 0 0.9238795325112865
vn 0.3826834323650905 0 0.9238795325112865
vn 0.3826834323650905 0 0.9238795325112865
vn 0 1 0
vn 0 1 0
vn 0 1 0
vn 0 1 0
vn 0 -1 0
vn 0 -1 0
vn 0 -1 0
vn 0 -1 0
vn 0.9238795325112865 0 -0.3826834323650905
vn 0.9238795325112865 0 -0.3826834323650905
vn 0.9238795325112865 0 -0.3826834323650905
vn 0.9238795325112865 0 -0.3826834323650905
vn -0.9238795325112865 0 0.3826834323650905
vn -0.9238795325112865 0 0.3826834323650905
vn -0.9238795325112865 0 0.3826834323650905
vn -0.9238795325112865 0 0.3826834323650905
f 1753/1753/1753 1755/1755/1755 1754/1754/1754
f 1755/1755/1755 1756/1756/1756 1754/1754/1754
f 1757/1757/1757 1759/1759/1759 1758/1758/1758
f 1759/1759/1759 1760/1760/1760 1758/1758/1758
f 1761/1761/1761 1763/1763/1763 1762/1762/1762
f 1763/1763/1763 1764/1764/1764 1762/1762/1762
f 1765/1765/1765 1767/1767/1767 1766/1766/1766
f 1767/1767/1767 1768/1768/1768 1766/1766/1766
f 1769/1769/1769 1771/1771/1771 1770/1770/1770
f 1771/1771/1771 1772/1772/1772 1770/1770/1770
f 1773/1773/1773 1775/1775/1775 1774/1774/1774
f 1775/1775/1775 1776/1776/1776 1774/1774/1774
o structure_window_6
usemtl accent
v -55.066876535472815 88.9150943466515 7.285496954544076
v -56.810045425776536 88.9150943466515 6.563452758673417
v -55.066876535472815 85.61320754014096 7.285496954544076
v -56.810045425776536 85.61320754014096 6.563452758673417
v -73.05603976562072 88.9150943466515 45.7847526281618
v -71.312870875317 88.9150943466515 46.50679682403246
v -73.05603976562072 85.61320754014096 45.7847526281618
v -71.312870875317 85.61320754014096 46.50679682403246
v -73.05603976562072 88.9150943466515 45.7847526281618
v -56.810045425776536 88.9150943466515 6.563452758673417
v -71.312870875317 88.9150943466515 46.50679682403246
v -55.066876535472815 88.9150943466515 7.285496954544076
v -71.312870875317 85.61320754014096 46.50679682403246
v -55.066876535472815 85.61320754014096 7.285496954544076
v -73.05603976562072 85.61320754014096 45.7847526281618
v -56.810045425776536 85.61320754014096 6.563452758673417
v -71.312870875317 88.9150943466515 46.50679682403246
v -55.066876535472815 88.9150943466515 7.285496954544076
v -71.312870875317 85.61320754014096 46.50679682403246
v -55.066876535472815 85.61320754014096 7.285496954544076
v -56.810045425776536 88.9150943466515 6.563452758673417
v -73.05603976562072 88.9150943466515 45.7847526281618
v -56.810045425776536 85.61320754014096 6.563452758673417
v -73.05603976562072 85.61320754014096 45.7847526281618
vt 0 1
vt 1 1
vt 0 0
vt 1 0
vt 0 1
vt 1 1
vt 0 0
vt 1 0
vt 0 1
vt 1 1
vt 0 0
vt 1 0
vt 0 1
vt 1 1
vt 0 0
vt 1 0
vt 0 1
vt 1 1
vt 0 0
vt 1 0
vt 0 1
vt 1 1
vt 0 0
vt 1 0
vn 0.3826834323650898 0 -0.9238795325112868
vn 0.3826834323650898 0 -0.9238795325112868
vn 0.3826834323650898 0 -0.9238795325112868
vn 0.3826834323650898 0 -0.9238795325112868
vn -0.3826834323650898 0 0.9238795325112868
vn -0.3826834323650898 0 0.9238795325112868
vn -0.3826834323650898 0 0.9238795325112868
vn -0.3826834323650898 0 0.9238795325112868
vn 0 1 0
vn 0 1 0
vn 0 1 0
vn 0 1 0
vn 0 -1 0
vn 0 -1 0
vn 0 -1 0
vn 0 -1 0
vn 0.9238795325112868 0 0.3826834323650898
vn 0.9238795325112868 0 0.3826834323650898
vn 0.9238795325112868 0 0.3826834323650898
vn 0.9238795325112868 0 0.3826834323650898
vn -0.9238795325112868 0 -0.3826834323650898
vn -0.9238795325112868 0 -0.3826834323650898
vn -0.9238795325112868 0 -0.3826834323650898
vn -0.9238795325112868 0 -0.3826834323650898
f 1777/1777/1777 1779/1779/1779 1778/1778/1778
f 1779/1779/1779 1780/1780/1780 1778/1778/1778
f 1781/1781/1781 1783/1783/1783 1782/1782/1782
f 1783/1783/1783 1784/1784/1784 1782/1782/1782
f 1785/1785/1785 1787/1787/1787 1786/1786/1786
f 1787/1787/1787 1788/1788/1788 1786/1786/1786
f 1789/1789/1789 1791/1791/1791 1790/1790/1790
f 1791/1791/1791 1792/1792/1792 1790/1790/1790
f 1793/1793/1793 1795/1795/1795 1794/1794/1794
f 1795/1795/1795 1796/1796/1796 1794/1794/1794
f 1797/1797/1797 1799/1799/1799 1798/1798/1798
f 1799/1799/1799 1800/1800/1800 1798/1798/1798
o structure_window_6
usemtl accent
v -55.066876535472815 112.50000000702886 7.285496954544076
v -56.810045425776536 112.50000000702886 6.563452758673417
v -55.066876535472815 109.19811320051832 7.285496954544076
v -56.810045425776536 109.19811320051832 6.563452758673417
v -73.05603976562072 112.50000000702886 45.7847526281618
v -71.312870875317 112.50000000702886 46.50679682403246
v -73.05603976562072 109.19811320051832 45.7847526281618
v -71.312870875317 109.19811320051832 46.50679682403246
v -73.05603976562072 112.50000000702886 45.7847526281618
v -56.810045425776536 112.50000000702886 6.563452758673417
v -71.312870875317 112.50000000702886 46.50679682403246
v -55.066876535472815 112.50000000702886 7.285496954544076
v -71.312870875317 109.19811320051832 46.50679682403246
v -55.066876535472815 109.19811320051832 7.285496954544076
v -73.05603976562072 109.19811320051832 45.7847526281618
v -56.810045425776536 109.19811320051832 6.563452758673417
v -71.312870875317 112.50000000702886 46.50679682403246
v -55.066876535472815 112.50000000702886 7.285496954544076
v -71.312870875317 109.19811320051832 46.50679682403246
v -55.066876535472815 109.19811320051832 7.285496954544076
v -56.810045425776536 112.50000000702886 6.563452758673417
v -73.05603976562072 112.50000000702886 45.7847526281618
v -56.810045425776536 109.19811320051832 6.563452758673417
v -73.05603976562072 109.19811320051832 45.7847526281618
vt 0 1
vt 1 1
vt 0 0
vt 1 0
vt 0 1
vt 1 1
vt 0 0
vt 1 0
vt 0 1
vt 1 1
vt 0 0
vt 1 0
vt 0 1
vt 1 1
vt 0 0
vt 1 0
vt 0 1
vt 1 1
vt 0 0
vt 1 0
vt 0 1
vt 1 1
vt 0 0
vt 1 0
vn 0.3826834323650898 0 -0.9238795325112868
vn 0.3826834323650898 0 -0.9238795325112868
vn 0.3826834323650898 0 -0.9238795325112868
vn 0.3826834323650898 0 -0.9238795325112868
vn -0.3826834323650898 0 0.9238795325112868
vn -0.3826834323650898 0 0.9238795325112868
vn -0.3826834323650898 0 0.9238795325112868
vn -0.3826834323650898 0 0.9238795325112868
vn 0 1 0
vn 0 1 0
vn 0 1 0
vn 0 1 0
vn 0 -1 0
vn 0 -1 0
vn 0 -1 0
vn 0 -1 0
vn 0.9238795325112868 0 0.3826834323650898
vn 0.9238795325112868 0 0.3826834323650898
vn 0.9238795325112868 0 0.3826834323650898
vn 0.9238795325112868 0 0.3826834323650898
vn -0.9238795325112868 0 -0.3826834323650898
vn -0.9238795325112868 0 -0.3826834323650898
vn -0.9238795325112868 0 -0.3826834323650898
vn -0.9238795325112868 0 -0.3826834323650898
f 1801/1801/1801 1803/1803/1803 1802/1802/1802
f 1803/1803/1803 1804/1804/1804 1802/1802/1802
f 1805/1805/1805 1807/1807/1807 1806/1806/1806
f 1807/1807/1807 1808/1808/1808 1806/1806/1806
f 1809/1809/1809 1811/1811/1811 1810/1810/1810
f 1811/1811/1811 1812/1812/1812 1810/1810/1810
f 1813/1813/1813 1815/1815/1815 1814/1814/1814
f 1815/1815/1815 1816/1816/1816 1814/1814/1814
f 1817/1817/1817 1819/1819/1819 1818/1818/1818
f 1819/1819/1819 1820/1820/1820 1818/1818/1818
f 1821/1821/1821 1823/1823/1823 1822/1822/1822
f 1823/1823/1823 1824/1824/1824 1822/1822/1822
o structure_window_6
usemtl accent
v -55.066876535472815 133.2547169987042 7.285496954544076
v -56.810045425776536 133.2547169987042 6.563452758673417
v -55.066876535472815 130.8962263975222 7.285496954544076
v -56.810045425776536 130.8962263975222 6.563452758673417
v -73.05603976562072 133.2547169987042 45.7847526281618
v -71.312870875317 133.2547169987042 46.50679682403246
v -73.05603976562072 130.8962263975222 45.7847526281618
v -71.312870875317 130.8962263975222 46.50679682403246
v -73.05603976562072 133.2547169987042 45.7847526281618
v -56.810045425776536 133.2547169987042 6.563452758673417
v -71.312870875317 133.2547169987042 46.50679682403246
v -55.066876535472815 133.2547169987042 7.285496954544076
v -71.312870875317 130.8962263975222 46.50679682403246
v -55.066876535472815 130.8962263975222 7.285496954544076
v -73.05603976562072 130.8962263975222 45.7847526281618
v -56.810045425776536 130.8962263975222 6.563452758673417
v -71.312870875317 133.2547169987042 46.50679682403246
v -55.066876535472815 133.2547169987042 7.285496954544076
v -71.312870875317 130.8962263975222 46.50679682403246
v -55.066876535472815 130.8962263975222 7.285496954544076
v -56.810045425776536 133.2547169987042 6.563452758673417
v -73.05603976562072 133.2547169987042 45.7847526281618
v -56.810045425776536 130.8962263975222 6.563452758673417
v -73.05603976562072 130.8962263975222 45.7847526281618
vt 0 1
vt 1 1
vt 0 0
vt 1 0
vt 0 1
vt 1 1
vt 0 0
vt 1 0
vt 0 1
vt 1 1
vt 0 0
vt 1 0
vt 0 1
vt 1 1
vt 0 0
vt 1 0
vt 0 1
vt 1 1
vt 0 0
vt 1 0
vt 0 1
vt 1 1
vt 0 0
vt 1 0
vn 0.3826834323650898 0 -0.9238795325112868
vn 0.3826834323650898 0 -0.9238795325112868
vn 0.3826834323650898 0 -0.9238795325112868
vn 0.3826834323650898 0 -0.9238795325112868
vn -0.3826834323650898 0 0.9238795325112868
vn -0.3826834323650898 0 0.9238795325112868
vn -0.3826834323650898 0 0.9238795325112868
vn -0.3826834323650898 0 0.9238795325112868
vn 0 1 0
vn 0 1 0
vn 0 1 0
vn 0 1 0
vn 0 -1 0
vn 0 -1 0
vn 0 -1 0
vn 0 -1 0
vn 0.9238795325112868 0 0.3826834323650898
vn 0.9238795325112868 0 0.3826834323650898
vn 0.9238795325112868 0 0.3826834323650898
vn 0.9238795325112868 0 0.3826834323650898
vn -0.9238795325112868 0 -0.3826834323650898
vn -0.9238795325112868 0 -0.3826834323650898
vn -0.9238795325112868 0 -0.3826834323650898
vn -0.9238795325112868 0 -0.3826834323650898
f 1825/1825/1825 1827/1827/1827 1826/1826/1826
f 1827/1827/1827 1828/1828/1828 1826/1826/1826
f 1829/1829/1829 1831/1831/1831 1830/1830/1830
f 1831/1831/1831 1832/1832/1832 1830/1830/1830
f 1833/1833/1833 1835/1835/1835 1834/1834/1834
f 1835/1835/1835 1836/1836/1836 1834/1834/1834
f 1837/1837/1837 1839/1839/1839 1838/1838/1838
f 1839/1839/1839 1840/1840/1840 1838/1838/1838
f 1841/1841/1841 1843/1843/1843 1842/1842/1842
f 1843/1843/1843 1844/1844/1844 1842/1842/1842
f 1845/1845/1845 1847/1847/1847 1846/1846/1846
f 1847/1847/1847 1848/1848/1848 1846/1846/1846
o structure_rib_6
usemtl hull
v -46.76911269043516 139.1509433962264 48.318942121299045
v -51.127035078539706 139.1509433962264 46.513831564376794
v -46.76911269043516 68.39622641509435 48.318942121299045
v -51.127035078539706 68.39622641509435 46.513831564376794
v -53.29316766615168 139.1509433962264 51.74333823528795
v -48.935245278047134 139.1509433962264 53.5484487922102
v -53.29316766615168 68.39622641509435 51.74333823528795
v -48.935245278047134 68.39622641509435 53.5484487922102
v -53.29316766615168 139.1509433962264 51.74333823528795
v -51.127035078539706 139.1509433962264 46.513831564376794
v -48.935245278047134 139.1509433962264 53.5484487922102
v -46.76911269043516 139.1509433962264 48.318942121299045
v -48.935245278047134 68.39622641509435 53.5484487922102
v -46.76911269043516 68.39622641509435 48.318942121299045
v -53.29316766615168 68.39622641509435 51.74333823528795
v -51.127035078539706 68.39622641509435 46.513831564376794
v -48.935245278047134 139.1509433962264 53.5484487922102
v -46.76911269043516 139.1509433962264 48.318942121299045
v -48.935245278047134 68.39622641509435 53.5484487922102
v -46.76911269043516 68.39622641509435 48.318942121299045
v -51.127035078539706 139.1509433962264 46.513831564376794
v -53.29316766615168 139.1509433962264 51.74333823528795
v -51.127035078539706 68.39622641509435 46.513831564376794
v -53.29316766615168 68.39622641509435 51.74333823528795
vt 0 1
vt 1 1
vt 0 0
vt 1 0
vt 0 1
vt 1 1
vt 0 0
vt 1 0
vt 0 1
vt 1 1
vt 0 0
vt 1 0
vt 0 1
vt 1 1
vt 0 0
vt 1 0
vt 0 1
vt 1 1
vt 0 0
vt 1 0
vt 0 1
vt 1 1
vt 0 0
vt 1 0
vn 0.3826834323650898 0 -0.9238795325112868
vn 0.3826834323650898 0 -0.9238795325112868
vn 0.3826834323650898 0 -0.9238795325112868
vn 0.3826834323650898 0 -0.9238795325112868
vn -0.3826834323650898 0 0.9238795325112868
vn -0.3826834323650898 0 0.9238795325112868
vn -0.3826834323650898 0 0.9238795325112868
vn -0.3826834323650898 0 0.9238795325112868
vn 0 1 0
vn 0 1 0
vn 0 1 0
vn 0 1 0
vn 0 -1 0
vn 0 -1 0
vn 0 -1 0
vn 0 -1 0
vn 0.9238795325112868 0 0.3826834323650898
vn 0.9238795325112868 0 0.3826834323650898
vn 0.9238795325112868 0 0.3826834323650898
vn 0.9238795325112868 0 0.3826834323650898
vn -0.9238795325112868 0 -0.3826834323650898
vn -0.9238795325112868 0 -0.3826834323650898
vn -0.9238795325112868 0 -0.3826834323650898
vn -0.9238795325112868 0 -0.3826834323650898
f 1849/1849/1849 1851/1851/1851 1850/1850/1850
f 1851/1851/1851 1852/1852/1852 1850/1850/1850
f 1853/1853/1853 1855/1855/1855 1854/1854/1854
f 1855/1855/1855 1856/1856/1856 1854/1854/1854
f 1857/1857/1857 1859/1859/1859 1858/1858/1858
f 1859/1859/1859 1860/1860/1860 1858/1858/1858
f 1861/1861/1861 1863/1863/1863 1862/1862/1862
f 1863/1863/1863 1864/1864/1864 1862/1862/1862
f 1865/1865/1865 1867/1867/1867 1866/1866/1866
f 1867/1867/1867 1868/1868/1868 1866/1866/1866
f 1869/1869/1869 1871/1871/1871 1870/1870/1870
f 1871/1871/1871 1872/1872/1872 1870/1870/1870
o structure_seam_6
usemtl plate
v -95.0619908193683 23.58490562874753 66.63313523274766
v -164.7887490290411 23.58490562874753 37.75136632199164
v -95.0619908193683 20.754717012761898 66.63313523274766
v -164.7887490290411 20.754717012761898 37.75136632199164
v -166.4133485706185 23.58490562874753 41.67349656869289
v -96.6865903609457 23.58490562874753 70.55526547944892
v -166.4133485706185 20.754717012761898 41.67349656869289
v -96.6865903609457 20.754717012761898 70.55526547944892
v -166.4133485706185 23.58490562874753 41.67349656869289
v -164.7887490290411 23.58490562874753 37.75136632199164
v -96.6865903609457 23.58490562874753 70.55526547944892
v -95.0619908193683 23.58490562874753 66.63313523274766
v -96.6865903609457 20.754717012761898 70.55526547944892
v -95.0619908193683 20.754717012761898 66.63313523274766
v -166.4133485706185 20.754717012761898 41.67349656869289
v -164.7887490290411 20.754717012761898 37.75136632199164
v -96.6865903609457 23.58490562874753 70.55526547944892
v -95.0619908193683 23.58490562874753 66.63313523274766
v -96.6865903609457 20.754717012761898 70.55526547944892
v -95.0619908193683 20.754717012761898 66.63313523274766
v -164.7887490290411 23.58490562874753 37.75136632199164
v -166.4133485706185 23.58490562874753 41.67349656869289
v -164.7887490290411 20.754717012761898 37.75136632199164
v -166.4133485706185 20.754717012761898 41.67349656869289
vt 0 1
vt 1 1
vt 0 0
vt 1 0
vt 0 1
vt 1 1
vt 0 0
vt 1 0
vt 0 1
vt 1 1
vt 0 0
vt 1 0
vt 0 1
vt 1 1
vt 0 0
vt 1 0
vt 0 1
vt 1 1
vt 0 0
vt 1 0
vt 0 1
vt 1 1
vt 0 0
vt 1 0
vn 0.3826834323650898 0 -0.9238795325112868
vn 0.3826834323650898 0 -0.9238795325112868
vn 0.3826834323650898 0 -0.9238795325112868
vn 0.3826834323650898 0 -0.9238795325112868
vn -0.3826834323650898 0 0.9238795325112868
vn -0.3826834323650898 0 0.9238795325112868
vn -0.3826834323650898 0 0.9238795325112868
vn -0.3826834323650898 0 0.9238795325112868
vn 0 1 0
vn 0 1 0
vn 0 1 0
vn 0 1 0
vn 0 -1 0
vn 0 -1 0
vn 0 -1 0
vn 0 -1 0
vn 0.9238795325112868 0 0.3826834323650898
vn 0.9238795325112868 0 0.3826834323650898
vn 0.9238795325112868 0 0.3826834323650898
vn 0.9238795325112868 0 0.3826834323650898
vn -0.9238795325112868 0 -0.3826834323650898
vn -0.9238795325112868 0 -0.3826834323650898
vn -0.9238795325112868 0 -0.3826834323650898
vn -0.9238795325112868 0 -0.3826834323650898
f 1873/1873/1873 1875/1875/1875 1874/1874/1874
f 1875/1875/1875 1876/1876/1876 1874/1874/1874
f 1877/1877/1877 1879/1879/1879 1878/1878/1878
f 1879/1879/1879 1880/1880/1880 1878/1878/1878
f 1881/1881/1881 1883/1883/1883 1882/1882/1882
f 1883/1883/1883 1884/1884/1884 1882/1882/1882
f 1885/1885/1885 1887/1887/1887 1886/1886/1886
f 1887/1887/1887 1888/1888/1888 1886/1886/1886
f 1889/1889/1889 1891/1891/1891 1890/1890/1890
f 1891/1891/1891 1892/1892/1892 1890/1890/1890
f 1893/1893/1893 1895/1895/1895 1894/1894/1894
f 1895/1895/1895 1896/1896/1896 1894/1894/1894
o structure_window_7
usemtl accent
v -6.563452758673453 88.9150943466515 56.81004542577651
v -7.2854969545441115 88.9150943466515 55.06687653547279
v -6.563452758673453 85.61320754014096 56.81004542577651
v -7.2854969545441115 85.61320754014096 55.06687653547279
v -46.50679682403248 88.9150943466515 71.312870875317
v -45.78475262816181 88.9150943466515 73.05603976562072
v -46.50679682403248 85.61320754014096 71.312870875317
v -45.78475262816181 85.61320754014096 73.05603976562072
v -46.50679682403248 88.9150943466515 71.312870875317
v -7.2854969545441115 88.9150943466515 55.06687653547279
v -45.78475262816181 88.9150943466515 73.05603976562072
v -6.563452758673453 88.9150943466515 56.81004542577651
v -45.78475262816181 85.61320754014096 73.05603976562072
v -6.563452758673453 85.61320754014096 56.81004542577651
v -46.50679682403248 85.61320754014096 71.312870875317
v -7.2854969545441115 85.61320754014096 55.06687653547279
v -45.78475262816181 88.9150943466515 73.05603976562072
v -6.563452758673453 88.9150943466515 56.81004542577651
v -45.78475262816181 85.61320754014096 73.05603976562072
v -6.563452758673453 85.61320754014096 56.81004542577651
v -7.2854969545441115 88.9150943466515 55.06687653547279
v -46.50679682403248 88.9150943466515 71.312870875317
v -7.2854969545441115 85.61320754014096 55.06687653547279
v -46.50679682403248 85.61320754014096 71.312870875317
vt 0 1
vt 1 1
vt 0 0
vt 1 0
vt 0 1
vt 1 1
vt 0 0
vt 1 0
vt 0 1
vt 1 1
vt 0 0
vt 1 0
vt 0 1
vt 1 1
vt 0 0
vt 1 0
vt 0 1
vt 1 1
vt 0 0
vt 1 0
vt 0 1
vt 1 1
vt 0 0
vt 1 0
vn 0.9238795325112865 0 -0.3826834323650905
vn 0.9238795325112865 0 -0.3826834323650905
vn 0.9238795325112865 0 -0.3826834323650905
vn 0.9238795325112865 0 -0.3826834323650905
vn -0.9238795325112865 0 0.3826834323650905
vn -0.9238795325112865 0 0.3826834323650905
vn -0.9238795325112865 0 0.3826834323650905
vn -0.9238795325112865 0 0.3826834323650905
vn 0 1 0
vn 0 1 0
vn 0 1 0
vn 0 1 0
vn 0 -1 0
vn 0 -1 0
vn 0 -1 0
vn 0 -1 0
vn 0.3826834323650905 0 0.9238795325112865
vn 0.3826834323650905 0 0.9238795325112865
vn 0.3826834323650905 0 0.9238795325112865
vn 0.3826834323650905 0 0.9238795325112865
vn -0.3826834323650905 0 -0.9238795325112865
vn -0.3826834323650905 0 -0.9238795325112865
vn -0.3826834323650905 0 -0.9238795325112865
vn -0.3826834323650905 0 -0.9238795325112865
f 1897/1897/1897 1899/1899/1899 1898/1898/1898
f 1899/1899/1899 1900/1900/1900 1898/1898/1898
f 1901/1901/1901 1903/1903/1903 1902/1902/1902
f 1903/1903/1903 1904/1904/1904 1902/1902/1902
f 1905/1905/1905 1907/1907/1907 1906/1906/1906
f 1907/1907/1907 1908/1908/1908 1906/1906/1906
f 1909/1909/1909 1911/1911/1911 1910/1910/1910
f 1911/1911/1911 1912/1912/1912 1910/1910/1910
f 1913/1913/1913 1915/1915/1915 1914/1914/1914
f 1915/1915/1915 1916/1916/1916 1914/1914/1914
f 1917/1917/1917 1919/1919/1919 1918/1918/1918
f 1919/1919/1919 1920/1920/1920 1918/1918/1918
o structure_window_7
usemtl accent
v -6.563452758673453 112.50000000702886 56.81004542577651
v -7.2854969545441115 112.50000000702886 55.06687653547279
v -6.563452758673453 109.19811320051832 56.81004542577651
v -7.2854969545441115 109.19811320051832 55.06687653547279
v -46.50679682403248 112.50000000702886 71.312870875317
v -45.78475262816181 112.50000000702886 73.05603976562072
v -46.50679682403248 109.19811320051832 71.312870875317
v -45.78475262816181 109.19811320051832 73.05603976562072
v -46.50679682403248 112.50000000702886 71.312870875317
v -7.2854969545441115 112.50000000702886 55.06687653547279
v -45.78475262816181 112.50000000702886 73.05603976562072
v -6.563452758673453 112.50000000702886 56.81004542577651
v -45.78475262816181 109.19811320051832 73.05603976562072
v -6.563452758673453 109.19811320051832 56.81004542577651
v -46.50679682403248 109.19811320051832 71.312870875317
v -7.2854969545441115 109.19811320051832 55.06687653547279
v -45.78475262816181 112.50000000702886 73.05603976562072
v -6.563452758673453 112.50000000702886 56.81004542577651
v -45.78475262816181 109.19811320051832 73.05603976562072
v -6.563452758673453 109.19811320051832 56.81004542577651
v -7.2854969545441115 112.50000000702886 55.06687653547279
v -46.50679682403248 112.50000000702886 71.312870875317
v -7.2854969545441115 109.19811320051832 55.06687653547279
v -46.50679682403248 109.19811320051832 71.312870875317
vt 0 1
vt 1 1
vt 0 0
vt 1 0
vt 0 1
vt 1 1
vt 0 0
vt 1 0
vt 0 1
vt 1 1
vt 0 0
vt 1 0
vt 0 1
vt 1 1
vt 0 0
vt 1 0
vt 0 1
vt 1 1
vt 0 0
vt 1 0
vt 0 1
vt 1 1
vt 0 0
vt 1 0
vn 0.9238795325112865 0 -0.3826834323650905
vn 0.9238795325112865 0 -0.3826834323650905
vn 0.9238795325112865 0 -0.3826834323650905
vn 0.9238795325112865 0 -0.3826834323650905
vn -0.9238795325112865 0 0.3826834323650905
vn -0.9238795325112865 0 0.3826834323650905
vn -0.9238795325112865 0 0.3826834323650905
vn -0.9238795325112865 0 0.3826834323650905
vn 0 1 0
vn 0 1 0
vn 0 1 0
vn 0 1 0
vn 0 -1 0
vn 0 -1 0
vn 0 -1 0
vn 0 -1 0
vn 0.3826834323650905 0 0.9238795325112865
vn 0.3826834323650905 0 0.9238795325112865
vn 0.3826834323650905 0 0.9238795325112865
vn 0.3826834323650905 0 0.9238795325112865
vn -0.3826834323650905 0 -0.9238795325112865
vn -0.3826834323650905 0 -0.9238795325112865
vn -0.3826834323650905 0 -0.9238795325112865
vn -0.3826834323650905 0 -0.9238795325112865
f 1921/1921/1921 1923/1923/1923 1922/1922/1922
f 1923/1923/1923 1924/1924/1924 1922/1922/1922
f 1925/1925/1925 1927/1927/1927 1926/1926/1926
f 1927/1927/1927 1928/1928/1928 1926/1926/1926
f 1929/1929/1929 1931/1931/1931 1930/1930/1930
f 1931/1931/1931 1932/1932/1932 1930/1930/1930
f 1933/1933/1933 1935/1935/1935 1934/1934/1934
f 1935/1935/1935 1936/1936/1936 1934/1934/1934
f 1937/1937/1937 1939/1939/1939 1938/1938/1938
f 1939/1939/1939 1940/1940/1940 1938/1938/1938
f 1941/1941/1941 1943/1943/1943 1942/1942/1942
f 1943/1943/1943 1944/1944/1944 1942/1942/1942
o structure_window_7
usemtl accent
v -6.563452758673453 133.2547169987042 56.81004542577651
v -7.2854969545441115 133.2547169987042 55.06687653547279
v -6.563452758673453 130.8962263975222 56.81004542577651
v -7.2854969545441115 130.8962263975222 55.06687653547279
v -46.50679682403248 133.2547169987042 71.312870875317
v -45.78475262816181 133.2547169987042 73.05603976562072
v -46.50679682403248 130.8962263975222 71.312870875317
v -45.78475262816181 130.8962263975222 73.05603976562072
v -46.50679682403248 133.2547169987042 71.312870875317
v -7.2854969545441115 133.2547169987042 55.06687653547279
v -45.78475262816181 133.2547169987042 73.05603976562072
v -6.563452758673453 133.2547169987042 56.81004542577651
v -45.78475262816181 130.8962263975222 73.05603976562072
v -6.563452758673453 130.8962263975222 56.81004542577651
v -46.50679682403248 130.8962263975222 71.312870875317
v -7.2854969545441115 130.8962263975222 55.06687653547279
v -45.78475262816181 133.2547169987042 73.05603976562072
v -6.563452758673453 133.2547169987042 56.81004542577651
v -45.78475262816181 130.8962263975222 73.05603976562072
v -6.563452758673453 130.8962263975222 56.81004542577651
v -7.2854969545441115 133.2547169987042 55.06687653547279
v -46.50679682403248 133.2547169987042 71.312870875317
v -7.2854969545441115 130.8962263975222 55.06687653547279
v -46.50679682403248 130.8962263975222 71.312870875317
vt 0 1
vt 1 1
vt 0 0
vt 1 0
vt 0 1
vt 1 1
vt 0 0
vt 1 0
vt 0 1
vt 1 1
vt 0 0
vt 1 0
vt 0 1
vt 1 1
vt 0 0
vt 1 0
vt 0 1
vt 1 1
vt 0 0
vt 1 0
vt 0 1
vt 1 1
vt 0 0
vt 1 0
vn 0.9238795325112865 0 -0.3826834323650905
vn 0.9238795325112865 0 -0.3826834323650905
vn 0.9238795325112865 0 -0.3826834323650905
vn 0.9238795325112865 0 -0.3826834323650905
vn -0.9238795325112865 0 0.3826834323650905
vn -0.9238795325112865 0 0.3826834323650905
vn -0.9238795325112865 0 0.3826834323650905
vn -0.9238795325112865 0 0.3826834323650905
vn 0 1 0
vn 0 1 0
vn 0 1 0
vn 0 1 0
vn 0 -1 0
vn 0 -1 0
vn 0 -1 0
vn 0 -1 0
vn 0.3826834323650905 0 0.9238795325112865
vn 0.3826834323650905 0 0.9238795325112865
vn 0.3826834323650905 0 0.9238795325112865
vn 0.3826834323650905 0 0.9238795325112865
vn -0.3826834323650905 0 -0.9238795325112865
vn -0.3826834323650905 0 -0.9238795325112865
vn -0.3826834323650905 0 -0.9238795325112865
vn -0.3826834323650905 0 -0.9238795325112865
f 1945/1945/1945 1947/1947/1947 1946/1946/1946
f 1947/1947/1947 1948/1948/1948 1946/1946/1946
f 1949/1949/1949 1951/1951/1951 1950/1950/1950
f 1951/1951/1951 1952/1952/1952 1950/1950/1950
f 1953/1953/1953 1955/1955/1955 1954/1954/1954
f 1955/1955/1955 1956/1956/1956 1954/1954/1954
f 1957/1957/1957 1959/1959/1959 1958/1958/1958
f 1959/1959/1959 1960/1960/1960 1958/1958/1958
f 1961/1961/1961 1963/1963/1963 1962/1962/1962
f 1963/1963/1963 1964/1964/1964 1962/1962/1962
f 1965/1965/1965 1967/1967/1967 1966/1966/1966
f 1967/1967/1967 1968/1968/1968 1966/1966/1966
o structure_rib_7
usemtl hull
v 3.517308613916685 139.1509433962264 71.85061188137837
v 1.71219805699443 139.1509433962264 67.49268949327382
v 3.517308613916685 68.39622641509435 71.85061188137837
v 1.71219805699443 68.39622641509435 67.49268949327382
v -3.5173086139167196 139.1509433962264 69.65882208088578
v -1.7121980569944646 139.1509433962264 74.01674446899034
v -3.5173086139167196 68.39622641509435 69.65882208088578
v -1.7121980569944646 68.39622641509435 74.01674446899034
v -3.5173086139167196 139.1509433962264 69.65882208088578
v 1.71219805699443 139.1509433962264 67.49268949327382
v -1.7121980569944646 139.1509433962264 74.01674446899034
v 3.517308613916685 139.1509433962264 71.85061188137837
v -1.7121980569944646 68.39622641509435 74.01674446899034
v 3.517308613916685 68.39622641509435 71.85061188137837
v -3.5173086139167196 68.39622641509435 69.65882208088578
v 1.71219805699443 68.39622641509435 67.49268949327382
v -1.7121980569944646 139.1509433962264 74.01674446899034
v 3.517308613916685 139.1509433962264 71.85061188137837
v -1.7121980569944646 68.39622641509435 74.01674446899034
v 3.517308613916685 68.39622641509435 71.85061188137837
v 1.71219805699443 139.1509433962264 67.49268949327382
v -3.5173086139167196 139.1509433962264 69.65882208088578
v 1.71219805699443 68.39622641509435 67.49268949327382
v -3.5173086139167196 68.39622641509435 69.65882208088578
vt 0 1
vt 1 1
vt 0 0
vt 1 0
vt 0 1
vt 1 1
vt 0 0
vt 1 0
vt 0 1
vt 1 1
vt 0 0
vt 1 0
vt 0 1
vt 1 1
vt 0 0
vt 1 0
vt 0 1
vt 1 1
vt 0 0
vt 1 0
vt 0 1
vt 1 1
vt 0 0
vt 1 0
vn 0.9238795325112865 0 -0.3826834323650905
vn 0.9238795325112865 0 -0.3826834323650905
vn 0.9238795325112865 0 -0.3826834323650905
vn 0.9238795325112865 0 -0.3826834323650905
vn -0.9238795325112865 0 0.3826834323650905
vn -0.9238795325112865 0 0.3826834323650905
vn -0.9238795325112865 0 0.3826834323650905
vn -0.9238795325112865 0 0.3826834323650905
vn 0 1 0
vn 0 1 0
vn 0 1 0
vn 0 1 0
vn 0 -1 0
vn 0 -1 0
vn 0 -1 0
vn 0 -1 0
vn 0.3826834323650905 0 0.9238795325112865
vn 0.3826834323650905 0 0.9238795325112865
vn 0.3826834323650905 0 0.9238795325112865
vn 0.3826834323650905 0 0.9238795325112865
vn -0.3826834323650905 0 -0.9238795325112865
vn -0.3826834323650905 0 -0.9238795325112865
vn -0.3826834323650905 0 -0.9238795325112865
vn -0.3826834323650905 0 -0.9238795325112865
f 1969/1969/1969 1971/1971/1971 1970/1970/1970
f 1971/1971/1971 1972/1972/1972 1970/1970/1970
f 1973/1973/1973 1975/1975/1975 1974/1974/1974
f 1975/1975/1975 1976/1976/1976 1974/1974/1974
f 1977/1977/1977 1979/1979/1979 1978/1978/1978
f 1979/1979/1979 1980/1980/1980 1978/1978/1978
f 1981/1981/1981 1983/1983/1983 1982/1982/1982
f 1983/1983/1983 1984/1984/1984 1982/1982/1982
f 1985/1985/1985 1987/1987/1987 1986/1986/1986
f 1987/1987/1987 1988/1988/1988 1986/1986/1986
f 1989/1989/1989 1991/1991/1991 1990/1990/1990
f 1991/1991/1991 1992/1992/1992 1990/1990/1990
o structure_seam_7
usemtl plate
v -37.751366321991675 23.58490562874753 164.78874902904107
v -66.63313523274775 23.58490562874753 95.06199081936828
v -37.751366321991675 20.754717012761898 164.78874902904107
v -66.63313523274775 20.754717012761898 95.06199081936828
v -70.55526547944899 23.58490562874753 96.68659036094567
v -41.673496568692926 23.58490562874753 166.41334857061847
v -70.55526547944899 20.754717012761898 96.68659036094567
v -41.673496568692926 20.754717012761898 166.41334857061847
v -70.55526547944899 23.58490562874753 96.68659036094567
v -66.63313523274775 23.58490562874753 95.06199081936828
v -41.673496568692926 23.58490562874753 166.41334857061847
v -37.751366321991675 23.58490562874753 164.78874902904107
v -41.673496568692926 20.754717012761898 166.41334857061847
v -37.751366321991675 20.754717012761898 164.78874902904107
v -70.55526547944899 20.754717012761898 96.68659036094567
v -66.63313523274775 20.754717012761898 95.06199081936828
v -41.673496568692926 23.58490562874753 166.41334857061847
v -37.751366321991675 23.58490562874753 164.78874902904107
v -41.673496568692926 20.754717012761898 166.41334857061847
v -37.751366321991675 20.754717012761898 164.78874902904107
v -66.63313523274775 23.58490562874753 95.06199081936828
v -70.55526547944899 23.58490562874753 96.68659036094567
v -66.63313523274775 20.754717012761898 95.06199081936828
v -70.55526547944899 20.754717012761898 96.68659036094567
vt 0 1
vt 1 1
vt 0 0
vt 1 0
vt 0 1
vt 1 1
vt 0 0
vt 1 0
vt 0 1
vt 1 1
vt 0 0
vt 1 0
vt 0 1
vt 1 1
vt 0 0
vt 1 0
vt 0 1
vt 1 1
vt 0 0
vt 1 0
vt 0 1
vt 1 1
vt 0 0
vt 1 0
vn 0.9238795325112865 0 -0.3826834323650905
vn 0.9238795325112865 0 -0.3826834323650905
vn 0.9238795325112865 0 -0.3826834323650905
vn 0.9238795325112865 0 -0.3826834323650905
vn -0.9238795325112865 0 0.3826834323650905
vn -0.9238795325112865 0 0.3826834323650905
vn -0.9238795325112865 0 0.3826834323650905
vn -0.9238795325112865 0 0.3826834323650905
vn 0 1 0
vn 0 1 0
vn 0 1 0
vn 0 1 0
vn 0 -1 0
vn 0 -1 0
vn 0 -1 0
vn 0 -1 0
vn 0.3826834323650905 0 0.9238795325112865
vn 0.3826834323650905 0 0.9238795325112865
vn 0.3826834323650905 0 0.9238795325112865
vn 0.3826834323650905 0 0.9238795325112865
vn -0.3826834323650905 0 -0.9238795325112865
vn -0.3826834323650905 0 -0.9238795325112865
vn -0.3826834323650905 0 -0.9238795325112865
vn -0.3826834323650905 0 -0.9238795325112865
f 1993/1993/1993 1995/1995/1995 1994/1994/1994
f 1995/1995/1995 1996/1996/1996 1994/1994/1994
f 1997/1997/1997 1999/1999/1999 1998/1998/1998
f 1999/1999/1999 2000/2000/2000 1998/1998/1998
f 2001/2001/2001 2003/2003/2003 2002/2002/2002
f 2003/2003/2003 2004/2004/2004 2002/2002/2002
f 2005/2005/2005 2007/2007/2007 2006/2006/2006
f 2007/2007/2007 2008/2008/2008 2006/2006/2006
f 2009/2009/2009 2011/2011/2011 2010/2010/2010
f 2011/2011/2011 2012/2012/2012 2010/2010/2010
f 2013/2013/2013 2015/2015/2015 2014/2014/2014
f 2015/2015/2015 2016/2016/2016 2014/2014/2014
o structure_ring
usemtl accent
v 122.16980727213733 76.41509433962266 0
v 86.38710345862047 76.41509433962267 86.38710345862047
v 7.480743652101215e-15 76.41509433962268 122.16980727213733
v -86.38710345862047 76.41509433962267 86.38710345862047
v -122.16980727213733 76.41509433962266 1.496148730420243e-14
v -86.38710345862047 76.41509433962264 -86.38710345862047
v -2.2442230332016393e-14 76.41509433962263 -122.16980727213733
v 86.38710345862047 76.41509433962264 -86.38710345862047
v 122.16980727213733 76.41509433962266 -2.992297460840486e-14
v 120.04717341009176 72.73857125414993 8.163521160115469e-16
v 84.886168533901 72.73857125414996 84.886168533901
v 7.350768918522573e-15 72.73857125414996 120.04717341009176
v -84.886168533901 72.73857125414996 84.886168533901
v -120.04717341009176 72.73857125414993 1.5517889953056693e-14
v -84.886168533901 72.73857125414992 -84.886168533901
v -2.2052308004142226e-14 72.7385712541499 -120.04717341009176
v 84.886168533901 72.73857125414992 -84.886168533901
v 120.04717341009176 72.73857125414993 -2.858672355807874e-14
v 115.80188319368183 72.73857125414993 8.163521160115469e-16
v 81.88429868446207 72.73857125414996 81.88429868446207
v 7.090820699939794e-15 72.73857125414996 115.80188319368183
v -81.88429868446207 72.73857125414996 81.88429868446207
v -115.80188319368183 72.73857125414993 1.4997993515891137e-14
v -81.88429868446207 72.73857125414992 -81.88429868446207
v -2.1272460851244874e-14 72.73857125414992 -115.80188319368183
v 81.88429868446207 72.73857125414992 -81.88429868446207
v 115.80188319368183 72.73857125414993 -2.754693068374763e-14
v 113.67924933163626 76.41509433962266 1.1544037226687812e-31
v 80.3833637597426 76.41509433962267 80.3833637597426
v 6.9608459663611505e-15 76.41509433962268 113.67924933163626
v -80.3833637597426 76.41509433962267 80.3833637597426
v -113.67924933163626 76.41509433962266 1.3921691932722301e-14
v -80.3833637597426 76.41509433962264 -80.3833637597426
v -2.0882538523370707e-14 76.41509433962263 -113.67924933163626
v 80.3833637597426 76.41509433962264 -80.3833637597426
v 113.67924933163626 76.41509433962266 -2.7843383865444602e-14
v 115.80188319368183 80.09161742509538 -8.163521160115469e-16
v 81.88429868446207 80.0916174250954 81.88429868446207
v 7.090820699939794e-15 80.0916174250954 115.80188319368183
v -81.88429868446207 80.0916174250954 81.88429868446207
v -115.80188319368183 80.09161742509538 1.3365289283868042e-14
v -81.88429868446207 80.09161742509535 -81.88429868446207
v -2.1272460851244874e-14 80.09161742509535 -115.80188319368183
v 81.88429868446207 80.09161742509535 -81.88429868446207
v 115.80188319368183 80.09161742509538 -2.9179634915770725e-14
v 120.04717341009176 80.09161742509538 -8.163521160115469e-16
v 84.886168533901 80.0916174250954 84.886168533901
v 7.350768918522573e-15 80.09161742509541 120.04717341009176
v -84.886168533901 80.0916174250954 84.886168533901
v -120.04717341009176 80.09161742509538 1.3885185721033599e-14
v -84.886168533901 80.09161742509535 -84.886168533901
v -2.2052308004142226e-14 80.09161742509535 -120.04717341009176
v 84.886168533901 80.09161742509535 -84.886168533901
v 120.04717341009176 80.09161742509538 -3.021942779010184e-14
v 122.16980727213733 76.41509433962266 -2.3088074453375624e-31
v 86.38710345862047 76.41509433962267 86.38710345862047
v 7.480743652101215e-15 76.41509433962268 122.16980727213733
v -86.38710345862047 76.41509433962267 86.38710345862047
v -122.16980727213733 76.41509433962266 1.496148730420243e-14
v -86.38710345862047 76.41509433962264 -86.38710345862047
v -2.2442230332016393e-14 76.41509433962263 -122.16980727213733
v 86.38710345862047 76.41509433962264 -86.38710345862047
v 122.16980727213733 76.41509433962266 -2.992297460840486e-14
vt 0 0
vt 0.125 0
vt 0.25 0
vt 0.375 0
vt 0.5 0
vt 0.625 0
vt 0.75 0
vt 0.875 0
vt 1 0
vt 0 0.1666666716337204
vt 0.125 0.1666666716337204
vt 0.25 0.1666666716337204
vt 0.375 0.1666666716337204
vt 0.5 0.1666666716337204
vt 0.625 0.1666666716337204
vt 0.75 0.1666666716337204
vt 0.875 0.1666666716337204
vt 1 0.1666666716337204
vt 0 0.3333333432674408
vt 0.125 0.3333333432674408
vt 0.25 0.3333333432674408
vt 0.375 0.3333333432674408
vt 0.5 0.3333333432674408
vt 0.625 0.3333333432674408
vt 0.75 0.3333333432674408
vt 0.875 0.3333333432674408
vt 1 0.3333333432674408
vt 0 0.5
vt 0.125 0.5
vt 0.25 0.5
vt 0.375 0.5
vt 0.5 0.5
vt 0.625 0.5
vt 0.75 0.5
vt 0.875 0.5
vt 1 0.5
vt 0 0.6666666865348816
vt 0.125 0.6666666865348816
vt 0.25 0.6666666865348816
vt 0.375 0.6666666865348816
vt 0.5 0.6666666865348816
vt 0.625 0.6666666865348816
vt 0.75 0.6666666865348816
vt 0.875 0.6666666865348816
vt 1 0.6666666865348816
vt 0 0.8333333134651184
vt 0.125 0.8333333134651184
vt 0.25 0.8333333134651184
vt 0.375 0.8333333134651184
vt 0.5 0.8333333134651184
vt 0.625 0.8333333134651184
vt 0.75 0.8333333134651184
vt 0.875 0.8333333134651184
vt 1 0.8333333134651184
vt 0 1
vt 0.125 1
vt 0.25 1
vt 0.375 1
vt 0.5 1
vt 0.625 1
vt 0.75 1
vt 0.875 1
vt 1 1
vn 1 0 0
vn 0.7071067811865475 1.570092458683775e-16 0.7071067811865475
vn 6.123234262925839e-17 2.220446049250313e-16 1
vn -0.7071067811865475 1.570092458683775e-16 0.7071067811865475
vn -1 2.7192622655495665e-32 1.2246468525851679e-16
vn -0.7071067811865475 -1.570092458683775e-16 -0.7071067811865475
vn -1.836970146528854e-16 -2.220446049250313e-16 -1
vn 0.7071067811865475 -1.570092458683775e-16 -0.7071067811865475
vn 1 -5.438524531099133e-32 -2.4492937051703357e-16
vn 0.5000000067305869 -0.8660253998985324 1.9229626777551189e-16
vn 0.3535533908144109 -0.8660254036038808 0.3535533908144111
vn 3.06161717267588e-17 -0.8660253998985322 0.5000000067305871
vn -0.3535533908144109 -0.8660254036038808 0.3535533908144111
vn -0.5000000067305869 -0.8660253998985324 2.5352861122902947e-16
vn -0.35355339081441095 -0.866025403603881 -0.35355339081441073
vn -9.18485085628314e-17 -0.8660253998985324 -0.5000000067305866
vn 0.35355339081441095 -0.866025403603881 -0.35355339081441073
vn 0.5000000067305869 -0.8660253998985324 6.983158086847668e-17
vn -0.5000000067305869 -0.8660253998985324 1.9229626777551189e-16
vn -0.35355339081441095 -0.866025403603881 -0.35355339081441073
vn -3.061617172675879e-17 -0.8660253998985324 -0.5000000067305866
vn 0.35355339081441095 -0.866025403603881 -0.35355339081441073
vn 0.5000000067305869 -0.8660253998985324 1.3106392432199428e-16
vn 0.3535533908144109 -0.8660254036038808 0.3535533908144111
vn 9.184850856283141e-17 -0.8660253998985322 0.5000000067305871
vn -0.3535533908144109 -0.8660254036038808 0.3535533908144111
vn -0.5000000067305869 -0.8660253998985324 3.1476095468254707e-16
vn -1 -1.2246468525851679e-16 2.7192622655495665e-32
vn -0.7071067811865475 -2.7947393322278815e-16 -0.7071067811865475
vn -6.123234262925839e-17 -3.445092901835481e-16 -1
vn 0.7071067811865475 -2.7947393322278815e-16 -0.7071067811865475
vn 1 -1.224646852585168e-16 -1.2246468525851676e-16
vn 0.7071067811865475 3.454455851396686e-17 0.7071067811865475
vn 1.836970146528854e-16 9.957991966651452e-17 1
vn -0.7071067811865475 3.454455851396686e-17 0.7071067811865475
vn -1 -1.2246468525851674e-16 2.449293705170336e-16
vn -0.5000000067305869 0.8660253998985324 -1.9229626777551189e-16
vn -0.3535533908144109 0.8660254036038808 -0.3535533908144111
vn -3.06161717267588e-17 0.8660253998985322 -0.5000000067305871
vn 0.3535533908144109 0.8660254036038808 -0.3535533908144111
vn 0.5000000067305869 0.8660253998985324 -2.5352861122902947e-16
vn 0.35355339081441095 0.866025403603881 0.35355339081441073
vn 9.18485085628314e-17 0.8660253998985324 0.5000000067305866
vn -0.35355339081441095 0.866025403603881 0.35355339081441073
vn -0.5000000067305869 0.8660253998985324 -6.983158086847668e-17
vn 0.5000000067305869 0.8660253998985324 -1.9229626777551189e-16
vn 0.35355339081441095 0.866025403603881 0.35355339081441073
vn 3.061617172675879e-17 0.8660253998985324 0.5000000067305866
vn -0.35355339081441095 0.866025403603881 0.35355339081441073
vn -0.5000000067305869 0.8660253998985324 -1.3106392432199428e-16
vn -0.3535533908144109 0.8660254036038808 -0.3535533908144111
vn -9.184850856283141e-17 0.8660253998985322 -0.5000000067305871
vn 0.3535533908144109 0.8660254036038808 -0.3535533908144111
vn 0.5000000067305869 0.8660253998985324 -3.1476095468254707e-16
vn 1 2.4492937051703357e-16 -5.438524531099133e-32
vn 0.7071067811865475 4.0193862057719876e-16 0.7071067811865475
vn 6.123234262925839e-17 4.669739754420649e-16 1
vn -0.7071067811865475 4.0193862057719876e-16 0.7071067811865475
vn -1 2.449293705170336e-16 1.2246468525851674e-16
vn -0.7071067811865475 8.792012884044377e-17 -0.7071067811865475
vn -1.836970146528854e-16 2.288476559200226e-17 -1
vn 0.7071067811865475 8.792012884044377e-17 -0.7071067811865475
vn 1 2.449293705170335e-16 -2.449293705170336e-16
f 2026/2026/2026 2017/2017/2017 2027/2027/2027
f 2017/2017/2017 2018/2018/2018 2027/2027/2027
f 2027/2027/2027 2018/2018/2018 2028/2028/2028
f 2018/2018/2018 2019/2019/2019 2028/2028/2028
f 2028/2028/2028 2019/2019/2019 2029/2029/2029
f 2019/2019/2019 2020/2020/2020 2029/2029/2029
f 2029/2029/2029 2020/2020/2020 2030/2030/2030
f 2020/2020/2020 2021/2021/2021 2030/2030/2030
f 2030/2030/2030 2021/2021/2021 2031/2031/2031
f 2021/2021/2021 2022/2022/2022 2031/2031/2031
f 2031/2031/2031 2022/2022/2022 2032/2032/2032
f 2022/2022/2022 2023/2023/2023 2032/2032/2032
f 2032/2032/2032 2023/2023/2023 2033/2033/2033
f 2023/2023/2023 2024/2024/2024 2033/2033/2033
f 2033/2033/2033 2024/2024/2024 2034/2034/2034
f 2024/2024/2024 2025/2025/2025 2034/2034/2034
f 2035/2035/2035 2026/2026/2026 2036/2036/2036
f 2026/2026/2026 2027/2027/2027 2036/2036/2036
f 2036/2036/2036 2027/2027/2027 2037/2037/2037
f 2027/2027/2027 2028/2028/2028 2037/2037/2037
f 2037/2037/2037 2028/2028/2028 2038/2038/2038
f 2028/2028/2028 2029/2029/2029 2038/2038/2038
f 2038/2038/2038 2029/2029/2029 2039/2039/2039
f 2029/2029/2029 2030/2030/2030 2039/2039/2039
f 2039/2039/2039 2030/2030/2030 2040/2040/2040
f 2030/2030/2030 2031/2031/2031 2040/2040/2040
f 2040/2040/2040 2031/2031/2031 2041/2041/2041
f 2031/2031/2031 2032/2032/2032 2041/2041/2041
f 2041/2041/2041 2032/2032/2032 2042/2042/2042
f 2032/2032/2032 2033/2033/2033 2042/2042/2042
f 2042/2042/2042 2033/2033/2033 2043/2043/2043
f 2033/2033/2033 2034/2034/2034 2043/2043/2043
f 2044/2044/2044 2035/2035/2035 2045/2045/2045
f 2035/2035/2035 2036/2036/2036 2045/2045/2045
f 2045/2045/2045 2036/2036/2036 2046/2046/2046
f 2036/2036/2036 2037/2037/2037 2046/2046/2046
f 2046/2046/2046 2037/2037/2037 2047/2047/2047
f 2037/2037/2037 2038/2038/2038 2047/2047/2047
f 2047/2047/2047 2038/2038/2038 2048/2048/2048
f 2038/2038/2038 2039/2039/2039 2048/2048/2048
f 2048/2048/2048 2039/2039/2039 2049/2049/2049
f 2039/2039/2039 2040/2040/2040 2049/2049/2049
f 2049/2049/2049 2040/2040/2040 2050/2050/2050
f 2040/2040/2040 2041/2041/2041 2050/2050/2050
f 2050/2050/2050 2041/2041/2041 2051/2051/2051
f 2041/2041/2041 2042/2042/2042 2051/2051/2051
f 2051/2051/2051 2042/2042/2042 2052/2052/2052
f 2042/2042/2042 2043/2043/2043 2052/2052/2052
f 2053/2053/2053 2044/2044/2044 2054/2054/2054
f 2044/2044/2044 2045/2045/2045 2054/2054/2054
f 2054/2054/2054 2045/2045/2045 2055/2055/2055
f 2045/2045/2045 2046/2046/2046 2055/2055/2055
f 2055/2055/2055 2046/2046/2046 2056/2056/2056
f 2046/2046/2046 2047/2047/2047 2056/2056/2056
f 2056/2056/2056 2047/2047/2047 2057/2057/2057
f 2047/2047/2047 2048/2048/2048 2057/2057/2057
f 2057/2057/2057 2048/2048/2048 2058/2058/2058
f 2048/2048/2048 2049/2049/2049 2058/2058/2058
f 2058/2058/2058 2049/2049/2049 2059/2059/2059
f 2049/2049/2049 2050/2050/2050 2059/2059/2059
f 2059/2059/2059 2050/2050/2050 2060/2060/2060
f 2050/2050/2050 2051/2051/2051 2060/2060/2060
f 2060/2060/2060 2051/2051/2051 2061/2061/2061
f 2051/2051/2051 2052/2052/2052 2061/2061/2061
f 2062/2062/2062 2053/2053/2053 2063/2063/2063
f 2053/2053/2053 2054/2054/2054 2063/2063/2063
f 2063/2063/2063 2054/2054/2054 2064/2064/2064
f 2054/2054/2054 2055/2055/2055 2064/2064/2064
f 2064/2064/2064 2055/2055/2055 2065/2065/2065
f 2055/2055/2055 2056/2056/2056 2065/2065/2065
f 2065/2065/2065 2056/2056/2056 2066/2066/2066
f 2056/2056/2056 2057/2057/2057 2066/2066/2066
f 2066/2066/2066 2057/2057/2057 2067/2067/2067
f 2057/2057/2057 2058/2058/2058 2067/2067/2067
f 2067/2067/2067 2058/2058/2058 2068/2068/2068
f 2058/2058/2058 2059/2059/2059 2068/2068/2068
f 2068/2068/2068 2059/2059/2059 2069/2069/2069
f 2059/2059/2059 2060/2060/2060 2069/2069/2069
f 2069/2069/2069 2060/2060/2060 2070/2070/2070
f 2060/2060/2060 2061/2061/2061 2070/2070/2070
f 2071/2071/2071 2062/2062/2062 2072/2072/2072
f 2062/2062/2062 2063/2063/2063 2072/2072/2072
f 2072/2072/2072 2063/2063/2063 2073/2073/2073
f 2063/2063/2063 2064/2064/2064 2073/2073/2073
f 2073/2073/2073 2064/2064/2064 2074/2074/2074
f 2064/2064/2064 2065/2065/2065 2074/2074/2074
f 2074/2074/2074 2065/2065/2065 2075/2075/2075
f 2065/2065/2065 2066/2066/2066 2075/2075/2075
f 2075/2075/2075 2066/2066/2066 2076/2076/2076
f 2066/2066/2066 2067/2067/2067 2076/2076/2076
f 2076/2076/2076 2067/2067/2067 2077/2077/2077
f 2067/2067/2067 2068/2068/2068 2077/2077/2077
f 2077/2077/2077 2068/2068/2068 2078/2078/2078
f 2068/2068/2068 2069/2069/2069 2078/2078/2078
f 2078/2078/2078 2069/2069/2069 2079/2079/2079
f 2069/2069/2069 2070/2070/2070 2079/2079/2079
o structure_light_0
usemtl thruster
v 2.358490601181984 -8.962264115799147 169.8113207898612
v 2.358490601181984 -8.962264115799147 165.09433958749725
v 2.358490601181984 -13.679245318163115 169.8113207898612
v 2.358490601181984 -13.679245318163115 165.09433958749725
v -2.358490601181984 -8.962264115799147 165.09433958749725
v -2.358490601181984 -8.962264115799147 169.8113207898612
v -2.358490601181984 -13.679245318163115 165.09433958749725
v -2.358490601181984 -13.679245318163115 169.8113207898612
v -2.358490601181984 -8.962264115799147 165.09433958749725
v 2.358490601181984 -8.962264115799147 165.09433958749725
v -2.358490601181984 -8.962264115799147 169.8113207898612
v 2.358490601181984 -8.962264115799147 169.8113207898612
v -2.358490601181984 -13.679245318163115 169.8113207898612
v 2.358490601181984 -13.679245318163115 169.8113207898612
v -2.358490601181984 -13.679245318163115 165.09433958749725
v 2.358490601181984 -13.679245318163115 165.09433958749725
v -2.358490601181984 -8.962264115799147 169.8113207898612
v 2.358490601181984 -8.962264115799147 169.8113207898612
v -2.358490601181984 -13.679245318163115 169.8113207898612
v 2.358490601181984 -13.679245318163115 169.8113207898612
v 2.358490601181984 -8.962264115799147 165.09433958749725
v -2.358490601181984 -8.962264115799147 165.09433958749725
v 2.358490601181984 -13.679245318163115 165.09433958749725
v -2.358490601181984 -13.679245318163115 165.09433958749725
vt 0 1
vt 1 1
vt 0 0
vt 1 0
vt 0 1
vt 1 1
vt 0 0
vt 1 0
vt 0 1
vt 1 1
vt 0 0
vt 1 0
vt 0 1
vt 1 1
vt 0 0
vt 1 0
vt 0 1
vt 1 1
vt 0 0
vt 1 0
vt 0 1
vt 1 1
vt 0 0
vt 1 0
vn 1 0 0
vn 1 0 0
vn 1 0 0
vn 1 0 0
vn -1 0 0
vn -1 0 0
vn -1 0 0
vn -1 0 0
vn 0 1 0
vn 0 1 0
vn 0 1 0
vn 0 1 0
vn 0 -1 0
vn 0 -1 0
vn 0 -1 0
vn 0 -1 0
vn 0 0 1
vn 0 0 1
vn 0 0 1
vn 0 0 1
vn 0 0 -1
vn 0 0 -1
vn 0 0 -1
vn 0 0 -1
f 2080/2080/2080 2082/2082/2082 2081/2081/2081
f 2082/2082/2082 2083/2083/2083 2081/2081/2081
f 2084/2084/2084 2086/2086/2086 2085/2085/2085
f 2086/2086/2086 2087/2087/2087 2085/2085/2085
f 2088/2088/2088 2090/2090/2090 2089/2089/2089
f 2090/2090/2090 2091/2091/2091 2089/2089/2089
f 2092/2092/2092 2094/2094/2094 2093/2093/2093
f 2094/2094/2094 2095/2095/2095 2093/2093/2093
f 2096/2096/2096 2098/2098/2098 2097/2097/2097
f 2098/2098/2098 2099/2099/2099 2097/2097/2097
f 2100/2100/2100 2102/2102/2102 2101/2101/2101
f 2102/2102/2102 2103/2103/2103 2101/2101/2101
o structure_light_1
usemtl thruster
v 66.43991441703427 -8.962264115799147 157.06473307359084
v 66.43991441703427 -8.962264115799147 152.34775187122688
v 66.43991441703427 -13.679245318163115 157.06473307359084
v 66.43991441703427 -13.679245318163115 152.34775187122688
v 61.722933214670306 -8.962264115799147 152.34775187122688
v 61.722933214670306 -8.962264115799147 157.06473307359084
v 61.722933214670306 -13.679245318163115 152.34775187122688
v 61.722933214670306 -13.679245318163115 157.06473307359084
v 61.722933214670306 -8.962264115799147 152.34775187122688
v 66.43991441703427 -8.962264115799147 152.34775187122688
v 61.722933214670306 -8.962264115799147 157.06473307359084
v 66.43991441703427 -8.962264115799147 157.06473307359084
v 61.722933214670306 -13.679245318163115 157.06473307359084
v 66.43991441703427 -13.679245318163115 157.06473307359084
v 61.722933214670306 -13.679245318163115 152.34775187122688
v 66.43991441703427 -13.679245318163115 152.34775187122688
v 61.722933214670306 -8.962264115799147 157.06473307359084
v 66.43991441703427 -8.962264115799147 157.06473307359084
v 61.722933214670306 -13.679245318163115 157.06473307359084
v 66.43991441703427 -13.679245318163115 157.06473307359084
v 66.43991441703427 -8.962264115799147 152.34775187122688
v 61.722933214670306 -8.962264115799147 152.34775187122688
v 66.43991441703427 -13.679245318163115 152.34775187122688
v 61.722933214670306 -13.679245318163115 152.34775187122688
vt 0 1
vt 1 1
vt 0 0
vt 1 0
vt 0 1
vt 1 1
vt 0 0
vt 1 0
vt 0 1
vt 1 1
vt 0 0
vt 1 0
vt 0 1
vt 1 1
vt 0 0
vt 1 0
vt 0 1
vt 1 1
vt 0 0
vt 1 0
vt 0 1
vt 1 1
vt 0 0
vt 1 0
vn 1 0 0
vn 1 0 0
vn 1 0 0
vn 1 0 0
vn -1 0 0
vn -1 0 0
vn -1 0 0
vn -1 0 0
vn 0 1 0
vn 0 1 0
vn 0 1 0
vn 0 1 0
vn 0 -1 0
vn 0 -1 0
vn 0 -1 0
vn 0 -1 0
vn 0 0 1
vn 0 0 1
vn 0 0 1
vn 0 0 1
vn 0 0 -1
vn 0 0 -1
vn 0 0 -1
vn 0 0 -1
f 2104/2104/2104 2106/2106/2106 2105/2105/2105
f 2106/2106/2106 2107/2107/2107 2105/2105/2105
f 2108/2108/2108 2110/2110/2110 2109/2109/2109
f 2110/2110/2110 2111/2111/2111 2109/2109/2109
f 2112/2112/2112 2114/2114/2114 2113/2113/2113
f 2114/2114/2114 2115/2115/2115 2113/2113/2113
f 2116/2116/2116 2118/2118/2118 2117/2117/2117
f 2118/2118/2118 2119/2119/2119 2117/2117/2117
f 2120/2120/2120 2122/2122/2122 2121/2121/2121
f 2122/2122/2122 2123/2123/2123 2121/2121/2121
f 2124/2124/2124 2126/2126/2126 2125/2125/2125
f 2126/2126/2126 2127/2127/2127 2125/2125/2125
o structure_light_2
usemtl thruster
v 120.76552235647648 -8.962264115799147 120.7655223564765
v 120.76552235647648 -8.962264115799147 116.04854115411253
v 120.76552235647648 -13.679245318163115 120.7655223564765
v 120.76552235647648 -13.679245318163115 116.04854115411253
v 116.04854115411251 -8.962264115799147 116.04854115411253
v 116.04854115411251 -8.962264115799147 120.7655223564765
v 116.04854115411251 -13.679245318163115 116.04854115411253
v 116.04854115411251 -13.679245318163115 120.7655223564765
v 116.04854115411251 -8.962264115799147 116.04854115411253
v 120.76552235647648 -8.962264115799147 116.04854115411253
v 116.04854115411251 -8.962264115799147 120.7655223564765
v 120.76552235647648 -8.962264115799147 120.7655223564765
v 116.04854115411251 -13.679245318163115 120.7655223564765
v 120.76552235647648 -13.679245318163115 120.7655223564765
v 116.04854115411251 -13.679245318163115 116.04854115411253
v 120.76552235647648 -13.679245318163115 116.04854115411253
v 116.04854115411251 -8.962264115799147 120.7655223564765
v 120.76552235647648 -8.962264115799147 120.7655223564765
v 116.04854115411251 -13.679245318163115 120.7655223564765
v 120.76552235647648 -13.679245318163115 120.7655223564765
v 120.76552235647648 -8.962264115799147 116.04854115411253
v 116.04854115411251 -8.962264115799147 116.04854115411253
v 120.76552235647648 -13.679245318163115 116.04854115411253
v 116.04854115411251 -13.679245318163115 116.04854115411253
vt 0 1
vt 1 1
vt 0 0
vt 1 0
vt 0 1
vt 1 1
vt 0 0
vt 1 0
vt 0 1
vt 1 1
vt 0 0
vt 1 0
vt 0 1
vt 1 1
vt 0 0
vt 1 0
vt 0 1
vt 1 1
vt 0 0
vt 1 0
vt 0 1
vt 1 1
vt 0 0
vt 1 0
vn 1 0 0
vn 1 0 0
vn 1 0 0
vn 1 0 0
vn -1 0 0
vn -1 0 0
vn -1 0 0
vn -1 0 0
vn 0 1 0
vn 0 1 0
vn 0 1 0
vn 0 1 0
vn 0 -1 0
vn 0 -1 0
vn 0 -1 0
vn 0 -1 0
vn 0 0 1
vn 0 0 1
vn 0 0 1
vn 0 0 1
vn 0 0 -1
vn 0 0 -1
vn 0 0 -1
vn 0 0 -1
f 2128/2128/2128 2130/2130/2130 2129/2129/2129
f 2130/2130/2130 2131/2131/2131 2129/2129/2129
f 2132/2132/2132 2134/2134/2134 2133/2133/2133
f 2134/2134/2134 2135/2135/2135 2133/2133/2133
f 2136/2136/2136 2138/2138/2138 2137/2137/2137
f 2138/2138/2138 2139/2139/2139 2137/2137/2137
f 2140/2140/2140 2142/2142/2142 2141/2141/2141
f 2142/2142/2142 2143/2143/2143 2141/2141/2141
f 2144/2144/2144 2146/2146/2146 2145/2145/2145
f 2146/2146/2146 2147/2147/2147 2145/2145/2145
f 2148/2148/2148 2150/2150/2150 2149/2149/2149
f 2150/2150/2150 2151/2151/2151 2149/2149/2149
o structure_light_3
usemtl thruster
v 157.06473307359084 -8.962264115799147 66.43991441703429
v 157.06473307359084 -8.962264115799147 61.72293321467032
v 157.06473307359084 -13.679245318163115 66.43991441703429
v 157.06473307359084 -13.679245318163115 61.72293321467032
v 152.34775187122688 -8.962264115799147 61.72293321467032
v 152.34775187122688 -8.962264115799147 66.43991441703429
v 152.34775187122688 -13.679245318163115 61.72293321467032
v 152.34775187122688 -13.679245318163115 66.43991441703429
v 152.34775187122688 -8.962264115799147 61.72293321467032
v 157.06473307359084 -8.962264115799147 61.72293321467032
v 152.34775187122688 -8.962264115799147 66.43991441703429
v 157.06473307359084 -8.962264115799147 66.43991441703429
v 152.34775187122688 -13.679245318163115 66.43991441703429
v 157.06473307359084 -13.679245318163115 66.43991441703429
v 152.34775187122688 -13.679245318163115 61.72293321467032
v 157.06473307359084 -13.679245318163115 61.72293321467032
v 152.34775187122688 -8.962264115799147 66.43991441703429
v 157.06473307359084 -8.962264115799147 66.43991441703429
v 152.34775187122688 -13.679245318163115 66.43991441703429
v 157.06473307359084 -13.679245318163115 66.43991441703429
v 157.06473307359084 -8.962264115799147 61.72293321467032
v 152.34775187122688 -8.962264115799147 61.72293321467032
v 157.06473307359084 -13.679245318163115 61.72293321467032
v 152.34775187122688 -13.679245318163115 61.72293321467032
vt 0 1
vt 1 1
vt 0 0
vt 1 0
vt 0 1
vt 1 1
vt 0 0
vt 1 0
vt 0 1
vt 1 1
vt 0 0
vt 1 0
vt 0 1
vt 1 1
vt 0 0
vt 1 0
vt 0 1
vt 1 1
vt 0 0
vt 1 0
vt 0 1
vt 1 1
vt 0 0
vt 1 0
vn 1 0 0
vn 1 0 0
vn 1 0 0
vn 1 0 0
vn -1 0 0
vn -1 0 0
vn -1 0 0
vn -1 0 0
vn 0 1 0
vn 0 1 0
vn 0 1 0
vn 0 1 0
vn 0 -1 0
vn 0 -1 0
vn 0 -1 0
vn 0 -1 0
vn 0 0 1
vn 0 0 1
vn 0 0 1
vn 0 0 1
vn 0 0 -1
vn 0 0 -1
vn 0 0 -1
vn 0 0 -1
f 2152/2152/2152 2154/2154/2154 2153/2153/2153
f 2154/2154/2154 2155/2155/2155 2153/2153/2153
f 2156/2156/2156 2158/2158/2158 2157/2157/2157
f 2158/2158/2158 2159/2159/2159 2157/2157/2157
f 2160/2160/2160 2162/2162/2162 2161/2161/2161
f 2162/2162/2162 2163/2163/2163 2161/2161/2161
f 2164/2164/2164 2166/2166/2166 2165/2165/2165
f 2166/2166/2166 2167/2167/2167 2165/2165/2165
f 2168/2168/2168 2170/2170/2170 2169/2169/2169
f 2170/2170/2170 2171/2171/2171 2169/2169/2169
f 2172/2172/2172 2174/2174/2174 2173/2173/2173
f 2174/2174/2174 2175/2175/2175 2173/2173/2173
o structure_light_4
usemtl thruster
v 169.8113207898612 -8.962264115799147 2.358490601181994
v 169.8113207898612 -8.962264115799147 -2.3584906011819737
v 169.8113207898612 -13.679245318163115 2.358490601181994
v 169.8113207898612 -13.679245318163115 -2.3584906011819737
v 165.09433958749725 -8.962264115799147 -2.3584906011819737
v 165.09433958749725 -8.962264115799147 2.358490601181994
v 165.09433958749725 -13.679245318163115 -2.3584906011819737
v 165.09433958749725 -13.679245318163115 2.358490601181994
v 165.09433958749725 -8.962264115799147 -2.3584906011819737
v 169.8113207898612 -8.962264115799147 -2.3584906011819737
v 165.09433958749725 -8.962264115799147 2.358490601181994
v 169.8113207898612 -8.962264115799147 2.358490601181994
v 165.09433958749725 -13.679245318163115 2.358490601181994
v 169.8113207898612 -13.679245318163115 2.358490601181994
v 165.09433958749725 -13.679245318163115 -2.3584906011819737
v 169.8113207898612 -13.679245318163115 -2.3584906011819737
v 165.09433958749725 -8.962264115799147 2.358490601181994
v 169.8113207898612 -8.962264115799147 2.358490601181994
v 165.09433958749725 -13.679245318163115 2.358490601181994
v 169.8113207898612 -13.679245318163115 2.358490601181994
v 169.8113207898612 -8.962264115799147 -2.3584906011819737
v 165.09433958749725 -8.962264115799147 -2.3584906011819737
v 169.8113207898612 -13.679245318163115 -2.3584906011819737
v 165.09433958749725 -13.679245318163115 -2.3584906011819737
vt 0 1
vt 1 1
vt 0 0
vt 1 0
vt 0 1
vt 1 1
vt 0 0
vt 1 0
vt 0 1
vt 1 1
vt 0 0
vt 1 0
vt 0 1
vt 1 1
vt 0 0
vt 1 0
vt 0 1
vt 1 1
vt 0 0
vt 1 0
vt 0 1
vt 1 1
vt 0 0
vt 1 0
vn 1 0 0
vn 1 0 0
vn 1 0 0
vn 1 0 0
vn -1 0 0
vn -1 0 0
vn -1 0 0
vn -1 0 0
vn 0 1 0
vn 0 1 0
vn 0 1 0
vn 0 1 0
vn 0 -1 0
vn 0 -1 0
vn 0 -1 0
vn 0 -1 0
vn 0 0 1
vn 0 0 1
vn 0 0 1
vn 0 0 1
vn 0 0 -1
vn 0 0 -1
vn 0 0 -1
vn 0 0 -1
f 2176/2176/2176 2178/2178/2178 2177/2177/2177
f 2178/2178/2178 2179/2179/2179 2177/2177/2177
f 2180/2180/2180 2182/2182/2182 2181/2181/2181
f 2182/2182/2182 2183/2183/2183 2181/2181/2181
f 2184/2184/2184 2186/2186/2186 2185/2185/2185
f 2186/2186/2186 2187/2187/2187 2185/2185/2185
f 2188/2188/2188 2190/2190/2190 2189/2189/2189
f 2190/2190/2190 2191/2191/2191 2189/2189/2189
f 2192/2192/2192 2194/2194/2194 2193/2193/2193
f 2194/2194/2194 2195/2195/2195 2193/2193/2193
f 2196/2196/2196 2198/2198/2198 2197/2197/2197
f 2198/2198/2198 2199/2199/2199 2197/2197/2197
o structure_light_5
usemtl thruster
v 157.06473307359084 -8.962264115799147 -61.72293321467029
v 157.06473307359084 -8.962264115799147 -66.43991441703426
v 157.06473307359084 -13.679245318163115 -61.72293321467029
v 157.06473307359084 -13.679245318163115 -66.43991441703426
v 152.34775187122688 -8.962264115799147 -66.43991441703426
v 152.34775187122688 -8.962264115799147 -61.72293321467029
v 152.34775187122688 -13.679245318163115 -66.43991441703426
v 152.34775187122688 -13.679245318163115 -61.72293321467029
v 152.34775187122688 -8.962264115799147 -66.43991441703426
v 157.06473307359084 -8.962264115799147 -66.43991441703426
v 152.34775187122688 -8.962264115799147 -61.72293321467029
v 157.06473307359084 -8.962264115799147 -61.72293321467029
v 152.34775187122688 -13.679245318163115 -61.72293321467029
v 157.06473307359084 -13.679245318163115 -61.72293321467029
v 152.34775187122688 -13.679245318163115 -66.43991441703426
v 157.06473307359084 -13.679245318163115 -66.43991441703426
v 152.34775187122688 -8.962264115799147 -61.72293321467029
v 157.06473307359084 -8.962264115799147 -61.72293321467029
v 152.34775187122688 -13.679245318163115 -61.72293321467029
v 157.06473307359084 -13.679245318163115 -61.72293321467029
v 157.06473307359084 -8.962264115799147 -66.43991441703426
v 152.34775187122688 -8.962264115799147 -66.43991441703426
v 157.06473307359084 -13.679245318163115 -66.43991441703426
v 152.34775187122688 -13.679245318163115 -66.43991441703426
vt 0 1
vt 1 1
vt 0 0
vt 1 0
vt 0 1
vt 1 1
vt 0 0
vt 1 0
vt 0 1
vt 1 1
vt 0 0
vt 1 0
vt 0 1
vt 1 1
vt 0 0
vt 1 0
vt 0 1
vt 1 1
vt 0 0
vt 1 0
vt 0 1
vt 1 1
vt 0 0
vt 1 0
vn 1 0 0
vn 1 0 0
vn 1 0 0
vn 1 0 0
vn -1 0 0
vn -1 0 0
vn -1 0 0
vn -1 0 0
vn 0 1 0
vn 0 1 0
vn 0 1 0
vn 0 1 0
vn 0 -1 0
vn 0 -1 0
vn 0 -1 0
vn 0 -1 0
vn 0 0 1
vn 0 0 1
vn 0 0 1
vn 0 0 1
vn 0 0 -1
vn 0 0 -1
vn 0 0 -1
vn 0 0 -1
f 2200/2200/2200 2202/2202/2202 2201/2201/2201
f 2202/2202/2202 2203/2203/2203 2201/2201/2201
f 2204/2204/2204 2206/2206/2206 2205/2205/2205
f 2206/2206/2206 2207/2207/2207 2205/2205/2205
f 2208/2208/2208 2210/2210/2210 2209/2209/2209
f 2210/2210/2210 2211/2211/2211 2209/2209/2209
f 2212/2212/2212 2214/2214/2214 2213/2213/2213
f 2214/2214/2214 2215/2215/2215 2213/2213/2213
f 2216/2216/2216 2218/2218/2218 2217/2217/2217
f 2218/2218/2218 2219/2219/2219 2217/2217/2217
f 2220/2220/2220 2222/2222/2222 2221/2221/2221
f 2222/2222/2222 2223/2223/2223 2221/2221/2221
o structure_light_6
usemtl thruster
v 120.7655223564765 -8.962264115799147 -116.04854115411251
v 120.7655223564765 -8.962264115799147 -120.76552235647648
v 120.7655223564765 -13.679245318163115 -116.04854115411251
v 120.7655223564765 -13.679245318163115 -120.76552235647648
v 116.04854115411253 -8.962264115799147 -120.76552235647648
v 116.04854115411253 -8.962264115799147 -116.04854115411251
v 116.04854115411253 -13.679245318163115 -120.76552235647648
v 116.04854115411253 -13.679245318163115 -116.04854115411251
v 116.04854115411253 -8.962264115799147 -120.76552235647648
v 120.7655223564765 -8.962264115799147 -120.76552235647648
v 116.04854115411253 -8.962264115799147 -116.04854115411251
v 120.7655223564765 -8.962264115799147 -116.04854115411251
v 116.04854115411253 -13.679245318163115 -116.04854115411251
v 120.7655223564765 -13.679245318163115 -116.04854115411251
v 116.04854115411253 -13.679245318163115 -120.76552235647648
v 120.7655223564765 -13.679245318163115 -120.76552235647648
v 116.04854115411253 -8.962264115799147 -116.04854115411251
v 120.7655223564765 -8.962264115799147 -116.04854115411251
v 116.04854115411253 -13.679245318163115 -116.04854115411251
v 120.7655223564765 -13.679245318163115 -116.04854115411251
v 120.7655223564765 -8.962264115799147 -120.76552235647648
v 116.04854115411253 -8.962264115799147 -120.76552235647648
v 120.7655223564765 -13.679245318163115 -120.76552235647648
v 116.04854115411253 -13.679245318163115 -120.76552235647648
vt 0 1
vt 1 1
vt 0 0
vt 1 0
vt 0 1
vt 1 1
vt 0 0
vt 1 0
vt 0 1
vt 1 1
vt 0 0
vt 1 0
vt 0 1
vt 1 1
vt 0 0
vt 1 0
vt 0 1
vt 1 1
vt 0 0
vt 1 0
vt 0 1
vt 1 1
vt 0 0
vt 1 0
vn 1 0 0
vn 1 0 0
vn 1 0 0
vn 1 0 0
vn -1 0 0
vn -1 0 0
vn -1 0 0
vn -1 0 0
vn 0 1 0
vn 0 1 0
vn 0 1 0
vn 0 1 0
vn 0 -1 0
vn 0 -1 0
vn 0 -1 0
vn 0 -1 0
vn 0 0 1
vn 0 0 1
vn 0 0 1
vn 0 0 1
vn 0 0 -1
vn 0 0 -1
vn 0 0 -1
vn 0 0 -1
f 2224/2224/2224 2226/2226/2226 2225/2225/2225
f 2226/2226/2226 2227/2227/2227 2225/2225/2225
f 2228/2228/2228 2230/2230/2230 2229/2229/2229
f 2230/2230/2230 2231/2231/2231 2229/2229/2229
f 2232/2232/2232 2234/2234/2234 2233/2233/2233
f 2234/2234/2234 2235/2235/2235 2233/2233/2233
f 2236/2236/2236 2238/2238/2238 2237/2237/2237
f 2238/2238/2238 2239/2239/2239 2237/2237/2237
f 2240/2240/2240 2242/2242/2242 2241/2241/2241
f 2242/2242/2242 2243/2243/2243 2241/2241/2241
f 2244/2244/2244 2246/2246/2246 2245/2245/2245
f 2246/2246/2246 2247/2247/2247 2245/2245/2245
o structure_light_7
usemtl thruster
v 66.4399144170343 -8.962264115799147 -152.34775187122688
v 66.4399144170343 -8.962264115799147 -157.06473307359084
v 66.4399144170343 -13.679245318163115 -152.34775187122688
v 66.4399144170343 -13.679245318163115 -157.06473307359084
v 61.722933214670334 -8.962264115799147 -157.06473307359084
v 61.722933214670334 -8.962264115799147 -152.34775187122688
v 61.722933214670334 -13.679245318163115 -157.06473307359084
v 61.722933214670334 -13.679245318163115 -152.34775187122688
v 61.722933214670334 -8.962264115799147 -157.06473307359084
v 66.4399144170343 -8.962264115799147 -157.06473307359084
v 61.722933214670334 -8.962264115799147 -152.34775187122688
v 66.4399144170343 -8.962264115799147 -152.34775187122688
v 61.722933214670334 -13.679245318163115 -152.34775187122688
v 66.4399144170343 -13.679245318163115 -152.34775187122688
v 61.722933214670334 -13.679245318163115 -157.06473307359084
v 66.4399144170343 -13.679245318163115 -157.06473307359084
v 61.722933214670334 -8.962264115799147 -152.34775187122688
v 66.4399144170343 -8.962264115799147 -152.34775187122688
v 61.722933214670334 -13.679245318163115 -152.34775187122688
v 66.4399144170343 -13.679245318163115 -152.34775187122688
v 66.4399144170343 -8.962264115799147 -157.06473307359084
v 61.722933214670334 -8.962264115799147 -157.06473307359084
v 66.4399144170343 -13.679245318163115 -157.06473307359084
v 61.722933214670334 -13.679245318163115 -157.06473307359084
vt 0 1
vt 1 1
vt 0 0
vt 1 0
vt 0 1
vt 1 1
vt 0 0
vt 1 0
vt 0 1
vt 1 1
vt 0 0
vt 1 0
vt 0 1
vt 1 1
vt 0 0
vt 1 0
vt 0 1
vt 1 1
vt 0 0
vt 1 0
vt 0 1
vt 1 1
vt 0 0
vt 1 0
vn 1 0 0
vn 1 0 0
vn 1 0 0
vn 1 0 0
vn -1 0 0
vn -1 0 0
vn -1 0 0
vn -1 0 0
vn 0 1 0
vn 0 1 0
vn 0 1 0
vn 0 1 0
vn 0 -1 0
vn 0 -1 0
vn 0 -1 0
vn 0 -1 0
vn 0 0 1
vn 0 0 1
vn 0 0 1
vn 0 0 1
vn 0 0 -1
vn 0 0 -1
vn 0 0 -1
vn 0 0 -1
f 2248/2248/2248 2250/2250/2250 2249/2249/2249
f 2250/2250/2250 2251/2251/2251 2249/2249/2249
f 2252/2252/2252 2254/2254/2254 2253/2253/2253
f 2254/2254/2254 2255/2255/2255 2253/2253/2253
f 2256/2256/2256 2258/2258/2258 2257/2257/2257
f 2258/2258/2258 2259/2259/2259 2257/2257/2257
f 2260/2260/2260 2262/2262/2262 2261/2261/2261
f 2262/2262/2262 2263/2263/2263 2261/2261/2261
f 2264/2264/2264 2266/2266/2266 2265/2265/2265
f 2266/2266/2266 2267/2267/2267 2265/2265/2265
f 2268/2268/2268 2270/2270/2270 2269/2269/2269
f 2270/2270/2270 2271/2271/2271 2269/2269/2269
o structure_light_8
usemtl thruster
v 2.3584906011820044 -8.962264115799147 -165.09433958749725
v 2.3584906011820044 -8.962264115799147 -169.8113207898612
v 2.3584906011820044 -13.679245318163115 -165.09433958749725
v 2.3584906011820044 -13.679245318163115 -169.8113207898612
v -2.3584906011819635 -8.962264115799147 -169.8113207898612
v -2.3584906011819635 -8.962264115799147 -165.09433958749725
v -2.3584906011819635 -13.679245318163115 -169.8113207898612
v -2.3584906011819635 -13.679245318163115 -165.09433958749725
v -2.3584906011819635 -8.962264115799147 -169.8113207898612
v 2.3584906011820044 -8.962264115799147 -169.8113207898612
v -2.3584906011819635 -8.962264115799147 -165.09433958749725
v 2.3584906011820044 -8.962264115799147 -165.09433958749725
v -2.3584906011819635 -13.679245318163115 -165.09433958749725
v 2.3584906011820044 -13.679245318163115 -165.09433958749725
v -2.3584906011819635 -13.679245318163115 -169.8113207898612
v 2.3584906011820044 -13.679245318163115 -169.8113207898612
v -2.3584906011819635 -8.962264115799147 -165.09433958749725
v 2.3584906011820044 -8.962264115799147 -165.09433958749725
v -2.3584906011819635 -13.679245318163115 -165.09433958749725
v 2.3584906011820044 -13.679245318163115 -165.09433958749725
v 2.3584906011820044 -8.962264115799147 -169.8113207898612
v -2.3584906011819635 -8.962264115799147 -169.8113207898612
v 2.3584906011820044 -13.679245318163115 -169.8113207898612
v -2.3584906011819635 -13.679245318163115 -169.8113207898612
vt 0 1
vt 1 1
vt 0 0
vt 1 0
vt 0 1
vt 1 1
vt 0 0
vt 1 0
vt 0 1
vt 1 1
vt 0 0
vt 1 0
vt 0 1
vt 1 1
vt 0 0
vt 1 0
vt 0 1
vt 1 1
vt 0 0
vt 1 0
vt 0 1
vt 1 1
vt 0 0
vt 1 0
vn 1 0 0
vn 1 0 0
vn 1 0 0
vn 1 0 0
vn -1 0 0
vn -1 0 0
vn -1 0 0
vn -1 0 0
vn 0 1 0
vn 0 1 0
vn 0 1 0
vn 0 1 0
vn 0 -1 0
vn 0 -1 0
vn 0 -1 0
vn 0 -1 0
vn 0 0 1
vn 0 0 1
vn 0 0 1
vn 0 0 1
vn 0 0 -1
vn 0 0 -1
vn 0 0 -1
vn 0 0 -1
f 2272/2272/2272 2274/2274/2274 2273/2273/2273
f 2274/2274/2274 2275/2275/2275 2273/2273/2273
f 2276/2276/2276 2278/2278/2278 2277/2277/2277
f 2278/2278/2278 2279/2279/2279 2277/2277/2277
f 2280/2280/2280 2282/2282/2282 2281/2281/2281
f 2282/2282/2282 2283/2283/2283 2281/2281/2281
f 2284/2284/2284 2286/2286/2286 2285/2285/2285
f 2286/2286/2286 2287/2287/2287 2285/2285/2285
f 2288/2288/2288 2290/2290/2290 2289/2289/2289
f 2290/2290/2290 2291/2291/2291 2289/2289/2289
f 2292/2292/2292 2294/2294/2294 2293/2293/2293
f 2294/2294/2294 2295/2295/2295 2293/2293/2293
o structure_light_9
usemtl thruster
v -61.72293321467029 -8.962264115799147 -152.34775187122688
v -61.72293321467029 -8.962264115799147 -157.06473307359084
v -61.72293321467029 -13.679245318163115 -152.34775187122688
v -61.72293321467029 -13.679245318163115 -157.06473307359084
v -66.43991441703426 -8.962264115799147 -157.06473307359084
v -66.43991441703426 -8.962264115799147 -152.34775187122688
v -66.43991441703426 -13.679245318163115 -157.06473307359084
v -66.43991441703426 -13.679245318163115 -152.34775187122688
v -66.43991441703426 -8.962264115799147 -157.06473307359084
v -61.72293321467029 -8.962264115799147 -157.06473307359084
v -66.43991441703426 -8.962264115799147 -152.34775187122688
v -61.72293321467029 -8.962264115799147 -152.34775187122688
v -66.43991441703426 -13.679245318163115 -152.34775187122688
v -61.72293321467029 -13.679245318163115 -152.34775187122688
v -66.43991441703426 -13.679245318163115 -157.06473307359084
v -61.72293321467029 -13.679245318163115 -157.06473307359084
v -66.43991441703426 -8.962264115799147 -152.34775187122688
v -61.72293321467029 -8.962264115799147 -152.34775187122688
v -66.43991441703426 -13.679245318163115 -152.34775187122688
v -61.72293321467029 -13.679245318163115 -152.34775187122688
v -61.72293321467029 -8.962264115799147 -157.06473307359084
v -66.43991441703426 -8.962264115799147 -157.06473307359084
v -61.72293321467029 -13.679245318163115 -157.06473307359084
v -66.43991441703426 -13.679245318163115 -157.06473307359084
vt 0 1
vt 1 1
vt 0 0
vt 1 0
vt 0 1
vt 1 1
vt 0 0
vt 1 0
vt 0 1
vt 1 1
vt 0 0
vt 1 0
vt 0 1
vt 1 1
vt 0 0
vt 1 0
vt 0 1
vt 1 1
vt 0 0
vt 1 0
vt 0 1
vt 1 1
vt 0 0
vt 1 0
vn 1 0 0
vn 1 0 0
vn 1 0 0
vn 1 0 0
vn -1 0 0
vn -1 0 0
vn -1 0 0
vn -1 0 0
vn 0 1 0
vn 0 1 0
vn 0 1 0
vn 0 1 0
vn 0 -1 0
vn 0 -1 0
vn 0 -1 0
vn 0 -1 0
vn 0 0 1
vn 0 0 1
vn 0 0 1
vn 0 0 1
vn 0 0 -1
vn 0 0 -1
vn 0 0 -1
vn 0 0 -1
f 2296/2296/2296 2298/2298/2298 2297/2297/2297
f 2298/2298/2298 2299/2299/2299 2297/2297/2297
f 2300/2300/2300 2302/2302/2302 2301/2301/2301
f 2302/2302/2302 2303/2303/2303 2301/2301/2301
f 2304/2304/2304 2306/2306/2306 2305/2305/2305
f 2306/2306/2306 2307/2307/2307 2305/2305/2305
f 2308/2308/2308 2310/2310/2310 2309/2309/2309
f 2310/2310/2310 2311/2311/2311 2309/2309/2309
f 2312/2312/2312 2314/2314/2314 2313/2313/2313
f 2314/2314/2314 2315/2315/2315 2313/2313/2313
f 2316/2316/2316 2318/2318/2318 2317/2317/2317
f 2318/2318/2318 2319/2319/2319 2317/2317/2317
o structure_light_10
usemtl thruster
v -116.04854115411251 -8.962264115799147 -116.04854115411256
v -116.04854115411251 -8.962264115799147 -120.76552235647652
v -116.04854115411251 -13.679245318163115 -116.04854115411256
v -116.04854115411251 -13.679245318163115 -120.76552235647652
v -120.76552235647648 -8.962264115799147 -120.76552235647652
v -120.76552235647648 -8.962264115799147 -116.04854115411256
v -120.76552235647648 -13.679245318163115 -120.76552235647652
v -120.76552235647648 -13.679245318163115 -116.04854115411256
v -120.76552235647648 -8.962264115799147 -120.76552235647652
v -116.04854115411251 -8.962264115799147 -120.76552235647652
v -120.76552235647648 -8.962264115799147 -116.04854115411256
v -116.04854115411251 -8.962264115799147 -116.04854115411256
v -120.76552235647648 -13.679245318163115 -116.04854115411256
v -116.04854115411251 -13.679245318163115 -116.04854115411256
v -120.76552235647648 -13.679245318163115 -120.76552235647652
v -116.04854115411251 -13.679245318163115 -120.76552235647652
v -120.76552235647648 -8.962264115799147 -116.04854115411256
v -116.04854115411251 -8.962264115799147 -116.04854115411256
v -120.76552235647648 -13.679245318163115 -116.04854115411256
v -116.04854115411251 -13.679245318163115 -116.04854115411256
v -116.04854115411251 -8.962264115799147 -120.76552235647652
v -120.76552235647648 -8.962264115799147 -120.76552235647652
v -116.04854115411251 -13.679245318163115 -120.76552235647652
v -120.76552235647648 -13.679245318163115 -120.76552235647652
vt 0 1
vt 1 1
vt 0 0
vt 1 0
vt 0 1
vt 1 1
vt 0 0
vt 1 0
vt 0 1
vt 1 1
vt 0 0
vt 1 0
vt 0 1
vt 1 1
vt 0 0
vt 1 0
vt 0 1
vt 1 1
vt 0 0
vt 1 0
vt 0 1
vt 1 1
vt 0 0
vt 1 0
vn 1 0 0
vn 1 0 0
vn 1 0 0
vn 1 0 0
vn -1 0 0
vn -1 0 0
vn -1 0 0
vn -1 0 0
vn 0 1 0
vn 0 1 0
vn 0 1 0
vn 0 1 0
vn 0 -1 0
vn 0 -1 0
vn 0 -1 0
vn 0 -1 0
vn 0 0 1
vn 0 0 1
vn 0 0 1
vn 0 0 1
vn 0 0 -1
vn 0 0 -1
vn 0 0 -1
vn 0 0 -1
f 2320/2320/2320 2322/2322/2322 2321/2321/2321
f 2322/2322/2322 2323/2323/2323 2321/2321/2321
f 2324/2324/2324 2326/2326/2326 2325/2325/2325
f 2326/2326/2326 2327/2327/2327 2325/2325/2325
f 2328/2328/2328 2330/2330/2330 2329/2329/2329
f 2330/2330/2330 2331/2331/2331 2329/2329/2329
f 2332/2332/2332 2334/2334/2334 2333/2333/2333
f 2334/2334/2334 2335/2335/2335 2333/2333/2333
f 2336/2336/2336 2338/2338/2338 2337/2337/2337
f 2338/2338/2338 2339/2339/2339 2337/2337/2337
f 2340/2340/2340 2342/2342/2342 2341/2341/2341
f 2342/2342/2342 2343/2343/2343 2341/2341/2341
o structure_light_11
usemtl thruster
v -152.34775187122685 -8.962264115799147 -61.722933214670405
v -152.34775187122685 -8.962264115799147 -66.43991441703437
v -152.34775187122685 -13.679245318163115 -61.722933214670405
v -152.34775187122685 -13.679245318163115 -66.43991441703437
v -157.06473307359082 -8.962264115799147 -66.43991441703437
v -157.06473307359082 -8.962264115799147 -61.722933214670405
v -157.06473307359082 -13.679245318163115 -66.43991441703437
v -157.06473307359082 -13.679245318163115 -61.722933214670405
v -157.06473307359082 -8.962264115799147 -66.43991441703437
v -152.34775187122685 -8.962264115799147 -66.43991441703437
v -157.06473307359082 -8.962264115799147 -61.722933214670405
v -152.34775187122685 -8.962264115799147 -61.722933214670405
v -157.06473307359082 -13.679245318163115 -61.722933214670405
v -152.34775187122685 -13.679245318163115 -61.722933214670405
v -157.06473307359082 -13.679245318163115 -66.43991441703437
v -152.34775187122685 -13.679245318163115 -66.43991441703437
v -157.06473307359082 -8.962264115799147 -61.722933214670405
v -152.34775187122685 -8.962264115799147 -61.722933214670405
v -157.06473307359082 -13.679245318163115 -61.722933214670405
v -152.34775187122685 -13.679245318163115 -61.722933214670405
v -152.34775187122685 -8.962264115799147 -66.43991441703437
v -157.06473307359082 -8.962264115799147 -66.43991441703437
v -152.34775187122685 -13.679245318163115 -66.43991441703437
v -157.06473307359082 -13.679245318163115 -66.43991441703437
vt 0 1
vt 1 1
vt 0 0
vt 1 0
vt 0 1
vt 1 1
vt 0 0
vt 1 0
vt 0 1
vt 1 1
vt 0 0
vt 1 0
vt 0 1
vt 1 1
vt 0 0
vt 1 0
vt 0 1
vt 1 1
vt 0 0
vt 1 0
vt 0 1
vt 1 1
vt 0 0
vt 1 0
vn 1 0 0
vn 1 0 0
vn 1 0 0
vn 1 0 0
vn -1 0 0
vn -1 0 0
vn -1 0 0
vn -1 0 0
vn 0 1 0
vn 0 1 0
vn 0 1 0
vn 0 1 0
vn 0 -1 0
vn 0 -1 0
vn 0 -1 0
vn 0 -1 0
vn 0 0 1
vn 0 0 1
vn 0 0 1
vn 0 0 1
vn 0 0 -1
vn 0 0 -1
vn 0 0 -1
vn 0 0 -1
f 2344/2344/2344 2346/2346/2346 2345/2345/2345
f 2346/2346/2346 2347/2347/2347 2345/2345/2345
f 2348/2348/2348 2350/2350/2350 2349/2349/2349
f 2350/2350/2350 2351/2351/2351 2349/2349/2349
f 2352/2352/2352 2354/2354/2354 2353/2353/2353
f 2354/2354/2354 2355/2355/2355 2353/2353/2353
f 2356/2356/2356 2358/2358/2358 2357/2357/2357
f 2358/2358/2358 2359/2359/2359 2357/2357/2357
f 2360/2360/2360 2362/2362/2362 2361/2361/2361
f 2362/2362/2362 2363/2363/2363 2361/2361/2361
f 2364/2364/2364 2366/2366/2366 2365/2365/2365
f 2366/2366/2366 2367/2367/2367 2365/2365/2365
o structure_light_12
usemtl thruster
v -165.09433958749725 -8.962264115799147 2.3584906011819533
v -165.09433958749725 -8.962264115799147 -2.3584906011820146
v -165.09433958749725 -13.679245318163115 2.3584906011819533
v -165.09433958749725 -13.679245318163115 -2.3584906011820146
v -169.8113207898612 -8.962264115799147 -2.3584906011820146
v -169.8113207898612 -8.962264115799147 2.3584906011819533
v -169.8113207898612 -13.679245318163115 -2.3584906011820146
v -169.8113207898612 -13.679245318163115 2.3584906011819533
v -169.8113207898612 -8.962264115799147 -2.3584906011820146
v -165.09433958749725 -8.962264115799147 -2.3584906011820146
v -169.8113207898612 -8.962264115799147 2.3584906011819533
v -165.09433958749725 -8.962264115799147 2.3584906011819533
v -169.8113207898612 -13.679245318163115 2.3584906011819533
v -165.09433958749725 -13.679245318163115 2.3584906011819533
v -169.8113207898612 -13.679245318163115 -2.3584906011820146
v -165.09433958749725 -13.679245318163115 -2.3584906011820146
v -169.8113207898612 -8.962264115799147 2.3584906011819533
v -165.09433958749725 -8.962264115799147 2.3584906011819533
v -169.8113207898612 -13.679245318163115 2.3584906011819533
v -165.09433958749725 -13.679245318163115 2.3584906011819533
v -165.09433958749725 -8.962264115799147 -2.3584906011820146
v -169.8113207898612 -8.962264115799147 -2.3584906011820146
v -165.09433958749725 -13.679245318163115 -2.3584906011820146
v -169.8113207898612 -13.679245318163115 -2.3584906011820146
vt 0 1
vt 1 1
vt 0 0
vt 1 0
vt 0 1
vt 1 1
vt 0 0
vt 1 0
vt 0 1
vt 1 1
vt 0 0
vt 1 0
vt 0 1
vt 1 1
vt 0 0
vt 1 0
vt 0 1
vt 1 1
vt 0 0
vt 1 0
vt 0 1
vt 1 1
vt 0 0
vt 1 0
vn 1 0 0
vn 1 0 0
vn 1 0 0
vn 1 0 0
vn -1 0 0
vn -1 0 0
vn -1 0 0
vn -1 0 0
vn 0 1 0
vn 0 1 0
vn 0 1 0
vn 0 1 0
vn 0 -1 0
vn 0 -1 0
vn 0 -1 0
vn 0 -1 0
vn 0 0 1
vn 0 0 1
vn 0 0 1
vn 0 0 1
vn 0 0 -1
vn 0 0 -1
vn 0 0 -1
vn 0 0 -1
f 2368/2368/2368 2370/2370/2370 2369/2369/2369
f 2370/2370/2370 2371/2371/2371 2369/2369/2369
f 2372/2372/2372 2374/2374/2374 2373/2373/2373
f 2374/2374/2374 2375/2375/2375 2373/2373/2373
f 2376/2376/2376 2378/2378/2378 2377/2377/2377
f 2378/2378/2378 2379/2379/2379 2377/2377/2377
f 2380/2380/2380 2382/2382/2382 2381/2381/2381
f 2382/2382/2382 2383/2383/2383 2381/2381/2381
f 2384/2384/2384 2386/2386/2386 2385/2385/2385
f 2386/2386/2386 2387/2387/2387 2385/2385/2385
f 2388/2388/2388 2390/2390/2390 2389/2389/2389
f 2390/2390/2390 2391/2391/2391 2389/2389/2389
o structure_light_13
usemtl thruster
v -152.34775187122685 -8.962264115799147 66.43991441703432
v -152.34775187122685 -8.962264115799147 61.72293321467035
v -152.34775187122685 -13.679245318163115 66.43991441703432
v -152.34775187122685 -13.679245318163115 61.72293321467035
v -157.06473307359082 -8.962264115799147 61.72293321467035
v -157.06473307359082 -8.962264115799147 66.43991441703432
v -157.06473307359082 -13.679245318163115 61.72293321467035
v -157.06473307359082 -13.679245318163115 66.43991441703432
v -157.06473307359082 -8.962264115799147 61.72293321467035
v -152.34775187122685 -8.962264115799147 61.72293321467035
v -157.06473307359082 -8.962264115799147 66.43991441703432
v -152.34775187122685 -8.962264115799147 66.43991441703432
v -157.06473307359082 -13.679245318163115 66.43991441703432
v -152.34775187122685 -13.679245318163115 66.43991441703432
v -157.06473307359082 -13.679245318163115 61.72293321467035
v -152.34775187122685 -13.679245318163115 61.72293321467035
v -157.06473307359082 -8.962264115799147 66.43991441703432
v -152.34775187122685 -8.962264115799147 66.43991441703432
v -157.06473307359082 -13.679245318163115 66.43991441703432
v -152.34775187122685 -13.679245318163115 66.43991441703432
v -152.34775187122685 -8.962264115799147 61.72293321467035
v -157.06473307359082 -8.962264115799147 61.72293321467035
v -152.34775187122685 -13.679245318163115 61.72293321467035
v -157.06473307359082 -13.679245318163115 61.72293321467035
vt 0 1
vt 1 1
vt 0 0
vt 1 0
vt 0 1
vt 1 1
vt 0 0
vt 1 0
vt 0 1
vt 1 1
vt 0 0
vt 1 0
vt 0 1
vt 1 1
vt 0 0
vt 1 0
vt 0 1
vt 1 1
vt 0 0
vt 1 0
vt 0 1
vt 1 1
vt 0 0
vt 1 0
vn 1 0 0
vn 1 0 0
vn 1 0 0
vn 1 0 0
vn -1 0 0
vn -1 0 0
vn -1 0 0
vn -1 0 0
vn 0 1 0
vn 0 1 0
vn 0 1 0
vn 0 1 0
vn 0 -1 0
vn 0 -1 0
vn 0 -1 0
vn 0 -1 0
vn 0 0 1
vn 0 0 1
vn 0 0 1
vn 0 0 1
vn 0 0 -1
vn 0 0 -1
vn 0 0 -1
vn 0 0 -1
f 2392/2392/2392 2394/2394/2394 2393/2393/2393
f 2394/2394/2394 2395/2395/2395 2393/2393/2393
f 2396/2396/2396 2398/2398/2398 2397/2397/2397
f 2398/2398/2398 2399/2399/2399 2397/2397/2397
f 2400/2400/2400 2402/2402/2402 2401/2401/2401
f 2402/2402/2402 2403/2403/2403 2401/2401/2401
f 2404/2404/2404 2406/2406/2406 2405/2405/2405
f 2406/2406/2406 2407/2407/2407 2405/2405/2405
f 2408/2408/2408 2410/2410/2410 2409/2409/2409
f 2410/2410/2410 2411/2411/2411 2409/2409/2409
f 2412/2412/2412 2414/2414/2414 2413/2413/2413
f 2414/2414/2414 2415/2415/2415 2413/2413/2413
o structure_light_14
usemtl thruster
v -116.04854115411256 -8.962264115799147 120.76552235647645
v -116.04854115411256 -8.962264115799147 116.04854115411248
v -116.04854115411256 -13.679245318163115 120.76552235647645
v -116.04854115411256 -13.679245318163115 116.04854115411248
v -120.76552235647652 -8.962264115799147 116.04854115411248
v -120.76552235647652 -8.962264115799147 120.76552235647645
v -120.76552235647652 -13.679245318163115 116.04854115411248
v -120.76552235647652 -13.679245318163115 120.76552235647645
v -120.76552235647652 -8.962264115799147 116.04854115411248
v -116.04854115411256 -8.962264115799147 116.04854115411248
v -120.76552235647652 -8.962264115799147 120.76552235647645
v -116.04854115411256 -8.962264115799147 120.76552235647645
v -120.76552235647652 -13.679245318163115 120.76552235647645
v -116.04854115411256 -13.679245318163115 120.76552235647645
v -120.76552235647652 -13.679245318163115 116.04854115411248
v -116.04854115411256 -13.679245318163115 116.04854115411248
v -120.76552235647652 -8.962264115799147 120.76552235647645
v -116.04854115411256 -8.962264115799147 120.76552235647645
v -120.76552235647652 -13.679245318163115 120.76552235647645
v -116.04854115411256 -13.679245318163115 120.76552235647645
v -116.04854115411256 -8.962264115799147 116.04854115411248
v -120.76552235647652 -8.962264115799147 116.04854115411248
v -116.04854115411256 -13.679245318163115 116.04854115411248
v -120.76552235647652 -13.679245318163115 116.04854115411248
vt 0 1
vt 1 1
vt 0 0
vt 1 0
vt 0 1
vt 1 1
vt 0 0
vt 1 0
vt 0 1
vt 1 1
vt 0 0
vt 1 0
vt 0 1
vt 1 1
vt 0 0
vt 1 0
vt 0 1
vt 1 1
vt 0 0
vt 1 0
vt 0 1
vt 1 1
vt 0 0
vt 1 0
vn 1 0 0
vn 1 0 0
vn 1 0 0
vn 1 0 0
vn -1 0 0
vn -1 0 0
vn -1 0 0
vn -1 0 0
vn 0 1 0
vn 0 1 0
vn 0 1 0
vn 0 1 0
vn 0 -1 0
vn 0 -1 0
vn 0 -1 0
vn 0 -1 0
vn 0 0 1
vn 0 0 1
vn 0 0 1
vn 0 0 1
vn 0 0 -1
vn 0 0 -1
vn 0 0 -1
vn 0 0 -1
f 2416/2416/2416 2418/2418/2418 2417/2417/2417
f 2418/2418/2418 2419/2419/2419 2417/2417/2417
f 2420/2420/2420 2422/2422/2422 2421/2421/2421
f 2422/2422/2422 2423/2423/2423 2421/2421/2421
f 2424/2424/2424 2426/2426/2426 2425/2425/2425
f 2426/2426/2426 2427/2427/2427 2425/2425/2425
f 2428/2428/2428 2430/2430/2430 2429/2429/2429
f 2430/2430/2430 2431/2431/2431 2429/2429/2429
f 2432/2432/2432 2434/2434/2434 2433/2433/2433
f 2434/2434/2434 2435/2435/2435 2433/2433/2433
f 2436/2436/2436 2438/2438/2438 2437/2437/2437
f 2438/2438/2438 2439/2439/2439 2437/2437/2437
o structure_light_15
usemtl thruster
v -61.72293321467042 -8.962264115799147 157.06473307359082
v -61.72293321467042 -8.962264115799147 152.34775187122685
v -61.72293321467042 -13.679245318163115 157.06473307359082
v -61.72293321467042 -13.679245318163115 152.34775187122685
v -66.43991441703439 -8.962264115799147 152.34775187122685
v -66.43991441703439 -8.962264115799147 157.06473307359082
v -66.43991441703439 -13.679245318163115 152.34775187122685
v -66.43991441703439 -13.679245318163115 157.06473307359082
v -66.43991441703439 -8.962264115799147 152.34775187122685
v -61.72293321467042 -8.962264115799147 152.34775187122685
v -66.43991441703439 -8.962264115799147 157.06473307359082
v -61.72293321467042 -8.962264115799147 157.06473307359082
v -66.43991441703439 -13.679245318163115 157.06473307359082
v -61.72293321467042 -13.679245318163115 157.06473307359082
v -66.43991441703439 -13.679245318163115 152.34775187122685
v -61.72293321467042 -13.679245318163115 152.34775187122685
v -66.43991441703439 -8.962264115799147 157.06473307359082
v -61.72293321467042 -8.962264115799147 157.06473307359082
v -66.43991441703439 -13.679245318163115 157.06473307359082
v -61.72293321467042 -13.679245318163115 157.06473307359082
v -61.72293321467042 -8.962264115799147 152.34775187122685
v -66.43991441703439 -8.962264115799147 152.34775187122685
v -61.72293321467042 -13.679245318163115 152.34775187122685
v -66.43991441703439 -13.679245318163115 152.34775187122685
vt 0 1
vt 1 1
vt 0 0
vt 1 0
vt 0 1
vt 1 1
vt 0 0
vt 1 0
vt 0 1
vt 1 1
vt 0 0
vt 1 0
vt 0 1
vt 1 1
vt 0 0
vt 1 0
vt 0 1
vt 1 1
vt 0 0
vt 1 0
vt 0 1
vt 1 1
vt 0 0
vt 1 0
vn 1 0 0
vn 1 0 0
vn 1 0 0
vn 1 0 0
vn -1 0 0
vn -1 0 0
vn -1 0 0
vn -1 0 0
vn 0 1 0
vn 0 1 0
vn 0 1 0
vn 0 1 0
vn 0 -1 0
vn 0 -1 0
vn 0 -1 0
vn 0 -1 0
vn 0 0 1
vn 0 0 1
vn 0 0 1
vn 0 0 1
vn 0 0 -1
vn 0 0 -1
vn 0 0 -1
vn 0 0 -1
f 2440/2440/2440 2442/2442/2442 2441/2441/2441
f 2442/2442/2442 2443/2443/2443 2441/2441/2441
f 2444/2444/2444 2446/2446/2446 2445/2445/2445
f 2446/2446/2446 2447/2447/2447 2445/2445/2445
f 2448/2448/2448 2450/2450/2450 2449/2449/2449
f 2450/2450/2450 2451/2451/2451 2449/2449/2449
f 2452/2452/2452 2454/2454/2454 2453/2453/2453
f 2454/2454/2454 2455/2455/2455 2453/2453/2453
f 2456/2456/2456 2458/2458/2458 2457/2457/2457
f 2458/2458/2458 2459/2459/2459 2457/2457/2457
f 2460/2460/2460 2462/2462/2462 2461/2461/2461
f 2462/2462/2462 2463/2463/2463 2461/2461/2461
o structure_panel_0
usemtl accent
v 120.90858856540328 74.99999995782692 152.59497694737738
v 152.59497694737735 74.99999995782692 120.9085885654033
v 120.90858856540328 71.22641513651273 152.59497694737738
v 152.59497694737735 71.22641513651273 120.9085885654033
v 89.22220018342921 74.99999995782692 57.53581180145514
v 57.53581180145513 74.99999995782692 89.22220018342921
v 89.22220018342921 71.22641513651273 57.53581180145514
v 57.53581180145513 71.22641513651273 89.22220018342921
v 89.22220018342921 74.99999995782692 57.53581180145514
v 152.59497694737735 74.99999995782692 120.9085885654033
v 57.53581180145513 74.99999995782692 89.22220018342921
v 120.90858856540328 74.99999995782692 152.59497694737738
v 57.53581180145513 71.22641513651273 89.22220018342921
v 120.90858856540328 71.22641513651273 152.59497694737738
v 89.22220018342921 71.22641513651273 57.53581180145514
v 152.59497694737735 71.22641513651273 120.9085885654033
v 57.53581180145513 74.99999995782692 89.22220018342921
v 120.90858856540328 74.99999995782692 152.59497694737738
v 57.53581180145513 71.22641513651273 89.22220018342921
v 120.90858856540328 71.22641513651273 152.59497694737738
v 152.59497694737735 74.99999995782692 120.9085885654033
v 89.22220018342921 74.99999995782692 57.53581180145514
v 152.59497694737735 71.22641513651273 120.9085885654033
v 89.22220018342921 71.22641513651273 57.53581180145514
vt 0 1
vt 1 1
vt 0 0
vt 1 0
vt 0 1
vt 1 1
vt 0 0
vt 1 0
vt 0 1
vt 1 1
vt 0 0
vt 1 0
vt 0 1
vt 1 1
vt 0 0
vt 1 0
vt 0 1
vt 1 1
vt 0 0
vt 1 0
vt 0 1
vt 1 1
vt 0 0
vt 1 0
vn 0.7071067811865475 0 0.7071067811865476
vn 0.7071067811865475 0 0.7071067811865476
vn 0.7071067811865475 0 0.7071067811865476
vn 0.7071067811865475 0 0.7071067811865476
vn -0.7071067811865475 0 -0.7071067811865476
vn -0.7071067811865475 0 -0.7071067811865476
vn -0.7071067811865475 0 -0.7071067811865476
vn -0.7071067811865475 0 -0.7071067811865476
vn 0 1 0
vn 0 1 0
vn 0 1 0
vn 0 1 0
vn 0 -1 0
vn 0 -1 0
vn 0 -1 0
vn 0 -1 0
vn -0.7071067811865476 0 0.7071067811865475
vn -0.7071067811865476 0 0.7071067811865475
vn -0.7071067811865476 0 0.7071067811865475
vn -0.7071067811865476 0 0.7071067811865475
vn 0.7071067811865476 0 -0.7071067811865475
vn 0.7071067811865476 0 -0.7071067811865475
vn 0.7071067811865476 0 -0.7071067811865475
vn 0.7071067811865476 0 -0.7071067811865475
f 2464/2464/2464 2466/2466/2466 2465/2465/2465
f 2466/2466/2466 2467/2467/2467 2465/2465/2465
f 2468/2468/2468 2470/2470/2470 2469/2469/2469
f 2470/2470/2470 2471/2471/2471 2469/2469/2469
f 2472/2472/2472 2474/2474/2474 2473/2473/2473
f 2474/2474/2474 2475/2475/2475 2473/2473/2473
f 2476/2476/2476 2478/2478/2478 2477/2477/2477
f 2478/2478/2478 2479/2479/2479 2477/2477/2477
f 2480/2480/2480 2482/2482/2482 2481/2481/2481
f 2482/2482/2482 2483/2483/2483 2481/2481/2481
f 2484/2484/2484 2486/2486/2486 2485/2485/2485
f 2486/2486/2486 2487/2487/2487 2485/2485/2485
o structure_panelframe_0
usemtl hull
v 120.90858955943273 73.11320756122751 155.93038609379104
v 155.93038609379101 73.11320756122751 120.90858955943276
v 120.90858955943273 66.50943394820646 155.93038609379104
v 155.93038609379101 66.50943394820646 120.90858955943276
v 89.22219918939976 73.11320756122751 54.200402655041465
v 54.20040265504146 73.11320756122751 89.22219918939976
v 89.22219918939976 66.50943394820646 54.200402655041465
v 54.20040265504146 66.50943394820646 89.22219918939976
v 89.22219918939976 73.11320756122751 54.200402655041465
v 155.93038609379101 73.11320756122751 120.90858955943276
v 54.20040265504146 73.11320756122751 89.22219918939976
v 120.90858955943273 73.11320756122751 155.93038609379104
v 54.20040265504146 66.50943394820646 89.22219918939976
v 120.90858955943273 66.50943394820646 155.93038609379104
v 89.22219918939976 66.50943394820646 54.200402655041465
v 155.93038609379101 66.50943394820646 120.90858955943276
v 54.20040265504146 73.11320756122751 89.22219918939976
v 120.90858955943273 73.11320756122751 155.93038609379104
v 54.20040265504146 66.50943394820646 89.22219918939976
v 120.90858955943273 66.50943394820646 155.93038609379104
v 155.93038609379101 73.11320756122751 120.90858955943276
v 89.22219918939976 73.11320756122751 54.200402655041465
v 155.93038609379101 66.50943394820646 120.90858955943276
v 89.22219918939976 66.50943394820646 54.200402655041465
vt 0 1
vt 1 1
vt 0 0
vt 1 0
vt 0 1
vt 1 1
vt 0 0
vt 1 0
vt 0 1
vt 1 1
vt 0 0
vt 1 0
vt 0 1
vt 1 1
vt 0 0
vt 1 0
vt 0 1
vt 1 1
vt 0 0
vt 1 0
vt 0 1
vt 1 1
vt 0 0
vt 1 0
vn 0.7071067811865475 0 0.7071067811865476
vn 0.7071067811865475 0 0.7071067811865476
vn 0.7071067811865475 0 0.7071067811865476
vn 0.7071067811865475 0 0.7071067811865476
vn -0.7071067811865475 0 -0.7071067811865476
vn -0.7071067811865475 0 -0.7071067811865476
vn -0.7071067811865475 0 -0.7071067811865476
vn -0.7071067811865475 0 -0.7071067811865476
vn 0 1 0
vn 0 1 0
vn 0 1 0
vn 0 1 0
vn 0 -1 0
vn 0 -1 0
vn 0 -1 0
vn 0 -1 0
vn -0.7071067811865476 0 0.7071067811865475
vn -0.7071067811865476 0 0.7071067811865475
vn -0.7071067811865476 0 0.7071067811865475
vn -0.7071067811865476 0 0.7071067811865475
vn 0.7071067811865476 0 -0.7071067811865475
vn 0.7071067811865476 0 -0.7071067811865475
vn 0.7071067811865476 0 -0.7071067811865475
vn 0.7071067811865476 0 -0.7071067811865475
f 2488/2488/2488 2490/2490/2490 2489/2489/2489
f 2490/2490/2490 2491/2491/2491 2489/2489/2489
f 2492/2492/2492 2494/2494/2494 2493/2493/2493
f 2494/2494/2494 2495/2495/2495 2493/2493/2493
f 2496/2496/2496 2498/2498/2498 2497/2497/2497
f 2498/2498/2498 2499/2499/2499 2497/2497/2497
f 2500/2500/2500 2502/2502/2502 2501/2501/2501
f 2502/2502/2502 2503/2503/2503 2501/2501/2501
f 2504/2504/2504 2506/2506/2506 2505/2505/2505
f 2506/2506/2506 2507/2507/2507 2505/2505/2505
f 2508/2508/2508 2510/2510/2510 2509/2509/2509
f 2510/2510/2510 2511/2511/2511 2509/2509/2509
o structure_strut_0
usemtl plate
v 106.06601711834037 76.88679236848401 100.7293622852726
v 56.0348769400469 76.88679236848401 50.69822210697915
v 106.06601711834037 69.33962272585563 100.7293622852726
v 56.0348769400469 69.33962272585563 50.69822210697915
v 50.69822210697913 76.88679236848401 56.03487694004692
v 100.7293622852726 76.88679236848401 106.06601711834037
v 50.69822210697913 69.33962272585563 56.03487694004692
v 100.7293622852726 69.33962272585563 106.06601711834037
v 50.69822210697913 76.88679236848401 56.03487694004692
v 56.0348769400469 76.88679236848401 50.69822210697915
v 100.7293622852726 76.88679236848401 106.06601711834037
v 106.06601711834037 76.88679236848401 100.7293622852726
v 100.7293622852726 69.33962272585563 106.06601711834037
v 106.06601711834037 69.33962272585563 100.7293622852726
v 50.69822210697913 69.33962272585563 56.03487694004692
v 56.0348769400469 69.33962272585563 50.69822210697915
v 100.7293622852726 76.88679236848401 106.06601711834037
v 106.06601711834037 76.88679236848401 100.7293622852726
v 100.7293622852726 69.33962272585563 106.06601711834037
v 106.06601711834037 69.33962272585563 100.7293622852726
v 56.0348769400469 76.88679236848401 50.69822210697915
v 50.69822210697913 76.88679236848401 56.03487694004692
v 56.0348769400469 69.33962272585563 50.69822210697915
v 50.69822210697913 69.33962272585563 56.03487694004692
vt 0 1
vt 1 1
vt 0 0
vt 1 0
vt 0 1
vt 1 1
vt 0 0
vt 1 0
vt 0 1
vt 1 1
vt 0 0
vt 1 0
vt 0 1
vt 1 1
vt 0 0
vt 1 0
vt 0 1
vt 1 1
vt 0 0
vt 1 0
vt 0 1
vt 1 1
vt 0 0
vt 1 0
vn 0.7071067811865475 0 -0.7071067811865476
vn 0.7071067811865475 0 -0.7071067811865476
vn 0.7071067811865475 0 -0.7071067811865476
vn 0.7071067811865475 0 -0.7071067811865476
vn -0.7071067811865475 0 0.7071067811865476
vn -0.7071067811865475 0 0.7071067811865476
vn -0.7071067811865475 0 0.7071067811865476
vn -0.7071067811865475 0 0.7071067811865476
vn 0 1 0
vn 0 1 0
vn 0 1 0
vn 0 1 0
vn 0 -1 0
vn 0 -1 0
vn 0 -1 0
vn 0 -1 0
vn 0.7071067811865476 0 0.7071067811865475
vn 0.7071067811865476 0 0.7071067811865475
vn 0.7071067811865476 0 0.7071067811865475
vn 0.7071067811865476 0 0.7071067811865475
vn -0.7071067811865476 0 -0.7071067811865475
vn -0.7071067811865476 0 -0.7071067811865475
vn -0.7071067811865476 0 -0.7071067811865475
vn -0.7071067811865476 0 -0.7071067811865475
f 2512/2512/2512 2514/2514/2514 2513/2513/2513
f 2514/2514/2514 2515/2515/2515 2513/2513/2513
f 2516/2516/2516 2518/2518/2518 2517/2517/2517
f 2518/2518/2518 2519/2519/2519 2517/2517/2517
f 2520/2520/2520 2522/2522/2522 2521/2521/2521
f 2522/2522/2522 2523/2523/2523 2521/2521/2521
f 2524/2524/2524 2526/2526/2526 2525/2525/2525
f 2526/2526/2526 2527/2527/2527 2525/2525/2525
f 2528/2528/2528 2530/2530/2530 2529/2529/2529
f 2530/2530/2530 2531/2531/2531 2529/2529/2529
f 2532/2532/2532 2534/2534/2534 2533/2533/2533
f 2534/2534/2534 2535/2535/2535 2533/2533/2533
o structure_brace_0
usemtl plate
v 77.24242794653424 68.39622641509433 83.63663455365902
v 77.24242794653424 68.39622641509433 79.3913513660987
v 77.24242794653424 44.81132075471698 83.63663455365902
v 77.24242794653424 44.81132075471698 79.3913513660987
v 72.99714475897392 68.39622641509433 79.3913513660987
v 72.99714475897392 68.39622641509433 83.63663455365902
v 72.99714475897392 44.81132075471698 79.3913513660987
v 72.99714475897392 44.81132075471698 83.63663455365902
v 72.99714475897392 68.39622641509433 79.3913513660987
v 77.24242794653424 68.39622641509433 79.3913513660987
v 72.99714475897392 68.39622641509433 83.63663455365902
v 77.24242794653424 68.39622641509433 83.63663455365902
v 72.99714475897392 44.81132075471698 83.63663455365902
v 77.24242794653424 44.81132075471698 83.63663455365902
v 72.99714475897392 44.81132075471698 79.3913513660987
v 77.24242794653424 44.81132075471698 79.3913513660987
v 72.99714475897392 68.39622641509433 83.63663455365902
v 77.24242794653424 68.39622641509433 83.63663455365902
v 72.99714475897392 44.81132075471698 83.63663455365902
v 77.24242794653424 44.81132075471698 83.63663455365902
v 77.24242794653424 68.39622641509433 79.3913513660987
v 72.99714475897392 68.39622641509433 79.3913513660987
v 77.24242794653424 44.81132075471698 79.3913513660987
v 72.99714475897392 44.81132075471698 79.3913513660987
vt 0 1
vt 1 1
vt 0 0
vt 1 0
vt 0 1
vt 1 1
vt 0 0
vt 1 0
vt 0 1
vt 1 1
vt 0 0
vt 1 0
vt 0 1
vt 1 1
vt 0 0
vt 1 0
vt 0 1
vt 1 1
vt 0 0
vt 1 0
vt 0 1
vt 1 1
vt 0 0
vt 1 0
vn 1 0 0
vn 1 0 0
vn 1 0 0
vn 1 0 0
vn -1 0 0
vn -1 0 0
vn -1 0 0
vn -1 0 0
vn 0 1 0
vn 0 1 0
vn 0 1 0
vn 0 1 0
vn 0 -1 0
vn 0 -1 0
vn 0 -1 0
vn 0 -1 0
vn 0 0 1
vn 0 0 1
vn 0 0 1
vn 0 0 1
vn 0 0 -1
vn 0 0 -1
vn 0 0 -1
vn 0 0 -1
f 2536/2536/2536 2538/2538/2538 2537/2537/2537
f 2538/2538/2538 2539/2539/2539 2537/2537/2537
f 2540/2540/2540 2542/2542/2542 2541/2541/2541
f 2542/2542/2542 2543/2543/2543 2541/2541/2541
f 2544/2544/2544 2546/2546/2546 2545/2545/2545
f 2546/2546/2546 2547/2547/2547 2545/2545/2545
f 2548/2548/2548 2550/2550/2550 2549/2549/2549
f 2550/2550/2550 2551/2551/2551 2549/2549/2549
f 2552/2552/2552 2554/2554/2554 2553/2553/2553
f 2554/2554/2554 2555/2555/2555 2553/2553/2553
f 2556/2556/2556 2558/2558/2558 2557/2557/2557
f 2558/2558/2558 2559/2559/2559 2557/2557/2557
o structure_brace_0
usemtl plate
v 83.63663455365902 68.39622641509433 77.24242794653425
v 83.63663455365902 68.39622641509433 72.99714475897393
v 83.63663455365902 44.81132075471698 77.24242794653425
v 83.63663455365902 44.81132075471698 72.99714475897393
v 79.3913513660987 68.39622641509433 72.99714475897393
v 79.3913513660987 68.39622641509433 77.24242794653425
v 79.3913513660987 44.81132075471698 72.99714475897393
v 79.3913513660987 44.81132075471698 77.24242794653425
v 79.3913513660987 68.39622641509433 72.99714475897393
v 83.63663455365902 68.39622641509433 72.99714475897393
v 79.3913513660987 68.39622641509433 77.24242794653425
v 83.63663455365902 68.39622641509433 77.24242794653425
v 79.3913513660987 44.81132075471698 77.24242794653425
v 83.63663455365902 44.81132075471698 77.24242794653425
v 79.3913513660987 44.81132075471698 72.99714475897393
v 83.63663455365902 44.81132075471698 72.99714475897393
v 79.3913513660987 68.39622641509433 77.24242794653425
v 83.63663455365902 68.39622641509433 77.24242794653425
v 79.3913513660987 44.81132075471698 77.24242794653425
v 83.63663455365902 44.81132075471698 77.24242794653425
v 83.63663455365902 68.39622641509433 72.99714475897393
v 79.3913513660987 68.39622641509433 72.99714475897393
v 83.63663455365902 44.81132075471698 72.99714475897393
v 79.3913513660987 44.81132075471698 72.99714475897393
vt 0 1
vt 1 1
vt 0 0
vt 1 0
vt 0 1
vt 1 1
vt 0 0
vt 1 0
vt 0 1
vt 1 1
vt 0 0
vt 1 0
vt 0 1
vt 1 1
vt 0 0
vt 1 0
vt 0 1
vt 1 1
vt 0 0
vt 1 0
vt 0 1
vt 1 1
vt 0 0
vt 1 0
vn 1 0 0
vn 1 0 0
vn 1 0 0
vn 1 0 0
vn -1 0 0
vn -1 0 0
vn -1 0 0
vn -1 0 0
vn 0 1 0
vn 0 1 0
vn 0 1 0
vn 0 1 0
vn 0 -1 0
vn 0 -1 0
vn 0 -1 0
vn 0 -1 0
vn 0 0 1
vn 0 0 1
vn 0 0 1
vn 0 0 1
vn 0 0 -1
vn 0 0 -1
vn 0 0 -1
vn 0 0 -1
f 2560/2560/2560 2562/2562/2562 2561/2561/2561
f 2562/2562/2562 2563/2563/2563 2561/2561/2561
f 2564/2564/2564 2566/2566/2566 2565/2565/2565
f 2566/2566/2566 2567/2567/2567 2565/2565/2565
f 2568/2568/2568 2570/2570/2570 2569/2569/2569
f 2570/2570/2570 2571/2571/2571 2569/2569/2569
f 2572/2572/2572 2574/2574/2574 2573/2573/2573
f 2574/2574/2574 2575/2575/2575 2573/2573/2573
f 2576/2576/2576 2578/2578/2578 2577/2577/2577
f 2578/2578/2578 2579/2579/2579 2577/2577/2577
f 2580/2580/2580 2582/2582/2582 2581/2581/2581
f 2582/2582/2582 2583/2583/2583 2581/2581/2581
o structure_panel_1
usemtl accent
v 57.53581180145514 74.99999995782692 -89.2222001834292
v 89.22220018342922 74.99999995782692 -57.53581180145512
v 57.53581180145514 71.22641513651273 -89.2222001834292
v 89.22220018342922 71.22641513651273 -57.53581180145512
v 152.59497694737738 74.99999995782692 -120.90858856540329
v 120.90858856540329 74.99999995782692 -152.59497694737738
v 152.59497694737738 71.22641513651273 -120.90858856540329
v 120.90858856540329 71.22641513651273 -152.59497694737738
v 152.59497694737738 74.99999995782692 -120.90858856540329
v 89.22220018342922 74.99999995782692 -57.53581180145512
v 120.90858856540329 74.99999995782692 -152.59497694737738
v 57.53581180145514 74.99999995782692 -89.2222001834292
v 120.90858856540329 71.22641513651273 -152.59497694737738
v 57.53581180145514 71.22641513651273 -89.2222001834292
v 152.59497694737738 71.22641513651273 -120.90858856540329
v 89.22220018342922 71.22641513651273 -57.53581180145512
v 120.90858856540329 74.99999995782692 -152.59497694737738
v 57.53581180145514 74.99999995782692 -89.2222001834292
v 120.90858856540329 71.22641513651273 -152.59497694737738
v 57.53581180145514 71.22641513651273 -89.2222001834292
v 89.22220018342922 74.99999995782692 -57.53581180145512
v 152.59497694737738 74.99999995782692 -120.90858856540329
v 89.22220018342922 71.22641513651273 -57.53581180145512
v 152.59497694737738 71.22641513651273 -120.90858856540329
vt 0 1
vt 1 1
vt 0 0
vt 1 0
vt 0 1
vt 1 1
vt 0 0
vt 1 0
vt 0 1
vt 1 1
vt 0 0
vt 1 0
vt 0 1
vt 1 1
vt 0 0
vt 1 0
vt 0 1
vt 1 1
vt 0 0
vt 1 0
vt 0 1
vt 1 1
vt 0 0
vt 1 0
vn -0.7071067811865474 0 0.7071067811865477
vn -0.7071067811865474 0 0.7071067811865477
vn -0.7071067811865474 0 0.7071067811865477
vn -0.7071067811865474 0 0.7071067811865477
vn 0.7071067811865474 0 -0.7071067811865477
vn 0.7071067811865474 0 -0.7071067811865477
vn 0.7071067811865474 0 -0.7071067811865477
vn 0.7071067811865474 0 -0.7071067811865477
vn 0 1 0
vn 0 1 0
vn 0 1 0
vn 0 1 0
vn 0 -1 0
vn 0 -1 0
vn 0 -1 0
vn 0 -1 0
vn -0.7071067811865477 0 -0.7071067811865474
vn -0.7071067811865477 0 -0.7071067811865474
vn -0.7071067811865477 0 -0.7071067811865474
vn -0.7071067811865477 0 -0.7071067811865474
vn 0.7071067811865477 0 0.7071067811865474
vn 0.7071067811865477 0 0.7071067811865474
vn 0.7071067811865477 0 0.7071067811865474
vn 0.7071067811865477 0 0.7071067811865474
f 2584/2584/2584 2586/2586/2586 2585/2585/2585
f 2586/2586/2586 2587/2587/2587 2585/2585/2585
f 2588/2588/2588 2590/2590/2590 2589/2589/2589
f 2590/2590/2590 2591/2591/2591 2589/2589/2589
f 2592/2592/2592 2594/2594/2594 2593/2593/2593
f 2594/2594/2594 2595/2595/2595 2593/2593/2593
f 2596/2596/2596 2598/2598/2598 2597/2597/2597
f 2598/2598/2598 2599/2599/2599 2597/2597/2597
f 2600/2600/2600 2602/2602/2602 2601/2601/2601
f 2602/2602/2602 2603/2603/2603 2601/2601/2601
f 2604/2604/2604 2606/2606/2606 2605/2605/2605
f 2606/2606/2606 2607/2607/2607 2605/2605/2605
o structure_panelframe_1
usemtl hull
v 54.200402655041465 73.11320756122751 -89.22219918939975
v 89.22219918939979 73.11320756122751 -54.200402655041444
v 54.200402655041465 66.50943394820646 -89.22219918939975
v 89.22219918939979 66.50943394820646 -54.200402655041444
v 155.93038609379104 73.11320756122751 -120.90858955943274
v 120.90858955943273 73.11320756122751 -155.93038609379104
v 155.93038609379104 66.50943394820646 -120.90858955943274
v 120.90858955943273 66.50943394820646 -155.93038609379104
v 155.93038609379104 73.11320756122751 -120.90858955943274
v 89.22219918939979 73.11320756122751 -54.200402655041444
v 120.90858955943273 73.11320756122751 -155.93038609379104
v 54.200402655041465 73.11320756122751 -89.22219918939975
v 120.90858955943273 66.50943394820646 -155.93038609379104
v 54.200402655041465 66.50943394820646 -89.22219918939975
v 155.93038609379104 66.50943394820646 -120.90858955943274
v 89.22219918939979 66.50943394820646 -54.200402655041444
v 120.90858955943273 73.11320756122751 -155.93038609379104
v 54.200402655041465 73.11320756122751 -89.22219918939975
v 120.90858955943273 66.50943394820646 -155.93038609379104
v 54.200402655041465 66.50943394820646 -89.22219918939975
v 89.22219918939979 73.11320756122751 -54.200402655041444
v 155.93038609379104 73.11320756122751 -120.90858955943274
v 89.22219918939979 66.50943394820646 -54.200402655041444
v 155.93038609379104 66.50943394820646 -120.90858955943274
vt 0 1
vt 1 1
vt 0 0
vt 1 0
vt 0 1
vt 1 1
vt 0 0
vt 1 0
vt 0 1
vt 1 1
vt 0 0
vt 1 0
vt 0 1
vt 1 1
vt 0 0
vt 1 0
vt 0 1
vt 1 1
vt 0 0
vt 1 0
vt 0 1
vt 1 1
vt 0 0
vt 1 0
vn -0.7071067811865474 0 0.7071067811865477
vn -0.7071067811865474 0 0.7071067811865477
vn -0.7071067811865474 0 0.7071067811865477
vn -0.7071067811865474 0 0.7071067811865477
vn 0.7071067811865474 0 -0.7071067811865477
vn 0.7071067811865474 0 -0.7071067811865477
vn 0.7071067811865474 0 -0.7071067811865477
vn 0.7071067811865474 0 -0.7071067811865477
vn 0 1 0
vn 0 1 0
vn 0 1 0
vn 0 1 0
vn 0 -1 0
vn 0 -1 0
vn 0 -1 0
vn 0 -1 0
vn -0.7071067811865477 0 -0.7071067811865474
vn -0.7071067811865477 0 -0.7071067811865474
vn -0.7071067811865477 0 -0.7071067811865474
vn -0.7071067811865477 0 -0.7071067811865474
vn 0.7071067811865477 0 0.7071067811865474
vn 0.7071067811865477 0 0.7071067811865474
vn 0.7071067811865477 0 0.7071067811865474
vn 0.7071067811865477 0 0.7071067811865474
f 2608/2608/2608 2610/2610/2610 2609/2609/2609
f 2610/2610/2610 2611/2611/2611 2609/2609/2609
f 2612/2612/2612 2614/2614/2614 2613/2613/2613
f 2614/2614/2614 2615/2615/2615 2613/2613/2613
f 2616/2616/2616 2618/2618/2618 2617/2617/2617
f 2618/2618/2618 2619/2619/2619 2617/2617/2617
f 2620/2620/2620 2622/2622/2622 2621/2621/2621
f 2622/2622/2622 2623/2623/2623 2621/2621/2621
f 2624/2624/2624 2626/2626/2626 2625/2625/2625
f 2626/2626/2626 2627/2627/2627 2625/2625/2625
f 2628/2628/2628 2630/2630/2630 2629/2629/2629
f 2630/2630/2630 2631/2631/2631 2629/2629/2629
o structure_strut_1
usemtl plate
v 56.034876940046914 76.88679236848401 -50.69822210697914
v 106.06601711834038 76.88679236848401 -100.7293622852726
v 56.034876940046914 69.33962272585563 -50.69822210697914
v 106.06601711834038 69.33962272585563 -100.7293622852726
v 100.72936228527261 76.88679236848401 -106.06601711834037
v 50.698222106979145 76.88679236848401 -56.03487694004691
v 100.72936228527261 69.33962272585563 -106.06601711834037
v 50.698222106979145 69.33962272585563 -56.03487694004691
v 100.72936228527261 76.88679236848401 -106.06601711834037
v 106.06601711834038 76.88679236848401 -100.7293622852726
v 50.698222106979145 76.88679236848401 -56.03487694004691
v 56.034876940046914 76.88679236848401 -50.69822210697914
v 50.698222106979145 69.33962272585563 -56.03487694004691
v 56.034876940046914 69.33962272585563 -50.69822210697914
v 100.72936228527261 69.33962272585563 -106.06601711834037
v 106.06601711834038 69.33962272585563 -100.7293622852726
v 50.698222106979145 76.88679236848401 -56.03487694004691
v 56.034876940046914 76.88679236848401 -50.69822210697914
v 50.698222106979145 69.33962272585563 -56.03487694004691
v 56.034876940046914 69.33962272585563 -50.69822210697914
v 106.06601711834038 76.88679236848401 -100.7293622852726
v 100.72936228527261 76.88679236848401 -106.06601711834037
v 106.06601711834038 69.33962272585563 -100.7293622852726
v 100.72936228527261 69.33962272585563 -106.06601711834037
vt 0 1
vt 1 1
vt 0 0
vt 1 0
vt 0 1
vt 1 1
vt 0 0
vt 1 0
vt 0 1
vt 1 1
vt 0 0
vt 1 0
vt 0 1
vt 1 1
vt 0 0
vt 1 0
vt 0 1
vt 1 1
vt 0 0
vt 1 0
vt 0 1
vt 1 1
vt 0 0
vt 1 0
vn 0.7071067811865475 0 0.7071067811865476
vn 0.7071067811865475 0 0.7071067811865476
vn 0.7071067811865475 0 0.7071067811865476
vn 0.7071067811865475 0 0.7071067811865476
vn -0.7071067811865475 0 -0.7071067811865476
vn -0.7071067811865475 0 -0.7071067811865476
vn -0.7071067811865475 0 -0.7071067811865476
vn -0.7071067811865475 0 -0.7071067811865476
vn 0 1 0
vn 0 1 0
vn 0 1 0
vn 0 1 0
vn 0 -1 0
vn 0 -1 0
vn 0 -1 0
vn 0 -1 0
vn -0.7071067811865476 0 0.7071067811865475
vn -0.7071067811865476 0 0.7071067811865475
vn -0.7071067811865476 0 0.7071067811865475
vn -0.7071067811865476 0 0.7071067811865475
vn 0.7071067811865476 0 -0.7071067811865475
vn 0.7071067811865476 0 -0.7071067811865475
vn 0.7071067811865476 0 -0.7071067811865475
vn 0.7071067811865476 0 -0.7071067811865475
f 2632/2632/2632 2634/2634/2634 2633/2633/2633
f 2634/2634/2634 2635/2635/2635 2633/2633/2633
f 2636/2636/2636 2638/2638/2638 2637/2637/2637
f 2638/2638/2638 2639/2639/2639 2637/2637/2637
f 2640/2640/2640 2642/2642/2642 2641/2641/2641
f 2642/2642/2642 2643/2643/2643 2641/2641/2641
f 2644/2644/2644 2646/2646/2646 2645/2645/2645
f 2646/2646/2646 2647/2647/2647 2645/2645/2645
f 2648/2648/2648 2650/2650/2650 2649/2649/2649
f 2650/2650/2650 2651/2651/2651 2649/2649/2649
f 2652/2652/2652 2654/2654/2654 2653/2653/2653
f 2654/2654/2654 2655/2655/2655 2653/2653/2653
o structure_brace_1
usemtl plate
v 83.63663455365904 68.39622641509433 -72.99714475897392
v 83.63663455365904 68.39622641509433 -77.24242794653424
v 83.63663455365904 44.81132075471698 -72.99714475897392
v 83.63663455365904 44.81132075471698 -77.24242794653424
v 79.39135136609872 68.39622641509433 -77.24242794653424
v 79.39135136609872 68.39622641509433 -72.99714475897392
v 79.39135136609872 44.81132075471698 -77.24242794653424
v 79.39135136609872 44.81132075471698 -72.99714475897392
v 79.39135136609872 68.39622641509433 -77.24242794653424
v 83.63663455365904 68.39622641509433 -77.24242794653424
v 79.39135136609872 68.39622641509433 -72.99714475897392
v 83.63663455365904 68.39622641509433 -72.99714475897392
v 79.39135136609872 44.81132075471698 -72.99714475897392
v 83.63663455365904 44.81132075471698 -72.99714475897392
v 79.39135136609872 44.81132075471698 -77.24242794653424
v 83.63663455365904 44.81132075471698 -77.24242794653424
v 79.39135136609872 68.39622641509433 -72.99714475897392
v 83.63663455365904 68.39622641509433 -72.99714475897392
v 79.39135136609872 44.81132075471698 -72.99714475897392
v 83.63663455365904 44.81132075471698 -72.99714475897392
v 83.63663455365904 68.39622641509433 -77.24242794653424
v 79.39135136609872 68.39622641509433 -77.24242794653424
v 83.63663455365904 44.81132075471698 -77.24242794653424
v 79.39135136609872 44.81132075471698 -77.24242794653424
vt 0 1
vt 1 1
vt 0 0
vt 1 0
vt 0 1
vt 1 1
vt 0 0
vt 1 0
vt 0 1
vt 1 1
vt 0 0
vt 1 0
vt 0 1
vt 1 1
vt 0 0
vt 1 0
vt 0 1
vt 1 1
vt 0 0
vt 1 0
vt 0 1
vt 1 1
vt 0 0
vt 1 0
vn 1 0 0
vn 1 0 0
vn 1 0 0
vn 1 0 0
vn -1 0 0
vn -1 0 0
vn -1 0 0
vn -1 0 0
vn 0 1 0
vn 0 1 0
vn 0 1 0
vn 0 1 0
vn 0 -1 0
vn 0 -1 0
vn 0 -1 0
vn 0 -1 0
vn 0 0 1
vn 0 0 1
vn 0 0 1
vn 0 0 1
vn 0 0 -1
vn 0 0 -1
vn 0 0 -1
vn 0 0 -1
f 2656/2656/2656 2658/2658/2658 2657/2657/2657
f 2658/2658/2658 2659/2659/2659 2657/2657/2657
f 2660/2660/2660 2662/2662/2662 2661/2661/2661
f 2662/2662/2662 2663/2663/2663 2661/2661/2661
f 2664/2664/2664 2666/2666/2666 2665/2665/2665
f 2666/2666/2666 2667/2667/2667 2665/2665/2665
f 2668/2668/2668 2670/2670/2670 2669/2669/2669
f 2670/2670/2670 2671/2671/2671 2669/2669/2669
f 2672/2672/2672 2674/2674/2674 2673/2673/2673
f 2674/2674/2674 2675/2675/2675 2673/2673/2673
f 2676/2676/2676 2678/2678/2678 2677/2677/2677
f 2678/2678/2678 2679/2679/2679 2677/2677/2677
o structure_brace_1
usemtl plate
v 77.24242794653425 68.39622641509433 -79.3913513660987
v 77.24242794653425 68.39622641509433 -83.63663455365902
v 77.24242794653425 44.81132075471698 -79.3913513660987
v 77.24242794653425 44.81132075471698 -83.63663455365902
v 72.99714475897393 68.39622641509433 -83.63663455365902
v 72.99714475897393 68.39622641509433 -79.3913513660987
v 72.99714475897393 44.81132075471698 -83.63663455365902
v 72.99714475897393 44.81132075471698 -79.3913513660987
v 72.99714475897393 68.39622641509433 -83.63663455365902
v 77.24242794653425 68.39622641509433 -83.63663455365902
v 72.99714475897393 68.39622641509433 -79.3913513660987
v 77.24242794653425 68.39622641509433 -79.3913513660987
v 72.99714475897393 44.81132075471698 -79.3913513660987
v 77.24242794653425 44.81132075471698 -79.3913513660987
v 72.99714475897393 44.81132075471698 -83.63663455365902
v 77.24242794653425 44.81132075471698 -83.63663455365902
v 72.99714475897393 68.39622641509433 -79.3913513660987
v 77.24242794653425 68.39622641509433 -79.3913513660987
v 72.99714475897393 44.81132075471698 -79.3913513660987
v 77.24242794653425 44.81132075471698 -79.3913513660987
v 77.24242794653425 68.39622641509433 -83.63663455365902
v 72.99714475897393 68.39622641509433 -83.63663455365902
v 77.24242794653425 44.81132075471698 -83.63663455365902
v 72.99714475897393 44.81132075471698 -83.63663455365902
vt 0 1
vt 1 1
vt 0 0
vt 1 0
vt 0 1
vt 1 1
vt 0 0
vt 1 0
vt 0 1
vt 1 1
vt 0 0
vt 1 0
vt 0 1
vt 1 1
vt 0 0
vt 1 0
vt 0 1
vt 1 1
vt 0 0
vt 1 0
vt 0 1
vt 1 1
vt 0 0
vt 1 0
vn 1 0 0
vn 1 0 0
vn 1 0 0
vn 1 0 0
vn -1 0 0
vn -1 0 0
vn -1 0 0
vn -1 0 0
vn 0 1 0
vn 0 1 0
vn 0 1 0
vn 0 1 0
vn 0 -1 0
vn 0 -1 0
vn 0 -1 0
vn 0 -1 0
vn 0 0 1
vn 0 0 1
vn 0 0 1
vn 0 0 1
vn 0 0 -1
vn 0 0 -1
vn 0 0 -1
vn 0 0 -1
f 2680/2680/2680 2682/2682/2682 2681/2681/2681
f 2682/2682/2682 2683/2683/2683 2681/2681/2681
f 2684/2684/2684 2686/2686/2686 2685/2685/2685
f 2686/2686/2686 2687/2687/2687 2685/2685/2685
f 2688/2688/2688 2690/2690/2690 2689/2689/2689
f 2690/2690/2690 2691/2691/2691 2689/2689/2689
f 2692/2692/2692 2694/2694/2694 2693/2693/2693
f 2694/2694/2694 2695/2695/2695 2693/2693/2693
f 2696/2696/2696 2698/2698/2698 2697/2697/2697
f 2698/2698/2698 2699/2699/2699 2697/2697/2697
f 2700/2700/2700 2702/2702/2702 2701/2701/2701
f 2702/2702/2702 2703/2703/2703 2701/2701/2701
o structure_panel_2
usemtl accent
v -120.90858856540328 74.99999995782692 -152.5949769473774
v -152.59497694737735 74.99999995782692 -120.90858856540332
v -120.90858856540328 71.22641513651273 -152.5949769473774
v -152.59497694737735 71.22641513651273 -120.90858856540332
v -89.22220018342921 74.99999995782692 -57.535811801455175
v -57.53581180145513 74.99999995782692 -89.22220018342925
v -89.22220018342921 71.22641513651273 -57.535811801455175
v -57.53581180145513 71.22641513651273 -89.22220018342925
v -89.22220018342921 74.99999995782692 -57.535811801455175
v -152.59497694737735 74.99999995782692 -120.90858856540332
v -57.53581180145513 74.99999995782692 -89.22220018342925
v -120.90858856540328 74.99999995782692 -152.5949769473774
v -57.53581180145513 71.22641513651273 -89.22220018342925
v -120.90858856540328 71.22641513651273 -152.5949769473774
v -89.22220018342921 71.22641513651273 -57.535811801455175
v -152.59497694737735 71.22641513651273 -120.90858856540332
v -57.53581180145513 74.99999995782692 -89.22220018342925
v -120.90858856540328 74.99999995782692 -152.5949769473774
v -57.53581180145513 71.22641513651273 -89.22220018342925
v -120.90858856540328 71.22641513651273 -152.5949769473774
v -152.59497694737735 74.99999995782692 -120.90858856540332
v -89.22220018342921 74.99999995782692 -57.535811801455175
v -152.59497694737735 71.22641513651273 -120.90858856540332
v -89.22220018342921 71.22641513651273 -57.535811801455175
vt 0 1
vt 1 1
vt 0 0
vt 1 0
vt 0 1
vt 1 1
vt 0 0
vt 1 0
vt 0 1
vt 1 1
vt 0 0
vt 1 0
vt 0 1
vt 1 1
vt 0 0
vt 1 0
vt 0 1
vt 1 1
vt 0 0
vt 1 0
vt 0 1
vt 1 1
vt 0 0
vt 1 0
vn -0.7071067811865476 0 -0.7071067811865476
vn -0.7071067811865476 0 -0.7071067811865476
vn -0.7071067811865476 0 -0.7071067811865476
vn -0.7071067811865476 0 -0.7071067811865476
vn 0.7071067811865476 0 0.7071067811865476
vn 0.7071067811865476 0 0.7071067811865476
vn 0.7071067811865476 0 0.7071067811865476
vn 0.7071067811865476 0 0.7071067811865476
vn 0 1 0
vn 0 1 0
vn 0 1 0
vn 0 1 0
vn 0 -1 0
vn 0 -1 0
vn 0 -1 0
vn 0 -1 0
vn 0.7071067811865476 0 -0.7071067811865476
vn 0.7071067811865476 0 -0.7071067811865476
vn 0.7071067811865476 0 -0.7071067811865476
vn 0.7071067811865476 0 -0.7071067811865476
vn -0.7071067811865476 0 0.7071067811865476
vn -0.7071067811865476 0 0.7071067811865476
vn -0.7071067811865476 0 0.7071067811865476
vn -0.7071067811865476 0 0.7071067811865476
f 2704/2704/2704 2706/2706/2706 2705/2705/2705
f 2706/2706/2706 2707/2707/2707 2705/2705/2705
f 2708/2708/2708 2710/2710/2710 2709/2709/2709
f 2710/2710/2710 2711/2711/2711 2709/2709/2709
f 2712/2712/2712 2714/2714/2714 2713/2713/2713
f 2714/2714/2714 2715/2715/2715 2713/2713/2713
f 2716/2716/2716 2718/2718/2718 2717/2717/2717
f 2718/2718/2718 2719/2719/2719 2717/2717/2717
f 2720/2720/2720 2722/2722/2722 2721/2721/2721
f 2722/2722/2722 2723/2723/2723 2721/2721/2721
f 2724/2724/2724 2726/2726/2726 2725/2725/2725
f 2726/2726/2726 2727/2727/2727 2725/2725/2725
o structure_panelframe_2
usemtl hull
v -120.90858955943273 73.11320756122751 -155.93038609379107
v -155.93038609379101 73.11320756122751 -120.90858955943277
v -120.90858955943273 66.50943394820646 -155.93038609379107
v -155.93038609379101 66.50943394820646 -120.90858955943277
v -89.22219918939976 73.11320756122751 -54.2004026550415
v -54.20040265504146 73.11320756122751 -89.2221991893998
v -89.22219918939976 66.50943394820646 -54.2004026550415
v -54.20040265504146 66.50943394820646 -89.2221991893998
v -89.22219918939976 73.11320756122751 -54.2004026550415
v -155.93038609379101 73.11320756122751 -120.90858955943277
v -54.20040265504146 73.11320756122751 -89.2221991893998
v -120.90858955943273 73.11320756122751 -155.93038609379107
v -54.20040265504146 66.50943394820646 -89.2221991893998
v -120.90858955943273 66.50943394820646 -155.93038609379107
v -89.22219918939976 66.50943394820646 -54.2004026550415
v -155.93038609379101 66.50943394820646 -120.90858955943277
v -54.20040265504146 73.11320756122751 -89.2221991893998
v -120.90858955943273 73.11320756122751 -155.93038609379107
v -54.20040265504146 66.50943394820646 -89.2221991893998
v -120.90858955943273 66.50943394820646 -155.93038609379107
v -155.93038609379101 73.11320756122751 -120.90858955943277
v -89.22219918939976 73.11320756122751 -54.2004026550415
v -155.93038609379101 66.50943394820646 -120.90858955943277
v -89.22219918939976 66.50943394820646 -54.2004026550415
vt 0 1
vt 1 1
vt 0 0
vt 1 0
vt 0 1
vt 1 1
vt 0 0
vt 1 0
vt 0 1
vt 1 1
vt 0 0
vt 1 0
vt 0 1
vt 1 1
vt 0 0
vt 1 0
vt 0 1
vt 1 1
vt 0 0
vt 1 0
vt 0 1
vt 1 1
vt 0 0
vt 1 0
vn -0.7071067811865476 0 -0.7071067811865476
vn -0.7071067811865476 0 -0.7071067811865476
vn -0.7071067811865476 0 -0.7071067811865476
vn -0.7071067811865476 0 -0.7071067811865476
vn 0.7071067811865476 0 0.7071067811865476
vn 0.7071067811865476 0 0.7071067811865476
vn 0.7071067811865476 0 0.7071067811865476
vn 0.7071067811865476 0 0.7071067811865476
vn 0 1 0
vn 0 1 0
vn 0 1 0
vn 0 1 0
vn 0 -1 0
vn 0 -1 0
vn 0 -1 0
vn 0 -1 0
vn 0.7071067811865476 0 -0.7071067811865476
vn 0.7071067811865476 0 -0.7071067811865476
vn 0.7071067811865476 0 -0.7071067811865476
vn 0.7071067811865476 0 -0.7071067811865476
vn -0.7071067811865476 0 0.7071067811865476
vn -0.7071067811865476 0 0.7071067811865476
vn -0.7071067811865476 0 0.7071067811865476
vn -0.7071067811865476 0 0.7071067811865476
f 2728/2728/2728 2730/2730/2730 2729/2729/2729
f 2730/2730/2730 2731/2731/2731 2729/2729/2729
f 2732/2732/2732 2734/2734/2734 2733/2733/2733
f 2734/2734/2734 2735/2735/2735 2733/2733/2733
f 2736/2736/2736 2738/2738/2738 2737/2737/2737
f 2738/2738/2738 2739/2739/2739 2737/2737/2737
f 2740/2740/2740 2742/2742/2742 2741/2741/2741
f 2742/2742/2742 2743/2743/2743 2741/2741/2741
f 2744/2744/2744 2746/2746/2746 2745/2745/2745
f 2746/2746/2746 2747/2747/2747 2745/2745/2745
f 2748/2748/2748 2750/2750/2750 2749/2749/2749
f 2750/2750/2750 2751/2751/2751 2749/2749/2749
o structure_strut_2
usemtl plate
v -106.06601711834037 76.88679236848401 -100.72936228527263
v -56.0348769400469 76.88679236848401 -50.698222106979166
v -106.06601711834037 69.33962272585563 -100.72936228527263
v -56.0348769400469 69.33962272585563 -50.698222106979166
v -50.69822210697913 76.88679236848401 -56.034876940046935
v -100.7293622852726 76.88679236848401 -106.0660171183404
v -50.69822210697913 69.33962272585563 -56.034876940046935
v -100.7293622852726 69.33962272585563 -106.0660171183404
v -50.69822210697913 76.88679236848401 -56.034876940046935
v -56.0348769400469 76.88679236848401 -50.698222106979166
v -100.7293622852726 76.88679236848401 -106.0660171183404
v -106.06601711834037 76.88679236848401 -100.72936228527263
v -100.7293622852726 69.33962272585563 -106.0660171183404
v -106.06601711834037 69.33962272585563 -100.72936228527263
v -50.69822210697913 69.33962272585563 -56.034876940046935
v -56.0348769400469 69.33962272585563 -50.698222106979166
v -100.7293622852726 76.88679236848401 -106.0660171183404
v -106.06601711834037 76.88679236848401 -100.72936228527263
v -100.7293622852726 69.33962272585563 -106.0660171183404
v -106.06601711834037 69.33962272585563 -100.72936228527263
v -56.0348769400469 76.88679236848401 -50.698222106979166
v -50.69822210697913 76.88679236848401 -56.034876940046935
v -56.0348769400469 69.33962272585563 -50.698222106979166
v -50.69822210697913 69.33962272585563 -56.034876940046935
vt 0 1
vt 1 1
vt 0 0
vt 1 0
vt 0 1
vt 1 1
vt 0 0
vt 1 0
vt 0 1
vt 1 1
vt 0 0
vt 1 0
vt 0 1
vt 1 1
vt 0 0
vt 1 0
vt 0 1
vt 1 1
vt 0 0
vt 1 0
vt 0 1
vt 1 1
vt 0 0
vt 1 0
vn -0.7071067811865474 0 0.7071067811865477
vn -0.7071067811865474 0 0.7071067811865477
vn -0.7071067811865474 0 0.7071067811865477
vn -0.7071067811865474 0 0.7071067811865477
vn 0.7071067811865474 0 -0.7071067811865477
vn 0.7071067811865474 0 -0.7071067811865477
vn 0.7071067811865474 0 -0.7071067811865477
vn 0.7071067811865474 0 -0.7071067811865477
vn 0 1 0
vn 0 1 0
vn 0 1 0
vn 0 1 0
vn 0 -1 0
vn 0 -1 0
vn 0 -1 0
vn 0 -1 0
vn -0.7071067811865477 0 -0.7071067811865474
vn -0.7071067811865477 0 -0.7071067811865474
vn -0.7071067811865477 0 -0.7071067811865474
vn -0.7071067811865477 0 -0.7071067811865474
vn 0.7071067811865477 0 0.7071067811865474
vn 0.7071067811865477 0 0.7071067811865474
vn 0.7071067811865477 0 0.7071067811865474
vn 0.7071067811865477 0 0.7071067811865474
f 2752/2752/2752 2754/2754/2754 2753/2753/2753
f 2754/2754/2754 2755/2755/2755 2753/2753/2753
f 2756/2756/2756 2758/2758/2758 2757/2757/2757
f 2758/2758/2758 2759/2759/2759 2757/2757/2757
f 2760/2760/2760 2762/2762/2762 2761/2761/2761
f 2762/2762/2762 2763/2763/2763 2761/2761/2761
f 2764/2764/2764 2766/2766/2766 2765/2765/2765
f 2766/2766/2766 2767/2767/2767 2765/2765/2765
f 2768/2768/2768 2770/2770/2770 2769/2769/2769
f 2770/2770/2770 2771/2771/2771 2769/2769/2769
f 2772/2772/2772 2774/2774/2774 2773/2773/2773
f 2774/2774/2774 2775/2775/2775 2773/2773/2773
o structure_brace_2
usemtl plate
v -72.9971447589739 68.39622641509433 -79.39135136609872
v -72.9971447589739 68.39622641509433 -83.63663455365904
v -72.9971447589739 44.81132075471698 -79.39135136609872
v -72.9971447589739 44.81132075471698 -83.63663455365904
v -77.24242794653422 68.39622641509433 -83.63663455365904
v -77.24242794653422 68.39622641509433 -79.39135136609872
v -77.24242794653422 44.81132075471698 -83.63663455365904
v -77.24242794653422 44.81132075471698 -79.39135136609872
v -77.24242794653422 68.39622641509433 -83.63663455365904
v -72.9971447589739 68.39622641509433 -83.63663455365904
v -77.24242794653422 68.39622641509433 -79.39135136609872
v -72.9971447589739 68.39622641509433 -79.39135136609872
v -77.24242794653422 44.81132075471698 -79.39135136609872
v -72.9971447589739 44.81132075471698 -79.39135136609872
v -77.24242794653422 44.81132075471698 -83.63663455365904
v -72.9971447589739 44.81132075471698 -83.63663455365904
v -77.24242794653422 68.39622641509433 -79.39135136609872
v -72.9971447589739 68.39622641509433 -79.39135136609872
v -77.24242794653422 44.81132075471698 -79.39135136609872
v -72.9971447589739 44.81132075471698 -79.39135136609872
v -72.9971447589739 68.39622641509433 -83.63663455365904
v -77.24242794653422 68.39622641509433 -83.63663455365904
v -72.9971447589739 44.81132075471698 -83.63663455365904
v -77.24242794653422 44.81132075471698 -83.63663455365904
vt 0 1
vt 1 1
vt 0 0
vt 1 0
vt 0 1
vt 1 1
vt 0 0
vt 1 0
vt 0 1
vt 1 1
vt 0 0
vt 1 0
vt 0 1
vt 1 1
vt 0 0
vt 1 0
vt 0 1
vt 1 1
vt 0 0
vt 1 0
vt 0 1
vt 1 1
vt 0 0
vt 1 0
vn 1 0 0
vn 1 0 0
vn 1 0 0
vn 1 0 0
vn -1 0 0
vn -1 0 0
vn -1 0 0
vn -1 0 0
vn 0 1 0
vn 0 1 0
vn 0 1 0
vn 0 1 0
vn 0 -1 0
vn 0 -1 0
vn 0 -1 0
vn 0 -1 0
vn 0 0 1
vn 0 0 1
vn 0 0 1
vn 0 0 1
vn 0 0 -1
vn 0 0 -1
vn 0 0 -1
vn 0 0 -1
f 2776/2776/2776 2778/2778/2778 2777/2777/2777
f 2778/2778/2778 2779/2779/2779 2777/2777/2777
f 2780/2780/2780 2782/2782/2782 2781/2781/2781
f 2782/2782/2782 2783/2783/2783 2781/2781/2781
f 2784/2784/2784 2786/2786/2786 2785/2785/2785
f 2786/2786/2786 2787/2787/2787 2785/2785/2785
f 2788/2788/2788 2790/2790/2790 2789/2789/2789
f 2790/2790/2790 2791/2791/2791 2789/2789/2789
f 2792/2792/2792 2794/2794/2794 2793/2793/2793
f 2794/2794/2794 2795/2795/2795 2793/2793/2793
f 2796/2796/2796 2798/2798/2798 2797/2797/2797
f 2798/2798/2798 2799/2799/2799 2797/2797/2797
o structure_brace_2
usemtl plate
v -79.3913513660987 68.39622641509433 -72.99714475897395
v -79.3913513660987 68.39622641509433 -77.24242794653426
v -79.3913513660987 44.81132075471698 -72.99714475897395
v -79.3913513660987 44.81132075471698 -77.24242794653426
v -83.63663455365902 68.39622641509433 -77.24242794653426
v -83.63663455365902 68.39622641509433 -72.99714475897395
v -83.63663455365902 44.81132075471698 -77.24242794653426
v -83.63663455365902 44.81132075471698 -72.99714475897395
v -83.63663455365902 68.39622641509433 -77.24242794653426
v -79.3913513660987 68.39622641509433 -77.24242794653426
v -83.63663455365902 68.39622641509433 -72.99714475897395
v -79.3913513660987 68.39622641509433 -72.99714475897395
v -83.63663455365902 44.81132075471698 -72.99714475897395
v -79.3913513660987 44.81132075471698 -72.99714475897395
v -83.63663455365902 44.81132075471698 -77.24242794653426
v -79.3913513660987 44.81132075471698 -77.24242794653426
v -83.63663455365902 68.39622641509433 -72.99714475897395
v -79.3913513660987 68.39622641509433 -72.99714475897395
v -83.63663455365902 44.81132075471698 -72.99714475897395
v -79.3913513660987 44.81132075471698 -72.99714475897395
v -79.3913513660987 68.39622641509433 -77.24242794653426
v -83.63663455365902 68.39622641509433 -77.24242794653426
v -79.3913513660987 44.81132075471698 -77.24242794653426
v -83.63663455365902 44.81132075471698 -77.24242794653426
vt 0 1
vt 1 1
vt 0 0
vt 1 0
vt 0 1
vt 1 1
vt 0 0
vt 1 0
vt 0 1
vt 1 1
vt 0 0
vt 1 0
vt 0 1
vt 1 1
vt 0 0
vt 1 0
vt 0 1
vt 1 1
vt 0 0
vt 1 0
vt 0 1
vt 1 1
vt 0 0
vt 1 0
vn 1 0 0
vn 1 0 0
vn 1 0 0
vn 1 0 0
vn -1 0 0
vn -1 0 0
vn -1 0 0
vn -1 0 0
vn 0 1 0
vn 0 1 0
vn 0 1 0
vn 0 1 0
vn 0 -1 0
vn 0 -1 0
vn 0 -1 0
vn 0 -1 0
vn 0 0 1
vn 0 0 1
vn 0 0 1
vn 0 0 1
vn 0 0 -1
vn 0 0 -1
vn 0 0 -1
vn 0 0 -1
f 2800/2800/2800 2802/2802/2802 2801/2801/2801
f 2802/2802/2802 2803/2803/2803 2801/2801/2801
f 2804/2804/2804 2806/2806/2806 2805/2805/2805
f 2806/2806/2806 2807/2807/2807 2805/2805/2805
f 2808/2808/2808 2810/2810/2810 2809/2809/2809
f 2810/2810/2810 2811/2811/2811 2809/2809/2809
f 2812/2812/2812 2814/2814/2814 2813/2813/2813
f 2814/2814/2814 2815/2815/2815 2813/2813/2813
f 2816/2816/2816 2818/2818/2818 2817/2817/2817
f 2818/2818/2818 2819/2819/2819 2817/2817/2817
f 2820/2820/2820 2822/2822/2822 2821/2821/2821
f 2822/2822/2822 2823/2823/2823 2821/2821/2821
o structure_panel_3
usemtl accent
v -57.535811801455175 74.99999995782692 89.2222001834292
v -89.22220018342927 74.99999995782692 57.535811801455125
v -57.535811801455175 71.22641513651273 89.2222001834292
v -89.22220018342927 71.22641513651273 57.535811801455125
v -152.5949769473774 74.99999995782692 120.90858856540329
v -120.9085885654033 74.99999995782692 152.59497694737735
v -152.5949769473774 71.22641513651273 120.90858856540329
v -120.9085885654033 71.22641513651273 152.59497694737735
v -152.5949769473774 74.99999995782692 120.90858856540329
v -89.22220018342927 74.99999995782692 57.535811801455125
v -120.9085885654033 74.99999995782692 152.59497694737735
v -57.535811801455175 74.99999995782692 89.2222001834292
v -120.9085885654033 71.22641513651273 152.59497694737735
v -57.535811801455175 71.22641513651273 89.2222001834292
v -152.5949769473774 71.22641513651273 120.90858856540329
v -89.22220018342927 71.22641513651273 57.535811801455125
v -120.9085885654033 74.99999995782692 152.59497694737735
v -57.535811801455175 74.99999995782692 89.2222001834292
v -120.9085885654033 71.22641513651273 152.59497694737735
v -57.535811801455175 71.22641513651273 89.2222001834292
v -89.22220018342927 74.99999995782692 57.535811801455125
v -152.5949769473774 74.99999995782692 120.90858856540329
v -89.22220018342927 71.22641513651273 57.535811801455125
v -152.5949769473774 71.22641513651273 120.90858856540329
vt 0 1
vt 1 1
vt 0 0
vt 1 0
vt 0 1
vt 1 1
vt 0 0
vt 1 0
vt 0 1
vt 1 1
vt 0 0
vt 1 0
vt 0 1
vt 1 1
vt 0 0
vt 1 0
vt 0 1
vt 1 1
vt 0 0
vt 1 0
vt 0 1
vt 1 1
vt 0 0
vt 1 0
vn 0.7071067811865474 0 -0.7071067811865478
vn 0.7071067811865474 0 -0.7071067811865478
vn 0.7071067811865474 0 -0.7071067811865478
vn 0.7071067811865474 0 -0.7071067811865478
vn -0.7071067811865474 0 0.7071067811865478
vn -0.7071067811865474 0 0.7071067811865478
vn -0.7071067811865474 0 0.7071067811865478
vn -0.7071067811865474 0 0.7071067811865478
vn 0 1 0
vn 0 1 0
vn 0 1 0
vn 0 1 0
vn 0 -1 0
vn 0 -1 0
vn 0 -1 0
vn 0 -1 0
vn 0.7071067811865478 0 0.7071067811865474
vn 0.7071067811865478 0 0.7071067811865474
vn 0.7071067811865478 0 0.7071067811865474
vn 0.7071067811865478 0 0.7071067811865474
vn -0.7071067811865478 0 -0.7071067811865474
vn -0.7071067811865478 0 -0.7071067811865474
vn -0.7071067811865478 0 -0.7071067811865474
vn -0.7071067811865478 0 -0.7071067811865474
f 2824/2824/2824 2826/2826/2826 2825/2825/2825
f 2826/2826/2826 2827/2827/2827 2825/2825/2825
f 2828/2828/2828 2830/2830/2830 2829/2829/2829
f 2830/2830/2830 2831/2831/2831 2829/2829/2829
f 2832/2832/2832 2834/2834/2834 2833/2833/2833
f 2834/2834/2834 2835/2835/2835 2833/2833/2833
f 2836/2836/2836 2838/2838/2838 2837/2837/2837
f 2838/2838/2838 2839/2839/2839 2837/2837/2837
f 2840/2840/2840 2842/2842/2842 2841/2841/2841
f 2842/2842/2842 2843/2843/2843 2841/2841/2841
f 2844/2844/2844 2846/2846/2846 2845/2845/2845
f 2846/2846/2846 2847/2847/2847 2845/2845/2845
o structure_panelframe_3
usemtl hull
v -54.2004026550415 73.11320756122751 89.22219918939975
v -89.22219918939982 73.11320756122751 54.200402655041444
v -54.2004026550415 66.50943394820646 89.22219918939975
v -89.22219918939982 66.50943394820646 54.200402655041444
v -155.93038609379107 73.11320756122751 120.90858955943274
v -120.90858955943276 73.11320756122751 155.93038609379104
v -155.93038609379107 66.50943394820646 120.90858955943274
v -120.90858955943276 66.50943394820646 155.93038609379104
v -155.93038609379107 73.11320756122751 120.90858955943274
v -89.22219918939982 73.11320756122751 54.200402655041444
v -120.90858955943276 73.11320756122751 155.93038609379104
v -54.2004026550415 73.11320756122751 89.22219918939975
v -120.90858955943276 66.50943394820646 155.93038609379104
v -54.2004026550415 66.50943394820646 89.22219918939975
v -155.93038609379107 66.50943394820646 120.90858955943274
v -89.22219918939982 66.50943394820646 54.200402655041444
v -120.90858955943276 73.11320756122751 155.93038609379104
v -54.2004026550415 73.11320756122751 89.22219918939975
v -120.90858955943276 66.50943394820646 155.93038609379104
v -54.2004026550415 66.50943394820646 89.22219918939975
v -89.22219918939982 73.11320756122751 54.200402655041444
v -155.93038609379107 73.11320756122751 120.90858955943274
v -89.22219918939982 66.50943394820646 54.200402655041444
v -155.93038609379107 66.50943394820646 120.90858955943274
vt 0 1
vt 1 1
vt 0 0
vt 1 0
vt 0 1
vt 1 1
vt 0 0
vt 1 0
vt 0 1
vt 1 1
vt 0 0
vt 1 0
vt 0 1
vt 1 1
vt 0 0
vt 1 0
vt 0 1
vt 1 1
vt 0 0
vt 1 0
vt 0 1
vt 1 1
vt 0 0
vt 1 0
vn 0.7071067811865474 0 -0.7071067811865478
vn 0.7071067811865474 0 -0.7071067811865478
vn 0.7071067811865474 0 -0.7071067811865478
vn 0.7071067811865474 0 -0.7071067811865478
vn -0.7071067811865474 0 0.7071067811865478
vn -0.7071067811865474 0 0.7071067811865478
vn -0.7071067811865474 0 0.7071067811865478
vn -0.7071067811865474 0 0.7071067811865478
vn 0 1 0
vn 0 1 0
vn 0 1 0
vn 0 1 0
vn 0 -1 0
vn 0 -1 0
vn 0 -1 0
vn 0 -1 0
vn 0.7071067811865478 0 0.7071067811865474
vn 0.7071067811865478 0 0.7071067811865474
vn 0.7071067811865478 0 0.7071067811865474
vn 0.7071067811865478 0 0.7071067811865474
vn -0.7071067811865478 0 -0.7071067811865474
vn -0.7071067811865478 0 -0.7071067811865474
vn -0.7071067811865478 0 -0.7071067811865474
vn -0.7071067811865478 0 -0.7071067811865474
f 2848/2848/2848 2850/2850/2850 2849/2849/2849
f 2850/2850/2850 2851/2851/2851 2849/2849/2849
f 2852/2852/2852 2854/2854/2854 2853/2853/2853
f 2854/2854/2854 2855/2855/2855 2853/2853/2853
f 2856/2856/2856 2858/2858/2858 2857/2857/2857
f 2858/2858/2858 2859/2859/2859 2857/2857/2857
f 2860/2860/2860 2862/2862/2862 2861/2861/2861
f 2862/2862/2862 2863/2863/2863 2861/2861/2861
f 2864/2864/2864 2866/2866/2866 2865/2865/2865
f 2866/2866/2866 2867/2867/2867 2865/2865/2865
f 2868/2868/2868 2870/2870/2870 2869/2869/2869
f 2870/2870/2870 2871/2871/2871 2869/2869/2869
o structure_strut_3
usemtl plate
v -56.034876940046935 76.88679236848401 50.698222106979124
v -106.0660171183404 76.88679236848401 100.72936228527257
v -56.034876940046935 69.33962272585563 50.698222106979124
v -106.0660171183404 69.33962272585563 100.72936228527257
v -100.72936228527263 76.88679236848401 106.06601711834034
v -50.698222106979166 76.88679236848401 56.03487694004689
v -100.72936228527263 69.33962272585563 106.06601711834034
v -50.698222106979166 69.33962272585563 56.03487694004689
v -100.72936228527263 76.88679236848401 106.06601711834034
v -106.0660171183404 76.88679236848401 100.72936228527257
v -50.698222106979166 76.88679236848401 56.03487694004689
v -56.034876940046935 76.88679236848401 50.698222106979124
v -50.698222106979166 69.33962272585563 56.03487694004689
v -56.034876940046935 69.33962272585563 50.698222106979124
v -100.72936228527263 69.33962272585563 106.06601711834034
v -106.0660171183404 69.33962272585563 100.72936228527257
v -50.698222106979166 76.88679236848401 56.03487694004689
v -56.034876940046935 76.88679236848401 50.698222106979124
v -50.698222106979166 69.33962272585563 56.03487694004689
v -56.034876940046935 69.33962272585563 50.698222106979124
v -106.0660171183404 76.88679236848401 100.72936228527257
v -100.72936228527263 76.88679236848401 106.06601711834034
v -106.0660171183404 69.33962272585563 100.72936228527257
v -100.72936228527263 69.33962272585563 106.06601711834034
vt 0 1
vt 1 1
vt 0 0
vt 1 0
vt 0 1
vt 1 1
vt 0 0
vt 1 0
vt 0 1
vt 1 1
vt 0 0
vt 1 0
vt 0 1
vt 1 1
vt 0 0
vt 1 0
vt 0 1
vt 1 1
vt 0 0
vt 1 0
vt 0 1
vt 1 1
vt 0 0
vt 1 0
vn -0.7071067811865476 0 -0.7071067811865476
vn -0.7071067811865476 0 -0.7071067811865476
vn -0.7071067811865476 0 -0.7071067811865476
vn -0.7071067811865476 0 -0.7071067811865476
vn 0.7071067811865476 0 0.7071067811865476
vn 0.7071067811865476 0 0.7071067811865476
vn 0.7071067811865476 0 0.7071067811865476
vn 0.7071067811865476 0 0.7071067811865476
vn 0 1 0
vn 0 1 0
vn 0 1 0
vn 0 1 0
vn 0 -1 0
vn 0 -1 0
vn 0 -1 0
vn 0 -1 0
vn 0.7071067811865476 0 -0.7071067811865476
vn 0.7071067811865476 0 -0.7071067811865476
vn 0.7071067811865476 0 -0.7071067811865476
vn 0.7071067811865476 0 -0.7071067811865476
vn -0.7071067811865476 0 0.7071067811865476
vn -0.7071067811865476 0 0.7071067811865476
vn -0.7071067811865476 0 0.7071067811865476
vn -0.7071067811865476 0 0.7071067811865476
f 2872/2872/2872 2874/2874/2874 2873/2873/2873
f 2874/2874/2874 2875/2875/2875 2873/2873/2873
f 2876/2876/2876 2878/2878/2878 2877/2877/2877
f 2878/2878/2878 2879/2879/2879 2877/2877/2877
f 2880/2880/2880 2882/2882/2882 2881/2881/2881
f 2882/2882/2882 2883/2883/2883 2881/2881/2881
f 2884/2884/2884 2886/2886/2886 2885/2885/2885
f 2886/2886/2886 2887/2887/2887 2885/2885/2885
f 2888/2888/2888 2890/2890/2890 2889/2889/2889
f 2890/2890/2890 2891/2891/2891 2889/2889/2889
f 2892/2892/2892 2894/2894/2894 2893/2893/2893
f 2894/2894/2894 2895/2895/2895 2893/2893/2893
o structure_brace_3
usemtl plate
v -79.39135136609873 68.39622641509433 77.24242794653422
v -79.39135136609873 68.39622641509433 72.9971447589739
v -79.39135136609873 44.81132075471698 77.24242794653422
v -79.39135136609873 44.81132075471698 72.9971447589739
v -83.63663455365905 68.39622641509433 72.9971447589739
v -83.63663455365905 68.39622641509433 77.24242794653422
v -83.63663455365905 44.81132075471698 72.9971447589739
v -83.63663455365905 44.81132075471698 77.24242794653422
v -83.63663455365905 68.39622641509433 72.9971447589739
v -79.39135136609873 68.39622641509433 72.9971447589739
v -83.63663455365905 68.39622641509433 77.24242794653422
v -79.39135136609873 68.39622641509433 77.24242794653422
v -83.63663455365905 44.81132075471698 77.24242794653422
v -79.39135136609873 44.81132075471698 77.24242794653422
v -83.63663455365905 44.81132075471698 72.9971447589739
v -79.39135136609873 44.81132075471698 72.9971447589739
v -83.63663455365905 68.39622641509433 77.24242794653422
v -79.39135136609873 68.39622641509433 77.24242794653422
v -83.63663455365905 44.81132075471698 77.24242794653422
v -79.39135136609873 44.81132075471698 77.24242794653422
v -79.39135136609873 68.39622641509433 72.9971447589739
v -83.63663455365905 68.39622641509433 72.9971447589739
v -79.39135136609873 44.81132075471698 72.9971447589739
v -83.63663455365905 44.81132075471698 72.9971447589739
vt 0 1
vt 1 1
vt 0 0
vt 1 0
vt 0 1
vt 1 1
vt 0 0
vt 1 0
vt 0 1
vt 1 1
vt 0 0
vt 1 0
vt 0 1
vt 1 1
vt 0 0
vt 1 0
vt 0 1
vt 1 1
vt 0 0
vt 1 0
vt 0 1
vt 1 1
vt 0 0
vt 1 0
vn 1 0 0
vn 1 0 0
vn 1 0 0
vn 1 0 0
vn -1 0 0
vn -1 0 0
vn -1 0 0
vn -1 0 0
vn 0 1 0
vn 0 1 0
vn 0 1 0
vn 0 1 0
vn 0 -1 0
vn 0 -1 0
vn 0 -1 0
vn 0 -1 0
vn 0 0 1
vn 0 0 1
vn 0 0 1
vn 0 0 1
vn 0 0 -1
vn 0 0 -1
vn 0 0 -1
vn 0 0 -1
f 2896/2896/2896 2898/2898/2898 2897/2897/2897
f 2898/2898/2898 2899/2899/2899 2897/2897/2897
f 2900/2900/2900 2902/2902/2902 2901/2901/2901
f 2902/2902/2902 2903/2903/2903 2901/2901/2901
f 2904/2904/2904 2906/2906/2906 2905/2905/2905
f 2906/2906/2906 2907/2907/2907 2905/2905/2905
f 2908/2908/2908 2910/2910/2910 2909/2909/2909
f 2910/2910/2910 2911/2911/2911 2909/2909/2909
f 2912/2912/2912 2914/2914/2914 2913/2913/2913
f 2914/2914/2914 2915/2915/2915 2913/2913/2913
f 2916/2916/2916 2918/2918/2918 2917/2917/2917
f 2918/2918/2918 2919/2919/2919 2917/2917/2917
o structure_brace_3
usemtl plate
v -72.99714475897395 68.39622641509433 83.63663455365902
v -72.99714475897395 68.39622641509433 79.3913513660987
v -72.99714475897395 44.81132075471698 83.63663455365902
v -72.99714475897395 44.81132075471698 79.3913513660987
v -77.24242794653426 68.39622641509433 79.3913513660987
v -77.24242794653426 68.39622641509433 83.63663455365902
v -77.24242794653426 44.81132075471698 79.3913513660987
v -77.24242794653426 44.81132075471698 83.63663455365902
v -77.24242794653426 68.39622641509433 79.3913513660987
v -72.99714475897395 68.39622641509433 79.3913513660987
v -77.24242794653426 68.39622641509433 83.63663455365902
v -72.99714475897395 68.39622641509433 83.63663455365902
v -77.24242794653426 44.81132075471698 83.63663455365902
v -72.99714475897395 44.81132075471698 83.63663455365902
v -77.24242794653426 44.81132075471698 79.3913513660987
v -72.99714475897395 44.81132075471698 79.3913513660987
v -77.24242794653426 68.39622641509433 83.63663455365902
v -72.99714475897395 68.39622641509433 83.63663455365902
v -77.24242794653426 44.81132075471698 83.63663455365902
v -72.99714475897395 44.81132075471698 83.63663455365902
v -72.99714475897395 68.39622641509433 79.3913513660987
v -77.24242794653426 68.39622641509433 79.3913513660987
v -72.99714475897395 44.81132075471698 79.3913513660987
v -77.24242794653426 44.81132075471698 79.3913513660987
vt 0 1
vt 1 1
vt 0 0
vt 1 0
vt 0 1
vt 1 1
vt 0 0
vt 1 0
vt 0 1
vt 1 1
vt 0 0
vt 1 0
vt 0 1
vt 1 1
vt 0 0
vt 1 0
vt 0 1
vt 1 1
vt 0 0
vt 1 0
vt 0 1
vt 1 1
vt 0 0
vt 1 0
vn 1 0 0
vn 1 0 0
vn 1 0 0
vn 1 0 0
vn -1 0 0
vn -1 0 0
vn -1 0 0
vn -1 0 0
vn 0 1 0
vn 0 1 0
vn 0 1 0
vn 0 1 0
vn 0 -1 0
vn 0 -1 0
vn 0 -1 0
vn 0 -1 0
vn 0 0 1
vn 0 0 1
vn 0 0 1
vn 0 0 1
vn 0 0 -1
vn 0 0 -1
vn 0 0 -1
vn 0 0 -1
f 2920/2920/2920 2922/2922/2922 2921/2921/2921
f 2922/2922/2922 2923/2923/2923 2921/2921/2921
f 2924/2924/2924 2926/2926/2926 2925/2925/2925
f 2926/2926/2926 2927/2927/2927 2925/2925/2925
f 2928/2928/2928 2930/2930/2930 2929/2929/2929
f 2930/2930/2930 2931/2931/2931 2929/2929/2929
f 2932/2932/2932 2934/2934/2934 2933/2933/2933
f 2934/2934/2934 2935/2935/2935 2933/2933/2933
f 2936/2936/2936 2938/2938/2938 2937/2937/2937
f 2938/2938/2938 2939/2939/2939 2937/2937/2937
f 2940/2940/2940 2942/2942/2942 2941/2941/2941
f 2942/2942/2942 2943/2943/2943 2941/2941/2941
o structure_arm_0
usemtl plate
v 7.547169642628364 8.018868008874497 231.13207547169816
v 7.547169642628364 8.018868008874497 160.37735849056605
v 7.547169642628364 -8.018868008874497 231.13207547169816
v 7.547169642628364 -8.018868008874497 160.37735849056605
v -7.547169642628364 8.018868008874497 160.37735849056605
v -7.547169642628364 8.018868008874497 231.13207547169816
v -7.547169642628364 -8.018868008874497 160.37735849056605
v -7.547169642628364 -8.018868008874497 231.13207547169816
v -7.547169642628364 8.018868008874497 160.37735849056605
v 7.547169642628364 8.018868008874497 160.37735849056605
v -7.547169642628364 8.018868008874497 231.13207547169816
v 7.547169642628364 8.018868008874497 231.13207547169816
v -7.547169642628364 -8.018868008874497 231.13207547169816
v 7.547169642628364 -8.018868008874497 231.13207547169816
v -7.547169642628364 -8.018868008874497 160.37735849056605
v 7.547169642628364 -8.018868008874497 160.37735849056605
v -7.547169642628364 8.018868008874497 231.13207547169816
v 7.547169642628364 8.018868008874497 231.13207547169816
v -7.547169642628364 -8.018868008874497 231.13207547169816
v 7.547169642628364 -8.018868008874497 231.13207547169816
v 7.547169642628364 8.018868008874497 160.37735849056605
v -7.547169642628364 8.018868008874497 160.37735849056605
v 7.547169642628364 -8.018868008874497 160.37735849056605
v -7.547169642628364 -8.018868008874497 160.37735849056605
vt 0 1
vt 1 1
vt 0 0
vt 1 0
vt 0 1
vt 1 1
vt 0 0
vt 1 0
vt 0 1
vt 1 1
vt 0 0
vt 1 0
vt 0 1
vt 1 1
vt 0 0
vt 1 0
vt 0 1
vt 1 1
vt 0 0
vt 1 0
vt 0 1
vt 1 1
vt 0 0
vt 1 0
vn 1 0 0
vn 1 0 0
vn 1 0 0
vn 1 0 0
vn -1 0 0
vn -1 0 0
vn -1 0 0
vn -1 0 0
vn 0 1 0
vn 0 1 0
vn 0 1 0
vn 0 1 0
vn 0 -1 0
vn 0 -1 0
vn 0 -1 0
vn 0 -1 0
vn 0 0 1
vn 0 0 1
vn 0 0 1
vn 0 0 1
vn 0 0 -1
vn 0 0 -1
vn 0 0 -1
vn 0 0 -1
f 2944/2944/2944 2946/2946/2946 2945/2945/2945
f 2946/2946/2946 2947/2947/2947 2945/2945/2945
f 2948/2948/2948 2950/2950/2950 2949/2949/2949
f 2950/2950/2950 2951/2951/2951 2949/2949/2949
f 2952/2952/2952 2954/2954/2954 2953/2953/2953
f 2954/2954/2954 2955/2955/2955 2953/2953/2953
f 2956/2956/2956 2958/2958/2958 2957/2957/2957
f 2958/2958/2958 2959/2959/2959 2957/2957/2957
f 2960/2960/2960 2962/2962/2962 2961/2961/2961
f 2962/2962/2962 2963/2963/2963 2961/2961/2961
f 2964/2964/2964 2966/2966/2966 2965/2965/2965
f 2966/2966/2966 2967/2967/2967 2965/2965/2965
o structure_berth_0
usemtl hull
v 27.122640947125994 3.773584821314182 251.1792452830189
v 27.122640947125994 3.773584821314182 215.80188679245285
v 27.122640947125994 -3.773584821314182 251.1792452830189
v 27.122640947125994 -3.773584821314182 215.80188679245285
v -27.122640947125994 3.773584821314182 215.80188679245285
v -27.122640947125994 3.773584821314182 251.1792452830189
v -27.122640947125994 -3.773584821314182 215.80188679245285
v -27.122640947125994 -3.773584821314182 251.1792452830189
v -27.122640947125994 3.773584821314182 215.80188679245285
v 27.122640947125994 3.773584821314182 215.80188679245285
v -27.122640947125994 3.773584821314182 251.1792452830189
v 27.122640947125994 3.773584821314182 251.1792452830189
v -27.122640947125994 -3.773584821314182 251.1792452830189
v 27.122640947125994 -3.773584821314182 251.1792452830189
v -27.122640947125994 -3.773584821314182 215.80188679245285
v 27.122640947125994 -3.773584821314182 215.80188679245285
v -27.122640947125994 3.773584821314182 251.1792452830189
v 27.122640947125994 3.773584821314182 251.1792452830189
v -27.122640947125994 -3.773584821314182 251.1792452830189
v 27.122640947125994 -3.773584821314182 251.1792452830189
v 27.122640947125994 3.773584821314182 215.80188679245285
v -27.122640947125994 3.773584821314182 215.80188679245285
v 27.122640947125994 -3.773584821314182 215.80188679245285
v -27.122640947125994 -3.773584821314182 215.80188679245285
vt 0 1
vt 1 1
vt 0 0
vt 1 0
vt 0 1
vt 1 1
vt 0 0
vt 1 0
vt 0 1
vt 1 1
vt 0 0
vt 1 0
vt 0 1
vt 1 1
vt 0 0
vt 1 0
vt 0 1
vt 1 1
vt 0 0
vt 1 0
vt 0 1
vt 1 1
vt 0 0
vt 1 0
vn 1 0 0
vn 1 0 0
vn 1 0 0
vn 1 0 0
vn -1 0 0
vn -1 0 0
vn -1 0 0
vn -1 0 0
vn 0 1 0
vn 0 1 0
vn 0 1 0
vn 0 1 0
vn 0 -1 0
vn 0 -1 0
vn 0 -1 0
vn 0 -1 0
vn 0 0 1
vn 0 0 1
vn 0 0 1
vn 0 0 1
vn 0 0 -1
vn 0 0 -1
vn 0 0 -1
vn 0 0 -1
f 2968/2968/2968 2970/2970/2970 2969/2969/2969
f 2970/2970/2970 2971/2971/2971 2969/2969/2969
f 2972/2972/2972 2974/2974/2974 2973/2973/2973
f 2974/2974/2974 2975/2975/2975 2973/2973/2973
f 2976/2976/2976 2978/2978/2978 2977/2977/2977
f 2978/2978/2978 2979/2979/2979 2977/2977/2977
f 2980/2980/2980 2982/2982/2982 2981/2981/2981
f 2982/2982/2982 2983/2983/2983 2981/2981/2981
f 2984/2984/2984 2986/2986/2986 2985/2985/2985
f 2986/2986/2986 2987/2987/2987 2985/2985/2985
f 2988/2988/2988 2990/2990/2990 2989/2989/2989
f 2990/2990/2990 2991/2991/2991 2989/2989/2989
o structure_berthline_0
usemtl accent
v 18.86792480945587 6.367924545874011 234.9056603457287
v 18.86792480945587 6.367924545874011 232.07547172974304
v 18.86792480945587 4.009433944692027 234.9056603457287
v 18.86792480945587 4.009433944692027 232.07547172974304
v -18.86792480945587 6.367924545874011 232.07547172974304
v -18.86792480945587 6.367924545874011 234.9056603457287
v -18.86792480945587 4.009433944692027 232.07547172974304
v -18.86792480945587 4.009433944692027 234.9056603457287
v -18.86792480945587 6.367924545874011 232.07547172974304
v 18.86792480945587 6.367924545874011 232.07547172974304
v -18.86792480945587 6.367924545874011 234.9056603457287
v 18.86792480945587 6.367924545874011 234.9056603457287
v -18.86792480945587 4.009433944692027 234.9056603457287
v 18.86792480945587 4.009433944692027 234.9056603457287
v -18.86792480945587 4.009433944692027 232.07547172974304
v 18.86792480945587 4.009433944692027 232.07547172974304
v -18.86792480945587 6.367924545874011 234.9056603457287
v 18.86792480945587 6.367924545874011 234.9056603457287
v -18.86792480945587 4.009433944692027 234.9056603457287
v 18.86792480945587 4.009433944692027 234.9056603457287
v 18.86792480945587 6.367924545874011 232.07547172974304
v -18.86792480945587 6.367924545874011 232.07547172974304
v 18.86792480945587 4.009433944692027 232.07547172974304
v -18.86792480945587 4.009433944692027 232.07547172974304
vt 0 1
vt 1 1
vt 0 0
vt 1 0
vt 0 1
vt 1 1
vt 0 0
vt 1 0
vt 0 1
vt 1 1
vt 0 0
vt 1 0
vt 0 1
vt 1 1
vt 0 0
vt 1 0
vt 0 1
vt 1 1
vt 0 0
vt 1 0
vt 0 1
vt 1 1
vt 0 0
vt 1 0
vn 1 0 0
vn 1 0 0
vn 1 0 0
vn 1 0 0
vn -1 0 0
vn -1 0 0
vn -1 0 0
vn -1 0 0
vn 0 1 0
vn 0 1 0
vn 0 1 0
vn 0 1 0
vn 0 -1 0
vn 0 -1 0
vn 0 -1 0
vn 0 -1 0
vn 0 0 1
vn 0 0 1
vn 0 0 1
vn 0 0 1
vn 0 0 -1
vn 0 0 -1
vn 0 0 -1
vn 0 0 -1
f 2992/2992/2992 2994/2994/2994 2993/2993/2993
f 2994/2994/2994 2995/2995/2995 2993/2993/2993
f 2996/2996/2996 2998/2998/2998 2997/2997/2997
f 2998/2998/2998 2999/2999/2999 2997/2997/2997
f 3000/3000/3000 3002/3002/3002 3001/3001/3001
f 3002/3002/3002 3003/3003/3003 3001/3001/3001
f 3004/3004/3004 3006/3006/3006 3005/3005/3005
f 3006/3006/3006 3007/3007/3007 3005/3005/3005
f 3008/3008/3008 3010/3010/3010 3009/3009/3009
f 3010/3010/3010 3011/3011/3011 3009/3009/3009
f 3012/3012/3012 3014/3014/3014 3013/3013/3013
f 3014/3014/3014 3015/3015/3015 3013/3013/3013
o structure_berthmast_0
usemtl plate
v 1.6509434032552648 31.83962292266342 235.14150944099114
v 1.6509434032552648 31.83962292266342 231.8396226344806
v 1.6509434032552648 5.896226133940356 235.14150944099114
v 1.6509434032552648 5.896226133940356 231.8396226344806
v -1.6509434032552648 31.83962292266342 231.8396226344806
v -1.6509434032552648 31.83962292266342 235.14150944099114
v -1.6509434032552648 5.896226133940356 231.8396226344806
v -1.6509434032552648 5.896226133940356 235.14150944099114
v -1.6509434032552648 31.83962292266342 231.8396226344806
v 1.6509434032552648 31.83962292266342 231.8396226344806
v -1.6509434032552648 31.83962292266342 235.14150944099114
v 1.6509434032552648 31.83962292266342 235.14150944099114
v -1.6509434032552648 5.896226133940356 235.14150944099114
v 1.6509434032552648 5.896226133940356 235.14150944099114
v -1.6509434032552648 5.896226133940356 231.8396226344806
v 1.6509434032552648 5.896226133940356 231.8396226344806
v -1.6509434032552648 31.83962292266342 235.14150944099114
v 1.6509434032552648 31.83962292266342 235.14150944099114
v -1.6509434032552648 5.896226133940356 235.14150944099114
v 1.6509434032552648 5.896226133940356 235.14150944099114
v 1.6509434032552648 31.83962292266342 231.8396226344806
v -1.6509434032552648 31.83962292266342 231.8396226344806
v 1.6509434032552648 5.896226133940356 231.8396226344806
v -1.6509434032552648 5.896226133940356 231.8396226344806
vt 0 1
vt 1 1
vt 0 0
vt 1 0
vt 0 1
vt 1 1
vt 0 0
vt 1 0
vt 0 1
vt 1 1
vt 0 0
vt 1 0
vt 0 1
vt 1 1
vt 0 0
vt 1 0
vt 0 1
vt 1 1
vt 0 0
vt 1 0
vt 0 1
vt 1 1
vt 0 0
vt 1 0
vn 1 0 0
vn 1 0 0
vn 1 0 0
vn 1 0 0
vn -1 0 0
vn -1 0 0
vn -1 0 0
vn -1 0 0
vn 0 1 0
vn 0 1 0
vn 0 1 0
vn 0 1 0
vn 0 -1 0
vn 0 -1 0
vn 0 -1 0
vn 0 -1 0
vn 0 0 1
vn 0 0 1
vn 0 0 1
vn 0 0 1
vn 0 0 -1
vn 0 0 -1
vn 0 0 -1
vn 0 0 -1
f 3016/3016/3016 3018/3018/3018 3017/3017/3017
f 3018/3018/3018 3019/3019/3019 3017/3017/3017
f 3020/3020/3020 3022/3022/3022 3021/3021/3021
f 3022/3022/3022 3023/3023/3023 3021/3021/3021
f 3024/3024/3024 3026/3026/3026 3025/3025/3025
f 3026/3026/3026 3027/3027/3027 3025/3025/3025
f 3028/3028/3028 3030/3030/3030 3029/3029/3029
f 3030/3030/3030 3031/3031/3031 3029/3029/3029
f 3032/3032/3032 3034/3034/3034 3033/3033/3033
f 3034/3034/3034 3035/3035/3035 3033/3033/3033
f 3036/3036/3036 3038/3038/3038 3037/3037/3037
f 3038/3038/3038 3039/3039/3039 3037/3037/3037
o structure_berthlamp_0
usemtl thruster
v 2.358490601181984 36.32075475212538 235.84905663891786
v 2.358490601181984 36.32075475212538 231.1320754365539
v 2.358490601181984 31.603773549761414 235.84905663891786
v 2.358490601181984 31.603773549761414 231.1320754365539
v -2.358490601181984 36.32075475212538 231.1320754365539
v -2.358490601181984 36.32075475212538 235.84905663891786
v -2.358490601181984 31.603773549761414 231.1320754365539
v -2.358490601181984 31.603773549761414 235.84905663891786
v -2.358490601181984 36.32075475212538 231.1320754365539
v 2.358490601181984 36.32075475212538 231.1320754365539
v -2.358490601181984 36.32075475212538 235.84905663891786
v 2.358490601181984 36.32075475212538 235.84905663891786
v -2.358490601181984 31.603773549761414 235.84905663891786
v 2.358490601181984 31.603773549761414 235.84905663891786
v -2.358490601181984 31.603773549761414 231.1320754365539
v 2.358490601181984 31.603773549761414 231.1320754365539
v -2.358490601181984 36.32075475212538 235.84905663891786
v 2.358490601181984 36.32075475212538 235.84905663891786
v -2.358490601181984 31.603773549761414 235.84905663891786
v 2.358490601181984 31.603773549761414 235.84905663891786
v 2.358490601181984 36.32075475212538 231.1320754365539
v -2.358490601181984 36.32075475212538 231.1320754365539
v 2.358490601181984 31.603773549761414 231.1320754365539
v -2.358490601181984 31.603773549761414 231.1320754365539
vt 0 1
vt 1 1
vt 0 0
vt 1 0
vt 0 1
vt 1 1
vt 0 0
vt 1 0
vt 0 1
vt 1 1
vt 0 0
vt 1 0
vt 0 1
vt 1 1
vt 0 0
vt 1 0
vt 0 1
vt 1 1
vt 0 0
vt 1 0
vt 0 1
vt 1 1
vt 0 0
vt 1 0
vn 1 0 0
vn 1 0 0
vn 1 0 0
vn 1 0 0
vn -1 0 0
vn -1 0 0
vn -1 0 0
vn -1 0 0
vn 0 1 0
vn 0 1 0
vn 0 1 0
vn 0 1 0
vn 0 -1 0
vn 0 -1 0
vn 0 -1 0
vn 0 -1 0
vn 0 0 1
vn 0 0 1
vn 0 0 1
vn 0 0 1
vn 0 0 -1
vn 0 0 -1
vn 0 0 -1
vn 0 0 -1
f 3040/3040/3040 3042/3042/3042 3041/3041/3041
f 3042/3042/3042 3043/3043/3043 3041/3041/3041
f 3044/3044/3044 3046/3046/3046 3045/3045/3045
f 3046/3046/3046 3047/3047/3047 3045/3045/3045
f 3048/3048/3048 3050/3050/3050 3049/3049/3049
f 3050/3050/3050 3051/3051/3051 3049/3049/3049
f 3052/3052/3052 3054/3054/3054 3053/3053/3053
f 3054/3054/3054 3055/3055/3055 3053/3053/3053
f 3056/3056/3056 3058/3058/3058 3057/3057/3057
f 3058/3058/3058 3059/3059/3059 3057/3057/3057
f 3060/3060/3060 3062/3062/3062 3061/3061/3061
f 3062/3062/3062 3063/3063/3063 3061/3061/3061
o structure_arm_1
usemtl plate
v 160.37735849056605 8.018868008874497 7.547169642628384
v 231.13207547169816 8.018868008874497 7.547169642628368
v 160.37735849056605 -8.018868008874497 7.547169642628384
v 231.13207547169816 -8.018868008874497 7.547169642628368
v 231.13207547169816 8.018868008874497 -7.5471696426283605
v 160.37735849056605 8.018868008874497 -7.5471696426283446
v 231.13207547169816 -8.018868008874497 -7.5471696426283605
v 160.37735849056605 -8.018868008874497 -7.5471696426283446
v 231.13207547169816 8.018868008874497 -7.5471696426283605
v 231.13207547169816 8.018868008874497 7.547169642628368
v 160.37735849056605 8.018868008874497 -7.5471696426283446
v 160.37735849056605 8.018868008874497 7.547169642628384
v 160.37735849056605 -8.018868008874497 -7.5471696426283446
v 160.37735849056605 -8.018868008874497 7.547169642628384
v 231.13207547169816 -8.018868008874497 -7.5471696426283605
v 231.13207547169816 -8.018868008874497 7.547169642628368
v 160.37735849056605 8.018868008874497 -7.5471696426283446
v 160.37735849056605 8.018868008874497 7.547169642628384
v 160.37735849056605 -8.018868008874497 -7.5471696426283446
v 160.37735849056605 -8.018868008874497 7.547169642628384
v 231.13207547169816 8.018868008874497 7.547169642628368
v 231.13207547169816 8.018868008874497 -7.5471696426283605
v 231.13207547169816 -8.018868008874497 7.547169642628368
v 231.13207547169816 -8.018868008874497 -7.5471696426283605
vt 0 1
vt 1 1
vt 0 0
vt 1 0
vt 0 1
vt 1 1
vt 0 0
vt 1 0
vt 0 1
vt 1 1
vt 0 0
vt 1 0
vt 0 1
vt 1 1
vt 0 0
vt 1 0
vt 0 1
vt 1 1
vt 0 0
vt 1 0
vt 0 1
vt 1 1
vt 0 0
vt 1 0
vn 2.220446049250313e-16 0 1
vn 2.220446049250313e-16 0 1
vn 2.220446049250313e-16 0 1
vn 2.220446049250313e-16 0 1
vn -2.220446049250313e-16 0 -1
vn -2.220446049250313e-16 0 -1
vn -2.220446049250313e-16 0 -1
vn -2.220446049250313e-16 0 -1
vn 0 1 0
vn 0 1 0
vn 0 1 0
vn 0 1 0
vn 0 -1 0
vn 0 -1 0
vn 0 -1 0
vn 0 -1 0
vn -1 0 2.220446049250313e-16
vn -1 0 2.220446049250313e-16
vn -1 0 2.220446049250313e-16
vn -1 0 2.220446049250313e-16
vn 1 0 -2.220446049250313e-16
vn 1 0 -2.220446049250313e-16
vn 1 0 -2.220446049250313e-16
vn 1 0 -2.220446049250313e-16
f 3064/3064/3064 3066/3066/3066 3065/3065/3065
f 3066/3066/3066 3067/3067/3067 3065/3065/3065
f 3068/3068/3068 3070/3070/3070 3069/3069/3069
f 3070/3070/3070 3071/3071/3071 3069/3069/3069
f 3072/3072/3072 3074/3074/3074 3073/3073/3073
f 3074/3074/3074 3075/3075/3075 3073/3073/3073
f 3076/3076/3076 3078/3078/3078 3077/3077/3077
f 3078/3078/3078 3079/3079/3079 3077/3077/3077
f 3080/3080/3080 3082/3082/3082 3081/3081/3081
f 3082/3082/3082 3083/3083/3083 3081/3081/3081
f 3084/3084/3084 3086/3086/3086 3085/3085/3085
f 3086/3086/3086 3087/3087/3087 3085/3085/3085
o structure_berth_1
usemtl hull
v 215.80188679245288 3.773584821314182 27.122640947126012
v 251.1792452830189 3.773584821314182 27.122640947126005
v 215.80188679245288 -3.773584821314182 27.122640947126012
v 251.1792452830189 -3.773584821314182 27.122640947126005
v 251.17924528301887 3.773584821314182 -27.122640947125984
v 215.80188679245285 3.773584821314182 -27.122640947125976
v 251.17924528301887 -3.773584821314182 -27.122640947125984
v 215.80188679245285 -3.773584821314182 -27.122640947125976
v 251.17924528301887 3.773584821314182 -27.122640947125984
v 251.1792452830189 3.773584821314182 27.122640947126005
v 215.80188679245285 3.773584821314182 -27.122640947125976
v 215.80188679245288 3.773584821314182 27.122640947126012
v 215.80188679245285 -3.773584821314182 -27.122640947125976
v 215.80188679245288 -3.773584821314182 27.122640947126012
v 251.17924528301887 -3.773584821314182 -27.122640947125984
v 251.1792452830189 -3.773584821314182 27.122640947126005
v 215.80188679245285 3.773584821314182 -27.122640947125976
v 215.80188679245288 3.773584821314182 27.122640947126012
v 215.80188679245285 -3.773584821314182 -27.122640947125976
v 215.80188679245288 -3.773584821314182 27.122640947126012
v 251.1792452830189 3.773584821314182 27.122640947126005
v 251.17924528301887 3.773584821314182 -27.122640947125984
v 251.1792452830189 -3.773584821314182 27.122640947126005
v 251.17924528301887 -3.773584821314182 -27.122640947125984
vt 0 1
vt 1 1
vt 0 0
vt 1 0
vt 0 1
vt 1 1
vt 0 0
vt 1 0
vt 0 1
vt 1 1
vt 0 0
vt 1 0
vt 0 1
vt 1 1
vt 0 0
vt 1 0
vt 0 1
vt 1 1
vt 0 0
vt 1 0
vt 0 1
vt 1 1
vt 0 0
vt 1 0
vn 2.220446049250313e-16 0 1
vn 2.220446049250313e-16 0 1
vn 2.220446049250313e-16 0 1
vn 2.220446049250313e-16 0 1
vn -2.220446049250313e-16 0 -1
vn -2.220446049250313e-16 0 -1
vn -2.220446049250313e-16 0 -1
vn -2.220446049250313e-16 0 -1
vn 0 1 0
vn 0 1 0
vn 0 1 0
vn 0 1 0
vn 0 -1 0
vn 0 -1 0
vn 0 -1 0
vn 0 -1 0
vn -1 0 2.220446049250313e-16
vn -1 0 2.220446049250313e-16
vn -1 0 2.220446049250313e-16
vn -1 0 2.220446049250313e-16
vn 1 0 -2.220446049250313e-16
vn 1 0 -2.220446049250313e-16
vn 1 0 -2.220446049250313e-16
vn 1 0 -2.220446049250313e-16
f 3088/3088/3088 3090/3090/3090 3089/3089/3089
f 3090/3090/3090 3091/3091/3091 3089/3089/3089
f 3092/3092/3092 3094/3094/3094 3093/3093/3093
f 3094/3094/3094 3095/3095/3095 3093/3093/3093
f 3096/3096/3096 3098/3098/3098 3097/3097/3097
f 3098/3098/3098 3099/3099/3099 3097/3097/3097
f 3100/3100/3100 3102/3102/3102 3101/3101/3101
f 3102/3102/3102 3103/3103/3103 3101/3101/3101
f 3104/3104/3104 3106/3106/3106 3105/3105/3105
f 3106/3106/3106 3107/3107/3107 3105/3105/3105
f 3108/3108/3108 3110/3110/3110 3109/3109/3109
f 3110/3110/3110 3111/3111/3111 3109/3109/3109
o structure_berthline_1
usemtl accent
v 232.07547172974307 6.367924545874011 18.867924809455886
v 234.9056603457287 6.367924545874011 18.867924809455886
v 232.07547172974307 4.009433944692027 18.867924809455886
v 234.9056603457287 4.009433944692027 18.867924809455886
v 234.90566034572868 6.367924545874011 -18.867924809455857
v 232.07547172974304 6.367924545874011 -18.867924809455857
v 234.90566034572868 4.009433944692027 -18.867924809455857
v 232.07547172974304 4.009433944692027 -18.867924809455857
v 234.90566034572868 6.367924545874011 -18.867924809455857
v 234.9056603457287 6.367924545874011 18.867924809455886
v 232.07547172974304 6.367924545874011 -18.867924809455857
v 232.07547172974307 6.367924545874011 18.867924809455886
v 232.07547172974304 4.009433944692027 -18.867924809455857
v 232.07547172974307 4.009433944692027 18.867924809455886
v 234.90566034572868 4.009433944692027 -18.867924809455857
v 234.9056603457287 4.009433944692027 18.867924809455886
v 232.07547172974304 6.367924545874011 -18.867924809455857
v 232.07547172974307 6.367924545874011 18.867924809455886
v 232.07547172974304 4.009433944692027 -18.867924809455857
v 232.07547172974307 4.009433944692027 18.867924809455886
v 234.9056603457287 6.367924545874011 18.867924809455886
v 234.90566034572868 6.367924545874011 -18.867924809455857
v 234.9056603457287 4.009433944692027 18.867924809455886
v 234.90566034572868 4.009433944692027 -18.867924809455857
vt 0 1
vt 1 1
vt 0 0
vt 1 0
vt 0 1
vt 1 1
vt 0 0
vt 1 0
vt 0 1
vt 1 1
vt 0 0
vt 1 0
vt 0 1
vt 1 1
vt 0 0
vt 1 0
vt 0 1
vt 1 1
vt 0 0
vt 1 0
vt 0 1
vt 1 1
vt 0 0
vt 1 0
vn 2.220446049250313e-16 0 1
vn 2.220446049250313e-16 0 1
vn 2.220446049250313e-16 0 1
vn 2.220446049250313e-16 0 1
vn -2.220446049250313e-16 0 -1
vn -2.220446049250313e-16 0 -1
vn -2.220446049250313e-16 0 -1
vn -2.220446049250313e-16 0 -1
vn 0 1 0
vn 0 1 0
vn 0 1 0
vn 0 1 0
vn 0 -1 0
vn 0 -1 0
vn 0 -1 0
vn 0 -1 0
vn -1 0 2.220446049250313e-16
vn -1 0 2.220446049250313e-16
vn -1 0 2.220446049250313e-16
vn -1 0 2.220446049250313e-16
vn 1 0 -2.220446049250313e-16
vn 1 0 -2.220446049250313e-16
vn 1 0 -2.220446049250313e-16
vn 1 0 -2.220446049250313e-16
f 3112/3112/3112 3114/3114/3114 3113/3113/3113
f 3114/3114/3114 3115/3115/3115 3113/3113/3113
f 3116/3116/3116 3118/3118/3118 3117/3117/3117
f 3118/3118/3118 3119/3119/3119 3117/3117/3117
f 3120/3120/3120 3122/3122/3122 3121/3121/3121
f 3122/3122/3122 3123/3123/3123 3121/3121/3121
f 3124/3124/3124 3126/3126/3126 3125/3125/3125
f 3126/3126/3126 3127/3127/3127 3125/3125/3125
f 3128/3128/3128 3130/3130/3130 3129/3129/3129
f 3130/3130/3130 3131/3131/3131 3129/3129/3129
f 3132/3132/3132 3134/3134/3134 3133/3133/3133
f 3134/3134/3134 3135/3135/3135 3133/3133/3133
o structure_berthmast_1
usemtl plate
v 235.14150944099114 31.83962292266342 1.650943403255279
v 235.14150944099114 31.83962292266342 -1.6509434032552506
v 235.14150944099114 5.896226133940356 1.650943403255279
v 235.14150944099114 5.896226133940356 -1.6509434032552506
v 231.8396226344806 31.83962292266342 -1.6509434032552506
v 231.8396226344806 31.83962292266342 1.650943403255279
v 231.8396226344806 5.896226133940356 -1.6509434032552506
v 231.8396226344806 5.896226133940356 1.650943403255279
v 231.8396226344806 31.83962292266342 -1.6509434032552506
v 235.14150944099114 31.83962292266342 -1.6509434032552506
v 231.8396226344806 31.83962292266342 1.650943403255279
v 235.14150944099114 31.83962292266342 1.650943403255279
v 231.8396226344806 5.896226133940356 1.650943403255279
v 235.14150944099114 5.896226133940356 1.650943403255279
v 231.8396226344806 5.896226133940356 -1.6509434032552506
v 235.14150944099114 5.896226133940356 -1.6509434032552506
v 231.8396226344806 31.83962292266342 1.650943403255279
v 235.14150944099114 31.83962292266342 1.650943403255279
v 231.8396226344806 5.896226133940356 1.650943403255279
v 235.14150944099114 5.896226133940356 1.650943403255279
v 235.14150944099114 31.83962292266342 -1.6509434032552506
v 231.8396226344806 31.83962292266342 -1.6509434032552506
v 235.14150944099114 5.896226133940356 -1.6509434032552506
v 231.8396226344806 5.896226133940356 -1.6509434032552506
vt 0 1
vt 1 1
vt 0 0
vt 1 0
vt 0 1
vt 1 1
vt 0 0
vt 1 0
vt 0 1
vt 1 1
vt 0 0
vt 1 0
vt 0 1
vt 1 1
vt 0 0
vt 1 0
vt 0 1
vt 1 1
vt 0 0
vt 1 0
vt 0 1
vt 1 1
vt 0 0
vt 1 0
vn 1 0 0
vn 1 0 0
vn 1 0 0
vn 1 0 0
vn -1 0 0
vn -1 0 0
vn -1 0 0
vn -1 0 0
vn 0 1 0
vn 0 1 0
vn 0 1 0
vn 0 1 0
vn 0 -1 0
vn 0 -1 0
vn 0 -1 0
vn 0 -1 0
vn 0 0 1
vn 0 0 1
vn 0 0 1
vn 0 0 1
vn 0 0 -1
vn 0 0 -1
vn 0 0 -1
vn 0 0 -1
f 3136/3136/3136 3138/3138/3138 3137/3137/3137
f 3138/3138/3138 3139/3139/3139 3137/3137/3137
f 3140/3140/3140 3142/3142/3142 3141/3141/3141
f 3142/3142/3142 3143/3143/3143 3141/3141/3141
f 3144/3144/3144 3146/3146/3146 3145/3145/3145
f 3146/3146/3146 3147/3147/3147 3145/3145/3145
f 3148/3148/3148 3150/3150/3150 3149/3149/3149
f 3150/3150/3150 3151/3151/3151 3149/3149/3149
f 3152/3152/3152 3154/3154/3154 3153/3153/3153
f 3154/3154/3154 3155/3155/3155 3153/3153/3153
f 3156/3156/3156 3158/3158/3158 3157/3157/3157
f 3158/3158/3158 3159/3159/3159 3157/3157/3157
o structure_berthlamp_1
usemtl thruster
v 235.84905663891786 36.32075475212538 2.358490601181998
v 235.84905663891786 36.32075475212538 -2.3584906011819697
v 235.84905663891786 31.603773549761414 2.358490601181998
v 235.84905663891786 31.603773549761414 -2.3584906011819697
v 231.1320754365539 36.32075475212538 -2.3584906011819697
v 231.1320754365539 36.32075475212538 2.358490601181998
v 231.1320754365539 31.603773549761414 -2.3584906011819697
v 231.1320754365539 31.603773549761414 2.358490601181998
v 231.1320754365539 36.32075475212538 -2.3584906011819697
v 235.84905663891786 36.32075475212538 -2.3584906011819697
v 231.1320754365539 36.32075475212538 2.358490601181998
v 235.84905663891786 36.32075475212538 2.358490601181998
v 231.1320754365539 31.603773549761414 2.358490601181998
v 235.84905663891786 31.603773549761414 2.358490601181998
v 231.1320754365539 31.603773549761414 -2.3584906011819697
v 235.84905663891786 31.603773549761414 -2.3584906011819697
v 231.1320754365539 36.32075475212538 2.358490601181998
v 235.84905663891786 36.32075475212538 2.358490601181998
v 231.1320754365539 31.603773549761414 2.358490601181998
v 235.84905663891786 31.603773549761414 2.358490601181998
v 235.84905663891786 36.32075475212538 -2.3584906011819697
v 231.1320754365539 36.32075475212538 -2.3584906011819697
v 235.84905663891786 31.603773549761414 -2.3584906011819697
v 231.1320754365539 31.603773549761414 -2.3584906011819697
vt 0 1
vt 1 1
vt 0 0
vt 1 0
vt 0 1
vt 1 1
vt 0 0
vt 1 0
vt 0 1
vt 1 1
vt 0 0
vt 1 0
vt 0 1
vt 1 1
vt 0 0
vt 1 0
vt 0 1
vt 1 1
vt 0 0
vt 1 0
vt 0 1
vt 1 1
vt 0 0
vt 1 0
vn 1 0 0
vn 1 0 0
vn 1 0 0
vn 1 0 0
vn -1 0 0
vn -1 0 0
vn -1 0 0
vn -1 0 0
vn 0 1 0
vn 0 1 0
vn 0 1 0
vn 0 1 0
vn 0 -1 0
vn 0 -1 0
vn 0 -1 0
vn 0 -1 0
vn 0 0 1
vn 0 0 1
vn 0 0 1
vn 0 0 1
vn 0 0 -1
vn 0 0 -1
vn 0 0 -1
vn 0 0 -1
f 3160/3160/3160 3162/3162/3162 3161/3161/3161
f 3162/3162/3162 3163/3163/3163 3161/3161/3161
f 3164/3164/3164 3166/3166/3166 3165/3165/3165
f 3166/3166/3166 3167/3167/3167 3165/3165/3165
f 3168/3168/3168 3170/3170/3170 3169/3169/3169
f 3170/3170/3170 3171/3171/3171 3169/3169/3169
f 3172/3172/3172 3174/3174/3174 3173/3173/3173
f 3174/3174/3174 3175/3175/3175 3173/3173/3173
f 3176/3176/3176 3178/3178/3178 3177/3177/3177
f 3178/3178/3178 3179/3179/3179 3177/3177/3177
f 3180/3180/3180 3182/3182/3182 3181/3181/3181
f 3182/3182/3182 3183/3183/3183 3181/3181/3181
o structure_arm_2
usemtl plate
v -7.5471696426283446 8.018868008874497 -231.13207547169816
v -7.547169642628336 8.018868008874497 -160.37735849056605
v -7.5471696426283446 -8.018868008874497 -231.13207547169816
v -7.547169642628336 -8.018868008874497 -160.37735849056605
v 7.5471696426283925 8.018868008874497 -160.37735849056605
v 7.547169642628384 8.018868008874497 -231.13207547169816
v 7.5471696426283925 -8.018868008874497 -160.37735849056605
v 7.547169642628384 -8.018868008874497 -231.13207547169816
v 7.5471696426283925 8.018868008874497 -160.37735849056605
v -7.547169642628336 8.018868008874497 -160.37735849056605
v 7.547169642628384 8.018868008874497 -231.13207547169816
v -7.5471696426283446 8.018868008874497 -231.13207547169816
v 7.547169642628384 -8.018868008874497 -231.13207547169816
v -7.5471696426283446 -8.018868008874497 -231.13207547169816
v 7.5471696426283925 -8.018868008874497 -160.37735849056605
v -7.547169642628336 -8.018868008874497 -160.37735849056605
v 7.547169642628384 8.018868008874497 -231.13207547169816
v -7.5471696426283446 8.018868008874497 -231.13207547169816
v 7.547169642628384 -8.018868008874497 -231.13207547169816
v -7.5471696426283446 -8.018868008874497 -231.13207547169816
v -7.547169642628336 8.018868008874497 -160.37735849056605
v 7.5471696426283925 8.018868008874497 -160.37735849056605
v -7.547169642628336 -8.018868008874497 -160.37735849056605
v 7.5471696426283925 -8.018868008874497 -160.37735849056605
vt 0 1
vt 1 1
vt 0 0
vt 1 0
vt 0 1
vt 1 1
vt 0 0
vt 1 0
vt 0 1
vt 1 1
vt 0 0
vt 1 0
vt 0 1
vt 1 1
vt 0 0
vt 1 0
vt 0 1
vt 1 1
vt 0 0
vt 1 0
vt 0 1
vt 1 1
vt 0 0
vt 1 0
vn -1 0 1.2246467991473532e-16
vn -1 0 1.2246467991473532e-16
vn -1 0 1.2246467991473532e-16
vn -1 0 1.2246467991473532e-16
vn 1 0 -1.2246467991473532e-16
vn 1 0 -1.2246467991473532e-16
vn 1 0 -1.2246467991473532e-16
vn 1 0 -1.2246467991473532e-16
vn 0 1 0
vn 0 1 0
vn 0 1 0
vn 0 1 0
vn 0 -1 0
vn 0 -1 0
vn 0 -1 0
vn 0 -1 0
vn -1.2246467991473532e-16 0 -1
vn -1.2246467991473532e-16 0 -1
vn -1.2246467991473532e-16 0 -1
vn -1.2246467991473532e-16 0 -1
vn 1.2246467991473532e-16 0 1
vn 1.2246467991473532e-16 0 1
vn 1.2246467991473532e-16 0 1
vn 1.2246467991473532e-16 0 1
f 3184/3184/3184 3186/3186/3186 3185/3185/3185
f 3186/3186/3186 3187/3187/3187 3185/3185/3185
f 3188/3188/3188 3190/3190/3190 3189/3189/3189
f 3190/3190/3190 3191/3191/3191 3189/3189/3189
f 3192/3192/3192 3194/3194/3194 3193/3193/3193
f 3194/3194/3194 3195/3195/3195 3193/3193/3193
f 3196/3196/3196 3198/3198/3198 3197/3197/3197
f 3198/3198/3198 3199/3199/3199 3197/3197/3197
f 3200/3200/3200 3202/3202/3202 3201/3201/3201
f 3202/3202/3202 3203/3203/3203 3201/3201/3201
f 3204/3204/3204 3206/3206/3206 3205/3205/3205
f 3206/3206/3206 3207/3207/3207 3205/3205/3205
o structure_berth_2
usemtl hull
v -27.12264094712597 3.773584821314182 -251.1792452830189
v -27.122640947125962 3.773584821314182 -215.80188679245285
v -27.12264094712597 -3.773584821314182 -251.1792452830189
v -27.122640947125962 -3.773584821314182 -215.80188679245285
v 27.122640947126026 3.773584821314182 -215.80188679245285
v 27.12264094712602 3.773584821314182 -251.1792452830189
v 27.122640947126026 -3.773584821314182 -215.80188679245285
v 27.12264094712602 -3.773584821314182 -251.1792452830189
v 27.122640947126026 3.773584821314182 -215.80188679245285
v -27.122640947125962 3.773584821314182 -215.80188679245285
v 27.12264094712602 3.773584821314182 -251.1792452830189
v -27.12264094712597 3.773584821314182 -251.1792452830189
v 27.12264094712602 -3.773584821314182 -251.1792452830189
v -27.12264094712597 -3.773584821314182 -251.1792452830189
v 27.122640947126026 -3.773584821314182 -215.80188679245285
v -27.122640947125962 -3.773584821314182 -215.80188679245285
v 27.12264094712602 3.773584821314182 -251.1792452830189
v -27.12264094712597 3.773584821314182 -251.1792452830189
v 27.12264094712602 -3.773584821314182 -251.1792452830189
v -27.12264094712597 -3.773584821314182 -251.1792452830189
v -27.122640947125962 3.773584821314182 -215.80188679245285
v 27.122640947126026 3.773584821314182 -215.80188679245285
v -27.122640947125962 -3.773584821314182 -215.80188679245285
v 27.122640947126026 -3.773584821314182 -215.80188679245285
vt 0 1
vt 1 1
vt 0 0
vt 1 0
vt 0 1
vt 1 1
vt 0 0
vt 1 0
vt 0 1
vt 1 1
vt 0 0
vt 1 0
vt 0 1
vt 1 1
vt 0 0
vt 1 0
vt 0 1
vt 1 1
vt 0 0
vt 1 0
vt 0 1
vt 1 1
vt 0 0
vt 1 0
vn -1 0 1.2246467991473532e-16
vn -1 0 1.2246467991473532e-16
vn -1 0 1.2246467991473532e-16
vn -1 0 1.2246467991473532e-16
vn 1 0 -1.2246467991473532e-16
vn 1 0 -1.2246467991473532e-16
vn 1 0 -1.2246467991473532e-16
vn 1 0 -1.2246467991473532e-16
vn 0 1 0
vn 0 1 0
vn 0 1 0
vn 0 1 0
vn 0 -1 0
vn 0 -1 0
vn 0 -1 0
vn 0 -1 0
vn -1.2246467991473532e-16 0 -1
vn -1.2246467991473532e-16 0 -1
vn -1.2246467991473532e-16 0 -1
vn -1.2246467991473532e-16 0 -1
vn 1.2246467991473532e-16 0 1
vn 1.2246467991473532e-16 0 1
vn 1.2246467991473532e-16 0 1
vn 1.2246467991473532e-16 0 1
f 3208/3208/3208 3210/3210/3210 3209/3209/3209
f 3210/3210/3210 3211/3211/3211 3209/3209/3209
f 3212/3212/3212 3214/3214/3214 3213/3213/3213
f 3214/3214/3214 3215/3215/3215 3213/3213/3213
f 3216/3216/3216 3218/3218/3218 3217/3217/3217
f 3218/3218/3218 3219/3219/3219 3217/3217/3217
f 3220/3220/3220 3222/3222/3222 3221/3221/3221
f 3222/3222/3222 3223/3223/3223 3221/3221/3221
f 3224/3224/3224 3226/3226/3226 3225/3225/3225
f 3226/3226/3226 3227/3227/3227 3225/3225/3225
f 3228/3228/3228 3230/3230/3230 3229/3229/3229
f 3230/3230/3230 3231/3231/3231 3229/3229/3229
o structure_berthline_2
usemtl accent
v -18.867924809455843 6.367924545874011 -234.90566034572868
v -18.867924809455843 6.367924545874011 -232.07547172974304
v -18.867924809455843 4.009433944692027 -234.90566034572868
v -18.867924809455843 4.009433944692027 -232.07547172974304
v 18.8679248094559 6.367924545874011 -232.07547172974307
v 18.8679248094559 6.367924545874011 -234.9056603457287
v 18.8679248094559 4.009433944692027 -232.07547172974307
v 18.8679248094559 4.009433944692027 -234.9056603457287
v 18.8679248094559 6.367924545874011 -232.07547172974307
v -18.867924809455843 6.367924545874011 -232.07547172974304
v 18.8679248094559 6.367924545874011 -234.9056603457287
v -18.867924809455843 6.367924545874011 -234.90566034572868
v 18.8679248094559 4.009433944692027 -234.9056603457287
v -18.867924809455843 4.009433944692027 -234.90566034572868
v 18.8679248094559 4.009433944692027 -232.07547172974307
v -18.867924809455843 4.009433944692027 -232.07547172974304
v 18.8679248094559 6.367924545874011 -234.9056603457287
v -18.867924809455843 6.367924545874011 -234.90566034572868
v 18.8679248094559 4.009433944692027 -234.9056603457287
v -18.867924809455843 4.009433944692027 -234.90566034572868
v -18.867924809455843 6.367924545874011 -232.07547172974304
v 18.8679248094559 6.367924545874011 -232.07547172974307
v -18.867924809455843 4.009433944692027 -232.07547172974304
v 18.8679248094559 4.009433944692027 -232.07547172974307
vt 0 1
vt 1 1
vt 0 0
vt 1 0
vt 0 1
vt 1 1
vt 0 0
vt 1 0
vt 0 1
vt 1 1
vt 0 0
vt 1 0
vt 0 1
vt 1 1
vt 0 0
vt 1 0
vt 0 1
vt 1 1
vt 0 0
vt 1 0
vt 0 1
vt 1 1
vt 0 0
vt 1 0
vn -1 0 1.2246467991473532e-16
vn -1 0 1.2246467991473532e-16
vn -1 0 1.2246467991473532e-16
vn -1 0 1.2246467991473532e-16
vn 1 0 -1.2246467991473532e-16
vn 1 0 -1.2246467991473532e-16
vn 1 0 -1.2246467991473532e-16
vn 1 0 -1.2246467991473532e-16
vn 0 1 0
vn 0 1 0
vn 0 1 0
vn 0 1 0
vn 0 -1 0
vn 0 -1 0
vn 0 -1 0
vn 0 -1 0
vn -1.2246467991473532e-16 0 -1
vn -1.2246467991473532e-16 0 -1
vn -1.2246467991473532e-16 0 -1
vn -1.2246467991473532e-16 0 -1
vn 1.2246467991473532e-16 0 1
vn 1.2246467991473532e-16 0 1
vn 1.2246467991473532e-16 0 1
vn 1.2246467991473532e-16 0 1
f 3232/3232/3232 3234/3234/3234 3233/3233/3233
f 3234/3234/3234 3235/3235/3235 3233/3233/3233
f 3236/3236/3236 3238/3238/3238 3237/3237/3237
f 3238/3238/3238 3239/3239/3239 3237/3237/3237
f 3240/3240/3240 3242/3242/3242 3241/3241/3241
f 3242/3242/3242 3243/3243/3243 3241/3241/3241
f 3244/3244/3244 3246/3246/3246 3245/3245/3245
f 3246/3246/3246 3247/3247/3247 3245/3245/3245
f 3248/3248/3248 3250/3250/3250 3249/3249/3249
f 3250/3250/3250 3251/3251/3251 3249/3249/3249
f 3252/3252/3252 3254/3254/3254 3253/3253/3253
f 3254/3254/3254 3255/3255/3255 3253/3253/3253
o structure_berthmast_2
usemtl plate
v 1.6509434032552934 31.83962292266342 -231.8396226344806
v 1.6509434032552934 31.83962292266342 -235.14150944099114
v 1.6509434032552934 5.896226133940356 -231.8396226344806
v 1.6509434032552934 5.896226133940356 -235.14150944099114
v -1.6509434032552361 31.83962292266342 -235.14150944099114
v -1.6509434032552361 31.83962292266342 -231.8396226344806
v -1.6509434032552361 5.896226133940356 -235.14150944099114
v -1.6509434032552361 5.896226133940356 -231.8396226344806
v -1.6509434032552361 31.83962292266342 -235.14150944099114
v 1.6509434032552934 31.83962292266342 -235.14150944099114
v -1.6509434032552361 31.83962292266342 -231.8396226344806
v 1.6509434032552934 31.83962292266342 -231.8396226344806
v -1.6509434032552361 5.896226133940356 -231.8396226344806
v 1.6509434032552934 5.896226133940356 -231.8396226344806
v -1.6509434032552361 5.896226133940356 -235.14150944099114
v 1.6509434032552934 5.896226133940356 -235.14150944099114
v -1.6509434032552361 31.83962292266342 -231.8396226344806
v 1.6509434032552934 31.83962292266342 -231.8396226344806
v -1.6509434032552361 5.896226133940356 -231.8396226344806
v 1.6509434032552934 5.896226133940356 -231.8396226344806
v 1.6509434032552934 31.83962292266342 -235.14150944099114
v -1.6509434032552361 31.83962292266342 -235.14150944099114
v 1.6509434032552934 5.896226133940356 -235.14150944099114
v -1.6509434032552361 5.896226133940356 -235.14150944099114
vt 0 1
vt 1 1
vt 0 0
vt 1 0
vt 0 1
vt 1 1
vt 0 0
vt 1 0
vt 0 1
vt 1 1
vt 0 0
vt 1 0
vt 0 1
vt 1 1
vt 0 0
vt 1 0
vt 0 1
vt 1 1
vt 0 0
vt 1 0
vt 0 1
vt 1 1
vt 0 0
vt 1 0
vn 1 0 0
vn 1 0 0
vn 1 0 0
vn 1 0 0
vn -1 0 0
vn -1 0 0
vn -1 0 0
vn -1 0 0
vn 0 1 0
vn 0 1 0
vn 0 1 0
vn 0 1 0
vn 0 -1 0
vn 0 -1 0
vn 0 -1 0
vn 0 -1 0
vn 0 0 1
vn 0 0 1
vn 0 0 1
vn 0 0 1
vn 0 0 -1
vn 0 0 -1
vn 0 0 -1
vn 0 0 -1
f 3256/3256/3256 3258/3258/3258 3257/3257/3257
f 3258/3258/3258 3259/3259/3259 3257/3257/3257
f 3260/3260/3260 3262/3262/3262 3261/3261/3261
f 3262/3262/3262 3263/3263/3263 3261/3261/3261
f 3264/3264/3264 3266/3266/3266 3265/3265/3265
f 3266/3266/3266 3267/3267/3267 3265/3265/3265
f 3268/3268/3268 3270/3270/3270 3269/3269/3269
f 3270/3270/3270 3271/3271/3271 3269/3269/3269
f 3272/3272/3272 3274/3274/3274 3273/3273/3273
f 3274/3274/3274 3275/3275/3275 3273/3273/3273
f 3276/3276/3276 3278/3278/3278 3277/3277/3277
f 3278/3278/3278 3279/3279/3279 3277/3277/3277
o structure_berthlamp_2
usemtl thruster
v 2.3584906011820124 36.32075475212538 -231.1320754365539
v 2.3584906011820124 36.32075475212538 -235.84905663891786
v 2.3584906011820124 31.603773549761414 -231.1320754365539
v 2.3584906011820124 31.603773549761414 -235.84905663891786
v -2.3584906011819555 36.32075475212538 -235.84905663891786
v -2.3584906011819555 36.32075475212538 -231.1320754365539
v -2.3584906011819555 31.603773549761414 -235.84905663891786
v -2.3584906011819555 31.603773549761414 -231.1320754365539
v -2.3584906011819555 36.32075475212538 -235.84905663891786
v 2.3584906011820124 36.32075475212538 -235.84905663891786
v -2.3584906011819555 36.32075475212538 -231.1320754365539
v 2.3584906011820124 36.32075475212538 -231.1320754365539
v -2.3584906011819555 31.603773549761414 -231.1320754365539
v 2.3584906011820124 31.603773549761414 -231.1320754365539
v -2.3584906011819555 31.603773549761414 -235.84905663891786
v 2.3584906011820124 31.603773549761414 -235.84905663891786
v -2.3584906011819555 36.32075475212538 -231.1320754365539
v 2.3584906011820124 36.32075475212538 -231.1320754365539
v -2.3584906011819555 31.603773549761414 -231.1320754365539
v 2.3584906011820124 31.603773549761414 -231.1320754365539
v 2.3584906011820124 36.32075475212538 -235.84905663891786
v -2.3584906011819555 36.32075475212538 -235.84905663891786
v 2.3584906011820124 31.603773549761414 -235.84905663891786
v -2.3584906011819555 31.603773549761414 -235.84905663891786
vt 0 1
vt 1 1
vt 0 0
vt 1 0
vt 0 1
vt 1 1
vt 0 0
vt 1 0
vt 0 1
vt 1 1
vt 0 0
vt 1 0
vt 0 1
vt 1 1
vt 0 0
vt 1 0
vt 0 1
vt 1 1
vt 0 0
vt 1 0
vt 0 1
vt 1 1
vt 0 0
vt 1 0
vn 1 0 0
vn 1 0 0
vn 1 0 0
vn 1 0 0
vn -1 0 0
vn -1 0 0
vn -1 0 0
vn -1 0 0
vn 0 1 0
vn 0 1 0
vn 0 1 0
vn 0 1 0
vn 0 -1 0
vn 0 -1 0
vn 0 -1 0
vn 0 -1 0
vn 0 0 1
vn 0 0 1
vn 0 0 1
vn 0 0 1
vn 0 0 -1
vn 0 0 -1
vn 0 0 -1
vn 0 0 -1
f 3280/3280/3280 3282/3282/3282 3281/3281/3281
f 3282/3282/3282 3283/3283/3283 3281/3281/3281
f 3284/3284/3284 3286/3286/3286 3285/3285/3285
f 3286/3286/3286 3287/3287/3287 3285/3285/3285
f 3288/3288/3288 3290/3290/3290 3289/3289/3289
f 3290/3290/3290 3291/3291/3291 3289/3289/3289
f 3292/3292/3292 3294/3294/3294 3293/3293/3293
f 3294/3294/3294 3295/3295/3295 3293/3293/3293
f 3296/3296/3296 3298/3298/3298 3297/3297/3297
f 3298/3298/3298 3299/3299/3299 3297/3297/3297
f 3300/3300/3300 3302/3302/3302 3301/3301/3301
f 3302/3302/3302 3303/3303/3303 3301/3301/3301
o structure_arm_3
usemtl plate
v -160.37735849056605 8.018868008874497 -7.547169642628408
v -231.13207547169816 8.018868008874497 -7.547169642628392
v -160.37735849056605 -8.018868008874497 -7.547169642628408
v -231.13207547169816 -8.018868008874497 -7.547169642628392
v -231.13207547169816 8.018868008874497 7.547169642628337
v -160.37735849056605 8.018868008874497 7.547169642628321
v -231.13207547169816 -8.018868008874497 7.547169642628337
v -160.37735849056605 -8.018868008874497 7.547169642628321
v -231.13207547169816 8.018868008874497 7.547169642628337
v -231.13207547169816 8.018868008874497 -7.547169642628392
v -160.37735849056605 8.018868008874497 7.547169642628321
v -160.37735849056605 8.018868008874497 -7.547169642628408
v -160.37735849056605 -8.018868008874497 7.547169642628321
v -160.37735849056605 -8.018868008874497 -7.547169642628408
v -231.13207547169816 -8.018868008874497 7.547169642628337
v -231.13207547169816 -8.018868008874497 -7.547169642628392
v -160.37735849056605 8.018868008874497 7.547169642628321
v -160.37735849056605 8.018868008874497 -7.547169642628408
v -160.37735849056605 -8.018868008874497 7.547169642628321
v -160.37735849056605 -8.018868008874497 -7.547169642628408
v -231.13207547169816 8.018868008874497 -7.547169642628392
v -231.13207547169816 8.018868008874497 7.547169642628337
v -231.13207547169816 -8.018868008874497 -7.547169642628392
v -231.13207547169816 -8.018868008874497 7.547169642628337
vt 0 1
vt 1 1
vt 0 0
vt 1 0
vt 0 1
vt 1 1
vt 0 0
vt 1 0
vt 0 1
vt 1 1
vt 0 0
vt 1 0
vt 0 1
vt 1 1
vt 0 0
vt 1 0
vt 0 1
vt 1 1
vt 0 0
vt 1 0
vt 0 1
vt 1 1
vt 0 0
vt 1 0
vn -2.220446049250313e-16 0 -1
vn -2.220446049250313e-16 0 -1
vn -2.220446049250313e-16 0 -1
vn -2.220446049250313e-16 0 -1
vn 2.220446049250313e-16 0 1
vn 2.220446049250313e-16 0 1
vn 2.220446049250313e-16 0 1
vn 2.220446049250313e-16 0 1
vn 0 1 0
vn 0 1 0
vn 0 1 0
vn 0 1 0
vn 0 -1 0
vn 0 -1 0
vn 0 -1 0
vn 0 -1 0
vn 1 0 -2.220446049250313e-16
vn 1 0 -2.220446049250313e-16
vn 1 0 -2.220446049250313e-16
vn 1 0 -2.220446049250313e-16
vn -1 0 2.220446049250313e-16
vn -1 0 2.220446049250313e-16
vn -1 0 2.220446049250313e-16
vn -1 0 2.220446049250313e-16
f 3304/3304/3304 3306/3306/3306 3305/3305/3305
f 3306/3306/3306 3307/3307/3307 3305/3305/3305
f 3308/3308/3308 3310/3310/3310 3309/3309/3309
f 3310/3310/3310 3311/3311/3311 3309/3309/3309
f 3312/3312/3312 3314/3314/3314 3313/3313/3313
f 3314/3314/3314 3315/3315/3315 3313/3313/3313
f 3316/3316/3316 3318/3318/3318 3317/3317/3317
f 3318/3318/3318 3319/3319/3319 3317/3317/3317
f 3320/3320/3320 3322/3322/3322 3321/3321/3321
f 3322/3322/3322 3323/3323/3323 3321/3321/3321
f 3324/3324/3324 3326/3326/3326 3325/3325/3325
f 3326/3326/3326 3327/3327/3327 3325/3325/3325
o structure_berth_3
usemtl hull
v -215.80188679245288 3.773584821314182 -27.12264094712604
v -251.1792452830189 3.773584821314182 -27.122640947126033
v -215.80188679245288 -3.773584821314182 -27.12264094712604
v -251.1792452830189 -3.773584821314182 -27.122640947126033
v -251.17924528301887 3.773584821314182 27.122640947125955
v -215.80188679245285 3.773584821314182 27.122640947125948
v -251.17924528301887 -3.773584821314182 27.122640947125955
v -215.80188679245285 -3.773584821314182 27.122640947125948
v -251.17924528301887 3.773584821314182 27.122640947125955
v -251.1792452830189 3.773584821314182 -27.122640947126033
v -215.80188679245285 3.773584821314182 27.122640947125948
v -215.80188679245288 3.773584821314182 -27.12264094712604
v -215.80188679245285 -3.773584821314182 27.122640947125948
v -215.80188679245288 -3.773584821314182 -27.12264094712604
v -251.17924528301887 -3.773584821314182 27.122640947125955
v -251.1792452830189 -3.773584821314182 -27.122640947126033
v -215.80188679245285 3.773584821314182 27.122640947125948
v -215.80188679245288 3.773584821314182 -27.12264094712604
v -215.80188679245285 -3.773584821314182 27.122640947125948
v -215.80188679245288 -3.773584821314182 -27.12264094712604
v -251.1792452830189 3.773584821314182 -27.122640947126033
v -251.17924528301887 3.773584821314182 27.122640947125955
v -251.1792452830189 -3.773584821314182 -27.122640947126033
v -251.17924528301887 -3.773584821314182 27.122640947125955
vt 0 1
vt 1 1
vt 0 0
vt 1 0
vt 0 1
vt 1 1
vt 0 0
vt 1 0
vt 0 1
vt 1 1
vt 0 0
vt 1 0
vt 0 1
vt 1 1
vt 0 0
vt 1 0
vt 0 1
vt 1 1
vt 0 0
vt 1 0
vt 0 1
vt 1 1
vt 0 0
vt 1 0
vn -2.220446049250313e-16 0 -1
vn -2.220446049250313e-16 0 -1
vn -2.220446049250313e-16 0 -1
vn -2.220446049250313e-16 0 -1
vn 2.220446049250313e-16 0 1
vn 2.220446049250313e-16 0 1
vn 2.220446049250313e-16 0 1
vn 2.220446049250313e-16 0 1
vn 0 1 0
vn 0 1 0
vn 0 1 0
vn 0 1 0
vn 0 -1 0
vn 0 -1 0
vn 0 -1 0
vn 0 -1 0
vn 1 0 -2.220446049250313e-16
vn 1 0 -2.220446049250313e-16
vn 1 0 -2.220446049250313e-16
vn 1 0 -2.220446049250313e-16
vn -1 0 2.220446049250313e-16
vn -1 0 2.220446049250313e-16
vn -1 0 2.220446049250313e-16
vn -1 0 2.220446049250313e-16
f 3328/3328/3328 3330/3330/3330 3329/3329/3329
f 3330/3330/3330 3331/3331/3331 3329/3329/3329
f 3332/3332/3332 3334/3334/3334 3333/3333/3333
f 3334/3334/3334 3335/3335/3335 3333/3333/3333
f 3336/3336/3336 3338/3338/3338 3337/3337/3337
f 3338/3338/3338 3339/3339/3339 3337/3337/3337
f 3340/3340/3340 3342/3342/3342 3341/3341/3341
f 3342/3342/3342 3343/3343/3343 3341/3341/3341
f 3344/3344/3344 3346/3346/3346 3345/3345/3345
f 3346/3346/3346 3347/3347/3347 3345/3345/3345
f 3348/3348/3348 3350/3350/3350 3349/3349/3349
f 3350/3350/3350 3351/3351/3351 3349/3349/3349
o structure_berthline_3
usemtl accent
v -232.07547172974307 6.367924545874011 -18.867924809455914
v -234.9056603457287 6.367924545874011 -18.867924809455914
v -232.07547172974307 4.009433944692027 -18.867924809455914
v -234.9056603457287 4.009433944692027 -18.867924809455914
v -234.90566034572868 6.367924545874011 18.86792480945583
v -232.07547172974304 6.367924545874011 18.86792480945583
v -234.90566034572868 4.009433944692027 18.86792480945583
v -232.07547172974304 4.009433944692027 18.86792480945583
v -234.90566034572868 6.367924545874011 18.86792480945583
v -234.9056603457287 6.367924545874011 -18.867924809455914
v -232.07547172974304 6.367924545874011 18.86792480945583
v -232.07547172974307 6.367924545874011 -18.867924809455914
v -232.07547172974304 4.009433944692027 18.86792480945583
v -232.07547172974307 4.009433944692027 -18.867924809455914
v -234.90566034572868 4.009433944692027 18.86792480945583
v -234.9056603457287 4.009433944692027 -18.867924809455914
v -232.07547172974304 6.367924545874011 18.86792480945583
v -232.07547172974307 6.367924545874011 -18.867924809455914
v -232.07547172974304 4.009433944692027 18.86792480945583
v -232.07547172974307 4.009433944692027 -18.867924809455914
v -234.9056603457287 6.367924545874011 -18.867924809455914
v -234.90566034572868 6.367924545874011 18.86792480945583
v -234.9056603457287 4.009433944692027 -18.867924809455914
v -234.90566034572868 4.009433944692027 18.86792480945583
vt 0 1
vt 1 1
vt 0 0
vt 1 0
vt 0 1
vt 1 1
vt 0 0
vt 1 0
vt 0 1
vt 1 1
vt 0 0
vt 1 0
vt 0 1
vt 1 1
vt 0 0
vt 1 0
vt 0 1
vt 1 1
vt 0 0
vt 1 0
vt 0 1
vt 1 1
vt 0 0
vt 1 0
vn -2.220446049250313e-16 0 -1
vn -2.220446049250313e-16 0 -1
vn -2.220446049250313e-16 0 -1
vn -2.220446049250313e-16 0 -1
vn 2.220446049250313e-16 0 1
vn 2.220446049250313e-16 0 1
vn 2.220446049250313e-16 0 1
vn 2.220446049250313e-16 0 1
vn 0 1 0
vn 0 1 0
vn 0 1 0
vn 0 1 0
vn 0 -1 0
vn 0 -1 0
vn 0 -1 0
vn 0 -1 0
vn 1 0 -2.220446049250313e-16
vn 1 0 -2.220446049250313e-16
vn 1 0 -2.220446049250313e-16
vn 1 0 -2.220446049250313e-16
vn -1 0 2.220446049250313e-16
vn -1 0 2.220446049250313e-16
vn -1 0 2.220446049250313e-16
vn -1 0 2.220446049250313e-16
f 3352/3352/3352 3354/3354/3354 3353/3353/3353
f 3354/3354/3354 3355/3355/3355 3353/3353/3353
f 3356/3356/3356 3358/3358/3358 3357/3357/3357
f 3358/3358/3358 3359/3359/3359 3357/3357/3357
f 3360/3360/3360 3362/3362/3362 3361/3361/3361
f 3362/3362/3362 3363/3363/3363 3361/3361/3361
f 3364/3364/3364 3366/3366/3366 3365/3365/3365
f 3366/3366/3366 3367/3367/3367 3365/3365/3365
f 3368/3368/3368 3370/3370/3370 3369/3369/3369
f 3370/3370/3370 3371/3371/3371 3369/3369/3369
f 3372/3372/3372 3374/3374/3374 3373/3373/3373
f 3374/3374/3374 3375/3375/3375 3373/3373/3373
o structure_berthmast_3
usemtl plate
v -231.8396226344806 31.83962292266342 1.650943403255222
v -231.8396226344806 31.83962292266342 -1.6509434032553076
v -231.8396226344806 5.896226133940356 1.650943403255222
v -231.8396226344806 5.896226133940356 -1.6509434032553076
v -235.14150944099114 31.83962292266342 -1.6509434032553076
v -235.14150944099114 31.83962292266342 1.650943403255222
v -235.14150944099114 5.896226133940356 -1.6509434032553076
v -235.14150944099114 5.896226133940356 1.650943403255222
v -235.14150944099114 31.83962292266342 -1.6509434032553076
v -231.8396226344806 31.83962292266342 -1.6509434032553076
v -235.14150944099114 31.83962292266342 1.650943403255222
v -231.8396226344806 31.83962292266342 1.650943403255222
v -235.14150944099114 5.896226133940356 1.650943403255222
v -231.8396226344806 5.896226133940356 1.650943403255222
v -235.14150944099114 5.896226133940356 -1.6509434032553076
v -231.8396226344806 5.896226133940356 -1.6509434032553076
v -235.14150944099114 31.83962292266342 1.650943403255222
v -231.8396226344806 31.83962292266342 1.650943403255222
v -235.14150944099114 5.896226133940356 1.650943403255222
v -231.8396226344806 5.896226133940356 1.650943403255222
v -231.8396226344806 31.83962292266342 -1.6509434032553076
v -235.14150944099114 31.83962292266342 -1.6509434032553076
v -231.8396226344806 5.896226133940356 -1.6509434032553076
v -235.14150944099114 5.896226133940356 -1.6509434032553076
vt 0 1
vt 1 1
vt 0 0
vt 1 0
vt 0 1
vt 1 1
vt 0 0
vt 1 0
vt 0 1
vt 1 1
vt 0 0
vt 1 0
vt 0 1
vt 1 1
vt 0 0
vt 1 0
vt 0 1
vt 1 1
vt 0 0
vt 1 0
vt 0 1
vt 1 1
vt 0 0
vt 1 0
vn 1 0 0
vn 1 0 0
vn 1 0 0
vn 1 0 0
vn -1 0 0
vn -1 0 0
vn -1 0 0
vn -1 0 0
vn 0 1 0
vn 0 1 0
vn 0 1 0
vn 0 1 0
vn 0 -1 0
vn 0 -1 0
vn 0 -1 0
vn 0 -1 0
vn 0 0 1
vn 0 0 1
vn 0 0 1
vn 0 0 1
vn 0 0 -1
vn 0 0 -1
vn 0 0 -1
vn 0 0 -1
f 3376/3376/3376 3378/3378/3378 3377/3377/3377
f 3378/3378/3378 3379/3379/3379 3377/3377/3377
f 3380/3380/3380 3382/3382/3382 3381/3381/3381
f 3382/3382/3382 3383/3383/3383 3381/3381/3381
f 3384/3384/3384 3386/3386/3386 3385/3385/3385
f 3386/3386/3386 3387/3387/3387 3385/3385/3385
f 3388/3388/3388 3390/3390/3390 3389/3389/3389
f 3390/3390/3390 3391/3391/3391 3389/3389/3389
f 3392/3392/3392 3394/3394/3394 3393/3393/3393
f 3394/3394/3394 3395/3395/3395 3393/3393/3393
f 3396/3396/3396 3398/3398/3398 3397/3397/3397
f 3398/3398/3398 3399/3399/3399 3397/3397/3397
o structure_berthlamp_3
usemtl thruster
v -231.1320754365539 36.32075475212538 2.358490601181941
v -231.1320754365539 36.32075475212538 -2.358490601182027
v -231.1320754365539 31.603773549761414 2.358490601181941
v -231.1320754365539 31.603773549761414 -2.358490601182027
v -235.84905663891786 36.32075475212538 -2.358490601182027
v -235.84905663891786 36.32075475212538 2.358490601181941
v -235.84905663891786 31.603773549761414 -2.358490601182027
v -235.84905663891786 31.603773549761414 2.358490601181941
v -235.84905663891786 36.32075475212538 -2.358490601182027
v -231.1320754365539 36.32075475212538 -2.358490601182027
v -235.84905663891786 36.32075475212538 2.358490601181941
v -231.1320754365539 36.32075475212538 2.358490601181941
v -235.84905663891786 31.603773549761414 2.358490601181941
v -231.1320754365539 31.603773549761414 2.358490601181941
v -235.84905663891786 31.603773549761414 -2.358490601182027
v -231.1320754365539 31.603773549761414 -2.358490601182027
v -235.84905663891786 36.32075475212538 2.358490601181941
v -231.1320754365539 36.32075475212538 2.358490601181941
v -235.84905663891786 31.603773549761414 2.358490601181941
v -231.1320754365539 31.603773549761414 2.358490601181941
v -231.1320754365539 36.32075475212538 -2.358490601182027
v -235.84905663891786 36.32075475212538 -2.358490601182027
v -231.1320754365539 31.603773549761414 -2.358490601182027
v -235.84905663891786 31.603773549761414 -2.358490601182027
vt 0 1
vt 1 1
vt 0 0
vt 1 0
vt 0 1
vt 1 1
vt 0 0
vt 1 0
vt 0 1
vt 1 1
vt 0 0
vt 1 0
vt 0 1
vt 1 1
vt 0 0
vt 1 0
vt 0 1
vt 1 1
vt 0 0
vt 1 0
vt 0 1
vt 1 1
vt 0 0
vt 1 0
vn 1 0 0
vn 1 0 0
vn 1 0 0
vn 1 0 0
vn -1 0 0
vn -1 0 0
vn -1 0 0
vn -1 0 0
vn 0 1 0
vn 0 1 0
vn 0 1 0
vn 0 1 0
vn 0 -1 0
vn 0 -1 0
vn 0 -1 0
vn 0 -1 0
vn 0 0 1
vn 0 0 1
vn 0 0 1
vn 0 0 1
vn 0 0 -1
vn 0 0 -1
vn 0 0 -1
vn 0 0 -1
f 3400/3400/3400 3402/3402/3402 3401/3401/3401
f 3402/3402/3402 3403/3403/3403 3401/3401/3401
f 3404/3404/3404 3406/3406/3406 3405/3405/3405
f 3406/3406/3406 3407/3407/3407 3405/3405/3405
f 3408/3408/3408 3410/3410/3410 3409/3409/3409
f 3410/3410/3410 3411/3411/3411 3409/3409/3409
f 3412/3412/3412 3414/3414/3414 3413/3413/3413
f 3414/3414/3414 3415/3415/3415 3413/3413/3413
f 3416/3416/3416 3418/3418/3418 3417/3417/3417
f 3418/3418/3418 3419/3419/3419 3417/3417/3417
f 3420/3420/3420 3422/3422/3422 3421/3421/3421
f 3422/3422/3422 3423/3423/3423 3421/3421/3421
o structure_docked_freighter
usemtl hull
v 6.132075246774925 16.0377359193451 252.35849084719175
v 6.132075246774925 16.0377359193451 214.62264122828
v 6.132075246774925 6.603773514617163 252.35849084719175
v 6.132075246774925 6.603773514617163 214.62264122828
v -6.132075246774925 16.0377359193451 214.62264122828
v -6.132075246774925 16.0377359193451 252.35849084719175
v -6.132075246774925 6.603773514617163 214.62264122828
v -6.132075246774925 6.603773514617163 252.35849084719175
v -6.132075246774925 16.0377359193451 214.62264122828
v 6.132075246774925 16.0377359193451 214.62264122828
v -6.132075246774925 16.0377359193451 252.35849084719175
v 6.132075246774925 16.0377359193451 252.35849084719175
v -6.132075246774925 6.603773514617163 252.35849084719175
v 6.132075246774925 6.603773514617163 252.35849084719175
v -6.132075246774925 6.603773514617163 214.62264122828
v 6.132075246774925 6.603773514617163 214.62264122828
v -6.132075246774925 16.0377359193451 252.35849084719175
v 6.132075246774925 16.0377359193451 252.35849084719175
v -6.132075246774925 6.603773514617163 252.35849084719175
v 6.132075246774925 6.603773514617163 252.35849084719175
v 6.132075246774925 16.0377359193451 214.62264122828
v -6.132075246774925 16.0377359193451 214.62264122828
v 6.132075246774925 6.603773514617163 214.62264122828
v -6.132075246774925 6.603773514617163 214.62264122828
vt 0 1
vt 1 1
vt 0 0
vt 1 0
vt 0 1
vt 1 1
vt 0 0
vt 1 0
vt 0 1
vt 1 1
vt 0 0
vt 1 0
vt 0 1
vt 1 1
vt 0 0
vt 1 0
vt 0 1
vt 1 1
vt 0 0
vt 1 0
vt 0 1
vt 1 1
vt 0 0
vt 1 0
vn 1 0 0
vn 1 0 0
vn 1 0 0
vn 1 0 0
vn -1 0 0
vn -1 0 0
vn -1 0 0
vn -1 0 0
vn 0 1 0
vn 0 1 0
vn 0 1 0
vn 0 1 0
vn 0 -1 0
vn 0 -1 0
vn 0 -1 0
vn 0 -1 0
vn 0 0 1
vn 0 0 1
vn 0 0 1
vn 0 0 1
vn 0 0 -1
vn 0 0 -1
vn 0 0 -1
vn 0 0 -1
f 3424/3424/3424 3426/3426/3426 3425/3425/3425
f 3426/3426/3426 3427/3427/3427 3425/3425/3425
f 3428/3428/3428 3430/3430/3430 3429/3429/3429
f 3430/3430/3430 3431/3431/3431 3429/3429/3429
f 3432/3432/3432 3434/3434/3434 3433/3433/3433
f 3434/3434/3434 3435/3435/3435 3433/3433/3433
f 3436/3436/3436 3438/3438/3438 3437/3437/3437
f 3438/3438/3438 3439/3439/3439 3437/3437/3437
f 3440/3440/3440 3442/3442/3442 3441/3441/3441
f 3442/3442/3442 3443/3443/3443 3441/3441/3441
f 3444/3444/3444 3446/3446/3446 3445/3445/3445
f 3446/3446/3446 3447/3447/3447 3445/3445/3445
o structure_docked_freighter_band
usemtl accent
v 6.603773613021059 17.688679262855143 240.56603801700305
v 6.603773613021059 17.688679262855143 226.4150940584687
v 6.603773613021059 15.330188661673159 240.56603801700305
v 6.603773613021059 15.330188661673159 226.4150940584687
v -6.603773613021059 17.688679262855143 226.4150940584687
v -6.603773613021059 17.688679262855143 240.56603801700305
v -6.603773613021059 15.330188661673159 226.4150940584687
v -6.603773613021059 15.330188661673159 240.56603801700305
v -6.603773613021059 17.688679262855143 226.4150940584687
v 6.603773613021059 17.688679262855143 226.4150940584687
v -6.603773613021059 17.688679262855143 240.56603801700305
v 6.603773613021059 17.688679262855143 240.56603801700305
v -6.603773613021059 15.330188661673159 240.56603801700305
v 6.603773613021059 15.330188661673159 240.56603801700305
v -6.603773613021059 15.330188661673159 226.4150940584687
v 6.603773613021059 15.330188661673159 226.4150940584687
v -6.603773613021059 17.688679262855143 240.56603801700305
v 6.603773613021059 17.688679262855143 240.56603801700305
v -6.603773613021059 15.330188661673159 240.56603801700305
v 6.603773613021059 15.330188661673159 240.56603801700305
v 6.603773613021059 17.688679262855143 226.4150940584687
v -6.603773613021059 17.688679262855143 226.4150940584687
v 6.603773613021059 15.330188661673159 226.4150940584687
v -6.603773613021059 15.330188661673159 226.4150940584687
vt 0 1
vt 1 1
vt 0 0
vt 1 0
vt 0 1
vt 1 1
vt 0 0
vt 1 0
vt 0 1
vt 1 1
vt 0 0
vt 1 0
vt 0 1
vt 1 1
vt 0 0
vt 1 0
vt 0 1
vt 1 1
vt 0 0
vt 1 0
vt 0 1
vt 1 1
vt 0 0
vt 1 0
vn 1 0 0
vn 1 0 0
vn 1 0 0
vn 1 0 0
vn -1 0 0
vn -1 0 0
vn -1 0 0
vn -1 0 0
vn 0 1 0
vn 0 1 0
vn 0 1 0
vn 0 1 0
vn 0 -1 0
vn 0 -1 0
vn 0 -1 0
vn 0 -1 0
vn 0 0 1
vn 0 0 1
vn 0 0 1
vn 0 0 1
vn 0 0 -1
vn 0 0 -1
vn 0 0 -1
vn 0 0 -1
f 3448/3448/3448 3450/3450/3450 3449/3449/3449
f 3450/3450/3450 3451/3451/3451 3449/3449/3449
f 3452/3452/3452 3454/3454/3454 3453/3453/3453
f 3454/3454/3454 3455/3455/3455 3453/3453/3453
f 3456/3456/3456 3458/3458/3458 3457/3457/3457
f 3458/3458/3458 3459/3459/3459 3457/3457/3457
f 3460/3460/3460 3462/3462/3462 3461/3461/3461
f 3462/3462/3462 3463/3463/3463 3461/3461/3461
f 3464/3464/3464 3466/3466/3466 3465/3465/3465
f 3466/3466/3466 3467/3467/3467 3465/3465/3465
f 3468/3468/3468 3470/3470/3470 3469/3469/3469
f 3470/3470/3470 3471/3471/3471 3469/3469/3469
o structure_beacon
usemtl accent
v 4.716981202363968 214.62264122827997 4.716981202363968
v 4.716981202363968 214.62264122827997 -4.716981202363968
v 4.716981202363968 181.60377386605967 4.716981202363968
v 4.716981202363968 181.60377386605967 -4.716981202363968
v -4.716981202363968 214.62264122827997 -4.716981202363968
v -4.716981202363968 214.62264122827997 4.716981202363968
v -4.716981202363968 181.60377386605967 -4.716981202363968
v -4.716981202363968 181.60377386605967 4.716981202363968
v -4.716981202363968 214.62264122827997 -4.716981202363968
v 4.716981202363968 214.62264122827997 -4.716981202363968
v -4.716981202363968 214.62264122827997 4.716981202363968
v 4.716981202363968 214.62264122827997 4.716981202363968
v -4.716981202363968 181.60377386605967 4.716981202363968
v 4.716981202363968 181.60377386605967 4.716981202363968
v -4.716981202363968 181.60377386605967 -4.716981202363968
v 4.716981202363968 181.60377386605967 -4.716981202363968
v -4.716981202363968 214.62264122827997 4.716981202363968
v 4.716981202363968 214.62264122827997 4.716981202363968
v -4.716981202363968 181.60377386605967 4.716981202363968
v 4.716981202363968 181.60377386605967 4.716981202363968
v 4.716981202363968 214.62264122827997 -4.716981202363968
v -4.716981202363968 214.62264122827997 -4.716981202363968
v 4.716981202363968 181.60377386605967 -4.716981202363968
v -4.716981202363968 181.60377386605967 -4.716981202363968
vt 0 1
vt 1 1
vt 0 0
vt 1 0
vt 0 1
vt 1 1
vt 0 0
vt 1 0
vt 0 1
vt 1 1
vt 0 0
vt 1 0
vt 0 1
vt 1 1
vt 0 0
vt 1 0
vt 0 1
vt 1 1
vt 0 0
vt 1 0
vt 0 1
vt 1 1
vt 0 0
vt 1 0
vn 1 0 0
vn 1 0 0
vn 1 0 0
vn 1 0 0
vn -1 0 0
vn -1 0 0
vn -1 0 0
vn -1 0 0
vn 0 1 0
vn 0 1 0
vn 0 1 0
vn 0 1 0
vn 0 -1 0
vn 0 -1 0
vn 0 -1 0
vn 0 -1 0
vn 0 0 1
vn 0 0 1
vn 0 0 1
vn 0 0 1
vn 0 0 -1
vn 0 0 -1
vn 0 0 -1
vn 0 0 -1
f 3472/3472/3472 3474/3474/3474 3473/3473/3473
f 3474/3474/3474 3475/3475/3475 3473/3473/3473
f 3476/3476/3476 3478/3478/3478 3477/3477/3477
f 3478/3478/3478 3479/3479/3479 3477/3477/3477
f 3480/3480/3480 3482/3482/3482 3481/3481/3481
f 3482/3482/3482 3483/3483/3483 3481/3481/3481
f 3484/3484/3484 3486/3486/3486 3485/3485/3485
f 3486/3486/3486 3487/3487/3487 3485/3485/3485
f 3488/3488/3488 3490/3490/3490 3489/3489/3489
f 3490/3490/3490 3491/3491/3491 3489/3489/3489
f 3492/3492/3492 3494/3494/3494 3493/3493/3493
f 3494/3494/3494 3495/3495/3495 3493/3493/3493
o structure_beacon_lamp
usemtl thruster
v 3.773584821314182 221.69811312320098 3.773584821314182
v 3.773584821314182 221.69811312320098 -3.773584821314182
v 3.773584821314182 214.1509434805726 3.773584821314182
v 3.773584821314182 214.1509434805726 -3.773584821314182
v -3.773584821314182 221.69811312320098 -3.773584821314182
v -3.773584821314182 221.69811312320098 3.773584821314182
v -3.773584821314182 214.1509434805726 -3.773584821314182
v -3.773584821314182 214.1509434805726 3.773584821314182
v -3.773584821314182 221.69811312320098 -3.773584821314182
v 3.773584821314182 221.69811312320098 -3.773584821314182
v -3.773584821314182 221.69811312320098 3.773584821314182
v 3.773584821314182 221.69811312320098 3.773584821314182
v -3.773584821314182 214.1509434805726 3.773584821314182
v 3.773584821314182 214.1509434805726 3.773584821314182
v -3.773584821314182 214.1509434805726 -3.773584821314182
v 3.773584821314182 214.1509434805726 -3.773584821314182
v -3.773584821314182 221.69811312320098 3.773584821314182
v 3.773584821314182 221.69811312320098 3.773584821314182
v -3.773584821314182 214.1509434805726 3.773584821314182
v 3.773584821314182 214.1509434805726 3.773584821314182
v 3.773584821314182 221.69811312320098 -3.773584821314182
v -3.773584821314182 221.69811312320098 -3.773584821314182
v 3.773584821314182 214.1509434805726 -3.773584821314182
v -3.773584821314182 214.1509434805726 -3.773584821314182
vt 0 1
vt 1 1
vt 0 0
vt 1 0
vt 0 1
vt 1 1
vt 0 0
vt 1 0
vt 0 1
vt 1 1
vt 0 0
vt 1 0
vt 0 1
vt 1 1
vt 0 0
vt 1 0
vt 0 1
vt 1 1
vt 0 0
vt 1 0
vt 0 1
vt 1 1
vt 0 0
vt 1 0
vn 1 0 0
vn 1 0 0
vn 1 0 0
vn 1 0 0
vn -1 0 0
vn -1 0 0
vn -1 0 0
vn -1 0 0
vn 0 1 0
vn 0 1 0
vn 0 1 0
vn 0 1 0
vn 0 -1 0
vn 0 -1 0
vn 0 -1 0
vn 0 -1 0
vn 0 0 1
vn 0 0 1
vn 0 0 1
vn 0 0 1
vn 0 0 -1
vn 0 0 -1
vn 0 0 -1
vn 0 0 -1
f 3496/3496/3496 3498/3498/3498 3497/3497/3497
f 3498/3498/3498 3499/3499/3499 3497/3497/3497
f 3500/3500/3500 3502/3502/3502 3501/3501/3501
f 3502/3502/3502 3503/3503/3503 3501/3501/3501
f 3504/3504/3504 3506/3506/3506 3505/3505/3505
f 3506/3506/3506 3507/3507/3507 3505/3505/3505
f 3508/3508/3508 3510/3510/3510 3509/3509/3509
f 3510/3510/3510 3511/3511/3511 3509/3509/3509
f 3512/3512/3512 3514/3514/3514 3513/3513/3513
f 3514/3514/3514 3515/3515/3515 3513/3513/3513
f 3516/3516/3516 3518/3518/3518 3517/3517/3517
f 3518/3518/3518 3519/3519/3519 3517/3517/3517
o structure_mast
usemtl plate
v 24.999999968370176 216.9811315131637 17.924528270256967
v 24.999999968370176 216.9811315131637 15.094339654271332
v 24.999999968370176 174.5283024491004 17.924528270256967
v 24.999999968370176 174.5283024491004 15.094339654271332
v 22.169811352384542 216.9811315131637 15.094339654271332
v 22.169811352384542 216.9811315131637 17.924528270256967
v 22.169811352384542 174.5283024491004 15.094339654271332
v 22.169811352384542 174.5283024491004 17.924528270256967
v 22.169811352384542 216.9811315131637 15.094339654271332
v 24.999999968370176 216.9811315131637 15.094339654271332
v 22.169811352384542 216.9811315131637 17.924528270256967
v 24.999999968370176 216.9811315131637 17.924528270256967
v 22.169811352384542 174.5283024491004 17.924528270256967
v 24.999999968370176 174.5283024491004 17.924528270256967
v 22.169811352384542 174.5283024491004 15.094339654271332
v 24.999999968370176 174.5283024491004 15.094339654271332
v 22.169811352384542 216.9811315131637 17.924528270256967
v 24.999999968370176 216.9811315131637 17.924528270256967
v 22.169811352384542 174.5283024491004 17.924528270256967
v 24.999999968370176 174.5283024491004 17.924528270256967
v 24.999999968370176 216.9811315131637 15.094339654271332
v 22.169811352384542 216.9811315131637 15.094339654271332
v 24.999999968370176 174.5283024491004 15.094339654271332
v 22.169811352384542 174.5283024491004 15.094339654271332
vt 0 1
vt 1 1
vt 0 0
vt 1 0
vt 0 1
vt 1 1
vt 0 0
vt 1 0
vt 0 1
vt 1 1
vt 0 0
vt 1 0
vt 0 1
vt 1 1
vt 0 0
vt 1 0
vt 0 1
vt 1 1
vt 0 0
vt 1 0
vt 0 1
vt 1 1
vt 0 0
vt 1 0
vn 1 0 0
vn 1 0 0
vn 1 0 0
vn 1 0 0
vn -1 0 0
vn -1 0 0
vn -1 0 0
vn -1 0 0
vn 0 1 0
vn 0 1 0
vn 0 1 0
vn 0 1 0
vn 0 -1 0
vn 0 -1 0
vn 0 -1 0
vn 0 -1 0
vn 0 0 1
vn 0 0 1
vn 0 0 1
vn 0 0 1
vn 0 0 -1
vn 0 0 -1
vn 0 0 -1
vn 0 0 -1
f 3520/3520/3520 3522/3522/3522 3521/3521/3521
f 3522/3522/3522 3523/3523/3523 3521/3521/3521
f 3524/3524/3524 3526/3526/3526 3525/3525/3525
f 3526/3526/3526 3527/3527/3527 3525/3525/3525
f 3528/3528/3528 3530/3530/3530 3529/3529/3529
f 3530/3530/3530 3531/3531/3531 3529/3529/3529
f 3532/3532/3532 3534/3534/3534 3533/3533/3533
f 3534/3534/3534 3535/3535/3535 3533/3533/3533
f 3536/3536/3536 3538/3538/3538 3537/3537/3537
f 3538/3538/3538 3539/3539/3539 3537/3537/3537
f 3540/3540/3540 3542/3542/3542 3541/3541/3541
f 3542/3542/3542 3543/3543/3543 3541/3541/3541
o structure_mast
usemtl plate
v -19.81132078634681 205.18867868297502 24.999999968370176
v -19.81132078634681 205.18867868297502 22.169811352384542
v -19.81132078634681 174.5283024491004 24.999999968370176
v -19.81132078634681 174.5283024491004 22.169811352384542
v -22.641509402332442 205.18867868297502 22.169811352384542
v -22.641509402332442 205.18867868297502 24.999999968370176
v -22.641509402332442 174.5283024491004 22.169811352384542
v -22.641509402332442 174.5283024491004 24.999999968370176
v -22.641509402332442 205.18867868297502 22.169811352384542
v -19.81132078634681 205.18867868297502 22.169811352384542
v -22.641509402332442 205.18867868297502 24.999999968370176
v -19.81132078634681 205.18867868297502 24.999999968370176
v -22.641509402332442 174.5283024491004 24.999999968370176
v -19.81132078634681 174.5283024491004 24.999999968370176
v -22.641509402332442 174.5283024491004 22.169811352384542
v -19.81132078634681 174.5283024491004 22.169811352384542
v -22.641509402332442 205.18867868297502 24.999999968370176
v -19.81132078634681 205.18867868297502 24.999999968370176
v -22.641509402332442 174.5283024491004 24.999999968370176
v -19.81132078634681 174.5283024491004 24.999999968370176
v -19.81132078634681 205.18867868297502 22.169811352384542
v -22.641509402332442 205.18867868297502 22.169811352384542
v -19.81132078634681 174.5283024491004 22.169811352384542
v -22.641509402332442 174.5283024491004 22.169811352384542
vt 0 1
vt 1 1
vt 0 0
vt 1 0
vt 0 1
vt 1 1
vt 0 0
vt 1 0
vt 0 1
vt 1 1
vt 0 0
vt 1 0
vt 0 1
vt 1 1
vt 0 0
vt 1 0
vt 0 1
vt 1 1
vt 0 0
vt 1 0
vt 0 1
vt 1 1
vt 0 0
vt 1 0
vn 1 0 0
vn 1 0 0
vn 1 0 0
vn 1 0 0
vn -1 0 0
vn -1 0 0
vn -1 0 0
vn -1 0 0
vn 0 1 0
vn 0 1 0
vn 0 1 0
vn 0 1 0
vn 0 -1 0
vn 0 -1 0
vn 0 -1 0
vn 0 -1 0
vn 0 0 1
vn 0 0 1
vn 0 0 1
vn 0 0 1
vn 0 0 -1
vn 0 0 -1
vn 0 0 -1
vn 0 0 -1
f 3544/3544/3544 3546/3546/3546 3545/3545/3545
f 3546/3546/3546 3547/3547/3547 3545/3545/3545
f 3548/3548/3548 3550/3550/3550 3549/3549/3549
f 3550/3550/3550 3551/3551/3551 3549/3549/3549
f 3552/3552/3552 3554/3554/3554 3553/3553/3553
f 3554/3554/3554 3555/3555/3555 3553/3553/3553
f 3556/3556/3556 3558/3558/3558 3557/3557/3557
f 3558/3558/3558 3559/3559/3559 3557/3557/3557
f 3560/3560/3560 3562/3562/3562 3561/3561/3561
f 3562/3562/3562 3563/3563/3563 3561/3561/3561
f 3564/3564/3564 3566/3566/3566 3565/3565/3565
f 3566/3566/3566 3567/3567/3567 3565/3565/3565
o structure_mast
usemtl plate
v 10.849056572143763 228.77358434335238 -24.52830191842228
v 10.849056572143763 228.77358434335238 -27.358490534407913
v 10.849056572143763 174.52830244910038 -24.52830191842228
v 10.849056572143763 174.52830244910038 -27.358490534407913
v 8.018867956158125 228.77358434335238 -27.358490534407913
v 8.018867956158125 228.77358434335238 -24.52830191842228
v 8.018867956158125 174.52830244910038 -27.358490534407913
v 8.018867956158125 174.52830244910038 -24.52830191842228
v 8.018867956158125 228.77358434335238 -27.358490534407913
v 10.849056572143763 228.77358434335238 -27.358490534407913
v 8.018867956158125 228.77358434335238 -24.52830191842228
v 10.849056572143763 228.77358434335238 -24.52830191842228
v 8.018867956158125 174.52830244910038 -24.52830191842228
v 10.849056572143763 174.52830244910038 -24.52830191842228
v 8.018867956158125 174.52830244910038 -27.358490534407913
v 10.849056572143763 174.52830244910038 -27.358490534407913
v 8.018867956158125 228.77358434335238 -24.52830191842228
v 10.849056572143763 228.77358434335238 -24.52830191842228
v 8.018867956158125 174.52830244910038 -24.52830191842228
v 10.849056572143763 174.52830244910038 -24.52830191842228
v 10.849056572143763 228.77358434335238 -27.358490534407913
v 8.018867956158125 228.77358434335238 -27.358490534407913
v 10.849056572143763 174.52830244910038 -27.358490534407913
v 8.018867956158125 174.52830244910038 -27.358490534407913
vt 0 1
vt 1 1
vt 0 0
vt 1 0
vt 0 1
vt 1 1
vt 0 0
vt 1 0
vt 0 1
vt 1 1
vt 0 0
vt 1 0
vt 0 1
vt 1 1
vt 0 0
vt 1 0
vt 0 1
vt 1 1
vt 0 0
vt 1 0
vt 0 1
vt 1 1
vt 0 0
vt 1 0
vn 1 0 0
vn 1 0 0
vn 1 0 0
vn 1 0 0
vn -1 0 0
vn -1 0 0
vn -1 0 0
vn -1 0 0
vn 0 1 0
vn 0 1 0
vn 0 1 0
vn 0 1 0
vn 0 -1 0
vn 0 -1 0
vn 0 -1 0
vn 0 -1 0
vn 0 0 1
vn 0 0 1
vn 0 0 1
vn 0 0 1
vn 0 0 -1
vn 0 0 -1
vn 0 0 -1
vn 0 0 -1
f 3568/3568/3568 3570/3570/3570 3569/3569/3569
f 3570/3570/3570 3571/3571/3571 3569/3569/3569
f 3572/3572/3572 3574/3574/3574 3573/3573/3573
f 3574/3574/3574 3575/3575/3575 3573/3573/3573
f 3576/3576/3576 3578/3578/3578 3577/3577/3577
f 3578/3578/3578 3579/3579/3579 3577/3577/3577
f 3580/3580/3580 3582/3582/3582 3581/3581/3581
f 3582/3582/3582 3583/3583/3583 3581/3581/3581
f 3584/3584/3584 3586/3586/3586 3585/3585/3585
f 3586/3586/3586 3587/3587/3587 3585/3585/3585
f 3588/3588/3588 3590/3590/3590 3589/3589/3589
f 3590/3590/3590 3591/3591/3591 3589/3589/3589
o structure_dish
usemtl plate
v -42.45283018867925 173.29246920546393 29.02375592571761
v -42.45283018867925 173.29246920546393 29.02375592571761
v -42.45283018867925 173.29246920546393 29.02375592571761
v -42.45283018867925 173.29246920546393 29.02375592571761
v -42.45283018867925 173.29246920546393 29.02375592571761
v -42.45283018867925 173.29246920546393 29.02375592571761
v -42.45283018867925 173.29246920546393 29.02375592571761
v -42.45283018867925 173.29246920546393 29.02375592571761
v -42.45283018867925 173.29246920546393 29.02375592571761
v -32.276344969023896 172.13131234417264 52.38827501173429
v -22.08503121528977 164.98753695189586 41.94624747400704
v -23.824898943911876 155.86711538700033 28.61496423695549
v -36.476755169539544 150.11266678194704 20.20371003327987
v -52.629315408334605 151.09506999961644 21.639684834943697
v -62.82062916206873 158.23884539189322 32.08171237267095
v -61.080761433446625 167.35926695678876 45.41299560972249
v -48.42890520781896 173.11371556184204 53.82424981339812
v -32.2763449690239 172.13131234417264 52.388275011734294
vt 0 1
vt 0.125 1
vt 0.25 1
vt 0.375 1
vt 0.5 1
vt 0.625 1
vt 0.75 1
vt 0.875 1
vt 1 1
vt 0 0
vt 0.125 0
vt 0.25 0
vt 0.375 0
vt 0.5 0
vt 0.625 0
vt 0.75 0
vt 0.875 0
vt 1 0
vn 0.26593743374467876 0.9615859987191817 -0.06804151968121047
vn 0.5322623539780852 0.7749009808462914 -0.34091825474908677
vn 0.4867952072133532 0.5365611785234617 -0.6892985767688937
vn 0.15617002904401692 0.3861828173314535 -0.9091060189143685
vn -0.26593743374467854 0.4118554990435891 -0.8715803630422446
vn -0.5322623539780852 0.5985405179071152 -0.5987036286520987
vn -0.4867952072133532 0.8368803192393091 -0.2503233059545614
vn -0.15617002904401675 0.9872586814219529 -0.03051586448681689
vn 0.26593743374467865 0.9615859987191817 -0.06804151968121039
vn 0.26593743374467876 0.9615859987191817 -0.06804151968121047
vn 0.5322623539780852 0.7749009808462914 -0.34091825474908677
vn 0.4867952072133532 0.5365611785234617 -0.6892985767688937
vn 0.15617002904401692 0.3861828173314535 -0.9091060189143685
vn -0.26593743374467854 0.4118554990435891 -0.8715803630422446
vn -0.5322623539780852 0.5985405179071152 -0.5987036286520987
vn -0.4867952072133532 0.8368803192393091 -0.2503233059545614
vn -0.15617002904401675 0.9872586814219529 -0.03051586448681689
vn 0.26593743374467865 0.9615859987191817 -0.06804151968121039
f 3601/3601/3601 3602/3602/3602 3593/3593/3593
f 3602/3602/3602 3603/3603/3603 3594/3594/3594
f 3603/3603/3603 3604/3604/3604 3595/3595/3595
f 3604/3604/3604 3605/3605/3605 3596/3596/3596
f 3605/3605/3605 3606/3606/3606 3597/3597/3597
f 3606/3606/3606 3607/3607/3607 3598/3598/3598
f 3607/3607/3607 3608/3608/3608 3599/3599/3599
f 3608/3608/3608 3609/3609/3609 3600/3600/3600
o structure_radiator
usemtl plate
v -73.80403130438154 155.38880191706613 51.88679357744613
v -73.80403130438154 155.38880191706613 -51.88679357744613
v -98.06566862434272 88.92375147975157 51.88679357744613
v -98.06566862434272 88.92375147975157 -51.88679357744613
v -76.46263326244974 156.35926738817295 -51.88679357744613
v -76.46263326244974 156.35926738817295 51.88679357744613
v -100.72427058241092 89.89421695085842 -51.88679357744613
v -100.72427058241092 89.89421695085842 51.88679357744613
v -76.46263326244974 156.35926738817295 -51.88679357744613
v -73.80403130438154 155.38880191706613 -51.88679357744613
v -76.46263326244974 156.35926738817295 51.88679357744613
v -73.80403130438154 155.38880191706613 51.88679357744613
v -100.72427058241092 89.89421695085842 51.88679357744613
v -98.06566862434272 88.92375147975157 51.88679357744613
v -100.72427058241092 89.89421695085842 -51.88679357744613
v -98.06566862434272 88.92375147975157 -51.88679357744613
v -76.46263326244974 156.35926738817295 51.88679357744613
v -73.80403130438154 155.38880191706613 51.88679357744613
v -100.72427058241092 89.89421695085842 51.88679357744613
v -98.06566862434272 88.92375147975157 51.88679357744613
v -73.80403130438154 155.38880191706613 -51.88679357744613
v -76.46263326244974 156.35926738817295 -51.88679357744613
v -98.06566862434272 88.92375147975157 -51.88679357744613
v -100.72427058241092 89.89421695085842 -51.88679357744613
vt 0 1
vt 1 1
vt 0 0
vt 1 0
vt 0 1
vt 1 1
vt 0 0
vt 1 0
vt 0 1
vt 1 1
vt 0 0
vt 1 0
vt 0 1
vt 1 1
vt 0 0
vt 1 0
vt 0 1
vt 1 1
vt 0 0
vt 1 0
vt 0 1
vt 1 1
vt 0 0
vt 1 0
vn 0.9393727128473789 -0.34289780745545134 0
vn 0.9393727128473789 -0.34289780745545134 0
vn 0.9393727128473789 -0.34289780745545134 0
vn 0.9393727128473789 -0.34289780745545134 0
vn -0.9393727128473789 0.34289780745545134 0
vn -0.9393727128473789 0.34289780745545134 0
vn -0.9393727128473789 0.34289780745545134 0
vn -0.9393727128473789 0.34289780745545134 0
vn 0.34289780745545134 0.9393727128473789 0
vn 0.34289780745545134 0.9393727128473789 0
vn 0.34289780745545134 0.9393727128473789 0
vn 0.34289780745545134 0.9393727128473789 0
vn -0.34289780745545134 -0.9393727128473789 0
vn -0.34289780745545134 -0.9393727128473789 0
vn -0.34289780745545134 -0.9393727128473789 0
vn -0.34289780745545134 -0.9393727128473789 0
vn 0 0 1
vn 0 0 1
vn 0 0 1
vn 0 0 1
vn 0 0 -1
vn 0 0 -1
vn 0 0 -1
vn 0 0 -1
f 3610/3610/3610 3612/3612/3612 3611/3611/3611
f 3612/3612/3612 3613/3613/3613 3611/3611/3611
f 3614/3614/3614 3616/3616/3616 3615/3615/3615
f 3616/3616/3616 3617/3617/3617 3615/3615/3615
f 3618/3618/3618 3620/3620/3620 3619/3619/3619
f 3620/3620/3620 3621/3621/3621 3619/3619/3619
f 3622/3622/3622 3624/3624/3624 3623/3623/3623
f 3624/3624/3624 3625/3625/3625 3623/3623/3623
f 3626/3626/3626 3628/3628/3628 3627/3627/3627
f 3628/3628/3628 3629/3629/3629 3627/3627/3627
f 3630/3630/3630 3632/3632/3632 3631/3631/3631
f 3632/3632/3632 3633/3633/3633 3631/3631/3631
o structure_radiator_edge
usemtl accent
v -96.93396217980475 156.36792453533073 51.88679357744613
v -96.93396217980475 156.36792453533073 -51.88679357744613
v -96.93396217980475 153.0660377288202 51.88679357744613
v -96.93396217980475 153.0660377288202 -51.88679357744613
v -101.17924536736507 156.36792453533073 -51.88679357744613
v -101.17924536736507 156.36792453533073 51.88679357744613
v -101.17924536736507 153.0660377288202 -51.88679357744613
v -101.17924536736507 153.0660377288202 51.88679357744613
v -101.17924536736507 156.36792453533073 -51.88679357744613
v -96.93396217980475 156.36792453533073 -51.88679357744613
v -101.17924536736507 156.36792453533073 51.88679357744613
v -96.93396217980475 156.36792453533073 51.88679357744613
v -101.17924536736507 153.0660377288202 51.88679357744613
v -96.93396217980475 153.0660377288202 51.88679357744613
v -101.17924536736507 153.0660377288202 -51.88679357744613
v -96.93396217980475 153.0660377288202 -51.88679357744613
v -101.17924536736507 156.36792453533073 51.88679357744613
v -96.93396217980475 156.36792453533073 51.88679357744613
v -101.17924536736507 153.0660377288202 51.88679357744613
v -96.93396217980475 153.0660377288202 51.88679357744613
v -96.93396217980475 156.36792453533073 -51.88679357744613
v -101.17924536736507 156.36792453533073 -51.88679357744613
v -96.93396217980475 153.0660377288202 -51.88679357744613
v -101.17924536736507 153.0660377288202 -51.88679357744613
vt 0 1
vt 1 1
vt 0 0
vt 1 0
vt 0 1
vt 1 1
vt 0 0
vt 1 0
vt 0 1
vt 1 1
vt 0 0
vt 1 0
vt 0 1
vt 1 1
vt 0 0
vt 1 0
vt 0 1
vt 1 1
vt 0 0
vt 1 0
vt 0 1
vt 1 1
vt 0 0
vt 1 0
vn 1 0 0
vn 1 0 0
vn 1 0 0
vn 1 0 0
vn -1 0 0
vn -1 0 0
vn -1 0 0
vn -1 0 0
vn 0 1 0
vn 0 1 0
vn 0 1 0
vn 0 1 0
vn 0 -1 0
vn 0 -1 0
vn 0 -1 0
vn 0 -1 0
vn 0 0 1
vn 0 0 1
vn 0 0 1
vn 0 0 1
vn 0 0 -1
vn 0 0 -1
vn 0 0 -1
vn 0 0 -1
f 3634/3634/3634 3636/3636/3636 3635/3635/3635
f 3636/3636/3636 3637/3637/3637 3635/3635/3635
f 3638/3638/3638 3640/3640/3640 3639/3639/3639
f 3640/3640/3640 3641/3641/3641 3639/3639/3639
f 3642/3642/3642 3644/3644/3644 3643/3643/3643
f 3644/3644/3644 3645/3645/3645 3643/3643/3643
f 3646/3646/3646 3648/3648/3648 3647/3647/3647
f 3648/3648/3648 3649/3649/3649 3647/3647/3647
f 3650/3650/3650 3652/3652/3652 3651/3651/3651
f 3652/3652/3652 3653/3653/3653 3651/3651/3651
f 3654/3654/3654 3656/3656/3656 3655/3655/3655
f 3656/3656/3656 3657/3657/3657 3655/3655/3655
o structure_radiator
usemtl plate
v 76.46263326244974 156.35926738817295 51.88679357744613
v 76.46263326244974 156.35926738817295 -51.88679357744613
v 100.72427058241092 89.89421695085842 51.88679357744613
v 100.72427058241092 89.89421695085842 -51.88679357744613
v 73.80403130438154 155.38880191706613 -51.88679357744613
v 73.80403130438154 155.38880191706613 51.88679357744613
v 98.06566862434272 88.92375147975157 -51.88679357744613
v 98.06566862434272 88.92375147975157 51.88679357744613
v 73.80403130438154 155.38880191706613 -51.88679357744613
v 76.46263326244974 156.35926738817295 -51.88679357744613
v 73.80403130438154 155.38880191706613 51.88679357744613
v 76.46263326244974 156.35926738817295 51.88679357744613
v 98.06566862434272 88.92375147975157 51.88679357744613
v 100.72427058241092 89.89421695085842 51.88679357744613
v 98.06566862434272 88.92375147975157 -51.88679357744613
v 100.72427058241092 89.89421695085842 -51.88679357744613
v 73.80403130438154 155.38880191706613 51.88679357744613
v 76.46263326244974 156.35926738817295 51.88679357744613
v 98.06566862434272 88.92375147975157 51.88679357744613
v 100.72427058241092 89.89421695085842 51.88679357744613
v 76.46263326244974 156.35926738817295 -51.88679357744613
v 73.80403130438154 155.38880191706613 -51.88679357744613
v 100.72427058241092 89.89421695085842 -51.88679357744613
v 98.06566862434272 88.92375147975157 -51.88679357744613
vt 0 1
vt 1 1
vt 0 0
vt 1 0
vt 0 1
vt 1 1
vt 0 0
vt 1 0
vt 0 1
vt 1 1
vt 0 0
vt 1 0
vt 0 1
vt 1 1
vt 0 0
vt 1 0
vt 0 1
vt 1 1
vt 0 0
vt 1 0
vt 0 1
vt 1 1
vt 0 0
vt 1 0
vn 0.9393727128473789 0.34289780745545134 0
vn 0.9393727128473789 0.34289780745545134 0
vn 0.9393727128473789 0.34289780745545134 0
vn 0.9393727128473789 0.34289780745545134 0
vn -0.9393727128473789 -0.34289780745545134 0
vn -0.9393727128473789 -0.34289780745545134 0
vn -0.9393727128473789 -0.34289780745545134 0
vn -0.9393727128473789 -0.34289780745545134 0
vn -0.34289780745545134 0.9393727128473789 0
vn -0.34289780745545134 0.9393727128473789 0
vn -0.34289780745545134 0.9393727128473789 0
vn -0.34289780745545134 0.9393727128473789 0
vn 0.34289780745545134 -0.9393727128473789 0
vn 0.34289780745545134 -0.9393727128473789 0
vn 0.34289780745545134 -0.9393727128473789 0
vn 0.34289780745545134 -0.9393727128473789 0
vn 0 0 1
vn 0 0 1
vn 0 0 1
vn 0 0 1
vn 0 0 -1
vn 0 0 -1
vn 0 0 -1
vn 0 0 -1
f 3658/3658/3658 3660/3660/3660 3659/3659/3659
f 3660/3660/3660 3661/3661/3661 3659/3659/3659
f 3662/3662/3662 3664/3664/3664 3663/3663/3663
f 3664/3664/3664 3665/3665/3665 3663/3663/3663
f 3666/3666/3666 3668/3668/3668 3667/3667/3667
f 3668/3668/3668 3669/3669/3669 3667/3667/3667
f 3670/3670/3670 3672/3672/3672 3671/3671/3671
f 3672/3672/3672 3673/3673/3673 3671/3671/3671
f 3674/3674/3674 3676/3676/3676 3675/3675/3675
f 3676/3676/3676 3677/3677/3677 3675/3675/3675
f 3678/3678/3678 3680/3680/3680 3679/3679/3679
f 3680/3680/3680 3681/3681/3681 3679/3679/3679
o structure_radiator_edge
usemtl accent
v 101.17924536736507 156.36792453533073 51.88679357744613
v 101.17924536736507 156.36792453533073 -51.88679357744613
v 101.17924536736507 153.0660377288202 51.88679357744613
v 101.17924536736507 153.0660377288202 -51.88679357744613
v 96.93396217980475 156.36792453533073 -51.88679357744613
v 96.93396217980475 156.36792453533073 51.88679357744613
v 96.93396217980475 153.0660377288202 -51.88679357744613
v 96.93396217980475 153.0660377288202 51.88679357744613
v 96.93396217980475 156.36792453533073 -51.88679357744613
v 101.17924536736507 156.36792453533073 -51.88679357744613
v 96.93396217980475 156.36792453533073 51.88679357744613
v 101.17924536736507 156.36792453533073 51.88679357744613
v 96.93396217980475 153.0660377288202 51.88679357744613
v 101.17924536736507 153.0660377288202 51.88679357744613
v 96.93396217980475 153.0660377288202 -51.88679357744613
v 101.17924536736507 153.0660377288202 -51.88679357744613
v 96.93396217980475 156.36792453533073 51.88679357744613
v 101.17924536736507 156.36792453533073 51.88679357744613
v 96.93396217980475 153.0660377288202 51.88679357744613
v 101.17924536736507 153.0660377288202 51.88679357744613
v 101.17924536736507 156.36792453533073 -51.88679357744613
v 96.93396217980475 156.36792453533073 -51.88679357744613
v 101.17924536736507 153.0660377288202 -51.88679357744613
v 96.93396217980475 153.0660377288202 -51.88679357744613
vt 0 1
vt 1 1
vt 0 0
vt 1 0
vt 0 1
vt 1 1
vt 0 0
vt 1 0
vt 0 1
vt 1 1
vt 0 0
vt 1 0
vt 0 1
vt 1 1
vt 0 0
vt 1 0
vt 0 1
vt 1 1
vt 0 0
vt 1 0
vt 0 1
vt 1 1
vt 0 0
vt 1 0
vn 1 0 0
vn 1 0 0
vn 1 0 0
vn 1 0 0
vn -1 0 0
vn -1 0 0
vn -1 0 0
vn -1 0 0
vn 0 1 0
vn 0 1 0
vn 0 1 0
vn 0 1 0
vn 0 -1 0
vn 0 -1 0
vn 0 -1 0
vn 0 -1 0
vn 0 0 1
vn 0 0 1
vn 0 0 1
vn 0 0 1
vn 0 0 -1
vn 0 0 -1
vn 0 0 -1
vn 0 0 -1
f 3682/3682/3682 3684/3684/3684 3683/3683/3683
f 3684/3684/3684 3685/3685/3685 3683/3683/3683
f 3686/3686/3686 3688/3688/3688 3687/3687/3687
f 3688/3688/3688 3689/3689/3689 3687/3687/3687
f 3690/3690/3690 3692/3692/3692 3691/3691/3691
f 3692/3692/3692 3693/3693/3693 3691/3691/3691
f 3694/3694/3694 3696/3696/3696 3695/3695/3695
f 3696/3696/3696 3697/3697/3697 3695/3695/3695
f 3698/3698/3698 3700/3700/3700 3699/3699/3699
f 3700/3700/3700 3701/3701/3701 3699/3699/3699
f 3702/3702/3702 3704/3704/3704 3703/3703/3703
f 3704/3704/3704 3705/3705/3705 3703/3703/3703
